panel,symbol,predictor,target,kind,rho_search,t_search,n_search,rho_hold,t_hold,n_hold,scale_free
ETF,DIA,gap_pct,eff_range,main,0.01409574278159785,0.5982572520683523,1803,-0.033624185159183036,-0.9341671689295775,773,True
ETF,DIA,fc_vol x gap_pct,eff_range,interaction,0.006776787962291045,0.2811410776057628,1723,-0.04045564258026149,-1.124247627829994,773,True
ETF,DIA,gap_pct,eff_mfe,main,0.05581154844896052,2.37223867579149,1803,-0.04340100902023467,-1.206247510565836,773,True
ETF,DIA,fc_vol x gap_pct,eff_mfe,interaction,0.04438080122871126,1.8429506276524292,1723,-0.04958535900093048,-1.378526788303021,773,True
ETF,DIA,gap_pct,cost_opp_usd,main,-0.048381245814019286,-2.05561976942996,1803,-0.051922297763123286,-1.4436678855083076,773,False
ETF,DIA,fc_vol x gap_pct,cost_opp_usd,interaction,-0.035653046832253656,-1.4800053485257976,1723,-0.0537944145145861,-1.4958693865525605,773,False
ETF,DIA,abs_gap_pct,eff_range,main,0.07297279675060038,3.1051118796675374,1803,0.0021022317127823535,0.058372558884485795,773,True
ETF,DIA,fc_vol x abs_gap_pct,eff_range,interaction,0.07859273725878964,3.2705311401786488,1723,0.0019008067565719196,0.052779581298796785,773,True
ETF,DIA,abs_gap_pct,eff_mfe,main,0.05206587879964882,2.212582706608339,1803,3.795721442529228e-05,0.0010539536751971615,773,True
ETF,DIA,fc_vol x abs_gap_pct,eff_mfe,interaction,0.039000122311895584,1.6191494575654728,1723,-0.010155477400769433,-0.28200053317538865,773,True
ETF,DIA,abs_gap_pct,cost_opp_usd,main,0.36792487703498916,16.791926980606718,1803,0.22046342807189132,6.276002569019577,773,False
ETF,DIA,fc_vol x abs_gap_pct,cost_opp_usd,interaction,0.5106534994184528,24.639169974627283,1723,0.27016058183576785,7.791233116756776,773,False
ETF,DIA,prev_ret_pct,eff_range,main,0.03846807896000584,1.6332712686821103,1802,-0.031230039041575747,-0.867584144657422,773,True
ETF,DIA,fc_vol x prev_ret_pct,eff_range,interaction,0.03243515915403263,1.3462788905855663,1723,-0.031021001870526754,-0.8617713881353387,773,True
ETF,DIA,prev_ret_pct,eff_mfe,main,0.06522421805476618,2.77313423193382,1802,0.0031291319430013865,0.08688667767415796,773,True
ETF,DIA,fc_vol x prev_ret_pct,eff_mfe,interaction,0.0697692758621809,2.901444385792176,1723,0.0009927721059587809,0.02756620422309835,773,True
ETF,DIA,prev_ret_pct,cost_opp_usd,main,-0.04113822039732022,-1.7468256253885652,1802,-0.042685750329135255,-1.1863316797889345,773,False
ETF,DIA,fc_vol x prev_ret_pct,cost_opp_usd,interaction,-0.01782912570629572,-0.739757742742104,1723,-0.040085236013381036,-1.1139375206479958,773,False
ETF,DIA,prev_range_pct,eff_range,main,0.034613586243577577,1.4694106077400262,1802,-0.03489801007317028,-0.9695996972386179,773,True
ETF,DIA,fc_vol x prev_range_pct,eff_range,interaction,0.047371523913507754,1.9674134243216514,1723,-0.033302926037161854,-0.9252317984867025,773,True
ETF,DIA,prev_range_pct,eff_mfe,main,-0.01903869254081897,-0.8078897479339789,1802,-0.04907562524821516,-1.3643212462841319,773,True
ETF,DIA,fc_vol x prev_range_pct,eff_mfe,interaction,-0.01622630928556511,-0.6732360539089096,1723,-0.046678981803883114,-1.2975443999058425,773,True
ETF,DIA,prev_range_pct,cost_opp_usd,main,0.6119837436673308,32.82999745491759,1802,0.27020703940964996,7.7926784354387495,773,False
ETF,DIA,fc_vol x prev_range_pct,cost_opp_usd,interaction,0.6640173226594779,36.84109073278989,1723,0.30529763454845815,8.902181900824237,773,False
ETF,DIA,prev_rv_pct,eff_range,main,0.05786995593199017,2.4593358235337774,1802,-0.044356331527029794,-1.2328506385017353,773,True
ETF,DIA,fc_vol x prev_rv_pct,eff_range,interaction,0.06011675091012638,2.4984584562501153,1723,-0.03928690733636294,-1.091717944347388,773,True
ETF,DIA,prev_rv_pct,eff_mfe,main,-0.015130059753723227,-0.6419875567837984,1802,-0.07050464200693836,-1.9625783821262932,773,True
ETF,DIA,fc_vol x prev_rv_pct,eff_mfe,interaction,-0.014969580923961343,-0.6210817144150901,1723,-0.057912680442073115,-1.6107582518586692,773,True
ETF,DIA,prev_rv_pct,cost_opp_usd,main,0.6738385866955847,38.69181045086052,1802,0.3527743139694205,10.46847929770776,773,False
ETF,DIA,fc_vol x prev_rv_pct,cost_opp_usd,interaction,0.7027443256811647,40.97773835076064,1723,0.36984954939302445,11.05334490362496,773,False
ETF,DIA,prev_eff_range,eff_range,main,-0.050463550151232696,-2.1437184152424464,1802,-0.01935204608316146,-0.5374467188216142,773,True
ETF,DIA,fc_vol x prev_eff_range,eff_range,interaction,0.009346983221405798,0.38777594992263265,1723,-0.017997851016823205,-0.4998252499106156,773,True
ETF,DIA,prev_eff_range,eff_mfe,main,-0.04234450044832516,-1.7981378096049503,1802,-0.029615889035375386,-0.8227019123947031,773,True
ETF,DIA,fc_vol x prev_eff_range,eff_mfe,interaction,-0.01943979706786473,-0.8066111830345345,1723,-0.036511787355046364,-1.0144951072845048,773,True
ETF,DIA,prev_eff_range,cost_opp_usd,main,0.05768403620198627,2.4514082550435914,1802,-0.062073274265945076,-1.7269117623662333,773,False
ETF,DIA,fc_vol x prev_eff_range,cost_opp_usd,interaction,0.40770058023797634,18.522771374854553,1723,0.08286554176061386,2.3088588874324807,773,False
ETF,DIA,prev_eff_vol,eff_range,main,-0.04050217867646827,-1.7197730713017851,1802,-0.016185701909460767,-0.44948543321847845,773,True
ETF,DIA,fc_vol x prev_eff_vol,eff_range,interaction,0.003744859072397385,0.155356332147389,1723,-0.016021714509055447,-0.44493024179921303,773,True
ETF,DIA,prev_eff_vol,eff_mfe,main,-0.037714015904591766,-1.6012093263604668,1802,-0.025609688239902628,-0.7113346180036066,773,True
ETF,DIA,fc_vol x prev_eff_vol,eff_mfe,interaction,-0.01950786982214152,-0.8094367841379552,1723,-0.031530247233022037,-0.8759323194093701,773,True
ETF,DIA,prev_eff_vol,cost_opp_usd,main,0.08396456598645316,3.5749388746155573,1802,-0.045907064676608635,-1.2760415776372818,773,False
ETF,DIA,fc_vol x prev_eff_vol,cost_opp_usd,interaction,0.3604251858744914,16.029595300477364,1723,0.06355919337095227,1.768416538294186,773,False
ETF,DIA,prev_closeloc,eff_range,main,0.03095351834553678,1.3138761399606853,1802,-0.01800098187197466,-0.4999122262753976,773,True
ETF,DIA,fc_vol x prev_closeloc,eff_range,interaction,0.05946640768613575,2.471333679224997,1723,-0.029451040745828834,-0.8181185933675154,773,True
ETF,DIA,prev_closeloc,eff_mfe,main,0.028689823168506715,1.2177073650680839,1802,-0.0004925214901719082,-0.01367579010014982,773,True
ETF,DIA,fc_vol x prev_closeloc,eff_mfe,interaction,0.03578536042811472,1.4855048913544906,1723,-0.023558335935230237,-0.654323244349586,773,True
ETF,DIA,prev_closeloc,cost_opp_usd,main,-0.07860775404494826,-3.3453964745251494,1802,-0.04390399464447766,-1.2202538713421336,773,False
ETF,DIA,fc_vol x prev_closeloc,cost_opp_usd,interaction,0.2767108096694555,11.94577430600404,1723,0.0959290761882834,2.6759930152629634,773,False
ETF,DIA,prev_streak,eff_range,main,0.017906514217623595,0.7600419197593586,1803,-0.036569224292721435,-1.016093151744456,773,True
ETF,DIA,fc_vol x prev_streak,eff_range,interaction,0.02259313984422467,0.9375142912558679,1723,-0.037676910631179505,-1.0469138476888185,773,True
ETF,DIA,prev_streak,eff_mfe,main,0.049345135117268964,2.096672430881509,1803,0.009349425594908851,0.25961578869153173,773,True
ETF,DIA,fc_vol x prev_streak,eff_mfe,interaction,0.05992611840626612,2.4905071497791824,1723,0.005313763172202878,0.14754874335292326,773,True
ETF,DIA,prev_streak,cost_opp_usd,main,-0.08720683579709551,-3.7150538099708394,1803,-0.015678775004438195,-0.4354042896852463,773,False
ETF,DIA,fc_vol x prev_streak,cost_opp_usd,interaction,-0.04556771607197494,-1.8923394952613175,1723,-0.02390421763483849,-0.6639354213185787,773,False
ETF,DIA,trail_eff_5,eff_range,main,-0.017326167879980123,-0.7343800676331663,1798,0.008581565623460508,0.23829213530459023,773,True
ETF,DIA,fc_vol x trail_eff_5,eff_range,interaction,0.03609704182874347,1.4984600693455428,1723,-0.017696272160057525,-0.49144734140376756,773,True
ETF,DIA,trail_eff_5,eff_mfe,main,-0.03376076912157282,-1.4315718218618025,1798,-0.005208439047438548,-0.14462409887726743,773,True
ETF,DIA,fc_vol x trail_eff_5,eff_mfe,interaction,-0.025479980760473243,-1.0573786936625509,1723,-0.03735879700368144,-1.0380621397299825,773,True
ETF,DIA,trail_eff_5,cost_opp_usd,main,0.1326548788248689,5.671939939560513,1798,-0.08569778764711172,-2.3883470690382422,773,False
ETF,DIA,fc_vol x trail_eff_5,cost_opp_usd,interaction,0.6209154131258774,32.86053548763911,1723,0.1794808104761108,5.065885855725922,773,False
ETF,DIA,trail_eff_20,eff_range,main,0.00883203727662701,0.3727432540766092,1783,0.007745313018224996,0.21506968054825934,773,True
ETF,DIA,fc_vol x trail_eff_20,eff_range,interaction,0.052646260719660776,2.1870597724874763,1723,-0.012179571815179965,-0.3382138778890166,773,True
ETF,DIA,trail_eff_20,eff_mfe,main,-0.017992854567395664,-0.7594555157397099,1783,0.012462618655358783,0.3460749975447734,773,True
ETF,DIA,fc_vol x trail_eff_20,eff_mfe,interaction,-0.012867456851831077,-0.5338498341490102,1723,-0.03677993000223251,-1.0219556171138107,773,True
ETF,DIA,trail_eff_20,cost_opp_usd,main,0.2460822170500389,10.714621842634878,1783,-0.031198312738638514,-0.8667019149432476,773,False
ETF,DIA,fc_vol x trail_eff_20,cost_opp_usd,interaction,0.6879577181277097,39.32463298550575,1723,0.27615430111548644,7.978190599910205,773,False
ETF,DIA,eff_state,eff_range,main,-0.02503009170075379,-1.0566483689785011,1783,-0.0077502752478633705,-0.21520747862416803,773,True
ETF,DIA,fc_vol x eff_state,eff_range,interaction,-0.030764747407872946,-1.276878015029423,1723,-0.003284606316705292,-0.09120378361052901,773,True
ETF,DIA,eff_state,eff_mfe,main,-0.02959596824579405,-1.2495533399196384,1783,-0.01080469898101906,-0.300030366526856,773,True
ETF,DIA,fc_vol x eff_state,eff_mfe,interaction,-0.03253715790758272,-1.3505170097401136,1723,-0.0038582430030374274,-0.10713219392407558,773,True
ETF,DIA,eff_state,cost_opp_usd,main,0.010637773714710438,0.4489596200580045,1783,-0.06814185113177794,-1.896495195942357,773,False
ETF,DIA,fc_vol x eff_state,cost_opp_usd,interaction,0.011344226443783986,0.4706448045831733,1723,-0.06077677776111637,-1.6907073758371416,773,False
ETF,DIA,trail_rv_5,eff_range,main,0.05759700733987474,2.444976278743392,1798,-0.03413777570836348,-0.948452570725076,773,True
ETF,DIA,fc_vol x trail_rv_5,eff_range,interaction,0.05943296377285741,2.4699388727017877,1723,-0.03379995438905574,-0.9390560652535412,773,True
ETF,DIA,trail_rv_5,eff_mfe,main,-0.013116187478975186,-0.5559018788632503,1798,-0.039916245497403934,-1.1092338955100531,773,True
ETF,DIA,fc_vol x trail_rv_5,eff_mfe,interaction,-0.0146415184225341,-0.6074675858516735,1723,-0.044019080008234596,-1.2234587197352975,773,True
ETF,DIA,trail_rv_5,cost_opp_usd,main,0.6594964195669422,37.1806182371777,1798,0.37197896234970085,11.127170572426984,773,False
ETF,DIA,fc_vol x trail_rv_5,cost_opp_usd,interaction,0.7020564753695253,40.89860790935159,1723,0.38977002086909646,11.752151514402808,773,False
ETF,DIA,trail_rv_20,eff_range,main,0.053387373983791994,2.256266100581343,1783,-0.013318598369135952,-0.3698488169181057,773,True
ETF,DIA,fc_vol x trail_rv_20,eff_range,interaction,0.05636015029646959,2.341819599895404,1723,-0.022055811729578125,-0.6125702397847786,773,True
ETF,DIA,trail_rv_20,eff_mfe,main,-0.026829978409706304,-1.1326837035617152,1783,-0.007252581819643713,-0.20138691459870056,773,True
ETF,DIA,fc_vol x trail_rv_20,eff_mfe,interaction,-0.020417369382487106,-0.8471898850518013,1723,-0.027641828114811015,-0.7678209016984583,773,True
ETF,DIA,trail_rv_20,cost_opp_usd,main,0.6077761431581202,32.299501198483824,1783,0.34652677158701517,10.25752502718926,773,False
ETF,DIA,fc_vol x trail_rv_20,cost_opp_usd,interaction,0.6876556976426519,39.2918757326216,1723,0.38044896624762753,11.422860590076361,773,False
ETF,DIA,vol_state,eff_range,main,0.020143909423762693,0.8502836946554047,1783,-0.03466364214873169,-0.9630802031500695,773,True
ETF,DIA,fc_vol x vol_state,eff_range,interaction,0.02326673644550447,0.9654804586947621,1723,-0.032712706493054106,-0.9088164186088293,773,True
ETF,DIA,vol_state,eff_mfe,main,0.02809501049278028,1.1861309188255154,1783,-0.035549620039164634,-0.9877266034182499,773,True
ETF,DIA,fc_vol x vol_state,eff_mfe,interaction,0.030665046377884704,1.2727360641513643,1723,-0.03667739875941494,-1.0191028731440854,773,True
ETF,DIA,vol_state,cost_opp_usd,main,0.18840243937650658,8.09592260051407,1783,0.1391277172404228,3.9010837700044436,773,False
ETF,DIA,fc_vol x vol_state,cost_opp_usd,interaction,0.13789973265830804,5.775943971793491,1723,0.12792193242849345,3.581417879947168,773,False
ETF,DIA,fc_vol,eff_range,main,0.056222714175016,2.3360908634314037,1723,-0.02700234929098052,-0.7500446635690079,773,True
ETF,DIA,fc_vol,eff_mfe,main,-0.012452523088476903,-0.5166321935566519,1723,-0.03986107633634398,-1.107698356313408,773,True
ETF,DIA,fc_vol,cost_opp_usd,main,0.6880707221493718,39.33689941004381,1723,0.3415928857186854,10.092026341793531,773,False
ETF,DIA,open1_ret_pct,eff_range,main,0.03405346296568658,1.4460060085524011,1803,0.08677386243415662,2.418562746550731,773,True
ETF,DIA,fc_vol x open1_ret_pct,eff_range,interaction,0.036820974063254755,1.528552335179044,1723,0.08081121077341134,2.251238580853482,773,True
ETF,DIA,open1_ret_pct,eff_mfe,main,0.012316395495234207,0.5227251849617999,1803,0.0782042818220601,2.178160368421801,773,True
ETF,DIA,fc_vol x open1_ret_pct,eff_mfe,interaction,0.02411638855605937,1.0007579233571775,1723,0.06677007994332639,1.858143904255591,773,True
ETF,DIA,open1_ret_pct,cost_opp_usd,main,0.027587830277334118,1.171223379682545,1803,0.0446116994752429,1.2399625107662902,773,False
ETF,DIA,fc_vol x open1_ret_pct,cost_opp_usd,interaction,0.02739505868059158,1.1369089832237527,1723,0.04899754334539839,1.3621453113132034,773,False
ETF,DIA,open1_absret_pct,eff_range,main,0.02487928857860978,1.056158905106677,1803,-0.0060005828411654446,-0.1666205039863975,773,True
ETF,DIA,fc_vol x open1_absret_pct,eff_range,interaction,0.04030781705926145,1.6735273117317493,1723,-0.019838475004430294,-0.5509611190176659,773,True
ETF,DIA,open1_absret_pct,eff_mfe,main,0.046582931870465194,1.9790437281080757,1803,0.013017350298922425,0.36148191969293314,773,True
ETF,DIA,fc_vol x open1_absret_pct,eff_mfe,interaction,0.03474007218810089,1.442060161151037,1723,-0.006766464654918901,-0.18788795907538794,773,True
ETF,DIA,open1_absret_pct,cost_opp_usd,main,0.3000568529330258,13.348972888190032,1803,0.13174635762443918,3.690353306114763,773,False
ETF,DIA,fc_vol x open1_absret_pct,cost_opp_usd,interaction,0.4901499217203051,23.328302889642618,1723,0.22497802827117921,6.411300580008112,773,False
ETF,DIA,open1_range_pct,eff_range,main,0.059190848195982894,2.5163644629359476,1803,-0.06983065183276964,-1.9437247046351693,773,True
ETF,DIA,fc_vol x open1_range_pct,eff_range,interaction,0.06683952112930229,2.779048002144168,1723,-0.06915991946327278,-1.924964814030783,773,True
ETF,DIA,open1_range_pct,eff_mfe,main,0.003034551991837361,0.12878148799393282,1803,-0.08875138412478019,-2.4741129527761743,773,True
ETF,DIA,fc_vol x open1_range_pct,eff_mfe,interaction,-0.005479255376421656,-0.22730997643972917,1723,-0.08164760445723011,-2.274694398146682,773,True
ETF,DIA,open1_range_pct,cost_opp_usd,main,0.5482095967640253,27.817629078706165,1803,0.24317786847850553,6.9612573535895255,773,False
ETF,DIA,fc_vol x open1_range_pct,cost_opp_usd,interaction,0.6853929275311771,39.047679458395905,1723,0.34767363437003235,10.296132300731509,773,False
ETF,DIA,open1_closeloc,eff_range,main,0.017840167744830333,0.757224945774103,1803,0.08520718841186846,2.374574072668685,773,True
ETF,DIA,fc_vol x open1_closeloc,eff_range,interaction,0.050258746479119105,2.087619201833801,1723,0.061981940431359024,1.724360999490425,773,True
ETF,DIA,open1_closeloc,eff_mfe,main,0.012237666948789944,0.5193833323942924,1803,0.10259182703439568,2.8637661966829215,773,True
ETF,DIA,fc_vol x open1_closeloc,eff_mfe,interaction,0.011904030812175104,0.4938729621995881,1723,0.06700127909443812,1.8646069066473598,773,True
ETF,DIA,open1_closeloc,cost_opp_usd,main,0.012675809789618365,0.5379816508124142,1803,0.053804915033769565,1.4961622237428411,773,False
ETF,DIA,fc_vol x open1_closeloc,cost_opp_usd,interaction,0.3315267753956918,14.577803248097034,1723,0.1811920177593889,5.1158165758918885,773,False
ETF,DIA,open1_vol_share,eff_range,main,-0.047317359958928024,-2.0103148694767383,1803,-0.08827201186611998,-2.4606443110722127,773,True
ETF,DIA,fc_vol x open1_vol_share,eff_range,interaction,0.0020312551313880663,0.08426666505032031,1723,-0.0831425992553746,-2.3166321054929346,773,True
ETF,DIA,open1_vol_share,eff_mfe,main,-0.02835954681842667,-1.2040121151858103,1803,-0.11844991648548248,-3.3123039439423487,773,True
ETF,DIA,fc_vol x open1_vol_share,eff_mfe,interaction,-0.03164338060846553,-1.3133813631976006,1723,-0.10951352562536,-3.059250118676121,773,True
ETF,DIA,open1_vol_share,cost_opp_usd,main,-0.03706075473653719,-1.5738725919799639,1803,-0.14863828539323198,-4.173584145785768,773,False
ETF,DIA,fc_vol x open1_vol_share,cost_opp_usd,interaction,0.41190317090614775,18.752479299794953,1723,0.07819770748152115,2.1779761320212954,773,False
ETF,DIA,open5_ret_pct,eff_range,main,0.06126531952466139,2.6048825219511045,1803,0.12091328049788182,3.382200319885089,773,True
ETF,DIA,fc_vol x open5_ret_pct,eff_range,interaction,0.06164170015307685,2.562074237317358,1723,0.11792084798950278,3.2973001030265237,773,True
ETF,DIA,open5_ret_pct,eff_mfe,main,0.02069715481481512,0.8785379864787257,1803,0.09123897752541896,2.5440334539311866,773,True
ETF,DIA,fc_vol x open5_ret_pct,eff_mfe,interaction,0.026423986418989933,1.0965803104226117,1723,0.08515459937325198,2.3730978007016077,773,True
ETF,DIA,open5_ret_pct,cost_opp_usd,main,0.01009568711510753,0.4284645272128546,1803,0.03237829605278833,0.8995161091011681,773,False
ETF,DIA,fc_vol x open5_ret_pct,cost_opp_usd,interaction,0.012259453018759803,0.5086208592647163,1723,0.0350260297938165,0.9731609339138574,773,False
ETF,DIA,open5_absret_pct,eff_range,main,0.06337832261837652,2.6950795794121105,1803,0.04571738835135233,1.2707582325894382,773,True
ETF,DIA,fc_vol x open5_absret_pct,eff_range,interaction,0.06569081029577421,2.731078186202321,1723,0.026805186839714147,0.7445641268393011,773,True
ETF,DIA,open5_absret_pct,eff_mfe,main,0.14601229156289425,6.263626107075652,1803,0.12116198159726785,3.3892605553903112,773,True
ETF,DIA,fc_vol x open5_absret_pct,eff_mfe,interaction,0.10328583421852312,4.307845910862057,1723,0.09037088480923978,2.5196279882989563,773,True
ETF,DIA,open5_absret_pct,cost_opp_usd,main,0.3170813686143304,14.188510198338488,1803,0.21955146629803507,6.248723818347275,773,False
ETF,DIA,fc_vol x open5_absret_pct,cost_opp_usd,interaction,0.49681983537490015,23.748864000389656,1723,0.2932026854244864,8.515583041437017,773,False
ETF,DIA,open5_range_pct,eff_range,main,0.0595696436380846,2.532525255677202,1803,-0.04407082174724693,-1.2248996176306508,773,True
ETF,DIA,fc_vol x open5_range_pct,eff_range,interaction,0.06372892084249425,2.6491753889726137,1723,-0.05684291207329177,-1.5809068159127346,773,True
ETF,DIA,open5_range_pct,eff_mfe,main,0.03116765008212284,1.3233415848912722,1803,0.007295657199752534,0.202583078737699,773,True
ETF,DIA,fc_vol x open5_range_pct,eff_mfe,interaction,0.008491823915207428,0.35229548278473277,1723,-0.0280555513572406,-0.7793220853771148,773,True
ETF,DIA,open5_range_pct,cost_opp_usd,main,0.6219016529653872,33.70263988777239,1803,0.31340219463779395,9.163874821411133,773,False
ETF,DIA,fc_vol x open5_range_pct,cost_opp_usd,interaction,0.7137728017298497,42.278381910633556,1723,0.3817573617444851,11.46883327377931,773,False
ETF,DIA,open5_closeloc,eff_range,main,0.047035119064789854,1.9982969784139895,1803,0.10316449446849717,2.8799232160564645,773,True
ETF,DIA,fc_vol x open5_closeloc,eff_range,interaction,0.06988791953998777,2.9064025311823505,1723,0.07668792673757065,2.1356742283358274,773,True
ETF,DIA,open5_closeloc,eff_mfe,main,0.015590919396386767,0.6617308356260636,1803,0.0635156347206294,1.767199688988625,773,True
ETF,DIA,fc_vol x open5_closeloc,eff_mfe,interaction,0.006382095537774041,0.2647662236449608,1723,0.03627506991705661,1.007909120750846,773,True
ETF,DIA,open5_closeloc,cost_opp_usd,main,-0.00824065586001437,-0.34973039699740843,1803,0.03215953373085729,0.8934322604085436,773,False
ETF,DIA,fc_vol x open5_closeloc,cost_opp_usd,interaction,0.31598425293041243,13.816482109935254,1723,0.1496502050593399,4.20264628360827,773,False
ETF,DIA,open5_vol_share,eff_range,main,-0.06806368467236121,-2.8952136686924974,1803,-0.10290661431956062,-2.872647127179381,773,True
ETF,DIA,fc_vol x open5_vol_share,eff_range,interaction,-0.0035285835933930665,-0.14638397946985218,1723,-0.08762554505935737,-2.442483638595761,773,True
ETF,DIA,open5_vol_share,eff_mfe,main,-0.03494456137060046,-1.4838902295990433,1803,-0.11715411019322593,-3.2755612540187924,773,True
ETF,DIA,fc_vol x open5_vol_share,eff_mfe,interaction,-0.0356944806028936,-1.4817275123292208,1723,-0.10042909903191066,-2.802773633310512,773,True
ETF,DIA,open5_vol_share,cost_opp_usd,main,-0.10366016022889554,-4.422977186807154,1803,-0.17205572253866658,-4.84977540327972,773,False
ETF,DIA,fc_vol x open5_vol_share,cost_opp_usd,interaction,0.41829080129343316,19.10438846455277,1723,0.083980098000863,2.340132547999248,773,False
ETF,DIA,open15_ret_pct,eff_range,main,0.07608342954831528,3.2382292182973886,1803,0.16897333812833676,4.760313895951091,773,True
ETF,DIA,fc_vol x open15_ret_pct,eff_range,interaction,0.0791992415094027,3.2959286961937173,1723,0.1632374163132794,4.594217942400666,773,True
ETF,DIA,open15_ret_pct,eff_mfe,main,0.020942907197120428,0.8889740578445341,1803,0.09414606354403236,2.625805876114721,773,True
ETF,DIA,fc_vol x open15_ret_pct,eff_mfe,interaction,0.02495036233475676,1.0353865351026594,1723,0.0900805886741398,2.511467928672331,773,True
ETF,DIA,open15_ret_pct,cost_opp_usd,main,-0.003935895687964594,-0.16703358418170017,1803,0.06432166457051659,1.7897184933904187,773,False
ETF,DIA,fc_vol x open15_ret_pct,cost_opp_usd,interaction,0.0020384441008910502,0.08456490084974752,1723,0.060543435803025965,1.684192269213154,773,False
ETF,DIA,open15_absret_pct,eff_range,main,0.077121368667359,3.2826680537779276,1803,0.08757458534839209,2.4410522009340863,773,True
ETF,DIA,fc_vol x open15_absret_pct,eff_range,interaction,0.07491377806840069,3.1165508268265576,1723,0.06313552627988715,1.7565814541006632,773,True
ETF,DIA,open15_absret_pct,eff_mfe,main,0.18669095643297598,8.064612784975552,1803,0.22187179131172138,6.31816378133893,773,True
ETF,DIA,fc_vol x open15_absret_pct,eff_mfe,interaction,0.14162459549570292,5.935110740933845,1723,0.1771616351081257,4.998291182136161,773,True
ETF,DIA,open15_absret_pct,cost_opp_usd,main,0.39142595740896924,18.051766869799945,1803,0.2758732476763684,7.969401637633625,773,False
ETF,DIA,fc_vol x open15_absret_pct,cost_opp_usd,interaction,0.5514882115634685,27.426191084109504,1723,0.335872434492203,9.901324720532154,773,False
ETF,DIA,open15_range_pct,eff_range,main,0.07141526826826267,3.03849302395858,1803,-0.025454341485886926,-0.7070169009777859,773,True
ETF,DIA,fc_vol x open15_range_pct,eff_range,interaction,0.07002665454557819,2.9122004547971083,1723,-0.04332044660482429,-1.2040042194786118,773,True
ETF,DIA,open15_range_pct,eff_mfe,main,0.05177940500645108,2.200375946984521,1803,0.025765466101788887,0.7156643690493727,773,True
ETF,DIA,fc_vol x open15_range_pct,eff_mfe,interaction,0.024624503108572136,1.0218558171097378,1723,-0.017332690312335905,-0.48134715814796064,773,True
ETF,DIA,open15_range_pct,cost_opp_usd,main,0.6551405448011624,36.80042432782063,1803,0.37843106087563994,11.352115129504682,773,False
ETF,DIA,fc_vol x open15_range_pct,cost_opp_usd,interaction,0.7323653039838861,44.61976213004123,1723,0.4177165443308954,12.765767676047167,773,False
ETF,DIA,open15_closeloc,eff_range,main,0.07248990412036672,3.0844550997635967,1803,0.13828554790132963,3.877007886766621,773,True
ETF,DIA,fc_vol x open15_closeloc,eff_range,interaction,0.09608054598447167,4.0044216062994265,1723,0.11742803436425613,3.2833269749206893,773,True
ETF,DIA,open15_closeloc,eff_mfe,main,0.035826207781055386,1.521376094912938,1803,0.06743222541800108,1.8766545006059256,773,True
ETF,DIA,fc_vol x open15_closeloc,eff_mfe,interaction,0.012786025614811848,0.5304708305435404,1723,0.04571646041532326,1.270732385705737,773,True
ETF,DIA,open15_closeloc,cost_opp_usd,main,-0.02770582596072139,-1.176236649682258,1803,0.06398969204982091,1.7804434453710425,773,False
ETF,DIA,fc_vol x open15_closeloc,cost_opp_usd,interaction,0.320797134865845,14.05086633129475,1723,0.17261275847976015,4.865958095299862,773,False
ETF,DIA,open15_vol_share,eff_range,main,-0.08383184638422082,-3.570239399265146,1803,-0.10868051923731725,-3.035700946952292,773,True
ETF,DIA,fc_vol x open15_vol_share,eff_range,interaction,-0.004254219617337464,-0.17648762999511838,1723,-0.08972955640628784,-2.5016014726496416,773,True
ETF,DIA,open15_vol_share,eff_mfe,main,-0.056920171340256946,-2.4195117410109774,1803,-0.0906087805208615,-2.5263155844168086,773,True
ETF,DIA,fc_vol x open15_vol_share,eff_mfe,interaction,-0.04566986189812417,-1.8965902707932176,1723,-0.07490693841320464,-2.085792449970693,773,True
ETF,DIA,open15_vol_share,cost_opp_usd,main,-0.13732930815238334,-5.883753251827715,1803,-0.14876117236331074,-4.177112718657556,773,False
ETF,DIA,fc_vol x open15_vol_share,cost_opp_usd,interaction,0.4451723722265863,20.62432645673116,1723,0.1343335146267713,3.7641409956922227,773,False
ETF,DIA,open30_ret_pct,eff_range,main,0.08942998205592638,3.8105149093686355,1803,0.12766284355874394,3.5740438923614275,773,True
ETF,DIA,fc_vol x open30_ret_pct,eff_range,interaction,0.0900146049964578,3.749471403330388,1723,0.13225937517837077,3.7049788055078885,773,True
ETF,DIA,open30_ret_pct,eff_mfe,main,0.004970960635296003,0.2109611801412514,1803,0.08086226114477237,2.2526700993402473,773,True
ETF,DIA,fc_vol x open30_ret_pct,eff_mfe,interaction,0.007740596829613773,0.32112779264068864,1723,0.08654815325134195,2.412224234850194,773,True
ETF,DIA,open30_ret_pct,cost_opp_usd,main,-0.017626003464158522,-0.7481319124256331,1803,0.05351867979764918,1.4881799084316618,773,False
ETF,DIA,fc_vol x open30_ret_pct,cost_opp_usd,interaction,-0.007788768133721913,-0.32312635689694097,1723,0.0579556269820594,1.6119567725165729,773,False
ETF,DIA,open30_absret_pct,eff_range,main,0.15039997905468616,6.456140044565378,1803,0.12318990003860932,3.4468542935900217,773,True
ETF,DIA,fc_vol x open30_absret_pct,eff_range,interaction,0.1436958244205062,6.023727053151093,1723,0.10409705851230121,2.9062404230515027,773,True
ETF,DIA,open30_absret_pct,eff_mfe,main,0.28745932528962587,12.736839298627926,1803,0.2940269548061285,8.54178456673389,773,True
ETF,DIA,fc_vol x open30_absret_pct,eff_mfe,interaction,0.2291871343887434,9.767809684893388,1723,0.24614909795488515,7.051762945288299,773,True
ETF,DIA,open30_absret_pct,cost_opp_usd,main,0.46288529184196253,22.16111352192462,1803,0.3894559027937691,11.740986188857724,773,False
ETF,DIA,fc_vol x open30_absret_pct,cost_opp_usd,interaction,0.6091525629667639,31.86502518822486,1723,0.4363605614748258,13.466051097409583,773,False
ETF,DIA,open30_range_pct,eff_range,main,0.08094785221399849,3.4465909070606537,1803,0.019773160115666193,0.5491464602463555,773,True
ETF,DIA,fc_vol x open30_range_pct,eff_range,interaction,0.07759666267181277,3.228828119163663,1723,-0.010650633520843262,-0.29575170975017495,773,True
ETF,DIA,open30_range_pct,eff_mfe,main,0.07923880348230251,3.3733584021642433,1803,0.0862580160340501,2.404076962894107,773,True
ETF,DIA,fc_vol x open30_range_pct,eff_mfe,interaction,0.04029980937174925,1.673194302239576,1723,0.029377896523065657,0.8160849673136115,773,True
ETF,DIA,open30_range_pct,cost_opp_usd,main,0.7055779985031244,42.25527802497058,1803,0.503898111739072,16.198517630037145,773,False
ETF,DIA,fc_vol x open30_range_pct,cost_opp_usd,interaction,0.7560328290733768,47.918043663290355,1723,0.5017026567786026,16.10413229081158,773,False
ETF,DIA,open30_closeloc,eff_range,main,0.06268345803104332,2.665414171427419,1803,0.05375566980439916,1.4947888831352105,773,True
ETF,DIA,fc_vol x open30_closeloc,eff_range,interaction,0.06919177484113714,2.8773122539748353,1723,0.027675582056841858,0.7687592201044614,773,True
ETF,DIA,open30_closeloc,eff_mfe,main,-0.003539708416488337,-0.15021976064967704,1803,0.03714365739433089,1.0320759266615238,773,True
ETF,DIA,fc_vol x open30_closeloc,eff_mfe,interaction,-0.023682808265931443,-0.9827554498334111,1723,0.0065448540320101195,0.1817341130696058,773,True
ETF,DIA,open30_closeloc,cost_opp_usd,main,-0.046202077224173826,-1.9628286252293656,1803,0.02509074910587204,0.6969113923099531,773,False
ETF,DIA,fc_vol x open30_closeloc,cost_opp_usd,interaction,0.2982691649134302,12.9637647691844,1723,0.13126009068245648,3.6764932196509417,773,False
ETF,DIA,open30_vol_share,eff_range,main,-0.07976170596812365,-3.3957614932969076,1803,-0.11035772687482777,-3.083122426559837,773,True
ETF,DIA,fc_vol x open30_vol_share,eff_range,interaction,-0.001906554199626305,-0.07909342465738665,1723,-0.0846938805732139,-2.3601654212225385,773,True
ETF,DIA,open30_vol_share,eff_mfe,main,-0.03969203128421105,-1.6857864446938116,1803,-0.06618835337448369,-1.8418834929857144,773,True
ETF,DIA,fc_vol x open30_vol_share,eff_mfe,interaction,-0.03544871114149857,-1.471512399394935,1723,-0.054386842351294484,-1.512391722352412,773,True
ETF,DIA,open30_vol_share,cost_opp_usd,main,-0.1463271239816892,-6.277426948988479,1803,-0.12485166773092236,-3.494081847110769,773,False
ETF,DIA,fc_vol x open30_vol_share,cost_opp_usd,interaction,0.4800766809089383,22.703315793405938,1723,0.167671385641709,4.722570075083901,773,False
ETF,IWM,gap_pct,eff_range,main,0.02367355145689227,1.020997881901394,1861,0.03375929560911099,0.9536085995324041,799,True
ETF,IWM,fc_vol x gap_pct,eff_range,interaction,0.0305197701234288,1.287868703825753,1781,0.03535699305966868,0.9987944334442608,799,True
ETF,IWM,gap_pct,eff_mfe,main,0.0509646611524735,2.2002578911226887,1861,0.023835117347909877,0.6730849102737373,799,True
ETF,IWM,fc_vol x gap_pct,eff_mfe,interaction,0.05197558951439387,2.195203602257401,1781,0.022701956843883073,0.6410684391668863,799,True
ETF,IWM,gap_pct,cost_opp_usd,main,-0.0060985928916258885,-0.26295256683968976,1861,-0.013711839025581308,-0.387137906698172,799,False
ETF,IWM,fc_vol x gap_pct,cost_opp_usd,interaction,0.011300600214518036,0.47666933874535705,1781,-0.010647084104740433,-0.3005968759328171,799,False
ETF,IWM,abs_gap_pct,eff_range,main,0.060893228176853,2.6303610708357485,1861,-0.02397503669780807,-0.677038388169279,799,True
ETF,IWM,fc_vol x abs_gap_pct,eff_range,interaction,0.06409519558155513,2.7089898111834447,1781,-0.026867703538113637,-0.7587811226178296,799,True
ETF,IWM,abs_gap_pct,eff_mfe,main,0.02432513406725473,1.0491158880263411,1861,-0.04040928650758754,-1.1417347377306957,799,True
ETF,IWM,fc_vol x abs_gap_pct,eff_mfe,interaction,0.015019236621920075,0.6335557292080662,1781,-0.04560199975174991,-1.2887393390449544,799,True
ETF,IWM,abs_gap_pct,cost_opp_usd,main,0.33309944376542333,15.231819651949888,1861,0.0763784871699701,2.162572560414885,799,False
ETF,IWM,fc_vol x abs_gap_pct,cost_opp_usd,interaction,0.44820619345084944,21.14765498614279,1781,0.12346370697745536,3.5124002396464578,799,False
ETF,IWM,prev_ret_pct,eff_range,main,-0.0014333071137795934,-0.06178208452537747,1860,0.03517645598226698,0.9936881337578657,799,True
ETF,IWM,fc_vol x prev_ret_pct,eff_range,interaction,-0.0033711137270204037,-0.14218829475726857,1781,0.03505120542748953,0.9901456119646864,799,True
ETF,IWM,prev_ret_pct,eff_mfe,main,0.026371217921449176,1.1371142658732487,1860,0.10109887710790987,2.868840288846319,799,True
ETF,IWM,fc_vol x prev_ret_pct,eff_mfe,interaction,0.031478636179211865,1.3283703125035244,1781,0.09889585196799532,2.805701571547679,799,True
ETF,IWM,prev_ret_pct,cost_opp_usd,main,-0.06001052010751959,-2.591395267616073,1860,0.04020121504265386,1.1358462900028576,799,False
ETF,IWM,fc_vol x prev_ret_pct,cost_opp_usd,interaction,-0.04306347105236337,-1.81802592403596,1781,0.03758211977280025,1.0617379774471252,799,False
ETF,IWM,prev_range_pct,eff_range,main,0.024899846796059034,1.0736289247606352,1860,-0.01833825465390993,-0.5177977953980083,799,True
ETF,IWM,fc_vol x prev_range_pct,eff_range,interaction,0.03523501029990443,1.4870724708609142,1781,-0.02671920806550977,-0.7545844005771466,799,True
ETF,IWM,prev_range_pct,eff_mfe,main,-0.04755547230256834,-2.0521778402206508,1860,-0.023078742469990688,-0.6517139110990569,799,True
ETF,IWM,fc_vol x prev_range_pct,eff_mfe,interaction,-0.0432266268125654,-1.8249267992196665,1781,-0.028945912538718397,-0.8175200689158587,799,True
ETF,IWM,prev_range_pct,cost_opp_usd,main,0.5198711660342153,26.23229594780926,1860,0.2417268148837225,7.032797477812425,799,False
ETF,IWM,fc_vol x prev_range_pct,cost_opp_usd,interaction,0.5855758239795185,30.468779877678934,1781,0.2551874336705304,7.450932964022492,799,False
ETF,IWM,prev_rv_pct,eff_range,main,0.05383567601482632,2.32393134109592,1860,-0.039900781754354075,-1.12734425238608,799,True
ETF,IWM,fc_vol x prev_rv_pct,eff_range,interaction,0.05117052561968052,2.161111533161712,1781,-0.04271140272589925,-1.2068950083645127,799,True
ETF,IWM,prev_rv_pct,eff_mfe,main,-0.025561297475821233,-1.1021676896577681,1860,-0.014889942701199841,-0.4204073849914628,799,True
ETF,IWM,fc_vol x prev_rv_pct,eff_mfe,interaction,-0.031148277028675835,-1.3144158409749829,1781,-0.02498142722706629,-0.7054755472421315,799,True
ETF,IWM,prev_rv_pct,cost_opp_usd,main,0.608289310545095,33.034538209683404,1860,0.32617490283572864,9.741048566884059,799,False
ETF,IWM,fc_vol x prev_rv_pct,cost_opp_usd,interaction,0.6436439249247905,35.472164976208376,1781,0.316899827755689,9.432625583271463,799,False
ETF,IWM,prev_eff_range,eff_range,main,-0.027615974960573025,-1.190827633146725,1860,0.011908718834911054,0.3362211272317285,799,True
ETF,IWM,fc_vol x prev_eff_range,eff_range,interaction,-0.0016455321566521612,-0.06940566754625899,1781,-0.00013562536594514463,-0.00382886529669087,799,True
ETF,IWM,prev_eff_range,eff_mfe,main,-0.04798634887258458,-2.070814328127589,1860,-0.0389511178540924,-1.1004714763927324,799,True
ETF,IWM,fc_vol x prev_eff_range,eff_mfe,interaction,-0.05040202283259894,-2.1285716602592086,1781,-0.03781340494576027,-1.0682813762776282,799,True
ETF,IWM,prev_eff_range,cost_opp_usd,main,0.009440873091075394,0.406962478614885,1860,-0.056014489164100845,-1.5838423003610824,799,False
ETF,IWM,fc_vol x prev_eff_range,cost_opp_usd,interaction,0.29765234385581285,13.1504929961333,1781,0.04213869952597863,1.1906831662693311,799,False
ETF,IWM,prev_eff_vol,eff_range,main,-0.033138557025842376,-1.4292066979813782,1860,0.023080155455841175,0.6517538332620654,799,True
ETF,IWM,fc_vol x prev_eff_vol,eff_range,interaction,-0.010355954523565898,-0.43681887704393446,1781,0.012868447612005774,0.36332165302053465,799,True
ETF,IWM,prev_eff_vol,eff_mfe,main,-0.052809991951246846,-2.2795304772887834,1860,-0.039155732052641626,-1.1062612188779457,799,True
ETF,IWM,fc_vol x prev_eff_vol,eff_mfe,interaction,-0.053606548841278696,-2.2642831184131724,1781,-0.038275731215598546,-1.0813617850522939,799,True
ETF,IWM,prev_eff_vol,cost_opp_usd,main,0.025562901403001832,1.1022368939938791,1860,-0.046361402211458916,-1.3102463474200035,799,False
ETF,IWM,fc_vol x prev_eff_vol,cost_opp_usd,interaction,0.250998915789996,10.936796460110989,1781,0.02810653473329641,0.7937944798399978,799,False
ETF,IWM,prev_closeloc,eff_range,main,-0.004233755871698685,-0.18249566770525222,1860,0.006410268700899695,0.1809732218355371,799,True
ETF,IWM,fc_vol x prev_closeloc,eff_range,interaction,0.015193971367240234,0.6409282486954936,1781,-0.0017892196598314764,-0.05051187820604971,799,True
ETF,IWM,prev_closeloc,eff_mfe,main,0.03326683604604899,1.4347452603143376,1860,0.07985976871901537,2.2617599951494527,799,True
ETF,IWM,fc_vol x prev_closeloc,eff_mfe,interaction,0.025430253965652343,1.0729491634800132,1781,0.061725931184572,1.7459256357167903,799,True
ETF,IWM,prev_closeloc,cost_opp_usd,main,-0.04440671324393048,-1.9160203286297302,1860,0.01481077187581466,0.4181715589306016,799,False
ETF,IWM,fc_vol x prev_closeloc,cost_opp_usd,interaction,0.2168585222192328,9.369670335715364,1781,0.11023627965779634,3.1311844702435567,799,False
ETF,IWM,prev_streak,eff_range,main,0.03248676901335523,1.401443235015279,1861,0.04180498643756057,1.1812370992613679,799,True
ETF,IWM,fc_vol x prev_streak,eff_range,interaction,0.028243522281983985,1.191736162354662,1781,0.042031159592585396,1.1876391025232846,799,True
ETF,IWM,prev_streak,eff_mfe,main,0.05619262478885417,2.4266423067877496,1861,0.1032011517010106,2.9291312380896177,799,True
ETF,IWM,fc_vol x prev_streak,eff_mfe,interaction,0.05242682290933504,2.214313871168261,1781,0.10588925433192853,3.0062810165551483,799,True
ETF,IWM,prev_streak,cost_opp_usd,main,-0.05859832744147131,-2.53088161265022,1861,0.04190991828820883,1.1842072524620855,799,False
ETF,IWM,fc_vol x prev_streak,cost_opp_usd,interaction,-0.04552098889371427,-1.9219854378794918,1781,0.045037480359482816,1.2727530595441685,799,False
ETF,IWM,trail_eff_5,eff_range,main,0.0043911203316043,0.1890751224700724,1856,0.03191462401058844,0.9014469623258803,799,True
ETF,IWM,fc_vol x trail_eff_5,eff_range,interaction,0.03312069257031433,1.3977378331477426,1781,0.0049638765139894256,0.140137859708702,799,True
ETF,IWM,trail_eff_5,eff_mfe,main,-0.009715148992577638,-0.4183356021735355,1856,0.022076431750315057,0.6233958349045261,799,True
ETF,IWM,fc_vol x trail_eff_5,eff_mfe,interaction,-0.03316384964682294,-1.399561123925023,1781,0.0006301465504488115,0.017789789534362516,799,True
ETF,IWM,trail_eff_5,cost_opp_usd,main,0.058505631229576166,2.523463832050531,1856,-0.03844828895554742,-1.0862440686492023,799,False
ETF,IWM,fc_vol x trail_eff_5,cost_opp_usd,interaction,0.5171884845925656,25.48755886654334,1781,0.15365293075065664,4.3899358590605395,799,False
ETF,IWM,trail_eff_20,eff_range,main,-0.005548915745988265,-0.2379609430473756,1841,-0.00824034065985939,-0.2326425085921811,799,True
ETF,IWM,fc_vol x trail_eff_20,eff_range,interaction,0.030740424287728746,1.297188610771147,1781,-0.040659730933042815,-1.1488225427636694,799,True
ETF,IWM,trail_eff_20,eff_mfe,main,-0.011702675045256196,-0.5018867744313903,1841,-0.00018092408484921856,-0.005107702013954874,799,True
ETF,IWM,fc_vol x trail_eff_20,eff_mfe,interaction,-0.035476449513726124,-1.4972750651024858,1781,-0.028754366619704222,-0.8121057416005312,799,True
ETF,IWM,trail_eff_20,cost_opp_usd,main,0.08674925027835788,3.734194211676735,1841,-0.08637990319855965,-2.447756373848829,799,False
ETF,IWM,fc_vol x trail_eff_20,cost_opp_usd,interaction,0.5969083108191171,31.380054036260557,1781,0.20757818115402238,5.990664824848984,799,False
ETF,IWM,eff_state,eff_range,main,0.008448437076061185,0.3623120164468841,1841,0.044773484618151844,1.2652775457772267,799,True
ETF,IWM,fc_vol x eff_state,eff_range,interaction,0.011278337766305446,0.47573016935567203,1781,0.04268828877639252,1.2062406853987453,799,True
ETF,IWM,eff_state,eff_mfe,main,0.0017052607436615333,0.07312776334257387,1841,0.028800959188189555,0.8134227408594049,799,True
ETF,IWM,fc_vol x eff_state,eff_mfe,interaction,-0.00030872192068642144,-0.013021333503592194,1781,0.026216783128976556,0.7403854289511208,799,True
ETF,IWM,eff_state,cost_opp_usd,main,0.017760284334925512,0.7617444243534508,1841,0.005836555416375885,0.1647757023215421,799,False
ETF,IWM,fc_vol x eff_state,cost_opp_usd,interaction,0.0265835865184205,1.1216440496351607,1781,0.0042741768679125216,0.12066619473383051,799,False
ETF,IWM,trail_rv_5,eff_range,main,0.04480678295416869,1.9312345471970889,1856,-0.051466743305387135,-1.4548954879194649,799,True
ETF,IWM,fc_vol x trail_rv_5,eff_range,interaction,0.04683280331964247,1.977492856023364,1781,-0.04654261337428994,-1.3153787569451565,799,True
ETF,IWM,trail_rv_5,eff_mfe,main,-0.032574344235885504,-1.4033341087997964,1856,-0.04673939212578532,-1.3209522317546383,799,True
ETF,IWM,fc_vol x trail_rv_5,eff_mfe,interaction,-0.035262201552069335,-1.4882214895106505,1781,-0.04478199844772378,-1.2655186260060125,799,True
ETF,IWM,trail_rv_5,cost_opp_usd,main,0.5993410161551992,32.23820737159264,1856,0.2840687403759044,8.364169144302382,799,False
ETF,IWM,fc_vol x trail_rv_5,cost_opp_usd,interaction,0.6409480478890851,35.21962611590408,1781,0.30042330539195833,8.892067324379383,799,False
ETF,IWM,trail_rv_20,eff_range,main,0.03235473821740849,1.388213265178978,1841,-0.04365521644934507,-1.2336146998264494,799,True
ETF,IWM,fc_vol x trail_rv_20,eff_range,interaction,0.038895472296078995,1.6417831158105085,1781,-0.04151712318726426,-1.1730891738826998,799,True
ETF,IWM,trail_rv_20,eff_mfe,main,-0.022127793075084504,-0.9491510139234857,1841,-0.02576056177863482,-0.7274926980742962,799,True
ETF,IWM,fc_vol x trail_rv_20,eff_mfe,interaction,-0.03091952516729325,-1.3047535453397328,1781,-0.03252376540059914,-0.9186705606464485,799,True
ETF,IWM,trail_rv_20,cost_opp_usd,main,0.5738485250874296,30.048629628052534,1841,0.21443115366679102,6.197812977182163,799,False
ETF,IWM,fc_vol x trail_rv_20,cost_opp_usd,interaction,0.6327018161624689,34.460710453150895,1781,0.27095011502335137,7.946495195297641,799,False
ETF,IWM,vol_state,eff_range,main,0.029666261891851727,1.2727552102611122,1841,-0.021938314044409202,-0.6194937734622257,799,True
ETF,IWM,fc_vol x vol_state,eff_range,interaction,0.029518655918464476,1.2455863685254005,1781,-0.026421114575230168,-0.7461599474043529,799,True
ETF,IWM,vol_state,eff_mfe,main,-0.012612409700722589,-0.5409080931892731,1841,-0.01806607140278998,-0.5101099182875335,799,True
ETF,IWM,fc_vol x vol_state,eff_mfe,interaction,-0.005279207082206167,-0.22267052034495133,1781,-0.016009493544605166,-0.45202496046704416,799,True
ETF,IWM,vol_state,cost_opp_usd,main,0.14146136854137564,6.127992005617755,1841,0.19163018768167014,5.5121026138278655,799,False
ETF,IWM,fc_vol x vol_state,cost_opp_usd,interaction,0.10425781534884372,4.421502141979083,1781,0.1819851117942258,5.224905179136847,799,False
ETF,IWM,fc_vol,eff_range,main,0.04223877208223846,1.7831464769154455,1781,-0.0332413764750986,-0.9389624778857474,799,True
ETF,IWM,fc_vol,eff_mfe,main,-0.032734130195940216,-1.3814067778987253,1781,-0.0329025873314424,-0.929382344402074,799,True
ETF,IWM,fc_vol,cost_opp_usd,main,0.6256448113459526,33.82681137060816,1781,0.26402120147696,7.727840195179053,799,False
ETF,IWM,open1_ret_pct,eff_range,main,0.02575381201333142,1.1107729338850256,1861,0.004528996364427111,0.12786026107856918,799,True
ETF,IWM,fc_vol x open1_ret_pct,eff_range,interaction,0.02264457381513282,0.9553521868312339,1781,0.002956482077928559,0.08346536740027498,799,True
ETF,IWM,open1_ret_pct,eff_mfe,main,-0.008081317556096685,-0.348446454191581,1861,-0.011600628544900607,-0.32752156910328706,799,True
ETF,IWM,fc_vol x open1_ret_pct,eff_mfe,interaction,-0.007473869956392721,-0.3152431372650959,1781,-0.004798826209920473,-0.1354781269144115,799,True
ETF,IWM,open1_ret_pct,cost_opp_usd,main,0.00029548611694535474,0.012740216104855812,1861,0.10020568848299312,2.843236412136624,799,False
ETF,IWM,fc_vol x open1_ret_pct,cost_opp_usd,interaction,0.011600766976716352,0.4893323210803687,1781,0.10115675120296211,2.8704995313400494,799,False
ETF,IWM,open1_absret_pct,eff_range,main,0.041185066747003535,1.7772483063947948,1861,0.01939204105812447,0.5475633307159999,799,True
ETF,IWM,fc_vol x open1_absret_pct,eff_range,interaction,0.04461338316986751,1.8835873407864703,1781,0.005350383166917434,0.15104983737893418,799,True
ETF,IWM,open1_absret_pct,eff_mfe,main,0.07872593015407195,3.4049247041043023,1861,0.04499930169911827,1.2716719456870094,799,True
ETF,IWM,fc_vol x open1_absret_pct,eff_mfe,interaction,0.05353146956354999,2.261102730090775,1781,0.03716950946524777,1.0500650466243355,799,True
ETF,IWM,open1_absret_pct,cost_opp_usd,main,0.30463335193588215,13.790054332167074,1861,0.06818593344877538,1.9294605019825954,799,False
ETF,IWM,fc_vol x open1_absret_pct,cost_opp_usd,interaction,0.4499679110096834,21.251828796939684,1781,0.1328144096288018,3.7830227071121363,799,False
ETF,IWM,open1_range_pct,eff_range,main,0.02868397531105766,1.2372508782961924,1861,-0.024672076722785444,-0.6967341341205018,799,True
ETF,IWM,fc_vol x open1_range_pct,eff_range,interaction,0.04115702699137956,1.7374011612882179,1781,-0.03288946806421174,-0.9290113698854413,799,True
ETF,IWM,open1_range_pct,eff_mfe,main,0.007650222445020719,0.32985757911520835,1861,-0.011987805592068386,-0.33845431857863945,799,True
ETF,IWM,fc_vol x open1_range_pct,eff_mfe,interaction,-0.011569474896659186,-0.4880122119162935,1781,-0.02479522163274091,-0.7002138538911062,799,True
ETF,IWM,open1_range_pct,cost_opp_usd,main,0.5349651543462058,27.3006621706408,1861,0.16297396333044292,4.663295198217268,799,False
ETF,IWM,fc_vol x open1_range_pct,cost_opp_usd,interaction,0.6384001335940697,34.98298188934589,1781,0.25065688523697216,7.309696570979238,799,False
ETF,IWM,open1_closeloc,eff_range,main,0.009057407355832506,0.3905363025143581,1861,0.01187551673979381,0.3352835937527613,799,True
ETF,IWM,fc_vol x open1_closeloc,eff_range,interaction,0.029524041459409667,1.2458138181852445,1781,0.0009106006975799633,0.025707350533312898,799,True
ETF,IWM,open1_closeloc,eff_mfe,main,-0.0037022291197007333,-0.1596268573802216,1861,0.004030157962635701,0.11377707283090102,799,True
ETF,IWM,fc_vol x open1_closeloc,eff_mfe,interaction,-0.015566411896290834,-0.6566426931941841,1781,0.0015543609393085462,0.04388150957089463,799,True
ETF,IWM,open1_closeloc,cost_opp_usd,main,-0.014281778581994416,-0.615837720806727,1861,0.1190820920836149,3.385921804878159,799,False
ETF,IWM,fc_vol x open1_closeloc,cost_opp_usd,interaction,0.24102829120011596,10.474959705677476,1781,0.19790807256144258,5.699921195789782,799,False
ETF,IWM,open1_vol_share,eff_range,main,-0.1292709439163738,-5.620824421475339,1861,-0.06846576513833569,-1.9374161284762417,799,True
ETF,IWM,fc_vol x open1_vol_share,eff_range,interaction,-0.0538873816630483,-2.276179651279967,1781,-0.07057509829530509,-1.9973994759369382,799,True
ETF,IWM,open1_vol_share,eff_mfe,main,-0.12317924662160509,-5.351768180294551,1861,-0.017282961014779125,-0.48799141612665986,799,True
ETF,IWM,fc_vol x open1_vol_share,eff_mfe,interaction,-0.09655380295621069,-4.0915818011245415,1781,-0.023506474246772345,-0.6637991215952622,799,True
ETF,IWM,open1_vol_share,cost_opp_usd,main,-0.03418069506019746,-1.4746006820641506,1861,-0.25913696732485003,-7.574484526907907,799,False
ETF,IWM,fc_vol x open1_vol_share,cost_opp_usd,interaction,0.38287141603561287,17.480835558246426,1781,-0.01289386059566578,-0.36403927034842865,799,False
ETF,IWM,open5_ret_pct,eff_range,main,0.05226959011376523,2.256746987699124,1861,0.013530929646465852,0.38202919815233727,799,True
ETF,IWM,fc_vol x open5_ret_pct,eff_range,interaction,0.052045621162261954,2.198169436838533,1781,0.01682873152632279,0.4751623799384408,799,True
ETF,IWM,open5_ret_pct,eff_mfe,main,0.0009655254161833374,0.04162973130785525,1861,0.019587393573006283,0.5530815082130686,799,True
ETF,IWM,fc_vol x open5_ret_pct,eff_mfe,interaction,0.0038637553038741615,0.16296743496911908,1781,0.03103133303786268,0.8764735090625613,799,True
ETF,IWM,open5_ret_pct,cost_opp_usd,main,-0.022833804761707006,-0.9847618704433213,1861,0.08589280898382949,2.4338506526189168,799,False
ETF,IWM,fc_vol x open5_ret_pct,cost_opp_usd,interaction,-0.025316939309642145,-1.0681651366637748,1781,0.09373476764617451,2.6579462818736097,799,False
ETF,IWM,open5_absret_pct,eff_range,main,0.055220799975192775,2.3845451802646878,1861,0.003181138188988758,0.08980776603791163,799,True
ETF,IWM,fc_vol x open5_absret_pct,eff_range,interaction,0.05579370171979446,2.3569489189847266,1781,-0.016631104316171926,-0.4695807857171695,799,True
ETF,IWM,open5_absret_pct,eff_mfe,main,0.14715586804912034,6.41462439349098,1861,0.10067076713424714,2.8565673464111905,799,True
ETF,IWM,fc_vol x open5_absret_pct,eff_mfe,interaction,0.09974598017478897,4.228191513310774,1781,0.07266276365780995,2.0567931663072514,799,True
ETF,IWM,open5_absret_pct,cost_opp_usd,main,0.2940338853777695,13.26393317477106,1861,0.12770706451944688,3.6350865428092125,799,False
ETF,IWM,fc_vol x open5_absret_pct,cost_opp_usd,interaction,0.43541085252189465,20.4001259106337,1781,0.18078269551416368,5.189212667512733,799,False
ETF,IWM,open5_range_pct,eff_range,main,0.017273312563578825,0.7448693872130372,1861,-0.06055854770761821,-1.7127833334174292,799,True
ETF,IWM,fc_vol x open5_range_pct,eff_range,interaction,0.03204790723594922,1.3524175210787366,1781,-0.0630223653339691,-1.7827401534632663,799,True
ETF,IWM,open5_range_pct,eff_mfe,main,0.03330173694380451,1.4366386032009701,1861,0.003848056823172479,0.10863602157189853,799,True
ETF,IWM,fc_vol x open5_range_pct,eff_mfe,interaction,0.0038943491187794273,0.16425785593716266,1781,-0.01322376139829392,-0.37335514508461043,799,True
ETF,IWM,open5_range_pct,cost_opp_usd,main,0.5658534520054482,29.590338370184284,1861,0.19858889655615428,5.720333123842127,799,False
ETF,IWM,fc_vol x open5_range_pct,cost_opp_usd,interaction,0.6521028717440782,36.279402162107814,1781,0.269308960591652,7.894586737740227,799,False
ETF,IWM,open5_closeloc,eff_range,main,0.04328314252795201,1.8679518248295457,1861,0.013928492726798598,0.3932560509335236,799,True
ETF,IWM,fc_vol x open5_closeloc,eff_range,interaction,0.05500069059435261,2.3233465776243225,1781,0.013436683539962814,0.37936779277386984,799,True
ETF,IWM,open5_closeloc,eff_mfe,main,0.015652754461010523,0.674968766958457,1861,0.021443144077907646,0.6055046650104319,799,True
ETF,IWM,fc_vol x open5_closeloc,eff_mfe,interaction,-0.008626677660102684,-0.363871218723179,1781,0.018964529720707397,0.5354875155837084,799,True
ETF,IWM,open5_closeloc,cost_opp_usd,main,-0.017608870987886736,-0.7593439695388172,1861,0.05437130369704745,1.5372404262820911,799,False
ETF,IWM,fc_vol x open5_closeloc,cost_opp_usd,interaction,0.22282162496258315,9.640585307879373,1781,0.1480221651994266,4.225388330493174,799,False
ETF,IWM,open5_vol_share,eff_range,main,-0.11767927965497503,-5.109375923511391,1861,-0.08063520662091735,-2.283864706476104,799,True
ETF,IWM,fc_vol x open5_vol_share,eff_range,interaction,-0.03890166638093814,-1.6420449652008349,1781,-0.08073421431201054,-2.2866873293626595,799,True
ETF,IWM,open5_vol_share,eff_mfe,main,-0.1008974442863352,-4.372620764699133,1861,-0.04350149680538262,-1.2292626200908314,799,True
ETF,IWM,fc_vol x open5_vol_share,eff_mfe,interaction,-0.07563580316781997,-3.1993460300804006,1781,-0.04521456474751665,-1.2777676718075657,799,True
ETF,IWM,open5_vol_share,cost_opp_usd,main,-0.024693292825863872,-1.0650037800206884,1861,-0.29456591794792664,-8.702045574093981,799,False
ETF,IWM,fc_vol x open5_vol_share,cost_opp_usd,interaction,0.4068126919538128,18.783149010370966,1781,-0.03113587083678866,-0.8794290177067492,799,False
ETF,IWM,open15_ret_pct,eff_range,main,0.08315606889236321,3.597828181499179,1861,0.06050165909102584,1.7111684330626746,799,True
ETF,IWM,fc_vol x open15_ret_pct,eff_range,interaction,0.08865116921863982,3.7539263684361557,1781,0.06478091712171018,1.8326918279337336,799,True
ETF,IWM,open15_ret_pct,eff_mfe,main,0.016054287686560798,0.692287851863482,1861,-0.005331386694161505,-0.15051352142959248,799,True
ETF,IWM,fc_vol x open15_ret_pct,eff_mfe,interaction,0.021295695693400812,0.8984177142340192,1781,0.0070810611386274555,0.19991178326145745,799,True
ETF,IWM,open15_ret_pct,cost_opp_usd,main,-0.023120214843226967,-0.9971205483898706,1861,0.1006769293749949,2.8567439924961313,799,False
ETF,IWM,fc_vol x open15_ret_pct,cost_opp_usd,interaction,-0.015309580677347352,-0.6458061424664011,1781,0.10644703828738884,3.022297963341904,799,False
ETF,IWM,open15_absret_pct,eff_range,main,0.10408583677644227,4.512286974780131,1861,0.050091520977720995,1.4159206691145334,799,True
ETF,IWM,fc_vol x open15_absret_pct,eff_range,interaction,0.09575133291019783,4.057260192062052,1781,0.0324130373092983,0.9155396254027792,799,True
ETF,IWM,open15_absret_pct,eff_mfe,main,0.27315212786926724,12.242845562813946,1861,0.2668839552179789,7.818021235525475,799,True
ETF,IWM,fc_vol x open15_absret_pct,eff_mfe,interaction,0.20603927058575391,8.880915586046516,1781,0.23139024006761522,6.7146502520668125,799,True
ETF,IWM,open15_absret_pct,cost_opp_usd,main,0.40620730546285516,19.1666108238803,1861,0.18920125439273916,5.439624970612683,799,False
ETF,IWM,fc_vol x open15_absret_pct,cost_opp_usd,interaction,0.5313012588384568,26.451579226762032,1781,0.23910893942575723,6.951987584945723,799,False
ETF,IWM,open15_range_pct,eff_range,main,0.04127265374106572,1.7810343672675113,1861,-0.07045000066018854,-1.9938413171811078,799,True
ETF,IWM,fc_vol x open15_range_pct,eff_range,interaction,0.04844312731185596,2.0456452987286404,1781,-0.0685467286571422,-1.9397180102685008,799,True
ETF,IWM,open15_range_pct,eff_mfe,main,0.0833948751127602,3.6082326210470526,1861,0.04589682063358526,1.2970886821526542,799,True
ETF,IWM,fc_vol x open15_range_pct,eff_mfe,interaction,0.03201016829602907,1.350823308243368,1781,0.013334955427552149,0.3764951152046968,799,True
ETF,IWM,open15_range_pct,cost_opp_usd,main,0.6110282122338145,33.28053761820521,1861,0.2377691883807144,6.910693823223682,799,False
ETF,IWM,fc_vol x open15_range_pct,cost_opp_usd,interaction,0.6767094760343699,38.767235733598554,1781,0.29321368291954863,8.658330940644444,799,False
ETF,IWM,open15_closeloc,eff_range,main,0.06511392916650623,2.8134306921412646,1861,0.07174191441131536,2.030591874145459,799,True
ETF,IWM,fc_vol x open15_closeloc,eff_range,interaction,0.06701095458121763,2.83276838756876,1781,0.06189409011583271,1.75070029829301,799,True
ETF,IWM,open15_closeloc,eff_mfe,main,0.01667180370950472,0.7189234462615267,1861,9.443232571468501e-05,0.002665936792736505,799,True
ETF,IWM,fc_vol x open15_closeloc,eff_mfe,interaction,-0.014051502700340144,-0.5927255168603963,1781,-0.007235743744827874,-0.204278992753819,799,True
ETF,IWM,open15_closeloc,cost_opp_usd,main,-0.026380755067145358,-1.1378318638474614,1861,0.10871122088670321,3.0873445009633804,799,False
ETF,IWM,fc_vol x open15_closeloc,cost_opp_usd,interaction,0.22913651356024034,9.928724889965393,1781,0.19388677840494503,5.579531858662602,799,False
ETF,IWM,open15_vol_share,eff_range,main,-0.10061411423970512,-4.360216261138695,1861,-0.07835914719407096,-2.2189948262174815,799,True
ETF,IWM,fc_vol x open15_vol_share,eff_range,interaction,-0.02991264198652425,-1.2622260242841128,1781,-0.08145320517697188,-2.3071871808643793,799,True
ETF,IWM,open15_vol_share,eff_mfe,main,-0.07757422965639409,-3.354809424079294,1861,-0.04024900381330857,-1.137198704895646,799,True
ETF,IWM,fc_vol x open15_vol_share,eff_mfe,interaction,-0.06446007686118287,-2.724475718130729,1781,-0.050151036203849406,-1.4176072059167488,799,True
ETF,IWM,open15_vol_share,cost_opp_usd,main,-0.041195459049032386,-1.7776975249163953,1861,-0.2903342873499357,-8.565435671060172,799,False
ETF,IWM,fc_vol x open15_vol_share,cost_opp_usd,interaction,0.41891104659082024,19.45856870537067,1781,-0.016154161145262178,-0.4561106836749817,799,False
ETF,IWM,open30_ret_pct,eff_range,main,0.08312309859397335,3.5963917626471895,1861,0.054915465429837024,1.5526718225529268,799,True
ETF,IWM,fc_vol x open30_ret_pct,eff_range,interaction,0.08526035136851916,3.609270001453465,1781,0.06064490216667414,1.7152347143168916,799,True
ETF,IWM,open30_ret_pct,eff_mfe,main,-0.009317546124385798,-0.4017538978438946,1861,-0.03472201682196832,-0.9808352343094421,799,True
ETF,IWM,fc_vol x open30_ret_pct,eff_mfe,interaction,-0.005839162229797729,-0.2462895126837463,1781,-0.022640131407285765,-0.6393216871053563,799,True
ETF,IWM,open30_ret_pct,cost_opp_usd,main,-0.05117328076869512,-2.209288063584694,1861,0.045016432306955866,1.2721570363361248,799,False
ETF,IWM,fc_vol x open30_ret_pct,cost_opp_usd,interaction,-0.041675659392753944,-1.7593325443597212,1781,0.04666544442709957,1.3188577516199116,799,False
ETF,IWM,open30_absret_pct,eff_range,main,0.15248608119429652,6.652404277199611,1861,0.07876733358844944,2.2306259311041683,799,True
ETF,IWM,fc_vol x open30_absret_pct,eff_range,interaction,0.14492053520020962,6.177702533211343,1781,0.05950294360281271,1.6828205519115191,799,True
ETF,IWM,open30_absret_pct,eff_mfe,main,0.3305276872166076,15.09973311026759,1861,0.36589146183490007,11.099196503383125,799,True
ETF,IWM,fc_vol x open30_absret_pct,eff_mfe,interaction,0.26536122163863196,11.60863742245125,1781,0.3257647538020799,9.727344439068837,799,True
ETF,IWM,open30_absret_pct,cost_opp_usd,main,0.47284750821155663,23.137358491324026,1861,0.37675982269459074,11.482512621563945,799,False
ETF,IWM,fc_vol x open30_absret_pct,cost_opp_usd,interaction,0.5937835968335095,31.125960757929988,1781,0.4126352583603045,12.788704059381491,799,False
ETF,IWM,open30_range_pct,eff_range,main,0.06589440226531959,2.8472994200192385,1861,-0.013274347161195878,-0.37478361739832733,799,True
ETF,IWM,fc_vol x open30_range_pct,eff_range,interaction,0.06593204625521448,2.7869586999041354,1781,-0.02642153803690052,-0.7461719147597465,799,True
ETF,IWM,open30_range_pct,eff_mfe,main,0.10632077517201215,4.610271100464407,1861,0.12721629798411235,3.6208869899958454,799,True
ETF,IWM,fc_vol x open30_range_pct,eff_mfe,interaction,0.05017513652786451,2.1189655890152888,1781,0.07331282425159985,2.075292780587188,799,True
ETF,IWM,open30_range_pct,cost_opp_usd,main,0.6718461101194821,39.108627426546526,1861,0.4008228827435766,12.351293577728038,799,False
ETF,IWM,fc_vol x open30_range_pct,cost_opp_usd,interaction,0.7140920729399329,43.024121812827765,1781,0.41175170792254095,12.755722763867233,799,False
ETF,IWM,open30_closeloc,eff_range,main,0.0455700228367137,1.9668459406848326,1861,0.048612544134294,1.374014374938991,799,True
ETF,IWM,fc_vol x open30_closeloc,eff_range,interaction,0.05078525478642488,2.1447979542103868,1781,0.03871924234401366,1.0939105181568796,799,True
ETF,IWM,open30_closeloc,eff_mfe,main,-0.019748116050291323,-0.8516282649506712,1861,-0.04722863404618125,-1.3348099740786141,799,True
ETF,IWM,fc_vol x open30_closeloc,eff_mfe,interaction,-0.03166709791899267,-1.3363311889353109,1781,-0.057789589832287484,-1.6341998987730137,799,True
ETF,IWM,open30_closeloc,cost_opp_usd,main,-0.060785084207393814,-2.6256723138541416,1861,-0.001899285583989227,-0.0536191859082077,799,False
ETF,IWM,fc_vol x open30_closeloc,cost_opp_usd,interaction,0.1916980900655374,8.238266480207608,1781,0.07069966699357343,2.000942684229072,799,False
ETF,IWM,open30_vol_share,eff_range,main,-0.10441301916068309,-4.5266269433102995,1861,-0.08031043504540557,-2.274606229457821,799,True
ETF,IWM,fc_vol x open30_vol_share,eff_range,interaction,-0.031272805456538016,-1.3196759089613053,1781,-0.08515710677930084,-2.412850921043154,799,True
ETF,IWM,open30_vol_share,eff_mfe,main,-0.07058265159221659,-3.050859279496036,1861,-0.0598615697266949,-1.6929993300784747,799,True
ETF,IWM,fc_vol x open30_vol_share,eff_mfe,interaction,-0.061786702047409825,-2.611040184389099,1781,-0.06343109450514024,-1.7943486035904843,799,True
ETF,IWM,open30_vol_share,cost_opp_usd,main,-0.03991566446378569,-1.7223813175186973,1861,-0.26438253305546444,-7.7392105083416265,799,False
ETF,IWM,fc_vol x open30_vol_share,cost_opp_usd,interaction,0.44343339539728127,20.86697158716019,1781,0.019924322925090873,0.5625989957564346,799,False
ETF,QQQ,gap_pct,eff_range,main,0.028138938005201945,1.2137224995010125,1861,0.028212181176627986,0.7962805362745426,798,True
ETF,QQQ,fc_vol x gap_pct,eff_range,interaction,0.02715345579931537,1.1457061589485877,1781,0.026057290719823305,0.7354163508335416,798,True
ETF,QQQ,gap_pct,eff_mfe,main,0.06077652246935797,2.6253011097989982,1861,0.0006154805508033779,0.01736484655064902,798,True
ETF,QQQ,fc_vol x gap_pct,eff_mfe,interaction,0.058193973776359154,2.4586834255415306,1781,-0.002735905961259935,-0.07718969501135221,798,True
ETF,QQQ,gap_pct,cost_opp_usd,main,-0.032136555785455385,-1.3863197201973472,1861,-0.06050380439618374,-1.7101554505774332,798,False
ETF,QQQ,fc_vol x gap_pct,cost_opp_usd,interaction,-0.01976364766495208,-0.833757803396451,1781,-0.054111734668337526,-1.5289199495246366,798,False
ETF,QQQ,abs_gap_pct,eff_range,main,0.07778061331304537,3.363789035914645,1861,0.0455509319146677,1.2864852893878584,798,True
ETF,QQQ,fc_vol x abs_gap_pct,eff_range,interaction,0.08355097098278044,3.536393998708913,1781,0.043977234068410746,1.2419520072666812,798,True
ETF,QQQ,abs_gap_pct,eff_mfe,main,0.04586699688898623,1.9796905607201343,1861,0.022658771014344433,0.639446774071948,798,True
ETF,QQQ,fc_vol x abs_gap_pct,eff_mfe,interaction,0.027770005635981858,1.171740563538009,1781,0.005809365125463375,0.16390512588647585,798,True
ETF,QQQ,abs_gap_pct,cost_opp_usd,main,0.36126520119781563,16.704526319009457,1861,0.2277483947627069,6.598994420167001,798,False
ETF,QQQ,fc_vol x abs_gap_pct,cost_opp_usd,interaction,0.5083595873072686,24.899049075911524,1781,0.27843851557411586,8.17917026348813,798,False
ETF,QQQ,prev_ret_pct,eff_range,main,-0.011913373145191718,-0.5135567255918644,1860,0.03339160176765991,0.9426186761894145,798,True
ETF,QQQ,fc_vol x prev_ret_pct,eff_range,interaction,-0.014629791265738951,-0.6171242109963173,1781,0.03661194118897432,1.0336429736347768,798,True
ETF,QQQ,prev_ret_pct,eff_mfe,main,0.052410166385842075,2.262224385718438,1860,0.024706204797916933,0.6972606515209613,798,True
ETF,QQQ,fc_vol x prev_ret_pct,eff_mfe,interaction,0.052183910897890096,2.204026091423389,1781,0.02834359470747655,0.7999926198499419,798,True
ETF,QQQ,prev_ret_pct,cost_opp_usd,main,-0.04810855662529508,-2.076100329151795,1860,-0.09379038475084814,-2.65786836304734,798,False
ETF,QQQ,fc_vol x prev_ret_pct,cost_opp_usd,interaction,-0.03263624572721298,-1.377271563000764,1781,-0.08237536329897312,-2.3320206676396054,798,False
ETF,QQQ,prev_range_pct,eff_range,main,0.06139559950956915,2.6514299943546624,1860,-0.01888143096012307,-0.5328057062761141,798,True
ETF,QQQ,fc_vol x prev_range_pct,eff_range,interaction,0.08105296884377133,3.4299530442819064,1781,-0.012971339597842368,-0.36599731787246037,798,True
ETF,QQQ,prev_range_pct,eff_mfe,main,-0.03240525646834581,-1.3975471345130988,1860,-0.09047943051330534,-2.5632525057999445,798,True
ETF,QQQ,fc_vol x prev_range_pct,eff_mfe,interaction,-0.021773823552820957,-0.9185983205266731,1781,-0.08403367446526855,-2.3792974949462873,798,True
ETF,QQQ,prev_range_pct,cost_opp_usd,main,0.6016485496161281,32.46750492988261,1860,0.26270310653158907,7.6815686438575606,798,False
ETF,QQQ,fc_vol x prev_range_pct,cost_opp_usd,interaction,0.6677168055819682,37.83249122450333,1781,0.304102654999308,9.006338512833192,798,False
ETF,QQQ,prev_rv_pct,eff_range,main,0.10330065845915044,4.476675145737607,1860,0.0016291555281924691,0.04596419480997081,798,True
ETF,QQQ,fc_vol x prev_rv_pct,eff_range,interaction,0.10383632931449736,4.403431981961109,1781,0.0015598950769102127,0.0440101095562365,798,True
ETF,QQQ,prev_rv_pct,eff_mfe,main,-0.02203724299067602,-0.9501356121134006,1860,-0.06145632535136723,-1.737179975546655,798,True
ETF,QQQ,fc_vol x prev_rv_pct,eff_mfe,interaction,-0.017120285300107726,-0.7222085536836809,1781,-0.06745232531816567,-1.9074084146762431,798,True
ETF,QQQ,prev_rv_pct,cost_opp_usd,main,0.6690147290521141,38.79932012303572,1860,0.3624794137099975,10.973061151107633,798,False
ETF,QQQ,fc_vol x prev_rv_pct,cost_opp_usd,interaction,0.7122086599085584,42.7935207576041,1781,0.3750593130274532,11.415011978033741,798,False
ETF,QQQ,prev_eff_range,eff_range,main,-0.051748083882270604,-2.233569132281382,1860,-0.059128861029589315,-1.6711543840872214,798,True
ETF,QQQ,fc_vol x prev_eff_range,eff_range,interaction,0.002083806289063867,0.08789137552893753,1781,-0.055576765699626975,-1.570440766982586,798,True
ETF,QQQ,prev_eff_range,eff_mfe,main,-0.045482806520507936,-1.9625457269599769,1860,-0.044157269778921614,-1.247046271552421,798,True
ETF,QQQ,fc_vol x prev_eff_range,eff_mfe,interaction,-0.041062261155005775,-1.7333939555171165,1781,-0.07189765151689308,-2.0337456782821035,798,True
ETF,QQQ,prev_eff_range,cost_opp_usd,main,0.08660746779642924,3.7472539395466575,1860,-0.029238683556140496,-0.825277619238549,798,False
ETF,QQQ,fc_vol x prev_eff_range,cost_opp_usd,interaction,0.4250445151918503,19.805739578369067,1781,0.112539736245229,3.195436582475427,798,False
ETF,QQQ,prev_eff_vol,eff_range,main,-0.05393468252331334,-2.328217624536223,1860,-0.06262201531406907,-1.7702589328088274,798,True
ETF,QQQ,fc_vol x prev_eff_vol,eff_range,interaction,-0.013082557178258169,-0.5518458542066699,1781,-0.05887156069642483,-1.6638569777909131,798,True
ETF,QQQ,prev_eff_vol,eff_mfe,main,-0.04367841896118855,-1.8845359849606114,1860,-0.06862526631948833,-1.9407322887715672,798,True
ETF,QQQ,fc_vol x prev_eff_vol,eff_mfe,interaction,-0.04204659942865339,-1.7750193403764707,1781,-0.08569727134477932,-2.4267450179240067,798,True
ETF,QQQ,prev_eff_vol,cost_opp_usd,main,0.09854168182827244,4.268366765980309,1860,-0.048760633426080356,-1.3773451257606508,798,False
ETF,QQQ,fc_vol x prev_eff_vol,cost_opp_usd,interaction,0.361690636913261,16.363281710541482,1781,0.0636663212850562,1.7998995311959238,798,False
ETF,QQQ,prev_closeloc,eff_range,main,-0.03228675270949825,-1.3924310593244695,1860,0.033802512477773286,0.9542315509456964,798,True
ETF,QQQ,fc_vol x prev_closeloc,eff_range,interaction,0.018487927925215114,0.7799207011225617,1781,0.0331165435554077,0.9348454386643236,798,True
ETF,QQQ,prev_closeloc,eff_mfe,main,0.042540930418330215,1.8353680745900784,1860,0.027531880146073207,0.7770644934819366,798,True
ETF,QQQ,fc_vol x prev_closeloc,eff_mfe,interaction,0.028863552815975958,1.2179199465133708,1781,0.007761622003769608,0.21898890111130562,798,True
ETF,QQQ,prev_closeloc,cost_opp_usd,main,-0.1025772977506888,-4.444992780764324,1860,-0.10070048525818417,-2.855626073831997,798,False
ETF,QQQ,fc_vol x prev_closeloc,cost_opp_usd,interaction,0.24943982985706403,10.864339926000321,1781,0.06497041680856032,1.836922099298903,798,False
ETF,QQQ,prev_streak,eff_range,main,-0.04443305055376545,-1.9176748048143135,1861,0.013585598801873601,0.3833322880115492,798,True
ETF,QQQ,fc_vol x prev_streak,eff_range,interaction,-0.029937240108361147,-1.2632649238173455,1781,0.024585819018237476,0.6938610536602207,798,True
ETF,QQQ,prev_streak,eff_mfe,main,0.03985528799964793,1.7197718941779299,1861,0.02206750508823822,0.6227525868864572,798,True
ETF,QQQ,fc_vol x prev_streak,eff_mfe,interaction,0.04532622875469215,1.9137453173724717,1781,0.03400479252580298,0.9599484275663969,798,True
ETF,QQQ,prev_streak,cost_opp_usd,main,-0.10901593478646285,-4.728526380989595,1861,-0.11413142077046334,-3.241222890018109,798,False
ETF,QQQ,fc_vol x prev_streak,cost_opp_usd,interaction,-0.05949288559615456,-2.513754975490663,1781,-0.08891013932915974,-2.5184376137877056,798,False
ETF,QQQ,trail_eff_5,eff_range,main,-0.02975399829457874,-1.2817181208116388,1856,-0.08811618999178451,-2.4957717000907813,798,True
ETF,QQQ,fc_vol x trail_eff_5,eff_range,interaction,0.06001507860369365,2.535898625130348,1781,-0.04789036691615504,-1.3527056210935557,798,True
ETF,QQQ,trail_eff_5,eff_mfe,main,-0.057391756713145496,-2.475259900885263,1856,-0.04531495600609328,-1.2798069225852147,798,True
ETF,QQQ,fc_vol x trail_eff_5,eff_mfe,interaction,-0.03797956682526873,-1.6030661020572101,1781,-0.0813234961765125,-2.302043100518458,798,True
ETF,QQQ,trail_eff_5,cost_opp_usd,main,0.1948049959666059,8.551767888420411,1856,-0.016771164330968202,-0.47323933373357335,798,False
ETF,QQQ,fc_vol x trail_eff_5,cost_opp_usd,interaction,0.6505950975002001,36.13382923945252,1781,0.2582227325729565,7.541113596708107,798,False
ETF,QQQ,trail_eff_20,eff_range,main,0.00010410560243298489,0.004464419214428016,1841,-0.07120998067425606,-2.0141941330638784,798,True
ETF,QQQ,fc_vol x trail_eff_20,eff_range,interaction,0.07648897749073957,3.2356459480734303,1781,-0.02943794695114632,-0.830906797771146,798,True
ETF,QQQ,trail_eff_20,eff_mfe,main,-0.08433660987529601,-3.6295853916362066,1841,-0.043687205484417194,-1.2337456553743562,798,True
ETF,QQQ,fc_vol x trail_eff_20,eff_mfe,interaction,-0.03419842162158783,-1.4432718649971614,1781,-0.0835799748123843,-2.36636100093592,798,True
ETF,QQQ,trail_eff_20,cost_opp_usd,main,0.42383378911704545,20.067020814369442,1841,0.051846894439106554,1.4647509260536495,798,False
ETF,QQQ,fc_vol x trail_eff_20,cost_opp_usd,interaction,0.7096715922644612,42.485847034689264,1781,0.32486387934771765,9.691179956921784,798,False
ETF,QQQ,eff_state,eff_range,main,-0.02244483190493237,-0.9627569042143175,1841,-0.048027659880271995,-1.356592534824874,798,True
ETF,QQQ,fc_vol x eff_state,eff_range,interaction,-0.03483286008094794,-1.4700792247296985,1781,-0.04465085276369805,-1.2610132497824877,798,True
ETF,QQQ,eff_state,eff_mfe,main,-0.015352170914474323,-0.6584333903457905,1841,-0.02071828568170487,-0.584660267533426,798,True
ETF,QQQ,fc_vol x eff_state,eff_mfe,interaction,-0.024033169182611166,-1.0139685312013325,1781,-0.023793350611608415,-0.6714831284083376,798,True
ETF,QQQ,eff_state,cost_opp_usd,main,-0.010220639220167284,-0.4383203231986758,1841,-0.03356917803468832,-0.9476371549687778,798,False
ETF,QQQ,fc_vol x eff_state,cost_opp_usd,interaction,-0.011083145394059092,-0.4674957636723681,1781,-0.02992820709146976,-0.8447570397400289,798,False
ETF,QQQ,trail_rv_5,eff_range,main,0.11041726506240636,4.7836079078342575,1856,0.0510164148332178,1.4412269336507508,798,True
ETF,QQQ,fc_vol x trail_rv_5,eff_range,interaction,0.10440184970589167,4.427677806603032,1781,0.023704395354902492,0.6689712669962626,798,True
ETF,QQQ,trail_rv_5,eff_mfe,main,-0.006707523913404684,-0.2888197345151503,1856,-0.048909509754182436,-1.3815605145813785,798,True
ETF,QQQ,fc_vol x trail_rv_5,eff_mfe,interaction,-0.011848737980169754,-0.49979344716607343,1781,-0.0652883671236617,-1.8459499628545344,798,True
ETF,QQQ,trail_rv_5,cost_opp_usd,main,0.6766350503370293,39.56795575782665,1856,0.35653932649133036,10.766803195192566,798,False
ETF,QQQ,fc_vol x trail_rv_5,cost_opp_usd,interaction,0.7197911854190214,43.73365173887225,1781,0.37746017118724806,11.500178209308956,798,False
ETF,QQQ,trail_rv_20,eff_range,main,0.08808012752359354,3.791927455683725,1841,0.011936683384773134,0.3367992771416678,798,True
ETF,QQQ,fc_vol x trail_rv_20,eff_range,interaction,0.09014289594935249,3.8176065802073826,1781,0.004621428997074544,0.130387949815668,798,True
ETF,QQQ,trail_rv_20,eff_mfe,main,-0.020523759455671736,-0.8803173626969137,1841,-0.053175675006340725,-1.5023960463121482,798,True
ETF,QQQ,fc_vol x trail_rv_20,eff_mfe,interaction,-0.021910819150811126,-0.9243806849124454,1781,-0.07539113648268149,-2.1331164824744437,798,True
ETF,QQQ,trail_rv_20,cost_opp_usd,main,0.6462973543861887,36.32034360792626,1841,0.2985321067728965,8.825053252247743,798,False
ETF,QQQ,fc_vol x trail_rv_20,cost_opp_usd,interaction,0.7121558667302743,42.787084039893706,1781,0.35423562905641487,10.687216727355889,798,False
ETF,QQQ,vol_state,eff_range,main,0.05135856770253649,2.2053488358213142,1841,0.06853484592365584,1.9381631116714062,798,True
ETF,QQQ,fc_vol x vol_state,eff_range,interaction,0.04581851602224691,1.934573958563865,1781,0.06230305830231678,1.7612071253182995,798,True
ETF,QQQ,vol_state,eff_mfe,main,0.01805166580188146,0.774245911996976,1841,0.003505776157654644,0.09891072515102618,798,True
ETF,QQQ,fc_vol x vol_state,eff_mfe,interaction,0.025334613025324193,1.0689112998250443,1781,-0.0016753685589446542,-0.04726803019674471,798,True
ETF,QQQ,vol_state,cost_opp_usd,main,0.1734860395984117,7.554249718807038,1841,0.17660570465821246,5.062229846157446,798,False
ETF,QQQ,fc_vol x vol_state,cost_opp_usd,interaction,0.1196529033385384,5.083262551671592,1781,0.15858480474751752,4.531573372059881,798,False
ETF,QQQ,fc_vol,eff_range,main,0.08855632545479215,3.749878455530413,1781,-0.0021510293684031297,-0.060688147169127016,798,True
ETF,QQQ,fc_vol,eff_mfe,main,-0.017833187718585133,-0.7522912731722574,1781,-0.0722866954861466,-2.0448080891556817,798,True
ETF,QQQ,fc_vol,cost_opp_usd,main,0.7004214589026508,41.39174901161579,1781,0.3460154350126644,10.405027606084534,798,False
ETF,QQQ,open1_ret_pct,eff_range,main,0.0245309885562517,1.0579994858719337,1861,0.03223453029824253,0.909920872995989,798,True
ETF,QQQ,fc_vol x open1_ret_pct,eff_range,interaction,0.024167626799607083,1.0196446551598641,1781,0.03196563538607927,0.902322672935877,798,True
ETF,QQQ,open1_ret_pct,eff_mfe,main,0.006967428582168968,0.3004157946285238,1861,0.005584888658151896,0.15757155697766653,798,True
ETF,QQQ,fc_vol x open1_ret_pct,eff_mfe,interaction,0.013701215635205384,0.5779467727090603,1781,0.007136743172942327,0.2013574313354639,798,True
ETF,QQQ,open1_ret_pct,cost_opp_usd,main,0.052757639097888775,2.277877112901545,1861,-0.07284827716642174,-2.0607782417621676,798,False
ETF,QQQ,fc_vol x open1_ret_pct,cost_opp_usd,interaction,0.053612153778533164,2.2645205473478285,1781,-0.06180338480158742,-1.74702778093251,798,False
ETF,QQQ,open1_absret_pct,eff_range,main,0.0703253828481978,3.0396837429552064,1861,0.03804322241896395,1.0741089422294665,798,True
ETF,QQQ,fc_vol x open1_absret_pct,eff_range,interaction,0.09055821608825732,3.8353407418570393,1781,0.027546520950985934,0.777478031777465,798,True
ETF,QQQ,open1_absret_pct,eff_mfe,main,0.07179545901433788,3.103550886836621,1861,0.11005596034561507,3.124038056591895,798,True
ETF,QQQ,fc_vol x open1_absret_pct,eff_mfe,interaction,0.04996242115600771,2.1099597953980416,1781,0.07669742869086582,2.1702935400386396,798,True
ETF,QQQ,open1_absret_pct,cost_opp_usd,main,0.4092385106371318,19.338280288659174,1861,0.17702320831978785,5.074583864428971,798,False
ETF,QQQ,fc_vol x open1_absret_pct,cost_opp_usd,interaction,0.566952867111963,29.029488221132922,1781,0.24834159071615278,7.233175659427467,798,False
ETF,QQQ,open1_range_pct,eff_range,main,0.09245278527004167,4.003351671303262,1861,0.014518058036350368,0.4096479971629741,798,True
ETF,QQQ,fc_vol x open1_range_pct,eff_range,interaction,0.10185416580270416,4.318483666475887,1781,0.005585124536395677,0.1575782122332699,798,True
ETF,QQQ,open1_range_pct,eff_mfe,main,0.0005053697081492499,0.021789584912966467,1861,0.005210213829370262,0.14700021704866653,798,True
ETF,QQQ,fc_vol x open1_range_pct,eff_mfe,interaction,-0.006508370517403679,-0.27451712470005635,1781,-0.035036898429545806,-0.9891198517957711,798,True
ETF,QQQ,open1_range_pct,cost_opp_usd,main,0.667113745603544,38.61082102761966,1861,0.3879794188577868,11.876560773039879,798,False
ETF,QQQ,fc_vol x open1_range_pct,cost_opp_usd,interaction,0.7349016557685728,45.70632059547268,1781,0.4262345717059531,13.293597893480982,798,False
ETF,QQQ,open1_closeloc,eff_range,main,0.01513640534499445,0.6526978779917896,1861,0.022507931941425956,0.6351878223734571,798,True
ETF,QQQ,fc_vol x open1_closeloc,eff_range,interaction,0.0567532566873202,2.397614228268823,1781,0.008174361440781533,0.2306348229544227,798,True
ETF,QQQ,open1_closeloc,eff_mfe,main,-0.005003587758646334,-0.21573800222698702,1861,0.017921128883266867,0.5056984805455664,798,True
ETF,QQQ,fc_vol x open1_closeloc,eff_mfe,interaction,-0.006900881300877403,-0.29107363712313106,1781,-0.02431450038892846,-0.6861993437025711,798,True
ETF,QQQ,open1_closeloc,cost_opp_usd,main,0.020478883520846508,0.8831552562411137,1861,-0.035742356031904704,-1.0090607112617531,798,False
ETF,QQQ,fc_vol x open1_closeloc,cost_opp_usd,interaction,0.3357487651055195,15.033974944743587,1781,0.0810832156182455,2.2951963423040227,798,False
ETF,QQQ,open1_vol_share,eff_range,main,-0.08626763107675933,-3.7334440131674245,1861,-0.12892998305598438,-3.6681781795271653,798,True
ETF,QQQ,fc_vol x open1_vol_share,eff_range,interaction,0.000416253774571037,0.017556833735810903,1781,-0.08573972765435103,-2.4279561821091504,798,True
ETF,QQQ,open1_vol_share,eff_mfe,main,-0.09644702762546581,-4.17789870327937,1861,-0.10444378301066125,-2.9629266052588306,798,True
ETF,QQQ,fc_vol x open1_vol_share,eff_mfe,interaction,-0.08213267760981359,-3.4759517983772903,1781,-0.11532116902057163,-3.27546361693484,798,True
ETF,QQQ,open1_vol_share,cost_opp_usd,main,-0.33416628484390787,-15.286725012628882,1861,-0.1851919900175063,-5.316878471273311,798,False
ETF,QQQ,fc_vol x open1_vol_share,cost_opp_usd,interaction,0.38140593991385857,17.40251008473775,1781,0.1321859677763767,3.7624407610097195,798,False
ETF,QQQ,open5_ret_pct,eff_range,main,0.048961483993397815,2.11356419717017,1861,0.06259325321735519,1.7694426595669324,798,True
ETF,QQQ,fc_vol x open5_ret_pct,eff_range,interaction,0.038243286097767906,1.6142135830705917,1781,0.06457158012737005,1.825598346832684,798,True
ETF,QQQ,open5_ret_pct,eff_mfe,main,0.007755099710304752,0.3343798825783687,1861,-0.004708447438630736,-0.13284312232124837,798,True
ETF,QQQ,fc_vol x open5_ret_pct,eff_mfe,interaction,0.009229387670968519,0.3892954790734993,1781,0.004463686240372004,0.12593734120319333,798,True
ETF,QQQ,open5_ret_pct,cost_opp_usd,main,-0.020030667730181872,-0.8638180303219132,1861,-0.0909963733747416,-2.5780192534160755,798,False
ETF,QQQ,fc_vol x open5_ret_pct,cost_opp_usd,interaction,-0.01700963864101273,-0.7175396381638257,1781,-0.08056260558218621,-2.280363018213225,798,False
ETF,QQQ,open5_absret_pct,eff_range,main,0.10563019344381276,4.579987157928008,1861,0.09403485330899719,2.664857933341553,798,True
ETF,QQQ,fc_vol x open5_absret_pct,eff_range,interaction,0.11604012087891899,4.92765127800384,1781,0.07731696724376193,2.1879295165782535,798,True
ETF,QQQ,open5_absret_pct,eff_mfe,main,0.1451889917155674,6.3270278862110025,1861,0.14008516957659162,3.991648826736436,798,True
ETF,QQQ,fc_vol x open5_absret_pct,eff_mfe,interaction,0.10246782217168746,4.3447771411961025,1781,0.091625262411338,2.5959866375545264,798,True
ETF,QQQ,open5_absret_pct,cost_opp_usd,main,0.40608968251501715,19.159964703800437,1861,0.22736966258921334,6.5874219194783565,798,False
ETF,QQQ,fc_vol x open5_absret_pct,cost_opp_usd,interaction,0.5791153191114871,29.96156846394988,1781,0.3082399378966279,9.141637551226216,798,False
ETF,QQQ,open5_range_pct,eff_range,main,0.08985622884562104,3.8899881360930273,1861,0.030760460273363426,0.8682702618248965,798,True
ETF,QQQ,fc_vol x open5_range_pct,eff_range,interaction,0.10322090787839139,4.377051630959959,1781,0.01890332132437082,0.5334236402557458,798,True
ETF,QQQ,open5_range_pct,eff_mfe,main,0.017483384079958128,0.753930961127766,1861,0.03126370324731991,0.8824890011708134,798,True
ETF,QQQ,fc_vol x open5_range_pct,eff_mfe,interaction,0.0051161935237475165,0.21579462428585355,1781,-0.018826079717742288,-0.5312432225144265,798,True
ETF,QQQ,open5_range_pct,cost_opp_usd,main,0.6776239588100547,39.728279631744954,1861,0.43038862070235295,13.452436865148606,798,False
ETF,QQQ,fc_vol x open5_range_pct,cost_opp_usd,interaction,0.7412842891034217,46.582900616487336,1781,0.4482296628755238,14.146833226312612,798,False
ETF,QQQ,open5_closeloc,eff_range,main,0.053603938991022775,2.3145216327745137,1861,0.054725728724558435,1.546320090314299,798,True
ETF,QQQ,fc_vol x open5_closeloc,eff_range,interaction,0.06935898335289768,2.9324987585838294,1781,0.03636900044052055,1.0267750586526994,798,True
ETF,QQQ,open5_closeloc,eff_mfe,main,0.007315271417533407,0.31541457644432414,1861,0.01132023923606271,0.3194037183597979,798,True
ETF,QQQ,fc_vol x open5_closeloc,eff_mfe,interaction,-0.017378026935886175,-0.7330844839072914,1781,-0.026988418418496724,-0.7617144435850052,798,True
ETF,QQQ,open5_closeloc,cost_opp_usd,main,-0.05510746157636113,-2.379636076849028,1861,-0.08712010437549965,-2.4673419113030386,798,False
ETF,QQQ,fc_vol x open5_closeloc,cost_opp_usd,interaction,0.26461366537313713,11.573468387989367,1781,0.06658397667971173,1.8827432964981134,798,False
ETF,QQQ,open5_vol_share,eff_range,main,-0.09030483390206523,-3.909568085256599,1861,-0.10142770396090085,-2.876461846574126,798,True
ETF,QQQ,fc_vol x open5_vol_share,eff_range,interaction,0.010088538519584411,0.4255379848664577,1781,-0.06972438768052334,-1.971966243934506,798,True
ETF,QQQ,open5_vol_share,eff_mfe,main,-0.11277347700055737,-4.893572473808836,1861,-0.07703532248858218,-2.1799118148232113,798,True
ETF,QQQ,fc_vol x open5_vol_share,eff_mfe,interaction,-0.08231201230025711,-3.483593169953426,1781,-0.1036223157840499,-2.939368751705848,798,True
ETF,QQQ,open5_vol_share,cost_opp_usd,main,-0.2738873168542267,-12.278465608770473,1861,-0.19610502029439444,-5.642361802446599,798,False
ETF,QQQ,fc_vol x open5_vol_share,cost_opp_usd,interaction,0.4407967084633132,20.712861612452194,1781,0.1297467246953786,3.691811842309791,798,False
ETF,QQQ,open15_ret_pct,eff_range,main,0.09582939867649863,4.150895434180975,1861,0.10720156499810574,3.04205879619931,798,True
ETF,QQQ,fc_vol x open15_ret_pct,eff_range,interaction,0.08075845179590725,3.417407872890342,1781,0.10301897050372599,2.9220700264391177,798,True
ETF,QQQ,open15_ret_pct,eff_mfe,main,0.03682902206343094,1.5890026274142233,1861,-0.030847762702589637,-0.8707368764643295,798,True
ETF,QQQ,fc_vol x open15_ret_pct,eff_mfe,interaction,0.034249027584720905,1.4454100886331507,1781,-0.030277196366619793,-0.8546166377298439,798,True
ETF,QQQ,open15_ret_pct,cost_opp_usd,main,0.007471808264697,0.32216439176245343,1861,-0.046684246511929955,-1.3185623134306816,798,False
ETF,QQQ,fc_vol x open15_ret_pct,cost_opp_usd,interaction,0.015466731923315866,0.6524368531780294,1781,-0.03981779689776183,-1.1242899064228007,798,False
ETF,QQQ,open15_absret_pct,eff_range,main,0.11404208720351874,4.949342485817075,1861,0.11360420136306129,3.2260541436681507,798,True
ETF,QQQ,fc_vol x open15_absret_pct,eff_range,interaction,0.13467638079282104,5.7326328044448,1781,0.09248476993256695,2.620547871396115,798,True
ETF,QQQ,open15_absret_pct,eff_mfe,main,0.23446322785172768,10.39901793742596,1861,0.28477594674440276,8.381564352887237,798,True
ETF,QQQ,fc_vol x open15_absret_pct,eff_mfe,interaction,0.1859805613213681,7.983610760094467,1781,0.22664441831060772,6.5652702229044655,798,True
ETF,QQQ,open15_absret_pct,cost_opp_usd,main,0.4170194045849497,19.78249252421256,1861,0.3414382309282894,10.249084741277787,798,False
ETF,QQQ,fc_vol x open15_absret_pct,cost_opp_usd,interaction,0.5876835721921948,30.636153016054514,1781,0.39589598482172256,12.163407054487378,798,False
ETF,QQQ,open15_range_pct,eff_range,main,0.09179667945592869,3.9746989441296243,1861,0.07481499542846783,2.1167230379562842,798,True
ETF,QQQ,fc_vol x open15_range_pct,eff_range,interaction,0.10569215558232362,4.483013999803844,1781,0.047513602340564044,1.3420393986788013,798,True
ETF,QQQ,open15_range_pct,eff_mfe,main,0.0687966513019583,2.973289433564478,1861,0.10690223391172426,3.033466345239217,798,True
ETF,QQQ,fc_vol x open15_range_pct,eff_mfe,interaction,0.036603596238690264,1.5449088612545077,1781,0.0322798223366661,0.911200715695946,798,True
ETF,QQQ,open15_range_pct,cost_opp_usd,main,0.6783875900393355,39.81118093958067,1861,0.5034079339733599,16.437595257457694,798,False
ETF,QQQ,fc_vol x open15_range_pct,cost_opp_usd,interaction,0.7436915208114835,46.92070071397373,1781,0.49800517661597987,16.202577766985208,798,False
ETF,QQQ,open15_closeloc,eff_range,main,0.098612676878645,4.272621454622519,1861,0.11115355699559437,3.155582137635799,798,True
ETF,QQQ,fc_vol x open15_closeloc,eff_range,interaction,0.12259859839157555,5.210292075873618,1781,0.08288579149354262,2.3465703790811796,798,True
ETF,QQQ,open15_closeloc,eff_mfe,main,0.0412066700645797,1.7781821338654338,1861,-0.02690901740879204,-0.7594718228668929,798,True
ETF,QQQ,fc_vol x open15_closeloc,eff_mfe,interaction,0.007671025290400433,0.3235595084219832,1781,-0.06638789348285738,-1.8771742234063291,798,True
ETF,QQQ,open15_closeloc,cost_opp_usd,main,-0.0228560198723799,-0.9857204501833787,1861,-0.014785708961973076,-0.41720179143173103,798,False
ETF,QQQ,fc_vol x open15_closeloc,cost_opp_usd,interaction,0.3210277104601837,14.297118165231732,1781,0.10192791464984766,2.8907962433573755,798,False
ETF,QQQ,open15_vol_share,eff_range,main,-0.08398762039739613,-3.6340603798216935,1861,-0.09265309195668557,-2.6253585212058677,798,True
ETF,QQQ,fc_vol x open15_vol_share,eff_range,interaction,0.021443528465911,0.9046573070972713,1781,-0.058094629872136545,-1.6418241192192078,798,True
ETF,QQQ,open15_vol_share,eff_mfe,main,-0.11731118441188912,-5.093170671134716,1861,-0.06525691300730081,-1.8450568313043878,798,True
ETF,QQQ,fc_vol x open15_vol_share,eff_mfe,interaction,-0.0745979717626866,-3.1551990456913805,1781,-0.08992152138932458,-2.547317878628025,798,True
ETF,QQQ,open15_vol_share,cost_opp_usd,main,-0.21760517800733586,-9.612640339250472,1861,-0.1549204321082593,-4.424257547153426,798,False
ETF,QQQ,fc_vol x open15_vol_share,cost_opp_usd,interaction,0.4861818356442001,23.46637475135788,1781,0.15994620018569405,4.571492245007453,798,False
ETF,QQQ,open30_ret_pct,eff_range,main,0.11413022507515996,4.9532180671495265,1861,0.10665723405282539,3.02643412081764,798,True
ETF,QQQ,fc_vol x open30_ret_pct,eff_range,interaction,0.09168192925296469,3.8833334137175215,1781,0.10571013929674715,2.9992549171245573,798,True
ETF,QQQ,open30_ret_pct,eff_mfe,main,0.048134804846273,2.0777946102286133,1861,-0.055343222559468455,-1.5638211867310865,798,True
ETF,QQQ,fc_vol x open30_ret_pct,eff_mfe,interaction,0.04319896358162726,1.823756738282614,1781,-0.05218350071728729,-1.4742864304097185,798,True
ETF,QQQ,open30_ret_pct,cost_opp_usd,main,0.0027783275722211838,0.11979117366399926,1861,-0.061164028225828004,-1.7288865409154761,798,False
ETF,QQQ,fc_vol x open30_ret_pct,cost_opp_usd,interaction,0.009585000685812263,0.4042965850797971,1781,-0.05086652631318899,-1.4369815434131115,798,False
ETF,QQQ,open30_absret_pct,eff_range,main,0.19776249704873786,8.69854864028439,1861,0.1343294173234888,3.824562280326749,798,True
ETF,QQQ,fc_vol x open30_absret_pct,eff_range,interaction,0.19047908112089268,8.183900474513809,1781,0.11581555320770053,3.2896960919888905,798,True
ETF,QQQ,open30_absret_pct,eff_mfe,main,0.33403963454962105,15.280203456276062,1861,0.4122364801228582,12.765796834009743,798,True
ETF,QQQ,fc_vol x open30_absret_pct,eff_mfe,interaction,0.2577578088534059,11.251967665929405,1781,0.33878349103310335,10.159018577565895,798,True
ETF,QQQ,open30_absret_pct,cost_opp_usd,main,0.4636096867543626,22.56000002535631,1861,0.44034533394052483,13.837465564358684,798,False
ETF,QQQ,fc_vol x open30_absret_pct,cost_opp_usd,interaction,0.6199347176957563,33.32391944190045,1781,0.4890191850931986,15.817213890751507,798,False
ETF,QQQ,open30_range_pct,eff_range,main,0.12253906557656287,5.323529096522281,1861,0.0812759824838831,2.30068917301343,798,True
ETF,QQQ,fc_vol x open30_range_pct,eff_range,interaction,0.12290700702623167,5.22359984637144,1781,0.05090637265695619,1.4381101278638275,798,True
ETF,QQQ,open30_range_pct,eff_mfe,main,0.10662436154909156,4.623586345638279,1861,0.17438463191546472,4.996555076769309,798,True
ETF,QQQ,fc_vol x open30_range_pct,eff_mfe,interaction,0.056498548217705065,2.3868192054822237,1781,0.07818368110617234,2.2126059454085656,798,True
ETF,QQQ,open30_range_pct,cost_opp_usd,main,0.7138242607746683,43.94722419731448,1861,0.5825939719784136,20.223597290946444,798,False
ETF,QQQ,fc_vol x open30_range_pct,cost_opp_usd,interaction,0.7642760405896598,49.98654124008126,1781,0.5524355734308439,18.698363459471647,798,False
ETF,QQQ,open30_closeloc,eff_range,main,0.10980355079414071,4.7631043429630715,1861,0.07641081041153938,2.162135432048293,798,True
ETF,QQQ,fc_vol x open30_closeloc,eff_range,interaction,0.1040040702447853,4.410623167126146,1781,0.059605042798555864,1.6846604644656924,798,True
ETF,QQQ,open30_closeloc,eff_mfe,main,0.04200696123725139,1.8127773829838638,1861,-0.07724289405556614,-2.185820792446853,798,True
ETF,QQQ,fc_vol x open30_closeloc,eff_mfe,interaction,0.0026475804839024824,0.11167055312780812,1781,-0.1265032992877543,-3.598002971867016,798,True
ETF,QQQ,open30_closeloc,cost_opp_usd,main,-0.02594181397844274,-1.1188869798842913,1861,-0.061475413465328366,-1.7377215839517932,798,False
ETF,QQQ,fc_vol x open30_closeloc,cost_opp_usd,interaction,0.31592843480217914,14.044613268883044,1781,0.04466340130745031,1.2613683494811598,798,False
ETF,QQQ,open30_vol_share,eff_range,main,-0.08201321673038826,-3.548044384028495,1861,-0.08936301980007061,-2.531368751300071,798,True
ETF,QQQ,fc_vol x open30_vol_share,eff_range,interaction,0.02804291295271068,1.183264760671158,1781,-0.050222056728654624,-1.4187289169217856,798,True
ETF,QQQ,open30_vol_share,eff_mfe,main,-0.10818043557659199,-4.691856097856437,1861,-0.02895612347946239,-0.8172954832848264,798,True
ETF,QQQ,fc_vol x open30_vol_share,eff_mfe,interaction,-0.06563549940130789,-2.7743692563622897,1781,-0.0702605025430311,-1.9872037403118128,798,True
ETF,QQQ,open30_vol_share,cost_opp_usd,main,-0.16851786931754764,-7.371256353243657,1861,-0.11775680315174311,-3.3456054339837658,798,False
ETF,QQQ,fc_vol x open30_vol_share,cost_opp_usd,interaction,0.5220970634010046,25.819522180902794,1781,0.201521391251943,5.8047068269220405,798,False
ETF,SPY,gap_pct,eff_range,main,0.02712475865868537,1.1705740569526628,1863,-0.0017273706795148068,-0.048765799890615615,799,True
ETF,SPY,fc_vol x gap_pct,eff_range,interaction,0.02556863660560659,1.0793978236601558,1783,-0.0059434490481522955,-0.16779359363041546,799,True
ETF,SPY,gap_pct,eff_mfe,main,0.05541695101477796,2.394328350133471,1863,-0.010243302248110889,-0.28919576824682336,799,True
ETF,SPY,fc_vol x gap_pct,eff_mfe,interaction,0.048675392426671,2.056631661147479,1783,-0.013720204767237242,-0.3873741481899631,799,True
ETF,SPY,gap_pct,cost_opp_usd,main,-0.038855848479715405,-1.6774812521781028,1863,-0.042951301528197636,-1.2136863163649005,799,False
ETF,SPY,fc_vol x gap_pct,cost_opp_usd,interaction,-0.029206507540415535,-1.233096024789905,1783,-0.03500548013036539,-0.9888523530019956,799,False
ETF,SPY,abs_gap_pct,eff_range,main,0.08655925668302707,3.748174548743979,1863,0.000763266112716083,0.021547915724662157,799,True
ETF,SPY,fc_vol x abs_gap_pct,eff_range,interaction,0.09054772673382604,3.8370478615250203,1783,-0.0030355613690044884,-0.08569789982829588,799,True
ETF,SPY,abs_gap_pct,eff_mfe,main,0.05831222541786466,2.519836892055793,1863,0.020108641440898863,0.5678056553624039,799,True
ETF,SPY,fc_vol x abs_gap_pct,eff_mfe,interaction,0.03299626850360704,1.3932637487269528,1783,0.004532521855326677,0.12795979294118887,799,True
ETF,SPY,abs_gap_pct,cost_opp_usd,main,0.40271514443742246,18.979975783214325,1863,0.2250683182761304,6.521262225988053,799,False
ETF,SPY,fc_vol x abs_gap_pct,cost_opp_usd,interaction,0.5485884199835465,27.69008214345819,1783,0.2910772665737915,8.589381251198835,799,False
ETF,SPY,prev_ret_pct,eff_range,main,0.006128795385750696,0.2643259191903767,1862,0.0018225083986562146,0.05145166346159788,799,True
ETF,SPY,fc_vol x prev_ret_pct,eff_range,interaction,0.005433037895582063,0.22928788263359443,1783,0.00031157367762334496,0.008796095628828092,799,True
ETF,SPY,prev_ret_pct,eff_mfe,main,0.05260826012153938,2.2720204036925913,1862,0.04205435365635616,1.1882956384714733,799,True
ETF,SPY,fc_vol x prev_ret_pct,eff_mfe,interaction,0.061360644177166634,2.5944242818196463,1783,0.04386526391071546,1.239561663423318,799,True
ETF,SPY,prev_ret_pct,cost_opp_usd,main,-0.06275014600354417,-2.711614423874842,1862,-0.07487869366243076,-2.119865714942774,799,False
ETF,SPY,fc_vol x prev_ret_pct,cost_opp_usd,interaction,-0.03457764561350008,-1.4601153213659595,1783,-0.06749621815903699,-1.9098538173002793,799,False
ETF,SPY,prev_range_pct,eff_range,main,0.04933240335062841,2.130187628656515,1862,-0.014551977565942389,-0.41086312515083084,799,True
ETF,SPY,fc_vol x prev_range_pct,eff_range,interaction,0.06391046689446814,2.702668093783974,1783,-0.013876485644649796,-0.3917874034293865,799,True
ETF,SPY,prev_range_pct,eff_mfe,main,-0.0508486080452981,-2.195824972088688,1862,-0.048286862337320144,-1.3647875214001712,799,True
ETF,SPY,fc_vol x prev_range_pct,eff_mfe,interaction,-0.04292067778280295,-1.8130046812512068,1783,-0.044244638504898036,-1.2503031152315252,799,True
ETF,SPY,prev_range_pct,cost_opp_usd,main,0.6256015502103315,34.58439756723992,1862,0.3574880099324697,10.806424448041293,799,False
ETF,SPY,fc_vol x prev_range_pct,cost_opp_usd,interaction,0.6775924471490934,38.88254483744494,1783,0.38231789310550124,11.680658035073739,799,False
ETF,SPY,prev_rv_pct,eff_range,main,0.08719283018873696,3.7748042521363354,1862,0.010936414879501633,0.30876645476328807,799,True
ETF,SPY,fc_vol x prev_rv_pct,eff_range,interaction,0.08567533715530201,3.6290050998802377,1783,0.0016800370764207138,0.04742951020428257,799,True
ETF,SPY,prev_rv_pct,eff_mfe,main,-0.029348772718218827,-1.2662910507371858,1862,-0.05990418003707641,-1.694208769443892,799,True
ETF,SPY,fc_vol x prev_rv_pct,eff_mfe,interaction,-0.030968431015718344,-1.3075536464294868,1783,-0.0532462100181618,-1.50533924066558,799,True
ETF,SPY,prev_rv_pct,cost_opp_usd,main,0.6940104048214429,41.57297340056037,1862,0.4038158109241848,12.461410080738485,799,False
ETF,SPY,fc_vol x prev_rv_pct,cost_opp_usd,interaction,0.720776551199193,43.882809650159665,1783,0.42074571248370346,13.093509095009129,799,False
ETF,SPY,prev_eff_range,eff_range,main,-0.07799588731331425,-3.374063052280295,1862,-0.043793581262292144,-1.237532131725671,799,True
ETF,SPY,fc_vol x prev_eff_range,eff_range,interaction,-0.015838384082676463,-0.6684936855409166,1783,-0.040896091919410536,-1.1555119725733005,799,True
ETF,SPY,prev_eff_range,eff_mfe,main,-0.057106174682348326,-2.466884640325894,1862,-0.010553040925216672,-0.2979414776749425,799,True
ETF,SPY,fc_vol x prev_eff_range,eff_mfe,interaction,-0.05316739716670649,-2.2469429948456012,1783,-0.02217614593429757,-0.62621295334791,799,True
ETF,SPY,prev_eff_range,cost_opp_usd,main,0.07802909536828928,3.375508414391632,1862,4.681609997212786e-05,0.0013216741411781533,799,False
ETF,SPY,fc_vol x prev_eff_range,cost_opp_usd,interaction,0.4415020775027332,20.765686536535387,1783,0.1771566509876196,5.081722088221845,799,False
ETF,SPY,prev_eff_vol,eff_range,main,-0.07691401996841916,-3.326981530141332,1862,-0.04748456717513433,-1.3420596445326936,799,True
ETF,SPY,fc_vol x prev_eff_vol,eff_range,interaction,-0.029522641858353738,-1.2464547671719453,1783,-0.042523102186003185,-1.2015645448906496,799,True
ETF,SPY,prev_eff_vol,eff_mfe,main,-0.06141310962372631,-2.653616107505654,1862,-0.011106293581262291,-0.31356320638711815,799,True
ETF,SPY,fc_vol x prev_eff_vol,eff_mfe,interaction,-0.060202890222168064,-2.545292844946406,1783,-0.017057176734075488,-0.481614437713816,799,True
ETF,SPY,prev_eff_vol,cost_opp_usd,main,0.09143495961164835,3.9599692012671253,1862,0.010837244898874639,0.305966270535588,799,False
ETF,SPY,fc_vol x prev_eff_vol,cost_opp_usd,interaction,0.38065174412823716,17.372017228033773,1783,0.14739762062948247,4.207163509862034,799,False
ETF,SPY,prev_closeloc,eff_range,main,0.00013791955292996952,0.005948155546263975,1862,-0.010429460943412842,-0.29445209183609855,799,True
ETF,SPY,fc_vol x prev_closeloc,eff_range,interaction,0.04624880543907061,1.9538780072591113,1783,-0.006927432787224632,-0.1955743531283216,799,True
ETF,SPY,prev_closeloc,eff_mfe,main,0.03630338190856364,1.5667147471030844,1862,0.017261073928432017,0.4873732410650958,799,True
ETF,SPY,fc_vol x prev_closeloc,eff_mfe,interaction,0.024961262020322287,1.0537409016002932,1783,0.002243311658369955,0.06333151348434635,799,True
ETF,SPY,prev_closeloc,cost_opp_usd,main,-0.11393445096707702,-4.945939419124461,1862,-0.09100196066544547,-2.5797978195853504,799,False
ETF,SPY,fc_vol x prev_closeloc,cost_opp_usd,interaction,0.27096758484837274,11.879786715565757,1783,0.10113682076978783,2.869928125188074,799,False
ETF,SPY,prev_streak,eff_range,main,-0.035348399413373525,-1.525859118316674,1863,0.0034765857052707176,0.09814873927449644,799,True
ETF,SPY,fc_vol x prev_streak,eff_range,interaction,-0.016909680441885355,-0.7137226174455759,1783,-0.004861857396934137,-0.13725763451203732,799,True
ETF,SPY,prev_streak,eff_mfe,main,0.027611559073064014,1.1915979075628167,1863,0.046934038917116526,1.3264654734860277,799,True
ETF,SPY,fc_vol x prev_streak,eff_mfe,interaction,0.04522159625810321,1.9103914563457733,1783,0.052639859975345114,1.4881490328991982,799,True
ETF,SPY,prev_streak,cost_opp_usd,main,-0.12919135129184292,-5.620325766249861,1863,-0.09958370952971181,-2.8254110554201346,799,False
ETF,SPY,fc_vol x prev_streak,cost_opp_usd,interaction,-0.06552200342268236,-2.7711075184728386,1783,-0.07616714801583453,-2.156553759411602,799,False
ETF,SPY,trail_eff_5,eff_range,main,-0.03996032988363625,-1.7229198502547476,1858,-0.06800801283559335,-1.9244024496419256,799,True
ETF,SPY,fc_vol x trail_eff_5,eff_range,interaction,0.05034674552163663,2.1274261080455164,1783,-0.04400107747466287,-1.243406969245942,799,True
ETF,SPY,trail_eff_5,eff_mfe,main,-0.050401052014299515,-2.1741069333160046,1858,-0.014890582212728317,-0.42042544516804276,799,True
ETF,SPY,fc_vol x trail_eff_5,eff_mfe,interaction,-0.04218482394759875,-1.7818657139245817,1783,-0.039539579549625,-1.1171229050411333,799,True
ETF,SPY,trail_eff_5,cost_opp_usd,main,0.17995985121191097,7.881582724947623,1858,-0.015007030237296664,-0.42371401356439753,799,False
ETF,SPY,fc_vol x trail_eff_5,cost_opp_usd,interaction,0.6594690591254659,37.022310177653345,1783,0.30307611536825596,8.978490060587976,799,False
ETF,SPY,trail_eff_20,eff_range,main,0.021436915564845064,0.9200024898287344,1843,-0.07032474804031355,-1.990278844904686,799,True
ETF,SPY,fc_vol x trail_eff_20,eff_range,interaction,0.07235456527880055,3.061524152512702,1783,-0.02772158807531971,-0.782914263767526,799,True
ETF,SPY,trail_eff_20,eff_mfe,main,-0.03894706400811058,-1.6723657075114682,1843,-0.011418502451372487,-0.32237891117933265,799,True
ETF,SPY,fc_vol x trail_eff_20,eff_mfe,interaction,-0.034150001863252996,-1.4420359292829883,1783,-0.03551495290165338,-1.003262240271245,799,True
ETF,SPY,trail_eff_20,cost_opp_usd,main,0.33538726932122376,15.275151420015566,1843,0.04576000874406315,1.293214120036251,799,False
ETF,SPY,fc_vol x trail_eff_20,cost_opp_usd,interaction,0.7118513847563264,42.77401292002302,1783,0.3671349378452943,11.142781763512899,799,False
ETF,SPY,eff_state,eff_range,main,-0.05146283609100494,-2.2110393473423953,1843,-0.050950106806440375,-1.4402526659813688,799,True
ETF,SPY,fc_vol x eff_state,eff_range,interaction,-0.06243637244766118,-2.6400842232716,1783,-0.037570153481325336,-1.0613994380617011,799,True
ETF,SPY,eff_state,eff_mfe,main,-0.029772879935213832,-1.278027827833881,1843,-0.017119613802967993,-0.48337788273899424,799,True
ETF,SPY,fc_vol x eff_state,eff_mfe,interaction,-0.02695905834377532,-1.138137037134512,1783,-0.005884258518637018,-0.16612248697152046,799,True
ETF,SPY,eff_state,cost_opp_usd,main,0.013236264756659493,0.567976525926203,1843,-0.021798693616745687,-0.6155492936277676,799,False
ETF,SPY,fc_vol x eff_state,cost_opp_usd,interaction,0.014048069729041187,0.5929136815085695,1783,-0.014784053857630422,-0.41741702971689154,799,False
ETF,SPY,trail_rv_5,eff_range,main,0.08646964134561051,3.7392314991386786,1858,0.042665079469637796,1.2055836649576093,799,True
ETF,SPY,fc_vol x trail_rv_5,eff_range,interaction,0.08346244946321887,3.5346060995212882,1783,0.01654034178060922,0.4670173938130482,799,True
ETF,SPY,trail_rv_5,eff_mfe,main,-0.024942823083081066,-1.074904129288789,1858,-0.010997299255648508,-0.3104856031980333,799,True
ETF,SPY,fc_vol x trail_rv_5,eff_mfe,interaction,-0.029140854512310622,-1.2303218015708346,1783,-0.02891295039852447,-0.8165883391059257,799,True
ETF,SPY,trail_rv_5,cost_opp_usd,main,0.6798767770978469,39.9412718014286,1858,0.39354274708133097,12.085394421874868,799,False
ETF,SPY,fc_vol x trail_rv_5,cost_opp_usd,interaction,0.7190178214318772,43.66083500966305,1783,0.4295376701929164,13.42824109837209,799,False
ETF,SPY,trail_rv_20,eff_range,main,0.07510028026288652,3.2314440475886026,1843,0.026261280548053482,0.7416429424224763,799,True
ETF,SPY,fc_vol x trail_rv_20,eff_range,interaction,0.07575089802221012,3.2060431867325048,1783,0.0029935210366341383,0.08451103510501379,799,True
ETF,SPY,trail_rv_20,eff_mfe,main,-0.04051601835140674,-1.7398443769298122,1843,-0.010678644358079177,-0.3014880113661194,799,True
ETF,SPY,fc_vol x trail_rv_20,eff_mfe,interaction,-0.03648191994133648,-1.5406317582505655,1783,-0.033436438405149295,-0.9444785019067254,799,True
ETF,SPY,trail_rv_20,cost_opp_usd,main,0.6309205446854832,34.89194880163444,1843,0.30081518004774277,8.904819390912055,799,False
ETF,SPY,fc_vol x trail_rv_20,cost_opp_usd,interaction,0.7062569193963966,42.100634398129024,1783,0.40360282119498997,12.453557995270474,799,False
ETF,SPY,vol_state,eff_range,main,0.035541882087606926,1.5259552414605209,1843,0.054541367498847235,1.5420629654267175,799,True
ETF,SPY,fc_vol x vol_state,eff_range,interaction,0.03691616956332799,1.55899500141534,1783,0.05588811672485343,1.5802578373879776,799,True
ETF,SPY,vol_state,eff_mfe,main,0.022488103735042397,0.9651383495574495,1843,0.013003731167719046,0.36714182745736473,799,True
ETF,SPY,fc_vol x vol_state,eff_mfe,interaction,0.036070272609619446,1.523225111881859,1783,0.009697836581441086,0.2737943270766526,799,True
ETF,SPY,vol_state,cost_opp_usd,main,0.19116581409241423,8.35643934258574,1843,0.2154693709843577,6.229278430842018,799,False
ETF,SPY,fc_vol x vol_state,cost_opp_usd,interaction,0.1330122486760975,5.663694402185615,1783,0.19574730076087318,5.6351953333232725,799,False
ETF,SPY,fc_vol,eff_range,main,0.0761236639007565,3.221911673419357,1783,-0.011250035288471492,-0.31762196631624284,799,True
ETF,SPY,fc_vol,eff_mfe,main,-0.03012754064141635,-1.2720167435566847,1783,-0.04061133748012083,-1.1474529471657688,799,True
ETF,SPY,fc_vol,cost_opp_usd,main,0.7056506451109643,42.028618719488925,1783,0.4012720146096942,12.367787926050447,799,False
ETF,SPY,open1_ret_pct,eff_range,main,0.03407144964203323,1.4706726748164485,1863,0.04866595576862893,1.3755276156596519,799,True
ETF,SPY,fc_vol x open1_ret_pct,eff_range,interaction,0.03185081790433363,1.3448472246755736,1783,0.052158455874317895,1.4745022568594996,799,True
ETF,SPY,open1_ret_pct,eff_mfe,main,0.03590927130349685,1.5501008897872577,1863,0.021000075776112903,0.5929878654033726,799,True
ETF,SPY,fc_vol x open1_ret_pct,eff_mfe,interaction,0.037660618184602895,1.590477785486255,1783,0.022292222004296303,0.6294923502556266,799,True
ETF,SPY,open1_ret_pct,cost_opp_usd,main,0.06945133904252533,3.003334821788105,1863,-0.036477270953519984,-1.0304825133296827,799,False
ETF,SPY,fc_vol x open1_ret_pct,cost_opp_usd,interaction,0.07189442701391278,3.0419529311314433,1783,-0.02439902271038129,-0.6890185287091305,799,False
ETF,SPY,open1_absret_pct,eff_range,main,0.030173040346708188,1.3022370389634716,1863,0.0586149523985563,1.65761976845552,799,True
ETF,SPY,fc_vol x open1_absret_pct,eff_range,interaction,0.05316066941021079,2.246657862770188,1783,0.05649086867256225,1.5973551490044993,799,True
ETF,SPY,open1_absret_pct,eff_mfe,main,0.03442413403422897,1.4859140434011973,1863,0.029277151638729612,0.8268832426413558,799,True
ETF,SPY,fc_vol x open1_absret_pct,eff_mfe,interaction,0.016323788881427086,0.6889866375738763,1783,0.007222468104455479,0.20390417626750376,799,True
ETF,SPY,open1_absret_pct,cost_opp_usd,main,0.38427218541499875,17.95589281302264,1863,0.218212928967556,6.312534943665365,799,False
ETF,SPY,fc_vol x open1_absret_pct,cost_opp_usd,interaction,0.5630463078867772,28.752290359781217,1783,0.31759244271467413,9.4555513792223,799,False
ETF,SPY,open1_range_pct,eff_range,main,0.0629366367859456,2.720436233035227,1863,0.0055124121641267525,0.15562431096431634,799,True
ETF,SPY,fc_vol x open1_range_pct,eff_range,interaction,0.07692719068202779,3.256122100904001,1783,0.0009278750694006606,0.026195027197287796,799,True
ETF,SPY,open1_range_pct,eff_mfe,main,-0.01540762429055338,-0.6647531778055169,1863,-0.020950871513210075,-0.5915978533399965,799,True
ETF,SPY,fc_vol x open1_range_pct,eff_mfe,interaction,-0.02125253738846441,-0.8970999856708122,1783,-0.035086409703859144,-0.9911413067495495,799,True
ETF,SPY,open1_range_pct,cost_opp_usd,main,0.6506395266572575,36.961588353717715,1863,0.41611039170601605,12.918848181845622,799,False
ETF,SPY,fc_vol x open1_range_pct,cost_opp_usd,interaction,0.7310423986806978,45.21460710621397,1783,0.4621284394060511,14.71159644665222,799,False
ETF,SPY,open1_closeloc,eff_range,main,0.02516707769977917,1.086034338731009,1863,-0.0061964453744258125,-0.17493637539805407,799,True
ETF,SPY,fc_vol x open1_closeloc,eff_range,interaction,0.057843506863434424,2.4451997323412624,1783,-0.015333752345899081,-0.4329409521577462,799,True
ETF,SPY,open1_closeloc,eff_mfe,main,0.039089053016831715,1.6875644985974363,1863,0.009522656034316344,0.2688480868102337,799,True
ETF,SPY,fc_vol x open1_closeloc,eff_mfe,interaction,0.01941052593654858,0.8193153515574048,1783,-0.02075040606119133,-0.5859347827412746,799,True
ETF,SPY,open1_closeloc,cost_opp_usd,main,0.030223051008550716,1.304397418842655,1863,-0.024551438342059764,-0.6933252724068508,799,False
ETF,SPY,fc_vol x open1_closeloc,cost_opp_usd,interaction,0.3575246170604292,16.156073008580652,1783,0.12173380149648438,3.4624408057130474,799,False
ETF,SPY,open1_vol_share,eff_range,main,-0.09232968596859993,-4.000125442425248,1863,-0.14473823011847517,-4.129617191543639,799,True
ETF,SPY,fc_vol x open1_vol_share,eff_range,interaction,0.00542242626281695,0.2288400318239462,1783,-0.10581822202565236,-3.004241507240135,799,True
ETF,SPY,open1_vol_share,eff_mfe,main,-0.07056642288948928,-3.051794609290253,1863,-0.0889759756086085,-2.5218999621117706,799,True
ETF,SPY,fc_vol x open1_vol_share,eff_mfe,interaction,-0.07171852019701178,-3.034471541645375,1783,-0.09133569217160548,-2.5893381546430376,799,True
ETF,SPY,open1_vol_share,cost_opp_usd,main,-0.3644490622795927,-16.883254930168487,1863,-0.1895048561059967,-5.448678534502682,799,False
ETF,SPY,fc_vol x open1_vol_share,cost_opp_usd,interaction,0.4194284054958275,19.49867773078792,1783,0.16314832108598465,4.668420577571844,799,False
ETF,SPY,open5_ret_pct,eff_range,main,0.06054778450814751,2.616790624693331,1863,0.07302712785382062,2.0671620229088936,799,True
ETF,SPY,fc_vol x open5_ret_pct,eff_range,interaction,0.049596599725299784,2.095649578470663,1783,0.07894787468680231,2.2357707358284706,799,True
ETF,SPY,open5_ret_pct,eff_mfe,main,0.04460738157375429,1.9262490244722261,1863,0.03405759804347539,0.9620445769887974,799,True
ETF,SPY,fc_vol x open5_ret_pct,eff_mfe,interaction,0.04746271526576205,2.0052764848961457,1783,0.04014078947451225,1.134136266851675,799,True
ETF,SPY,open5_ret_pct,cost_opp_usd,main,-0.004678100496793254,-0.20181223219906877,1863,-0.07409507139570354,-2.0975577261017997,799,False
ETF,SPY,fc_vol x open5_ret_pct,cost_opp_usd,interaction,-0.003448359172904419,-0.14552815937694014,1783,-0.055460404968606644,-1.5681266665633495,799,False
ETF,SPY,open5_absret_pct,eff_range,main,0.06574597740632124,2.842385856308488,1863,0.02443652559376691,0.6900782272678948,799,True
ETF,SPY,fc_vol x open5_absret_pct,eff_range,interaction,0.06614945975642987,2.797760463182362,1783,0.012777873262500785,0.3607640006709416,799,True
ETF,SPY,open5_absret_pct,eff_mfe,main,0.11648862108466101,5.059684846846694,1863,0.03564150933286857,1.0068418732891944,799,True
ETF,SPY,fc_vol x open5_absret_pct,eff_mfe,interaction,0.06805257611901074,2.878621121891478,1783,0.012090736141574621,0.3413608022138297,799,True
ETF,SPY,open5_absret_pct,cost_opp_usd,main,0.3895043500006811,18.243756058867785,1863,0.21689644579184136,6.272565243345825,799,False
ETF,SPY,fc_vol x open5_absret_pct,cost_opp_usd,interaction,0.5653439722119145,28.924574556002955,1783,0.31160807499415083,9.25801626815537,799,False
ETF,SPY,open5_range_pct,eff_range,main,0.06448649030381892,2.7877050303873165,1863,-0.002458336077992227,-0.06940195874743708,799,True
ETF,SPY,fc_vol x open5_range_pct,eff_range,interaction,0.07567639544355784,3.2028718056153487,1783,-0.0031029152982581607,-0.08759940816632084,799,True
ETF,SPY,open5_range_pct,eff_mfe,main,-0.0017686416850964544,-0.07629809988707793,1863,-0.01144452181768564,-0.32311361282345896,799,True
ETF,SPY,fc_vol x open5_range_pct,eff_mfe,interaction,-0.017571482496012324,-0.7416643773231456,1783,-0.029970945825138567,-0.8464956899297346,799,True
ETF,SPY,open5_range_pct,cost_opp_usd,main,0.6623343168029977,38.137111428635514,1863,0.4423169480790519,13.923187268367016,799,False
ETF,SPY,fc_vol x open5_range_pct,cost_opp_usd,interaction,0.7332137734455741,45.504548156214284,1783,0.4766726019212615,15.308072359282228,799,False
ETF,SPY,open5_closeloc,eff_range,main,0.05675443843331623,2.452299965102722,1863,0.05953470492580681,1.6837219976052225,799,True
ETF,SPY,fc_vol x open5_closeloc,eff_range,interaction,0.08040932898436881,3.404449970806046,1783,0.05647866528993181,1.5970089776274765,799,True
ETF,SPY,open5_closeloc,eff_mfe,main,0.025929590233471852,1.1189608373916238,1863,0.046527154857772084,1.3149409232323783,799,True
ETF,SPY,fc_vol x open5_closeloc,eff_mfe,interaction,0.005116067775738471,0.21591058428145565,1783,0.019965507250077015,0.5637623723127215,799,True
ETF,SPY,open5_closeloc,cost_opp_usd,main,-0.009339596352729275,-0.4029213084579427,1863,-0.07005756971508664,-1.982679995414101,799,False
ETF,SPY,fc_vol x open5_closeloc,cost_opp_usd,interaction,0.3158695888236301,14.049598119187383,1783,0.11721765907593128,3.3321649380690395,799,False
ETF,SPY,open5_vol_share,eff_range,main,-0.07914893359137136,-3.425175774725509,1863,-0.15278426040068882,-4.364522634012567,799,True
ETF,SPY,fc_vol x open5_vol_share,eff_range,interaction,0.01450963017781695,0.6123983666077489,1783,-0.09966560644414539,-2.8277579555370105,799,True
ETF,SPY,open5_vol_share,eff_mfe,main,-0.08016382459566218,-3.469377508582538,1863,-0.0894119764367113,-2.534357143781755,799,True
ETF,SPY,fc_vol x open5_vol_share,eff_mfe,interaction,-0.07069756461357478,-2.9910554764809683,1783,-0.08659054551271797,-2.453770405085126,799,True
ETF,SPY,open5_vol_share,cost_opp_usd,main,-0.2921821152412073,-13.17965938516637,1863,-0.17043178877192477,-4.882931790689327,799,False
ETF,SPY,fc_vol x open5_vol_share,cost_opp_usd,interaction,0.4662603837117584,22.242838399707107,1783,0.1878910298577866,5.400571899817886,799,False
ETF,SPY,open15_ret_pct,eff_range,main,0.0722045462426068,3.123005775679742,1863,0.12100078389812419,3.441281046670011,799,True
ETF,SPY,fc_vol x open15_ret_pct,eff_range,interaction,0.0730546740766004,3.091305898261582,1783,0.12214137790050954,3.474208654443661,799,True
ETF,SPY,open15_ret_pct,eff_mfe,main,0.04189721216555805,1.8090052309933633,1863,0.015030560169915408,0.4243785163452652,799,True
ETF,SPY,fc_vol x open15_ret_pct,eff_mfe,interaction,0.048934110207731245,2.067589168319369,1783,0.01653020261535102,0.46673103569417096,799,True
ETF,SPY,open15_ret_pct,cost_opp_usd,main,-0.0077758572025597005,-0.3354552499426108,1863,-0.021723564873906632,-0.6134268124683238,799,False
ETF,SPY,fc_vol x open15_ret_pct,cost_opp_usd,interaction,-0.0005517061523338251,-0.023283049036880655,1783,-0.016401374054932555,-0.4630925727209121,799,False
ETF,SPY,open15_absret_pct,eff_range,main,0.06128698269754855,2.6488574570292602,1863,0.09863170360111098,2.798133893697945,799,True
ETF,SPY,fc_vol x open15_absret_pct,eff_range,interaction,0.06953930895403414,2.9418121661272685,1783,0.08427710588134384,2.387737575766273,799,True
ETF,SPY,open15_absret_pct,eff_mfe,main,0.1476070119125925,6.438187854139902,1863,0.15421187090564034,4.406293337018359,799,True
ETF,SPY,fc_vol x open15_absret_pct,eff_mfe,interaction,0.10458947212063788,4.438215469153098,1783,0.11939995763971785,3.3950903745623187,799,True
ETF,SPY,open15_absret_pct,cost_opp_usd,main,0.39305151519130976,18.440095125375855,1863,0.2770050121578868,8.138658837978786,799,False
ETF,SPY,fc_vol x open15_absret_pct,cost_opp_usd,interaction,0.5678166067748611,29.111084317236497,1783,0.3600161466147737,10.894181316075645,799,False
ETF,SPY,open15_range_pct,eff_range,main,0.05482904170456565,2.368850311507907,1863,0.034161310660882495,0.9649776246508106,799,True
ETF,SPY,fc_vol x open15_range_pct,eff_range,interaction,0.06986894251325768,2.9558253311675533,1783,0.018538257408226445,0.5234469914541817,799,True
ETF,SPY,open15_range_pct,eff_mfe,main,0.006178102140960015,0.26652414517453604,1863,0.007995732447514281,0.22573624530805272,799,True
ETF,SPY,fc_vol x open15_range_pct,eff_mfe,interaction,-0.010988205469994591,-0.46375109873905823,1783,-0.01710446328587426,-0.482949977699976,799,True
ETF,SPY,open15_range_pct,cost_opp_usd,main,0.6737007845578019,39.32722610026284,1863,0.4830147131125862,15.57319419076189,799,False
ETF,SPY,fc_vol x open15_range_pct,cost_opp_usd,interaction,0.7374003853137895,46.07213317994147,1783,0.4996519669959224,16.28416232907552,799,False
ETF,SPY,open15_closeloc,eff_range,main,0.05922767582057573,2.55953428323834,1863,0.10207929253278777,2.896952654043474,799,True
ETF,SPY,fc_vol x open15_closeloc,eff_range,interaction,0.09382291060898669,3.9770478354754983,1783,0.08165879533765882,2.313049628150671,799,True
ETF,SPY,open15_closeloc,eff_mfe,main,0.0179091611994475,0.7727127719919215,1863,0.01847115506100558,0.5215516390064877,799,True
ETF,SPY,fc_vol x open15_closeloc,eff_mfe,interaction,-0.0018289033659690574,-0.07718331816627436,1783,-0.016849398610325847,-0.47574608453135503,799,True
ETF,SPY,open15_closeloc,cost_opp_usd,main,-0.041884607081381656,-1.8084600218601286,1863,0.0004084882174200853,0.011532108798329143,799,False
ETF,SPY,fc_vol x open15_closeloc,cost_opp_usd,interaction,0.3398438457795338,15.249687299451393,1783,0.15638332774199615,4.469882668225242,799,False
ETF,SPY,open15_vol_share,eff_range,main,-0.08266460985686418,-3.5783413108263487,1863,-0.16101075592611064,-4.605616066798059,799,True
ETF,SPY,fc_vol x open15_vol_share,eff_range,interaction,0.01631208047124037,0.6884923230461969,1783,-0.09428806685048038,-2.67377596987754,799,True
ETF,SPY,open15_vol_share,eff_mfe,main,-0.09584132471978385,-4.153649349962611,1863,-0.1025766465600798,-2.9112170055700357,799,True
ETF,SPY,fc_vol x open15_vol_share,eff_mfe,interaction,-0.06997301678738099,-2.9602498701249833,1783,-0.08796938372213386,-2.4931457276456133,799,True
ETF,SPY,open15_vol_share,cost_opp_usd,main,-0.24158283397146174,-10.739828128353771,1863,-0.14417370871592444,-4.113167891938179,799,False
ETF,SPY,fc_vol x open15_vol_share,cost_opp_usd,interaction,0.4921723625737865,23.860608782509523,1783,0.20850546435066453,6.018639514968367,799,False
ETF,SPY,open30_ret_pct,eff_range,main,0.09183765330635936,3.978626627423299,1863,0.10071665063423177,2.857882645519084,799,True
ETF,SPY,fc_vol x open30_ret_pct,eff_range,interaction,0.08625252301021984,3.6536359587409897,1783,0.10173371143989735,2.887042516218418,799,True
ETF,SPY,open30_ret_pct,eff_mfe,main,0.04375460285581553,1.8893527589581713,1863,-0.0023746553632280915,-0.06703953202627357,799,True
ETF,SPY,fc_vol x open30_ret_pct,eff_mfe,interaction,0.059982539143973904,2.5359430121668325,1783,0.0008939981420266766,0.025238640086705653,799,True
ETF,SPY,open30_ret_pct,cost_opp_usd,main,-0.02086491880874328,-0.9002941748892552,1863,-0.04353847330948108,-1.2303094834586141,799,False
ETF,SPY,fc_vol x open30_ret_pct,cost_opp_usd,interaction,-0.016280210886102632,-0.6871468302014532,1783,-0.0363446501786903,-1.02673101333908,799,False
ETF,SPY,open30_absret_pct,eff_range,main,0.12804120538726807,5.569452154150104,1863,0.09269336960611814,2.62815899140684,799,True
ETF,SPY,fc_vol x open30_absret_pct,eff_range,interaction,0.1256042689186024,5.343052969586774,1783,0.07205895334428229,2.0396121171893373,799,True
ETF,SPY,open30_absret_pct,eff_mfe,main,0.2310276006271078,10.243486115905608,1863,0.24672325514225524,7.18748475745672,799,True
ETF,SPY,fc_vol x open30_absret_pct,eff_mfe,interaction,0.16881360344600416,7.227990246281607,1783,0.1929953101209413,5.5528829468547185,799,True
ETF,SPY,open30_absret_pct,cost_opp_usd,main,0.49281711084741026,24.432807092238484,1863,0.39635694399281673,12.187855676385391,799,False
ETF,SPY,fc_vol x open30_absret_pct,cost_opp_usd,interaction,0.6440623053277454,35.53151408626098,1783,0.45361456376457926,14.369510038308325,799,False
ETF,SPY,open30_range_pct,eff_range,main,0.0800579427093685,3.4647655104505066,1863,0.0397820348744201,1.1239838889656122,799,True
ETF,SPY,fc_vol x open30_range_pct,eff_range,interaction,0.08590306942796325,3.638722917534543,1783,0.019591806487432598,0.5532061617790291,799,True
ETF,SPY,open30_range_pct,eff_mfe,main,0.046512112629082704,2.0086743451490254,1863,0.0696714172791177,1.971698146831836,799,True
ETF,SPY,fc_vol x open30_range_pct,eff_mfe,interaction,0.012897497288783468,0.544344111731677,1783,0.02487369079770766,0.7024311826653826,799,True
ETF,SPY,open30_range_pct,cost_opp_usd,main,0.7199891519872424,44.75575185218292,1863,0.5578972767491102,18.97808546524302,799,False
ETF,SPY,fc_vol x open30_range_pct,cost_opp_usd,interaction,0.761911436563182,49.64495800698122,1783,0.5485900008178674,18.523507917712735,799,False
ETF,SPY,open30_closeloc,eff_range,main,0.07239287729858342,3.1311943673299307,1863,0.07505164873587825,2.1247898930300897,799,True
ETF,SPY,fc_vol x open30_closeloc,eff_range,interaction,0.08166090966629376,3.4577936323863847,1783,0.05144958013452895,1.4544090202811695,799,True
ETF,SPY,open30_closeloc,eff_mfe,main,0.0164819933479302,0.7111184039909053,1863,-0.026861289034455237,-0.7585998373411037,799,True
ETF,SPY,fc_vol x open30_closeloc,eff_mfe,interaction,-0.01493943600869977,-0.6305428884717279,1783,-0.07094134391992189,-2.0078171651146577,799,True
ETF,SPY,open30_closeloc,cost_opp_usd,main,-0.04661110443631266,-2.0129587084251472,1863,-0.07278440268869178,-2.0602546042374406,799,False
ETF,SPY,fc_vol x open30_closeloc,cost_opp_usd,interaction,0.32452175883981305,14.479066085119442,1783,0.07187246527361552,2.034306170972314,799,False
ETF,SPY,open30_vol_share,eff_range,main,-0.09291901847464866,-4.0258795561955045,1863,-0.1593288132722294,-4.556245177030193,799,True
ETF,SPY,fc_vol x open30_vol_share,eff_range,interaction,0.015441222556110638,0.6517265643256608,1783,-0.08807536676484702,-2.4961728678092485,799,True
ETF,SPY,open30_vol_share,eff_mfe,main,-0.08562233948544079,-3.707303039910653,1863,-0.0824911073051841,-2.336786227074851,799,True
ETF,SPY,fc_vol x open30_vol_share,eff_mfe,interaction,-0.06313227163088403,-2.669626998295148,1783,-0.07272354070407558,-2.0585226651988453,799,True
ETF,SPY,open30_vol_share,cost_opp_usd,main,-0.20580512316259522,-9.072506022438585,1863,-0.10494291088332587,-2.9791130149059706,799,False
ETF,SPY,fc_vol x open30_vol_share,cost_opp_usd,interaction,0.5208620688164077,25.750134416078712,1783,0.24387315758817607,7.099173434974811,799,False
FUTURES,ES,gap_pct,eff_range,main,0.01791257073971307,0.2633021947479705,218,0.14311827189455395,1.3870207968241626,94,True
FUTURES,ES,fc_vol x gap_pct,eff_range,interaction,-0.04952641450634921,-0.5782819404414921,138,0.13056137570833887,1.263112678294248,94,True
FUTURES,ES,gap_pct,eff_mfe,main,-0.039255420561945024,-0.577379539089939,218,0.20088143933344327,1.9668808409522849,94,True
FUTURES,ES,fc_vol x gap_pct,eff_mfe,interaction,-0.1470790362315035,-1.734080137263126,138,0.20419044880023646,2.0006778992058516,94,True
FUTURES,ES,gap_pct,cost_opp_usd,main,-0.020190162012417814,-0.29679406765236915,218,0.04849984647022331,0.4657422753199988,94,False
FUTURES,ES,fc_vol x gap_pct,cost_opp_usd,interaction,-0.058046824731399965,-0.6780798217825387,138,0.0166723867009371,0.15993814584488641,94,False
FUTURES,ES,abs_gap_pct,eff_range,main,-0.040477463919599284,-0.5953827410660324,218,0.1056787805038942,1.0193432503294495,94,True
FUTURES,ES,fc_vol x abs_gap_pct,eff_range,interaction,0.030592127418890516,0.3569295070602583,138,0.09039086777084983,0.8705625099221839,94,True
FUTURES,ES,abs_gap_pct,eff_mfe,main,-0.11001780309569532,-1.6268001818552789,218,-0.0044071960147245145,-0.042272749695432564,94,True
FUTURES,ES,fc_vol x abs_gap_pct,eff_mfe,interaction,-0.0710816938324935,-0.831050018023027,138,-0.04813236040999133,-0.46220509398960696,94,True
FUTURES,ES,abs_gap_pct,cost_opp_usd,main,0.18456962194903642,2.7600271831542065,218,0.1575007677141397,1.5297877817592014,94,False
FUTURES,ES,fc_vol x abs_gap_pct,cost_opp_usd,interaction,0.28341408410727353,3.4464608393860794,138,0.23775943357503215,2.347834713539732,94,False
FUTURES,ES,prev_ret_pct,eff_range,main,-0.07065769003013168,-1.0386410664308676,217,0.12844706137340606,1.242311787032951,94,True
FUTURES,ES,fc_vol x prev_ret_pct,eff_range,interaction,-0.08140168063778667,-0.9524594220770116,138,0.14312755120471046,1.3871126073373004,94,True
FUTURES,ES,prev_ret_pct,eff_mfe,main,-0.06745565952150734,-0.9913521557090017,217,0.026088212982696958,0.2503145443127672,94,True
FUTURES,ES,fc_vol x prev_ret_pct,eff_mfe,interaction,-0.06812728173538604,-0.7963440006518392,138,0.021233247841635664,0.20370808483742475,94,True
FUTURES,ES,prev_ret_pct,cost_opp_usd,main,-0.1892092811692775,-2.8253882609839023,217,0.07633256879512387,0.734298659357881,94,False
FUTURES,ES,fc_vol x prev_ret_pct,cost_opp_usd,interaction,-0.17191659788973607,-2.0351755186878213,138,0.07946101198379292,0.7645808764556654,94,False
FUTURES,ES,prev_range_pct,eff_range,main,-0.013549510911114247,-0.19869306928800365,217,0.09261279485604884,0.892144983157517,94,True
FUTURES,ES,fc_vol x prev_range_pct,eff_range,interaction,-0.0240280281331744,-0.28029347720515996,138,0.04738648267890041,0.4550263379176205,94,True
FUTURES,ES,prev_range_pct,eff_mfe,main,-0.060947202461527294,-0.8953258308438607,217,0.029714987537477873,0.2851420631339828,94,True
FUTURES,ES,fc_vol x prev_range_pct,eff_mfe,interaction,-0.12173136768274999,-1.4302561944311256,138,-0.011465520355452806,-0.10998063706724784,94,True
FUTURES,ES,prev_range_pct,cost_opp_usd,main,0.3381421530672474,5.2684766142721475,217,0.4365514880964481,4.654163868953019,94,False
FUTURES,ES,fc_vol x prev_range_pct,cost_opp_usd,interaction,0.3522720528855279,4.389542823638424,138,0.49466972599403225,5.459450945642033,94,False
FUTURES,ES,prev_rv_pct,eff_range,main,0.06797362440175884,0.9989995497134049,217,-0.103131885995015,-0.9945093316006174,94,True
FUTURES,ES,fc_vol x prev_rv_pct,eff_range,interaction,0.006004723868324655,0.07002777453297622,138,-0.0855615359606979,-0.8236980156247192,94,True
FUTURES,ES,prev_rv_pct,eff_mfe,main,-0.028449543897152027,-0.41732111896509744,217,-0.13778130982913703,-1.3342773345201835,94,True
FUTURES,ES,fc_vol x prev_rv_pct,eff_mfe,interaction,-0.0951918883807584,-1.1151827538813592,138,-0.1330130404941661,-1.2872544379656898,94,True
FUTURES,ES,prev_rv_pct,cost_opp_usd,main,0.43318308716535137,7.04723063011243,217,0.3609703236699653,3.7126206102293016,94,False
FUTURES,ES,fc_vol x prev_rv_pct,cost_opp_usd,interaction,0.41181896666418943,5.270244755038051,138,0.41956541433995626,4.433423804090422,94,False
FUTURES,ES,prev_eff_range,eff_range,main,-0.0587946877618524,-0.8635932846814023,217,0.17329831773518312,1.687755865131431,94,True
FUTURES,ES,fc_vol x prev_eff_range,eff_range,interaction,0.025824878963733908,0.30126773200780715,138,0.10519813604016907,1.014655109148166,94,True
FUTURES,ES,prev_eff_range,eff_mfe,main,0.03457343971346238,0.5072493928971813,217,0.0795725881325429,0.7656613082935608,94,True
FUTURES,ES,fc_vol x prev_eff_range,eff_mfe,interaction,0.0021073588606106545,0.02457587085310056,138,0.007376368168189863,0.07075356288255492,94,True
FUTURES,ES,prev_eff_range,cost_opp_usd,main,0.045467370578005144,0.6673727019433393,217,0.021754680065682278,0.20871295510564683,94,False
FUTURES,ES,fc_vol x prev_eff_range,cost_opp_usd,interaction,0.22427815362923162,2.6838816752585757,138,0.16067048413307758,1.5613824653993784,94,False
FUTURES,ES,prev_eff_vol,eff_range,main,-0.0946939058323224,-1.3947526269767574,217,0.22522847957230072,2.2172867056684193,94,True
FUTURES,ES,fc_vol x prev_eff_vol,eff_range,interaction,-0.021203753066589764,-0.24733173456185287,138,0.19121482498284145,1.8685461906206016,94,True
FUTURES,ES,prev_eff_vol,eff_mfe,main,-0.0012166657369432198,-0.017839834834833625,217,0.11354983202687569,1.0962217587876006,94,True
FUTURES,ES,fc_vol x prev_eff_vol,eff_mfe,interaction,-0.03923157887526855,-0.4578673897361344,138,0.058512444460499226,0.5621948714734559,94,True
FUTURES,ES,prev_eff_vol,cost_opp_usd,main,0.018096491921900545,0.2653901176195898,217,0.046102993041333216,0.4426750747728021,94,False
FUTURES,ES,fc_vol x prev_eff_vol,cost_opp_usd,interaction,0.1237516382976784,1.4543590335958365,138,0.1813052041026823,1.768325095155727,94,False
FUTURES,ES,prev_closeloc,eff_range,main,-0.07699177868876539,-1.1322820022250981,217,0.1534588014304808,1.4895689900257305,94,True
FUTURES,ES,fc_vol x prev_closeloc,eff_range,interaction,-0.10080629970884798,-1.1816124184676102,138,0.1339233464581151,1.296224399536923,94,True
FUTURES,ES,prev_closeloc,eff_mfe,main,-0.08742262617259361,-1.2867940600690233,217,0.028717985767438496,0.2755668994372471,94,True
FUTURES,ES,fc_vol x prev_closeloc,eff_mfe,interaction,-0.16860925731011506,-1.9948654847800626,138,-0.05160567857529892,-0.49564470730835153,94,True
FUTURES,ES,prev_closeloc,cost_opp_usd,main,-0.21149848079364797,-3.1729540147671407,217,0.11180752504538967,1.0791867350481212,94,False
FUTURES,ES,fc_vol x prev_closeloc,cost_opp_usd,interaction,-0.0009543945536610622,-0.011130062531215429,138,0.2165417339667447,2.1274731325017755,94,False
FUTURES,ES,prev_streak,eff_range,main,-0.08598195937654331,-1.2683687227258622,218,0.1989955632215864,1.9476506420429793,94,True
FUTURES,ES,fc_vol x prev_streak,eff_range,interaction,-0.15407253843432867,-1.8184927614835678,138,0.2067044756709894,2.026403048683084,94,True
FUTURES,ES,prev_streak,eff_mfe,main,-0.044035612968244375,-0.6478171009616908,218,0.05311538468849217,0.5101850591298223,94,True
FUTURES,ES,fc_vol x prev_streak,eff_mfe,interaction,-0.07947916500186077,-0.9298198351211783,138,0.048137846331683706,0.46225789650986215,94,True
FUTURES,ES,prev_streak,cost_opp_usd,main,-0.18837649366055315,-2.8190270929173993,218,0.1050843337264497,1.0135452021585292,94,False
FUTURES,ES,fc_vol x prev_streak,cost_opp_usd,interaction,-0.16836615882049458,-1.9919053431830056,138,0.10150461514459963,0.9786527407156438,94,False
FUTURES,ES,trail_eff_5,eff_range,main,-0.12252745393469157,-1.7933265673139451,213,0.007419716071235054,0.0711693754987502,94,True
FUTURES,ES,fc_vol x trail_eff_5,eff_range,interaction,-0.0271513978106908,-0.31675376573489505,138,-0.06034750568941228,-0.5798898310172494,94,True
FUTURES,ES,trail_eff_5,eff_mfe,main,-0.12251554270155098,-1.7931495762970553,213,-0.07401654444966224,-0.7118944710987088,94,True
FUTURES,ES,fc_vol x trail_eff_5,eff_mfe,interaction,-0.10732917949994177,-1.25893475155577,138,-0.16855832099122203,-1.6402234570845053,94,True
FUTURES,ES,trail_eff_5,cost_opp_usd,main,0.0260392299117023,0.3783699596056579,213,0.03421057389918709,0.3283284855374396,94,False
FUTURES,ES,fc_vol x trail_eff_5,cost_opp_usd,interaction,0.3674282037161549,4.60717559397065,138,0.2477394653493613,2.4526920004492325,94,False
FUTURES,ES,trail_eff_20,eff_range,main,-0.09700265866084844,-1.364471903799714,198,-0.13567171188093777,-1.313461813378386,94,True
FUTURES,ES,fc_vol x trail_eff_20,eff_range,interaction,-0.013278887459382582,-0.1548707626793125,138,-0.08462233139471877,-0.8145907464777224,94,True
FUTURES,ES,trail_eff_20,eff_mfe,main,-0.07831113663655602,-1.0997332296008422,198,-0.07551927175522885,-0.7264298431001891,94,True
FUTURES,ES,fc_vol x trail_eff_20,eff_mfe,interaction,-0.10796389863672373,-1.2664673342696473,138,-0.16339992052884442,-1.5886282785861199,94,True
FUTURES,ES,trail_eff_20,cost_opp_usd,main,0.010923187523518762,0.15293374932501097,198,0.0021097122657999217,0.020235694212318106,94,False
FUTURES,ES,fc_vol x trail_eff_20,cost_opp_usd,interaction,0.4013868405501286,5.110700569303514,138,0.3568664998104641,3.6642117986941876,94,False
FUTURES,ES,eff_state,eff_range,main,-0.10320581372852852,-1.4526384490865922,198,0.04091319582415201,0.392754439963504,94,True
FUTURES,ES,fc_vol x eff_state,eff_range,interaction,-0.07990620758312787,-0.9348477868162631,138,0.046606220424086985,0.44751746164659617,94,True
FUTURES,ES,eff_state,eff_mfe,main,-0.12024440006694885,-1.6957252412017279,198,-0.04436657876675215,-0.42596871755863774,94,True
FUTURES,ES,fc_vol x eff_state,eff_mfe,interaction,-0.04297139882508464,-0.501591637581045,138,-0.03178123758263194,-0.3049889876260318,94,True
FUTURES,ES,eff_state,cost_opp_usd,main,0.023926503673871367,0.3350669743295665,198,0.05604465084181504,0.5384076414480886,94,False
FUTURES,ES,fc_vol x eff_state,cost_opp_usd,interaction,0.07882659705883854,0.922137567160796,138,0.040619186158654653,0.3899273537908115,94,False
FUTURES,ES,trail_rv_5,eff_range,main,0.09602117025657592,1.401262890893922,213,0.016956254741176895,0.162662067548753,94,True
FUTURES,ES,fc_vol x trail_rv_5,eff_range,interaction,0.051811862640262885,0.6050376054052446,138,0.00033955857385398983,0.003256931612762303,94,True
FUTURES,ES,trail_rv_5,eff_mfe,main,-0.026707430879765827,-0.38808627541181434,213,-0.001654444966224759,-0.015868900363311338,94,True
FUTURES,ES,fc_vol x trail_rv_5,eff_mfe,interaction,-0.09173061423917038,-1.074282925810025,138,-0.04854242676010548,-0.4661521376696506,94,True
FUTURES,ES,trail_rv_5,cost_opp_usd,main,0.3804452133502235,5.975632849641599,213,0.4401712341415363,4.701981324670116,94,False
FUTURES,ES,fc_vol x trail_rv_5,cost_opp_usd,interaction,0.40092334271665214,5.103667962541984,138,0.498051045652917,5.5090242862410435,94,False
FUTURES,ES,trail_rv_20,eff_range,main,0.040293840170470684,0.564572266515094,198,-0.03220026731206878,-0.3090143574998446,94,True
FUTURES,ES,fc_vol x trail_rv_20,eff_range,interaction,0.043918961342620945,0.5126733818571018,138,-0.045522522847957235,-0.43708982570646865,94,True
FUTURES,ES,trail_rv_20,eff_mfe,main,-0.04988179239599089,-0.6992155269969758,198,-0.047502077087020915,-0.45613883469577243,94,True
FUTURES,ES,fc_vol x trail_rv_20,eff_mfe,interaction,-0.09488594462418004,-1.111565975745473,138,-0.10966297005382365,-1.0582326394679908,94,True
FUTURES,ES,trail_rv_20,cost_opp_usd,main,0.2962270131457689,4.34206044397844,198,0.29504181536371776,2.961787602579927,94,False
FUTURES,ES,fc_vol x trail_rv_20,cost_opp_usd,interaction,0.3780909371266745,4.762810917181355,138,0.46572620771733875,5.047963767003184,94,False
FUTURES,ES,vol_state,eff_range,main,0.08525415350525098,1.1979194899363463,198,0.07417548676082796,0.7134316338464805,94,True
FUTURES,ES,fc_vol x vol_state,eff_range,interaction,0.039955386956532876,0.4663282581437372,138,0.07297619477657769,0.7018343837585499,94,True
FUTURES,ES,vol_state,eff_mfe,main,-0.020506323536745214,-0.2871489102571075,198,0.07287504966947224,0.7008564431050399,94,True
FUTURES,ES,fc_vol x vol_state,eff_mfe,interaction,-0.04086632312683651,-0.4769775847000133,138,0.07427663186793339,0.7144098567790059,94,True
FUTURES,ES,vol_state,cost_opp_usd,main,0.21309994053295422,3.0535376866747894,198,0.32075573986365585,3.2482100703225414,94,False
FUTURES,ES,fc_vol x vol_state,cost_opp_usd,interaction,0.21665897988385613,2.5881311546279826,138,0.29524411653989036,2.964012265422574,94,False
FUTURES,ES,fc_vol,eff_range,main,0.014584857821618972,0.17010530190068715,138,-0.05929270671531264,-0.5697180031206981,94,True
FUTURES,ES,fc_vol,eff_mfe,main,-0.08523273415542398,-0.9976061648463412,138,-0.13003648448506303,-1.25794710819035,94,True
FUTURES,ES,fc_vol,cost_opp_usd,main,0.4383525052003022,5.687591113692445,138,0.46809602149536067,5.080834086590333,94,False
FUTURES,ES,on_ret_pct,eff_range,main,0.01586699454325178,0.2332256027586675,218,0.2434634974533107,2.40766636711136,94,True
FUTURES,ES,fc_vol x on_ret_pct,eff_range,interaction,0.028907151671809305,0.3372533594819831,138,0.23363797276306758,2.304764148332925,94,True
FUTURES,ES,on_ret_pct,eff_mfe,main,0.07026888500536732,1.0352966418599896,218,0.16757576852219774,1.6303852586575065,94,True
FUTURES,ES,fc_vol x on_ret_pct,eff_mfe,interaction,0.10335191066442308,1.2117692417005004,138,0.1593396669436116,1.5481113446700903,94,True
FUTURES,ES,on_ret_pct,cost_opp_usd,main,-0.08603007760354507,-1.2690838332018595,218,0.2028864045750945,1.9873503845593457,94,False
FUTURES,ES,fc_vol x on_ret_pct,cost_opp_usd,interaction,-0.11853900010148655,-1.3922063081655651,138,0.2027852539870082,1.9863170733603948,94,False
FUTURES,ES,on_abs_ret_pct,eff_range,main,-0.016555604847734988,-0.24335005751768402,218,-0.11794241953545498,-1.1392151726620119,94,True
FUTURES,ES,fc_vol x on_abs_ret_pct,eff_range,interaction,-0.030352395097151316,-0.35412987323747375,138,-0.11989307517248854,-1.158329227234326,94,True
FUTURES,ES,on_abs_ret_pct,eff_mfe,main,-0.05425711667127801,-0.7985898291489275,218,-0.15087237654878444,-1.463873595527369,94,True
FUTURES,ES,fc_vol x on_abs_ret_pct,eff_mfe,interaction,-0.0977490302267865,-1.1454251161041413,138,-0.1812014593794025,-1.7672788799139691,94,True
FUTURES,ES,on_abs_ret_pct,cost_opp_usd,main,0.18787386679755075,2.8112297671330193,218,0.08470639248026808,0.8154057796667072,94,False
FUTURES,ES,fc_vol x on_abs_ret_pct,cost_opp_usd,interaction,0.2363176810968268,2.836248391277106,138,0.15147300565923066,1.469837910638888,94,False
FUTURES,ES,on_range_pct,eff_range,main,0.043816799596262106,0.644591884145085,218,-0.19459596142036625,-1.902875234508353,94,True
FUTURES,ES,fc_vol x on_range_pct,eff_range,interaction,0.012194384099133834,0.14222030882531278,138,-0.1742946934942022,-1.6977627147019794,94,True
FUTURES,ES,on_range_pct,eff_mfe,main,-0.03134070938941885,-0.4608388598856528,218,-0.23151392551385327,-2.282618684674227,94,True
FUTURES,ES,fc_vol x on_range_pct,eff_mfe,interaction,-0.07088534186931635,-0.8287427640914665,138,-0.22642777155655094,-2.229729516324758,94,True
FUTURES,ES,on_range_pct,cost_opp_usd,main,0.42533251100689046,6.906993476838285,218,0.2034282827255568,1.9928871110789963,94,False
FUTURES,ES,fc_vol x on_range_pct,cost_opp_usd,interaction,0.4156844929305726,5.329989262750032,138,0.2974260792257519,2.9880346933509587,94,False
FUTURES,ES,on_atr_pct,eff_range,main,0.09447452649377919,1.3947245148036906,218,-0.034685547086659684,-0.3328923897913839,94,True
FUTURES,ES,fc_vol x on_atr_pct,eff_range,interaction,0.00959385919950578,0.11188781227148975,138,-0.03429541595925297,-0.3291436962601767,94,True
FUTURES,ES,on_atr_pct,eff_mfe,main,-0.007290921010873029,-0.10715706552972482,218,-0.1426796228732435,-1.3826811808579098,94,True
FUTURES,ES,fc_vol x on_atr_pct,eff_mfe,interaction,-0.08868944197228697,-1.038379654119869,138,-0.13983311057327602,-1.354540321374854,94,True
FUTURES,ES,on_atr_pct,cost_opp_usd,main,0.5392737898748285,9.411455467026009,218,0.47227932081692964,5.139201916845166,94,False
FUTURES,ES,fc_vol x on_atr_pct,cost_opp_usd,interaction,0.45022535610709064,5.880162179122019,138,0.4835287112205272,5.298404500470621,94,False
FUTURES,ES,on_rv_pct,eff_range,main,0.09142414009895106,1.3493057940364,218,-0.06692193765126611,-0.6433348953282201,94,True
FUTURES,ES,fc_vol x on_rv_pct,eff_range,interaction,0.0022945807937894596,0.026759250900016886,138,-0.05719755806812846,-0.5495193333935202,94,True
FUTURES,ES,on_rv_pct,eff_mfe,main,-0.0023339750316799038,-0.0343023808302703,218,-0.1686161181952823,-1.640802331027717,94,True
FUTURES,ES,fc_vol x on_rv_pct,eff_mfe,interaction,-0.07766633408601585,-0.9084814674003163,138,-0.15841491167864755,-1.5388946423035765,94,True
FUTURES,ES,on_rv_pct,cost_opp_usd,main,0.5163251064485792,8.860886701214174,218,0.4484655823646127,4.812631758320482,94,False
FUTURES,ES,fc_vol x on_rv_pct,cost_opp_usd,interaction,0.44876179890877305,5.856217365758343,138,0.4703863598113147,5.11273543007054,94,False
FUTURES,ES,on_closeloc,eff_range,main,-0.020620126979078675,-0.30311718517513353,218,0.1894953581620489,1.851114832435977,94,True
FUTURES,ES,fc_vol x on_closeloc,eff_range,interaction,0.01594790730807898,0.18600661624382242,138,0.1608712928512083,1.5633857188886142,94,True
FUTURES,ES,on_closeloc,eff_mfe,main,0.04856619469689909,0.7146176475672209,218,0.13978976267023083,1.3541120470929728,94,True
FUTURES,ES,fc_vol x on_closeloc,eff_mfe,interaction,0.051117722134574155,0.5969103373797808,138,0.04650507531698154,0.4465441491969361,94,True
FUTURES,ES,on_closeloc,cost_opp_usd,main,-0.07318645386250686,-1.0785090723084039,218,0.14076549340609543,1.3637541266267583,94,False
FUTURES,ES,fc_vol x on_closeloc,cost_opp_usd,interaction,0.09877526982280195,1.157568474369394,138,0.29271535183773295,2.9362352275354797,94,False
FUTURES,ES,on_upper_wick,eff_range,main,0.07985419244527846,1.177372024767188,218,0.033298414189213595,0.31956438202511966,94,True
FUTURES,ES,fc_vol x on_upper_wick,eff_range,interaction,0.0886371316109117,1.0377623509468763,138,0.02407976014160315,0.2310319354176293,94,True
FUTURES,ES,on_upper_wick,eff_mfe,main,0.042641549209974934,0.6272707676678171,218,-0.04453997037893292,-0.42763677339241774,94,True
FUTURES,ES,fc_vol x on_upper_wick,eff_mfe,interaction,0.029135468168703778,0.3399193318791353,138,-0.094245565870751,-0.9080132960205707,94,True
FUTURES,ES,on_upper_wick,cost_opp_usd,main,-0.002241652516044698,-0.03294551184541493,218,-0.009529830406130467,-0.09141107311156149,94,False
FUTURES,ES,fc_vol x on_upper_wick,cost_opp_usd,interaction,0.19060856432124546,2.2643734856945534,138,0.1234615178013324,1.1933310232353824,94,False
FUTURES,ES,on_lower_wick,eff_range,main,0.01417299075761448,0.2083204970139276,218,-0.023010511866488458,-0.22076753049201073,94,True
FUTURES,ES,fc_vol x on_lower_wick,eff_range,interaction,0.06695837904424227,0.7826185507862967,138,-0.02153668316295199,-0.2066205318673057,94,True
FUTURES,ES,on_lower_wick,eff_mfe,main,0.007551547317201002,0.11098779080636334,218,-0.04819564353574396,-0.46281420266806433,94,True
FUTURES,ES,fc_vol x on_lower_wick,eff_mfe,interaction,0.004632536433563399,0.05402477389002449,138,-0.08238268973738395,-0.7928821906927784,94,True
FUTURES,ES,on_lower_wick,cost_opp_usd,main,0.09307247112015053,1.3738437730618709,218,-0.04065531136868547,-0.39027471471809677,94,False
FUTURES,ES,fc_vol x on_lower_wick,cost_opp_usd,interaction,0.2591592196490404,3.1292002236940477,138,0.1058829906003351,1.0213353065239512,94,False
FUTURES,ES,on_eff,eff_range,main,-0.06860634316205089,-1.0106845690560626,218,-0.05959678788907434,-0.5726501756044609,94,True
FUTURES,ES,fc_vol x on_eff,eff_range,interaction,-0.09275814319331778,-1.0864204591280566,138,-0.05897482209298126,-0.5666528978593378,94,True
FUTURES,ES,on_eff,eff_mfe,main,-0.04527545602393864,-0.6660936426649972,218,-0.03469314770800522,-0.33296542417959535,94,True
FUTURES,ES,fc_vol x on_eff,eff_mfe,interaction,-0.13565409176942797,-1.5967448607021515,138,-0.10068995412346929,-0.9707174413917368,94,True
FUTURES,ES,on_eff,cost_opp_usd,main,-0.08633170609267414,-1.273566698087507,218,-0.007459936714955861,-0.07155519039334338,94,False
FUTURES,ES,fc_vol x on_eff,cost_opp_usd,interaction,0.08318758652652428,0.9734998728127503,138,0.12493542637058985,1.2078017903026586,94,False
FUTURES,ES,on_range_over_prev,eff_range,main,0.10151240727110282,1.4961929978550688,217,-0.23018458982046744,-2.2687765136083495,94,True
FUTURES,ES,fc_vol x on_range_over_prev,eff_range,interaction,0.05602658517293488,0.6544045340134543,138,-0.2419174222446989,-2.391423222050867,94,True
FUTURES,ES,on_range_over_prev,eff_mfe,main,0.054306039582749384,0.7974596299598306,217,-0.15295307589495358,-1.4845423035087382,94,True
FUTURES,ES,fc_vol x on_range_over_prev,eff_mfe,interaction,0.022897835333764088,0.26710238417608484,138,-0.23453382942600154,-2.3141148525396393,94,True
FUTURES,ES,on_range_over_prev,cost_opp_usd,main,0.15119302497108933,2.242706498776285,217,-0.17113234495800322,-1.6660208450145018,94,False
FUTURES,ES,fc_vol x on_range_over_prev,cost_opp_usd,interaction,0.3329741036808789,4.1181077815518785,138,0.016798222664331567,0.1611456292423656,94,False
FUTURES,ES,on_vol_ratio,eff_range,main,-0.03771827472679343,-0.528431871585126,198,-0.059653939240689235,-0.5732012884597435,94,True
FUTURES,ES,fc_vol x on_vol_ratio,eff_range,interaction,-0.0653624467309499,-0.7638840634125342,138,-0.07830798685113609,-0.7534174068056851,94,True
FUTURES,ES,on_vol_ratio,eff_mfe,main,-0.0733578959858167,-1.0297851145674737,198,-0.07251381714409565,-0.6973639751689139,94,True
FUTURES,ES,fc_vol x on_vol_ratio,eff_mfe,interaction,-0.10459395098963671,-1.2264918889852698,138,-0.09363869522811834,-0.9021144829218325,94,True
FUTURES,ES,on_vol_ratio,cost_opp_usd,main,0.2601026537560157,3.771239560378685,198,0.17173202344451483,1.6720359690626847,94,False
FUTURES,ES,fc_vol x on_vol_ratio,cost_opp_usd,interaction,0.36464949995585466,4.566966524803701,138,0.3227570764993633,3.2708257037455146,94,False
FUTURES,ES,open1_ret_pct,eff_range,main,0.1625266518191645,2.4208311982523973,218,-0.053953884889579674,-0.5182623701918182,94,True
FUTURES,ES,fc_vol x open1_ret_pct,eff_range,interaction,0.14848106742538303,1.7509811099371866,138,-0.06617803770601897,-0.6361519915272329,94,True
FUTURES,ES,open1_ret_pct,eff_mfe,main,0.10011432436848179,1.4788036615494324,218,0.08980273020587509,0.864851900380119,94,True
FUTURES,ES,fc_vol x open1_ret_pct,eff_mfe,interaction,0.0507935130790956,0.5931146690801143,138,0.09944044879755953,0.9585503181527013,94,True
FUTURES,ES,open1_ret_pct,cost_opp_usd,main,0.06775904318989191,0.9981445082217201,218,-0.06239568815916046,-0.5996468338141863,94,False
FUTURES,ES,fc_vol x open1_ret_pct,cost_opp_usd,interaction,0.03843835481072723,0.44859591997235543,138,-0.06886934918169493,-0.6621437275931792,94,False
FUTURES,ES,open1_absret_pct,eff_range,main,0.09146594488970301,1.349927984452423,218,0.08400853956829572,0.8086401193809967,94,True
FUTURES,ES,fc_vol x open1_absret_pct,eff_range,interaction,0.05048762695827495,0.5895336883993165,138,0.07642262913256209,0.7351701020281799,94,True
FUTURES,ES,open1_absret_pct,eff_mfe,main,0.1366431029510279,2.0272501876020517,218,-0.06908235770141415,-0.6642015013793219,94,True
FUTURES,ES,fc_vol x open1_absret_pct,eff_mfe,interaction,0.09044291066670623,1.0590769996829816,138,-0.11232927186170122,-1.0842869351853157,94,True
FUTURES,ES,open1_absret_pct,cost_opp_usd,main,0.3225676794638185,5.00847852833003,218,0.09595612950924154,0.9246455792709737,94,False
FUTURES,ES,fc_vol x open1_absret_pct,cost_opp_usd,interaction,0.43839817001148224,5.688324568775741,138,0.19116807700361582,1.868072040566128,94,False
FUTURES,ES,open1_range_pct,eff_range,main,0.03212201082262159,0.47233896429837624,218,-0.010150633963082037,-0.0973664769082103,94,True
FUTURES,ES,fc_vol x open1_range_pct,eff_range,interaction,0.03767678831752603,0.43969527389330565,138,-0.029772784741538126,-0.28569717093241875,94,True
FUTURES,ES,open1_range_pct,eff_mfe,main,-0.04085788350743271,-0.6009876432703409,218,-0.21507062095871113,-2.1123162997338674,94,True
FUTURES,ES,fc_vol x open1_range_pct,eff_mfe,interaction,-0.06820490925571189,-0.79725563194072,138,-0.20816385507351085,-2.04135555734604,94,True
FUTURES,ES,open1_range_pct,cost_opp_usd,main,0.4095138811254763,6.59714421663204,218,0.18406517014903698,1.796180556998401,94,False
FUTURES,ES,fc_vol x open1_range_pct,cost_opp_usd,interaction,0.4217145312468856,5.423887578701683,138,0.34566768470090975,3.5333332327107527,94,False
FUTURES,ES,open1_closeloc,eff_range,main,0.11732228287971572,1.7362692307495848,218,0.035459609438914,0.3403306559477714,94,True
FUTURES,ES,fc_vol x open1_closeloc,eff_range,interaction,0.080819842621194,0.945606567216315,138,0.003995246162819705,0.0383213608259359,94,True
FUTURES,ES,open1_closeloc,eff_mfe,main,0.03471316673678096,0.5104849360595686,218,0.13535051410525975,1.3102941411036089,94,True
FUTURES,ES,fc_vol x open1_closeloc,eff_mfe,interaction,-0.08295908326132698,-0.9708072645884274,138,0.10081313735259705,0.9719171948020875,94,True
FUTURES,ES,open1_closeloc,cost_opp_usd,main,0.01800921296580794,0.26472322716743074,218,-0.02541120709465125,-0.24381446786245653,94,False
FUTURES,ES,fc_vol x open1_closeloc,cost_opp_usd,interaction,0.1344583672607876,1.5824100225446336,138,0.1380638264281377,1.3370663402592473,94,False
FUTURES,ES,open1_vol_share,eff_range,main,0.021033013613247296,0.3091893049651067,218,-0.12785464003178845,-1.2364865735646056,94,True
FUTURES,ES,fc_vol x open1_vol_share,eff_range,interaction,0.024767773583112496,0.2889280265872632,138,-0.16880395910847812,-1.6426837916844044,94,True
FUTURES,ES,open1_vol_share,eff_mfe,main,-0.13586977925115848,-2.0155606734242735,218,-0.1274934075064119,-1.2329352749141536,94,True
FUTURES,ES,fc_vol x open1_vol_share,eff_mfe,interaction,-0.14218850245097478,-1.6752094368948514,138,-0.24691688039591084,-2.4440184853567954,94,True
FUTURES,ES,open1_vol_share,cost_opp_usd,main,-0.4461307688940306,-7.326248564983497,218,-0.4997778306923903,-5.534469122788477,94,False
FUTURES,ES,fc_vol x open1_vol_share,cost_opp_usd,interaction,0.06420244127845791,0.7502705801884895,138,-0.1076314507658268,-1.0383967988918714,94,False
FUTURES,ES,open5_ret_pct,eff_range,main,0.07600717220359238,1.1203134955419365,218,0.10068995412346929,0.9707174413917368,94,True
FUTURES,ES,fc_vol x open5_ret_pct,eff_range,interaction,0.054768561275046326,0.6396657820382664,138,0.09975074955749015,0.9615714581829923,94,True
FUTURES,ES,open5_ret_pct,eff_mfe,main,0.08518258437134317,1.2564900913069492,218,0.11321749810352924,1.0929716512254841,94,True
FUTURES,ES,fc_vol x open5_ret_pct,eff_mfe,interaction,0.09237446602540245,1.0818879220864588,138,0.13042661561246974,1.2617863716112871,94,True
FUTURES,ES,open5_ret_pct,cost_opp_usd,main,-0.016585444114194388,-0.24378878406788063,218,0.11575962302276142,1.117842264469845,94,False
FUTURES,ES,fc_vol x open5_ret_pct,cost_opp_usd,interaction,-0.052920949676449995,-0.6180250591789432,138,0.12753644149280893,1.233358318420519,94,False
FUTURES,ES,open5_absret_pct,eff_range,main,0.08017474138026283,1.182128720401066,218,-0.01285265325289889,-0.1232885027342573,94,True
FUTURES,ES,fc_vol x open5_absret_pct,eff_range,interaction,0.025863692768205968,0.3017208287389339,138,-0.031882382689737386,-0.3059606138102472,94,True
FUTURES,ES,open5_absret_pct,eff_mfe,main,-0.009858296400436515,-0.14489381648198718,218,0.0706787559151826,0.6796264690434254,94,True
FUTURES,ES,fc_vol x open5_absret_pct,eff_mfe,interaction,-0.04468377059697846,-0.521618836204332,138,0.032229165914098905,0.3092919752033906,94,True
FUTURES,ES,open5_absret_pct,cost_opp_usd,main,0.2963006936883819,4.559456804545999,218,0.2004298902929987,1.9622743493087327,94,False
FUTURES,ES,fc_vol x open5_absret_pct,cost_opp_usd,interaction,0.36221099903884507,4.531796340136345,138,0.28008597841095806,2.7985005404105627,94,False
FUTURES,ES,open5_range_pct,eff_range,main,0.06881467845708743,1.0137682721521366,218,-0.0940866235595853,-0.9064682703452089,94,True
FUTURES,ES,fc_vol x open5_range_pct,eff_range,interaction,0.024119354731932188,0.28135944574145055,138,-0.09060434201495503,-0.8726354968143669,94,True
FUTURES,ES,open5_range_pct,eff_mfe,main,0.02162314932575704,0.31786841494026513,218,-0.12084672903948272,-1.1676788151592217,94,True
FUTURES,ES,fc_vol x open5_range_pct,eff_mfe,interaction,-0.017555235405455383,-0.2047590206966166,138,-0.1576779973268793,-1.5315530579111818,94,True
FUTURES,ES,open5_range_pct,cost_opp_usd,main,0.49104703667212846,8.284484208935684,218,0.32306775330562837,3.27434081310161,94,False
FUTURES,ES,fc_vol x open5_range_pct,cost_opp_usd,interaction,0.45941996583817457,6.031970056621898,138,0.4297743986946662,4.565384299313543,94,False
FUTURES,ES,open5_closeloc,eff_range,main,0.011685674638983816,0.171755368420988,218,0.1182777443003944,1.1424999893419419,94,True
FUTURES,ES,fc_vol x open5_closeloc,eff_range,interaction,-0.01422183459155676,-0.16587044209376162,138,0.0918916575851097,0.8851388290019717,94,True
FUTURES,ES,open5_closeloc,eff_mfe,main,0.08007955310497683,1.1807161623379727,218,0.13725738111409766,1.3291059848904874,94,True
FUTURES,ES,fc_vol x open5_closeloc,eff_mfe,interaction,0.040638006890584,0.4743083360754294,138,0.044685109062340085,0.4290330611703265,94,True
FUTURES,ES,open5_closeloc,cost_opp_usd,main,-0.008226223313172496,-0.12090438867929926,218,0.16125256502211416,1.5671898116464553,94,False
FUTURES,ES,fc_vol x open5_closeloc,cost_opp_usd,interaction,0.14728499873926826,1.7365622677448744,138,0.27733724476489374,2.768735609445705,94,False
FUTURES,ES,open5_vol_share,eff_range,main,0.020896913214009664,0.3071877262840616,218,-0.15000541848788065,-1.4552675273222015,94,True
FUTURES,ES,fc_vol x open5_vol_share,eff_range,interaction,-0.01745251302261356,-0.2035605313916563,138,-0.18016110970631796,-1.7567908241480357,94,True
FUTURES,ES,open5_vol_share,eff_mfe,main,-0.12341631396425702,-1.8278156515436075,218,-0.1386482678900408,-1.342837007179745,94,True
FUTURES,ES,fc_vol x open5_vol_share,eff_mfe,interaction,-0.15430296194653287,-1.8212786940651233,138,-0.24201856735180438,-2.3924852644931205,94,True
FUTURES,ES,open5_vol_share,cost_opp_usd,main,-0.38173383496094276,-6.069984675152842,218,-0.43423947465447565,-4.62376823828747,94,False
FUTURES,ES,fc_vol x open5_vol_share,cost_opp_usd,interaction,0.07959833236777979,0.9312228464428041,138,-0.03588678364461716,-0.34443580076070607,94,False
FUTURES,ES,open15_ret_pct,eff_range,main,0.16652163752715834,2.4820126134383536,218,0.041216631145468335,0.39567226685938006,94,True
FUTURES,ES,fc_vol x open15_ret_pct,eff_range,interaction,0.1577438677043918,1.8629174197863685,138,0.04917819600476827,0.472272124911199,94,True
FUTURES,ES,open15_ret_pct,eff_mfe,main,0.038136501211010726,0.5608978425361885,218,-0.01510674421124878,-0.14491533698350856,94,True
FUTURES,ES,fc_vol x open15_ret_pct,eff_mfe,interaction,0.06348332949001001,0.7418328324428226,138,-0.01301159556406459,-0.12481340635259497,94,True
FUTURES,ES,open15_ret_pct,cost_opp_usd,main,-0.0003266472956886964,-0.004800715457898424,218,0.04072033674674095,0.3908999682513566,94,False
FUTURES,ES,fc_vol x open15_ret_pct,cost_opp_usd,interaction,0.0026302931239654158,0.03067433145984323,138,0.04313350077679976,0.41410740800243256,94,False
FUTURES,ES,open15_absret_pct,eff_range,main,0.11175593174007348,1.6528238601893914,218,0.006971787739768089,0.06687266405267822,94,True
FUTURES,ES,fc_vol x open15_absret_pct,eff_range,interaction,0.07178727295356038,0.8393418013707858,138,-0.00620597478596973,-0.05952676534449502,94,True
FUTURES,ES,open15_absret_pct,eff_mfe,main,0.17062883035865037,2.5450435263192617,218,0.037546508687642234,0.3603875759474038,94,True
FUTURES,ES,fc_vol x open15_absret_pct,eff_mfe,interaction,0.10486336414841468,1.2296861677006603,138,0.003908535924574648,0.037489645953401846,94,True
FUTURES,ES,open15_absret_pct,cost_opp_usd,main,0.3841383780536506,6.114813953526845,218,0.1921572171959408,1.8781073984955647,94,False
FUTURES,ES,fc_vol x open15_absret_pct,cost_opp_usd,interaction,0.41040792399872866,5.248521769692015,138,0.2703321717026365,2.693211122743003,94,False
FUTURES,ES,open15_range_pct,eff_range,main,0.10337317600138016,1.5274523137179514,218,-0.06726872087562764,-0.646683711213206,94,True
FUTURES,ES,fc_vol x open15_range_pct,eff_range,interaction,0.050501325948088614,0.5896940576477423,138,-0.07218148322074919,-0.6941511483657591,94,True
FUTURES,ES,open15_range_pct,eff_mfe,main,0.0535013100376074,0.7874332391730711,218,-0.10171585449553878,-0.9807106660038478,94,True
FUTURES,ES,fc_vol x open15_range_pct,eff_mfe,interaction,-0.02675637972643148,-0.3121420779931882,138,-0.12721887078712568,-1.2302366215756182,94,True
FUTURES,ES,open15_range_pct,cost_opp_usd,main,0.561925942766194,9.983940215866879,218,0.3520835220023834,3.6080981335121898,94,False
FUTURES,ES,fc_vol x open15_range_pct,cost_opp_usd,interaction,0.5185536130756575,7.072518434928791,138,0.43082202978556,4.579045572709331,94,False
FUTURES,ES,open15_closeloc,eff_range,main,0.10007280001912294,1.4781840931781298,218,0.03824757611324117,0.3671264911714619,94,True
FUTURES,ES,fc_vol x open15_closeloc,eff_range,interaction,0.09161894846434147,1.0729640996176353,138,0.03714192825922046,0.35649884477727434,94,True
FUTURES,ES,open15_closeloc,eff_mfe,main,-0.01928909138867536,-0.283543342783082,218,-0.0065817041630454685,-0.0631308559967122,94,True
FUTURES,ES,fc_vol x open15_closeloc,eff_mfe,interaction,-0.014913633577147017,-0.1739407046455449,138,-0.03705523245313008,-0.35566556814517636,94,True
FUTURES,ES,open15_closeloc,cost_opp_usd,main,-0.048308063778702975,-0.7108105230190608,218,0.02918938058873809,0.2800940514324115,94,False
FUTURES,ES,fc_vol x open15_closeloc,cost_opp_usd,interaction,0.10904997682776427,1.2793600984998466,138,0.1592760510258879,1.547477174135839,94,False
FUTURES,ES,open15_vol_share,eff_range,main,0.02370289804084512,0.3484579341077226,218,-0.15387783115991763,-1.4937348667407486,94,True
FUTURES,ES,fc_vol x open15_vol_share,eff_range,interaction,-0.027824931476529497,-0.3246173618990572,138,-0.1755228840804826,-1.7101051427867637,94,True
FUTURES,ES,open15_vol_share,eff_mfe,main,-0.11289315606707988,-1.6698589526186995,218,-0.18881624101434094,-1.8442350551172646,94,True
FUTURES,ES,fc_vol x open15_vol_share,eff_mfe,interaction,-0.17124402667646904,-2.0269724935267726,138,-0.26119278979879346,-2.5953671032992585,94,True
FUTURES,ES,open15_vol_share,cost_opp_usd,main,-0.32448954185952705,-5.041819278626435,218,-0.3629066349276173,-3.7355471982762345,94,False
FUTURES,ES,fc_vol x open15_vol_share,cost_opp_usd,interaction,0.10487608859644396,1.2298370410137898,138,0.05152899958796246,0.4949062848485432,94,False
FUTURES,ES,open30_ret_pct,eff_range,main,0.18056584754515523,2.6981143286620735,218,0.03259039843947549,0.31276226224200643,94,True
FUTURES,ES,fc_vol x open30_ret_pct,eff_range,interaction,0.15486936300849038,1.8281280539019118,138,0.043803056027164694,0.42054780169486133,94,True
FUTURES,ES,open30_ret_pct,eff_mfe,main,0.01855712852731699,0.27277994815212286,218,0.08194921070693205,0.7886819423173177,94,True
FUTURES,ES,fc_vol x open30_ret_pct,eff_mfe,interaction,0.016934215242848563,0.19751351118895313,138,0.09103782104540693,0.8768452603135675,94,True
FUTURES,ES,open30_ret_pct,cost_opp_usd,main,0.00831096323356247,0.12214993380922966,218,0.08509654474860094,0.8191888187259964,94,False
FUTURES,ES,fc_vol x open30_ret_pct,cost_opp_usd,interaction,-0.00995264559667122,-0.11607254433553531,138,0.11694452991177236,1.1294422527924175,94,False
FUTURES,ES,open30_absret_pct,eff_range,main,0.1318401671661775,1.954709507015728,218,0.17842719358451034,1.7393242518666012,94,True
FUTURES,ES,fc_vol x open30_absret_pct,eff_range,interaction,0.09902314786810214,1.1605021404054605,138,0.16189719322327784,1.5736231441911945,94,True
FUTURES,ES,open30_absret_pct,eff_mfe,main,0.3262132616114357,5.071781970267025,218,0.3505906151789907,3.590649850528408,94,True
FUTURES,ES,fc_vol x open30_absret_pct,eff_mfe,interaction,0.2857035222345766,3.4767653245526873,138,0.30282122602319117,3.047654534137365,94,True
FUTURES,ES,open30_absret_pct,cost_opp_usd,main,0.4754230049542319,7.942261321763099,218,0.4822498787854361,5.280137406597559,94,False
FUTURES,ES,fc_vol x open30_absret_pct,cost_opp_usd,interaction,0.521110842501735,7.12035473138282,138,0.5229268652801402,5.884409167851921,94,False
FUTURES,ES,open30_range_pct,eff_range,main,0.09003765347863237,1.3286744465475506,218,-0.015395730231550046,-0.14768816092739973,94,True
FUTURES,ES,fc_vol x open30_range_pct,eff_range,interaction,0.03711741290013457,0.43315818252558874,138,-0.02692627244157064,-0.258361408473597,94,True
FUTURES,ES,open30_range_pct,eff_mfe,main,0.12028021599985338,1.7806786934682108,218,0.05511685872195932,0.5294671744856716,94,True
FUTURES,ES,fc_vol x open30_range_pct,eff_mfe,interaction,0.007107484434540593,0.08288889331032767,138,0.0006285445941552577,0.006028789147807048,94,True
FUTURES,ES,open30_range_pct,cost_opp_usd,main,0.5923336432994158,10.804975944166525,218,0.5652511613522495,6.57240238193041,94,False
FUTURES,ES,fc_vol x open30_range_pct,cost_opp_usd,interaction,0.5419773779704155,7.520871150015303,138,0.574123512935819,6.725708067750337,94,False
FUTURES,ES,open30_closeloc,eff_range,main,0.12413257487576826,1.83858912029873,218,0.08046674635359494,0.774320812385823,94,True
FUTURES,ES,fc_vol x open30_closeloc,eff_range,interaction,0.08220763787182417,0.9619535611749055,138,0.04185240039013113,0.4017861654922999,94,True
FUTURES,ES,open30_closeloc,eff_mfe,main,-0.02203498249663479,-0.32392543064572793,218,0.09641992727742878,0.9291566315890547,94,True
FUTURES,ES,fc_vol x open30_closeloc,eff_mfe,interaction,-0.11189093790026687,-1.3131070175668136,138,0.011826752880829391,0.11344616282166811,94,True
FUTURES,ES,open30_closeloc,cost_opp_usd,main,-0.035095233177477335,-0.5161104203142813,218,0.022876135772080718,0.21947762189976402,94,False
FUTURES,ES,fc_vol x open30_closeloc,cost_opp_usd,interaction,0.09063095074885695,1.0612971466269956,138,0.15603923220712637,1.5152360788700883,94,False
FUTURES,ES,open30_vol_share,eff_range,main,0.005944981268826817,0.08737456787885803,218,-0.18631651193873494,-1.8189351671317318,94,True
FUTURES,ES,fc_vol x open30_vol_share,eff_range,interaction,-0.025199291762243052,-0.29396506546237744,138,-0.1709858035617527,-1.664551239875134,94,True
FUTURES,ES,open30_vol_share,eff_mfe,main,-0.07145554327758473,-1.052869081098354,218,-0.14902286601885634,-1.4455181337631087,94,True
FUTURES,ES,fc_vol x open30_vol_share,eff_mfe,interaction,-0.1634767083191587,-1.9324464719143974,138,-0.21577863670844924,-2.1196090746998264,94,True
FUTURES,ES,open30_vol_share,cost_opp_usd,main,-0.2868649136013283,-4.401005653069504,218,-0.24253743510492315,-2.3979347760577623,94,False
FUTURES,ES,fc_vol x open30_vol_share,cost_opp_usd,interaction,0.14453597710623498,1.7034516753022761,138,0.16061268379702826,1.5608058902590527,94,False
FUTURES,MES,gap_pct,eff_range,main,0.026188998090576253,0.3445806770934766,175,0.15103625531975728,1.3143408188821388,76,True
FUTURES,MES,fc_vol x gap_pct,eff_range,interaction,-0.02866751353430744,-0.2765731596228216,95,0.13818559637691047,1.2002320517608445,76,True
FUTURES,MES,gap_pct,eff_mfe,main,-0.009022625417185926,-0.11867893963427058,175,0.10346147540368603,0.8948113031720936,76,True
FUTURES,MES,fc_vol x gap_pct,eff_mfe,interaction,-0.0054871220604703255,-0.05291668546134942,95,0.11199212559553329,0.9694916725506518,76,True
FUTURES,MES,gap_pct,cost_opp_usd,main,0.0006191444390696024,0.008143575205325469,175,0.05697098136884557,0.4908801830848927,76,False
FUTURES,MES,fc_vol x gap_pct,cost_opp_usd,interaction,0.07636852318559663,0.7386284127295344,95,0.025580203057621806,0.22012125670237276,76,False
FUTURES,MES,abs_gap_pct,eff_range,main,0.004215183729951248,0.05544257837401985,175,0.12569038119205728,1.0898727585038535,76,True
FUTURES,MES,fc_vol x abs_gap_pct,eff_range,interaction,0.05411553091974246,0.5226371109843707,95,0.09884070654976876,0.8544438897831111,76,True
FUTURES,MES,abs_gap_pct,eff_mfe,main,-0.10839577742480755,-1.4341742692099122,175,0.06285886150979762,0.5418038295914074,76,True
FUTURES,MES,fc_vol x abs_gap_pct,eff_mfe,interaction,-0.1035694288913774,-1.0041876957477414,95,-0.00046481106814552387,-0.0039984564278412495,76,True
FUTURES,MES,abs_gap_pct,cost_opp_usd,main,0.18067149752741724,2.4161234736640926,175,0.19437399618931542,1.704578929563607,76,False
FUTURES,MES,fc_vol x abs_gap_pct,cost_opp_usd,interaction,0.31912257777693087,3.247296632854667,95,0.2835697443175488,2.5437771187766836,76,False
FUTURES,MES,prev_ret_pct,eff_range,main,-0.06895986159052434,-0.9065582266516988,174,0.11472317156527684,0.9934452593461818,76,True
FUTURES,MES,fc_vol x prev_ret_pct,eff_range,interaction,-0.09748774316879111,-0.9446373153630281,95,0.11557074504442927,1.0008838109926477,76,True
FUTURES,MES,prev_ret_pct,eff_mfe,main,-0.0640668174684404,-0.8419581433796323,174,0.026903622693096374,0.23151751519219851,76,True
FUTURES,MES,fc_vol x prev_ret_pct,eff_mfe,interaction,-0.03138297872340425,-0.3027956337814628,95,0.01695146958304853,0.14584301077711218,76,True
FUTURES,MES,prev_ret_pct,cost_opp_usd,main,-0.17919376372313503,-2.3887692739328044,174,0.060428330393884976,0.5207758511401,76,False
FUTURES,MES,fc_vol x prev_ret_pct,cost_opp_usd,interaction,-0.20885681714400178,-2.0595633385349856,95,0.06427004099132427,0.5540172038766134,76,False
FUTURES,MES,prev_range_pct,eff_range,main,-0.0018838815933723222,-0.024706919313795202,174,0.09711551606288449,0.839386941888041,76,True
FUTURES,MES,fc_vol x prev_range_pct,eff_range,interaction,-0.13466592478359604,-1.3106094132297108,95,0.06373205741626795,0.549360712903555,76,True
FUTURES,MES,prev_range_pct,eff_mfe,main,-0.050376207040332265,-0.6615176820229935,174,-0.0009569377990430621,-0.008231893976793091,76,True
FUTURES,MES,fc_vol x prev_range_pct,eff_mfe,interaction,-0.14029955207166853,-1.3665159507273643,95,-0.012002734107997267,-0.10325886118497131,76,True
FUTURES,MES,prev_range_pct,cost_opp_usd,main,0.3047166476797141,4.195863853996745,174,0.4827293931849965,4.741652846537295,76,False
FUTURES,MES,fc_vol x prev_range_pct,cost_opp_usd,interaction,0.237343655139179,2.3561855536121397,95,0.5263416949851081,5.325068175547529,76,False
FUTURES,MES,prev_rv_pct,eff_range,main,0.024820766434564476,0.32562161842251747,174,-0.09768967874231033,-0.8443972074304772,76,True
FUTURES,MES,fc_vol x prev_rv_pct,eff_range,interaction,-0.14176981302512978,-1.3811284438191382,95,-0.08360902255639097,-0.7217591488634859,76,True
FUTURES,MES,prev_rv_pct,eff_mfe,main,-0.05492076075149296,-0.7213677734740206,174,-0.1498838004101162,-1.3040805945394078,76,True
FUTURES,MES,fc_vol x prev_rv_pct,eff_mfe,interaction,-0.16651735722284436,-1.6285725156749231,95,-0.12970608339029394,-1.1252797350718602,76,True
FUTURES,MES,prev_rv_pct,cost_opp_usd,main,0.4031671744569319,5.777877497691261,174,0.3992234560705509,3.7456904811726996,76,False
FUTURES,MES,fc_vol x prev_rv_pct,cost_opp_usd,interaction,0.3103455520162547,3.148315948423355,95,0.4504781643616538,4.340517682719512,76,False
FUTURES,MES,prev_eff_range,eff_range,main,0.022058739780449078,0.2893680701493175,174,0.15067669172932333,1.3111390633079187,76,True
FUTURES,MES,fc_vol x prev_eff_range,eff_range,interaction,0.044806987706698304,0.43253735454643866,95,0.08883116883116882,0.7671875325881393,76,True
FUTURES,MES,prev_eff_range,eff_mfe,main,0.11969040067839978,1.5810909324603655,174,0.01900205058099795,0.16349133906030267,76,True
FUTURES,MES,fc_vol x prev_eff_range,eff_mfe,interaction,0.09855823068309069,0.9551113207694345,95,-0.050827067669172936,-0.4377968343184561,76,True
FUTURES,MES,prev_eff_range,cost_opp_usd,main,0.07110142690233187,0.9348524985979146,174,0.006001818335501246,0.05163052343685343,76,False
FUTURES,MES,fc_vol x prev_eff_range,cost_opp_usd,interaction,0.23892547955856722,2.372836187060035,95,0.13451455718222494,1.1677509411279043,76,False
FUTURES,MES,prev_eff_vol,eff_range,main,-0.017747668070089193,-0.23279515040199486,174,0.22206425153793574,1.9591858056275302,76,True
FUTURES,MES,fc_vol x prev_eff_vol,eff_range,interaction,0.015341599039844217,0.14796643731535275,95,0.17468215994531783,1.5261373112678156,76,True
FUTURES,MES,prev_eff_vol,eff_mfe,main,0.07309897559613568,0.9612557332011177,174,0.05170198222829802,0.44535290169121655,76,True
FUTURES,MES,fc_vol x prev_eff_vol,eff_mfe,interaction,0.07998320268756999,0.7738091944525058,95,-0.005413533834586466,-0.04656966128761644,76,True
FUTURES,MES,prev_eff_vol,cost_opp_usd,main,0.028080394713177106,0.36841620244950535,174,0.04432322333415725,0.38165786092679177,76,False
FUTURES,MES,fc_vol x prev_eff_vol,cost_opp_usd,interaction,0.09392957393004371,0.9098465805408055,95,0.1811072607981435,1.5841399338146984,76,False
FUTURES,MES,prev_closeloc,eff_range,main,-0.10859199213646348,-1.4326426949920086,174,0.1374982911825017,1.1941470281145543,76,True
FUTURES,MES,fc_vol x prev_closeloc,eff_range,interaction,-0.16091181730157775,-1.5722659007884539,95,0.10304853041695147,0.8912014397916587,76,True
FUTURES,MES,prev_closeloc,eff_mfe,main,-0.11165023110031001,-1.473491963867469,174,0.052822966507177035,0.4550356180827668,76,True
FUTURES,MES,fc_vol x prev_closeloc,eff_mfe,interaction,-0.18836786114221726,-1.849665575531871,95,-0.015174299384825701,-0.13054928997115778,76,True
FUTURES,MES,prev_closeloc,cost_opp_usd,main,-0.22727772359888126,-3.0608211412982866,174,0.12408315082690044,1.07571695407452,76,False
FUTURES,MES,fc_vol x prev_closeloc,cost_opp_usd,interaction,-0.04278625077752289,-0.41299385938054767,95,0.25422280626115185,2.2611973736876974,76,False
FUTURES,MES,prev_streak,eff_range,main,-0.12807746412769005,-1.69858529016475,175,0.24927795059550856,2.2142701328064174,76,True
FUTURES,MES,fc_vol x prev_streak,eff_range,interaction,-0.16700086436574949,-1.6334367750180863,95,0.25755297334244703,2.2929075666915835,76,True
FUTURES,MES,prev_streak,eff_mfe,main,-0.09760567324922645,-1.2899615435470093,175,0.12337027879304559,1.0694410390921054,76,True
FUTURES,MES,fc_vol x prev_streak,eff_mfe,interaction,-0.06920492721164614,-0.6689920809395553,95,0.12090225563909773,1.0477262112140309,76,True
FUTURES,MES,prev_streak,cost_opp_usd,main,-0.18127559439325522,-2.424476089548264,175,0.1515509189478723,1.3189246013539238,76,False
FUTURES,MES,fc_vol x prev_streak,cost_opp_usd,interaction,-0.20397135942394437,-2.009269722286128,95,0.14714708597949866,1.2797375226045367,76,False
FUTURES,MES,trail_eff_5,eff_range,main,-0.11607044172329013,-1.5146826350831437,170,0.05115516062884484,0.4406302402089371,76,True
FUTURES,MES,fc_vol x trail_eff_5,eff_range,interaction,-0.2137465486664427,-2.1100624006702025,95,-0.03209842788790157,-0.2762634723103305,76,True
FUTURES,MES,trail_eff_5,eff_mfe,main,-0.09141626079019623,-1.189872436525707,170,-0.04987012987012987,-0.4295335421374333,76,True
FUTURES,MES,fc_vol x trail_eff_5,eff_mfe,interaction,-0.15606103023516238,-1.5236669323582337,95,-0.1472863978127136,-1.2809759702601695,76,True
FUTURES,MES,trail_eff_5,cost_opp_usd,main,0.031798723724437886,0.4123671030449631,170,0.05657294822848326,0.48743955186503074,76,False
FUTURES,MES,fc_vol x trail_eff_5,cost_opp_usd,interaction,0.27369761989272945,2.744230536938261,95,0.2626171489900761,2.3412974045981043,76,False
FUTURES,MES,trail_eff_20,eff_range,main,-0.11833820883814293,-1.474120939727929,155,-0.12393711551606289,-1.074431164863932,76,True
FUTURES,MES,fc_vol x trail_eff_20,eff_range,interaction,-0.17724026190009806,-1.7367399259867382,95,-0.0994941900205058,-0.860149322619813,76,True
FUTURES,MES,trail_eff_20,eff_mfe,main,-0.10579429102698404,-1.315988387709394,155,-0.04489405331510595,-0.3865830200689607,76,True
FUTURES,MES,fc_vol x trail_eff_20,eff_mfe,interaction,-0.22558790593505043,-2.2330527917385363,95,-0.14231032125768966,-1.2367875833973312,76,True
FUTURES,MES,trail_eff_20,cost_opp_usd,main,-0.05050785820170225,-0.6255461101303366,155,0.05085823282019278,0.4380659699733142,76,False
FUTURES,MES,fc_vol x trail_eff_20,cost_opp_usd,interaction,0.29857285877107337,3.0169447481315235,95,0.3885322899239405,3.6272561169408997,76,False
FUTURES,MES,eff_state,eff_range,main,-0.08764468406167976,-1.088292837839963,155,0.07934381408065617,0.6846999434127594,76,True
FUTURES,MES,fc_vol x eff_state,eff_range,interaction,-0.11793854261880242,-1.1453516443617442,95,0.07737525632262475,0.6676085856924269,76,True
FUTURES,MES,eff_state,eff_mfe,main,-0.05756183942014647,-0.7131831302660616,155,-0.035789473684210524,-0.30807005836660206,76,True
FUTURES,MES,fc_vol x eff_state,eff_mfe,interaction,0.0506578947368421,0.4891550886610453,95,-0.029938482570061518,-0.25765606116020906,76,True
FUTURES,MES,eff_state,cost_opp_usd,main,0.05977797172010687,0.740737336494806,155,0.05415308069913538,0.4665269749074168,76,False
FUTURES,MES,fc_vol x eff_state,cost_opp_usd,interaction,0.029634710582697843,0.28591237325956437,95,0.032087170007793674,0.2761664785546641,76,False
FUTURES,MES,trail_rv_5,eff_range,main,0.0884044970441827,1.1503572866100877,170,0.008174982911825017,0.07032621206182628,76,True
FUTURES,MES,fc_vol x trail_rv_5,eff_range,interaction,-0.03197799544390886,-0.30854241698181206,95,-0.0035269993164730013,-0.03034058405177317,76,True
FUTURES,MES,trail_rv_5,eff_mfe,main,-0.0367255167293057,-0.4763384442380608,170,-0.008229665071770335,-0.0707966532629563,76,True
FUTURES,MES,fc_vol x trail_rv_5,eff_mfe,interaction,-0.11310190369540873,-1.0977591483822113,95,-0.029391660970608337,-0.252945907570806,76,True
FUTURES,MES,trail_rv_5,cost_opp_usd,main,0.34701108386396484,4.795782716344191,170,0.46492901169792905,4.517399661712498,76,False
FUTURES,MES,fc_vol x trail_rv_5,cost_opp_usd,interaction,0.3519769309831623,3.62640078906406,95,0.5322478123448724,5.408257064859576,76,False
FUTURES,MES,trail_rv_20,eff_range,main,0.05233158158905826,0.6481940942177918,155,-0.0044565960355434035,-0.03833746939844541,76,True
FUTURES,MES,fc_vol x trail_rv_20,eff_range,interaction,-0.0276316756429311,-0.26657201440610484,95,-0.00913192071086808,-0.07855902793230364,76,True
FUTURES,MES,trail_rv_20,eff_mfe,main,-0.04076249618326239,-0.5046236428285267,155,-0.030840738209159262,-0.2654283228064461,76,True
FUTURES,MES,fc_vol x trail_rv_20,eff_mfe,interaction,-0.11998880179171333,-1.1655509193302789,95,-0.06452494873547504,-0.5562237147072437,76,True
FUTURES,MES,trail_rv_20,cost_opp_usd,main,0.1756181352588012,2.2065700730896034,155,0.38917485361817417,3.634324653140937,76,False
FUTURES,MES,fc_vol x trail_rv_20,cost_opp_usd,interaction,0.3536567445258754,3.6461751991868363,95,0.5161837199890319,5.184465746867956,76,False
FUTURES,MES,vol_state,eff_range,main,0.05834815051736491,0.7229584706279194,155,0.02816131237183869,0.24234888657503723,76,True
FUTURES,MES,fc_vol x vol_state,eff_range,interaction,0.008552661508526294,0.08248189741407769,95,0.03149692412850307,0.2710812835682857,76,True
FUTURES,MES,vol_state,eff_mfe,main,-0.01046534954187245,-0.12945631416153736,155,0.030457963089542035,0.26213092147142186,76,True
FUTURES,MES,fc_vol x vol_state,eff_mfe,interaction,0.02361422172452408,0.22779082782727836,95,0.029501025290498976,0.2538879199691301,76,True
FUTURES,MES,vol_state,cost_opp_usd,main,0.2466771889782738,3.1485249596557034,155,0.292844985754981,2.6346511056278095,76,False
FUTURES,MES,fc_vol x vol_state,cost_opp_usd,interaction,0.1413283127269331,1.3767395265343605,95,0.267853359519682,2.3915496849337976,76,False
FUTURES,MES,on_ret_pct,eff_range,main,0.035959491692511066,0.4732793623838283,175,0.18025974025974023,1.5764771187229267,76,True
FUTURES,MES,fc_vol x on_ret_pct,eff_range,interaction,0.11378819214862558,1.1045073262584113,95,0.17028024606971975,1.4865156193425775,76,True
FUTURES,MES,on_ret_pct,eff_mfe,main,0.13439334347673387,1.7838514333193858,175,0.06518113465481887,0.5619042397489593,76,True
FUTURES,MES,fc_vol x on_ret_pct,eff_mfe,interaction,0.20923852183650615,2.0634995496378195,95,0.05440874914559125,0.46873607426158387,76,True
FUTURES,MES,on_ret_pct,cost_opp_usd,main,-0.11918586432599709,-1.578899749584904,175,0.16563104586468697,1.4447675642123303,76,False
FUTURES,MES,fc_vol x on_ret_pct,cost_opp_usd,interaction,-0.06926431174453894,-0.6695689071276352,95,0.15425630131995569,1.3430378778655294,76,False
FUTURES,MES,on_abs_ret_pct,eff_range,main,-0.044534283774236585,-0.5863387812817958,175,-0.14485304169514696,-1.259355172328292,76,True
FUTURES,MES,fc_vol x on_abs_ret_pct,eff_range,interaction,-0.05018214649438095,-0.4845495877871661,95,-0.142365003417635,-1.2372726431807453,76,True
FUTURES,MES,on_abs_ret_pct,eff_mfe,main,-0.11265910508191687,-1.4912931975771047,175,-0.12330827067669174,-1.0688952175670938,76,True
FUTURES,MES,fc_vol x on_abs_ret_pct,eff_mfe,interaction,-0.13135498320268757,-1.2778133295484482,95,-0.14944634313055366,-1.3001873696950368,76,True
FUTURES,MES,on_abs_ret_pct,cost_opp_usd,main,0.10983823878930249,1.4534908525879695,175,0.14340107635779628,1.246465350679917,76,False
FUTURES,MES,fc_vol x on_abs_ret_pct,cost_opp_usd,interaction,0.10597523687591594,1.02777581657409,95,0.2095441221599717,1.8434937463944274,76,False
FUTURES,MES,on_range_pct,eff_range,main,0.037292900410272535,0.4908529698136543,175,-0.2514012303485988,-2.234397389656156,76,True
FUTURES,MES,fc_vol x on_range_pct,eff_range,interaction,-0.08080235443202621,-0.7817860146717875,95,-0.22791524265208477,-2.01359695816509,76,True
FUTURES,MES,on_range_pct,eff_mfe,main,-0.06832408007626324,-0.9007678983983396,175,-0.2303485987696514,-2.036293209130361,76,True
FUTURES,MES,fc_vol x on_range_pct,eff_mfe,interaction,-0.16146416573348263,-1.577807101180273,95,-0.2331647300068353,-2.0626100497653956,76,True
FUTURES,MES,on_range_pct,cost_opp_usd,main,0.38491526814736865,5.485410264556537,175,0.21192297498543233,1.8654003727347837,76,False
FUTURES,MES,fc_vol x on_range_pct,cost_opp_usd,interaction,0.32329411474133524,3.294663812491701,95,0.3101121760915142,2.806022808873048,76,False
FUTURES,MES,on_atr_pct,eff_range,main,0.06232314281412912,0.82132960480238,175,-0.05030758714969242,-0.4333108985970341,76,True
FUTURES,MES,fc_vol x on_atr_pct,eff_range,interaction,-0.1281359467251222,-1.2459693276755326,95,-0.06326725905673274,-0.5453380604144434,76,True
FUTURES,MES,on_atr_pct,eff_mfe,main,-0.06466979922731239,-0.8523826830436578,175,-0.10272043745727956,-0.8883336640618977,76,True
FUTURES,MES,fc_vol x on_atr_pct,eff_mfe,interaction,-0.1948208286674132,-1.9154869706386077,95,-0.11144224196855776,-0.9646714366049427,76,True
FUTURES,MES,on_atr_pct,cost_opp_usd,main,0.5037842827875489,7.67078193812252,175,0.49965479432246923,4.961984431433214,76,False
FUTURES,MES,fc_vol x on_atr_pct,cost_opp_usd,interaction,0.3704898760684802,3.846613433823679,95,0.5013774118857338,4.984822642223345,76,False
FUTURES,MES,on_rv_pct,eff_range,main,0.049639526220073955,0.6537119264135879,175,-0.09528366370471635,-0.8234074389382321,76,True
FUTURES,MES,fc_vol x on_rv_pct,eff_range,interaction,-0.14668304410449592,-1.4300278829621826,95,-0.09088174982911824,-0.7850431239141936,76,True
FUTURES,MES,on_rv_pct,eff_mfe,main,-0.06221010099656944,-0.8198340827591241,175,-0.14671223513328774,-1.275872306755447,76,True
FUTURES,MES,fc_vol x on_rv_pct,eff_mfe,interaction,-0.19154535274356102,-1.8820448749224816,95,-0.12809295967190704,-1.1110499486857832,76,True
FUTURES,MES,on_rv_pct,cost_opp_usd,main,0.49549356927704186,7.503008627675113,175,0.46373958528519876,4.502671363832999,76,False
FUTURES,MES,fc_vol x on_rv_pct,cost_opp_usd,interaction,0.3763202289063137,3.9170441167740027,95,0.4872273390446318,4.7995044404995735,76,False
FUTURES,MES,on_closeloc,eff_range,main,0.0016916760804209909,0.022250556714153335,175,0.20281613123718387,1.7817201069374413,76,True
FUTURES,MES,fc_vol x on_closeloc,eff_range,interaction,-0.015649550845388535,-0.15093728695899164,95,0.165933014354067,1.4474760848309842,76,True
FUTURES,MES,on_closeloc,eff_mfe,main,0.11676489999697387,1.5463803613655256,175,0.09528366370471635,0.8234074389382321,76,True
FUTURES,MES,fc_vol x on_closeloc,eff_mfe,interaction,0.0656494960806271,0.6344695254197549,95,-0.012850307587149693,-0.11055165374273716,76,True
FUTURES,MES,on_closeloc,cost_opp_usd,main,-0.09503781779110337,-1.25571109893474,175,0.14087183628474906,1.2240315945002633,76,False
FUTURES,MES,fc_vol x on_closeloc,cost_opp_usd,interaction,0.10015888248427164,0.970778887638096,95,0.2754000650349364,2.4643792057146343,76,False
FUTURES,MES,on_upper_wick,eff_range,main,0.10347549308857026,1.3683529320247085,175,-0.043335611756664394,-0.3731375641835279,76,True
FUTURES,MES,fc_vol x on_upper_wick,eff_range,interaction,0.07312557960893619,0.7070906161984041,95,-0.04970608339029392,-0.4281170974767888,76,True
FUTURES,MES,on_upper_wick,eff_mfe,main,0.08050636114237059,1.0623441241700842,175,-0.13596719070403282,-1.180597809945111,76,True
FUTURES,MES,fc_vol x on_upper_wick,eff_mfe,interaction,0.0553059253403195,0.5341685975221863,95,-0.17183868762816132,-1.5005325540063172,76,True
FUTURES,MES,on_upper_wick,cost_opp_usd,main,0.04342364323426596,0.5716880991199395,175,-0.08528324094955983,-0.7363167661811106,76,False
FUTURES,MES,fc_vol x on_upper_wick,cost_opp_usd,interaction,0.1341769849146387,1.305763500725496,95,0.057598315825664576,0.4963033911302896,76,False
FUTURES,MES,on_lower_wick,eff_range,main,0.053617390973344115,0.7062425640230319,175,0.08396445659603555,0.7248491901023001,76,True
FUTURES,MES,fc_vol x on_lower_wick,eff_range,interaction,-0.06079948488098847,-0.5874157176775601,95,0.06255639097744362,0.5391864566114608,76,True
FUTURES,MES,on_lower_wick,eff_mfe,main,0.04357933874721699,0.5737417806277565,175,-0.003144224196855776,-0.027047772953303188,76,True
FUTURES,MES,fc_vol x on_lower_wick,eff_mfe,interaction,-0.10214165733482644,-0.9901973384748678,95,-0.058455228981544774,-0.5037122254960587,76,True
FUTURES,MES,on_lower_wick,cost_opp_usd,main,0.15132324013587042,2.0135336549746583,175,-0.03994832158618369,-0.3439229936503133,76,False
FUTURES,MES,fc_vol x on_lower_wick,cost_opp_usd,interaction,0.3048231649945852,3.086497767989691,95,0.08075795195399967,0.6969826956501057,76,False
FUTURES,MES,on_eff,eff_range,main,-0.12145788422172338,-1.6094444292010532,175,-0.06406015037593984,-0.5522004482698394,76,True
FUTURES,MES,fc_vol x on_eff,eff_range,interaction,-0.09619994470924213,-0.9320414503480605,95,-0.07934381408065617,-0.6846999434127594,76,True
FUTURES,MES,on_eff,eff_mfe,main,-0.11401503362076493,-1.5094768921784023,175,0.0025427204374572797,0.021873378976648677,76,True
FUTURES,MES,fc_vol x on_eff,eff_mfe,interaction,-0.13936170212765958,-1.3571997585496918,95,-0.06209159261790841,-0.5351647001559686,76,True
FUTURES,MES,on_eff,cost_opp_usd,main,-0.16242371257265398,-2.1651005360056845,175,0.07358037877373053,0.63468279250468,76,False
FUTURES,MES,fc_vol x on_eff,cost_opp_usd,interaction,-0.033281305815004304,-0.3211311891544692,95,0.1910875054107082,1.6746557481434892,76,False
FUTURES,MES,on_range_over_prev,eff_range,main,0.06502238960244204,0.8545690796121967,174,-0.27546138072453863,-2.464972926554301,76,True
FUTURES,MES,fc_vol x on_range_over_prev,eff_range,interaction,0.0032124972442009563,0.030980361354949432,95,-0.2949829118250171,-2.655711398329194,76,True
FUTURES,MES,on_range_over_prev,eff_mfe,main,0.0028873292375419363,0.037867125792399176,174,-0.12248803827751195,-1.0616763806539822,76,True
FUTURES,MES,fc_vol x on_range_over_prev,eff_mfe,interaction,-0.07954927211646136,-0.769584260999981,95,-0.22323991797676007,-1.9701007765693908,76,True
FUTURES,MES,on_range_over_prev,cost_opp_usd,main,0.12483377355210606,1.6500871174994534,174,-0.1968979217947356,-1.7275994648356956,76,False
FUTURES,MES,fc_vol x on_range_over_prev,cost_opp_usd,interaction,0.31872362206053656,3.2427776286694807,95,0.00023241665536109606,0.001999323720893532,76,False
FUTURES,MES,on_vol_ratio,eff_range,main,-0.08055499384085776,-0.9996589707696484,155,-0.13101845522898156,-1.136863209005233,76,True
FUTURES,MES,fc_vol x on_vol_ratio,eff_range,interaction,-0.21646212367896983,-2.138179178480893,95,-0.13049897470950103,-1.1322773604423961,76,True
FUTURES,MES,on_vol_ratio,eff_mfe,main,-0.12737111869676293,-1.588431295151338,155,-0.0709501025290499,-0.61187787395703,76,True
FUTURES,MES,fc_vol x on_vol_ratio,eff_mfe,interaction,-0.2162513997760358,-2.1359955123787406,95,-0.06058783321941216,-0.5221555162942924,76,True
FUTURES,MES,on_vol_ratio,cost_opp_usd,main,0.2994361072504108,3.8819375414652635,155,0.16691617325315425,1.4562974803548332,76,False
FUTURES,MES,fc_vol x on_vol_ratio,cost_opp_usd,interaction,0.30061663191470767,3.0396401836270934,95,0.278202736467232,2.491550936932376,76,False
FUTURES,MES,open1_ret_pct,eff_range,main,0.15306270394774338,2.0372313052711197,175,-0.09372522214627478,-0.8098195890327702,76,True
FUTURES,MES,fc_vol x open1_ret_pct,eff_range,interaction,0.10363278147033454,1.0048086156988842,95,-0.10326725905673276,-0.893113453556836,76,True
FUTURES,MES,open1_ret_pct,eff_mfe,main,0.11147024874360795,1.4753569729459497,175,-0.018646616541353384,-0.16043215387717485,76,True
FUTURES,MES,fc_vol x open1_ret_pct,eff_mfe,interaction,0.1736842105263158,1.7007996445895563,95,-0.009049897470950103,-0.07785334986353401,76,True
FUTURES,MES,open1_ret_pct,cost_opp_usd,main,0.005485031765360846,0.0721454142965767,175,-0.0687679868509596,-0.5929683367197858,76,False
FUTURES,MES,fc_vol x open1_ret_pct,cost_opp_usd,interaction,-0.011611711114004657,-0.11198683667084515,95,-0.064064967471888,-0.5522421429053935,76,False
FUTURES,MES,open1_absret_pct,eff_range,main,0.09510635761482295,1.256624961725356,175,0.01449077238550923,0.12466742710604561,76,True
FUTURES,MES,fc_vol x open1_absret_pct,eff_range,interaction,-0.06201029538915134,-0.5991587073786154,95,0.0018865345181134654,0.016228612431258397,76,True
FUTURES,MES,open1_absret_pct,eff_mfe,main,0.12801993755611055,1.6978096479715958,175,-0.11357484620642516,-0.9833707254535711,76,True
FUTURES,MES,fc_vol x open1_absret_pct,eff_mfe,interaction,0.04469484882418813,0.4314526695991223,95,-0.1405058099794942,-1.2207870652346462,76,True
FUTURES,MES,open1_absret_pct,cost_opp_usd,main,0.34974998835006155,4.910366517303437,175,0.026208395783954182,0.2255306148017439,76,False
FUTURES,MES,fc_vol x open1_absret_pct,cost_opp_usd,interaction,0.33952531309780104,3.481048557661637,95,0.13049511620127424,1.1322433020182356,76,False
FUTURES,MES,open1_range_pct,eff_range,main,0.04082402643531004,0.5374042390826411,175,0.053834586466165416,0.4637751589650709,76,True
FUTURES,MES,fc_vol x open1_range_pct,eff_range,interaction,-0.1353378196320564,-1.3172701948440877,95,0.00888585099111415,0.07644199842656135,76,True
FUTURES,MES,open1_range_pct,eff_mfe,main,-0.07542999936189161,-0.9949612871500607,175,-0.09875598086124403,-0.8537042487422343,76,True
FUTURES,MES,fc_vol x open1_range_pct,eff_mfe,interaction,-0.1638437849944009,-1.6016971008020628,95,-0.11223513328776485,-0.9716221456523675,76,True
FUTURES,MES,open1_range_pct,cost_opp_usd,main,0.36427525416138656,5.144784191792809,175,0.2621249725434291,2.336585470146789,76,False
FUTURES,MES,fc_vol x open1_range_pct,cost_opp_usd,interaction,0.3586821867078256,3.7055757084560867,95,0.4035983578185245,3.794673455582414,76,False
FUTURES,MES,open1_closeloc,eff_range,main,0.13965883747203112,1.8551058370310467,175,-0.04016541921071729,-0.34579504193513144,76,True
FUTURES,MES,fc_vol x open1_closeloc,eff_range,interaction,0.04678067882405052,0.45163098143432817,95,-0.07420419825325945,-0.6400933432834592,76,True
FUTURES,MES,open1_closeloc,eff_mfe,main,0.07533272659736029,0.9936708805133421,175,-0.02702758127283461,-0.2325850113397514,76,True
FUTURES,MES,fc_vol x open1_closeloc,eff_mfe,interaction,0.08037513997760358,0.7776256438718963,95,-0.0540263433118794,-0.46543193656769744,76,True
FUTURES,MES,open1_closeloc,cost_opp_usd,main,-0.020344410608782375,-0.2676443371139371,175,-0.02407645404119772,-0.20717354437219462,76,False
FUTURES,MES,fc_vol x open1_closeloc,cost_opp_usd,interaction,0.125818034349215,1.2230644645779745,95,0.16027288673561685,1.3967759840283067,76,False
FUTURES,MES,open1_vol_share,eff_range,main,-0.016215862189804482,-0.2133144146310682,175,-0.07838687628161312,-0.6763906503984806,76,True
FUTURES,MES,fc_vol x open1_vol_share,eff_range,interaction,0.021472639532044733,0.20712239146949896,95,-0.11097744360902256,-0.9605977512191912,76,True
FUTURES,MES,open1_vol_share,eff_mfe,main,-0.11917501027214174,-1.5787538901821865,175,-0.021435406698564592,-0.18443671770431957,76,True
FUTURES,MES,fc_vol x open1_vol_share,eff_mfe,interaction,-0.1248320268756999,-1.2133272504019037,95,-0.12727272727272726,-1.1038179100262069,76,True
FUTURES,MES,open1_vol_share,cost_opp_usd,main,-0.47579178863634064,-7.115010405318186,175,-0.3248501263550002,-2.9547138560513573,76,False
FUTURES,MES,fc_vol x open1_vol_share,cost_opp_usd,interaction,-0.023517389597984117,-0.2268562341875475,95,0.008982220151308241,0.07727109655142181,76,False
FUTURES,MES,open5_ret_pct,eff_range,main,0.055734469175148224,0.7342137302230254,175,0.09706083390293917,0.8389098179474429,76,True
FUTURES,MES,fc_vol x open5_ret_pct,eff_range,interaction,0.047060635010908985,0.4543397213621197,95,0.08114832535885168,0.700374097919423,76,True
FUTURES,MES,open5_ret_pct,eff_mfe,main,0.1226456814215742,1.6254231765633074,175,0.0232946001367054,0.20044211851611568,76,True
FUTURES,MES,fc_vol x open5_ret_pct,eff_mfe,interaction,0.23290873460246359,2.3096079546102466,95,0.03732057416267943,0.32126753082572174,76,True
FUTURES,MES,open5_ret_pct,cost_opp_usd,main,-0.05777860383838319,-0.7612305773235785,175,0.20172398528546895,1.7717175798672025,76,False
FUTURES,MES,fc_vol x open5_ret_pct,cost_opp_usd,interaction,-0.10939085774609933,-1.0612962659049885,95,0.2104737887814161,1.8520508547167516,76,False
FUTURES,MES,open5_absret_pct,eff_range,main,0.06370805178463369,0.839654284360858,175,-0.012686261107313739,-0.1091401273938181,76,True
FUTURES,MES,fc_vol x open5_absret_pct,eff_range,interaction,-0.0152716099931296,-0.14729125011864577,95,-0.03819548872180451,-0.32880995491994164,76,True
FUTURES,MES,open5_absret_pct,eff_mfe,main,-0.010174664324529804,-0.13383374255252725,175,0.09361585782638415,0.8088662824297213,76,True
FUTURES,MES,fc_vol x open5_absret_pct,eff_mfe,interaction,-0.08087905935050392,-0.7825330411135204,95,0.060861244019138755,0.5245205543897774,76,True
FUTURES,MES,open5_absret_pct,cost_opp_usd,main,0.30662652510588234,4.237145971698663,175,0.20825899477150447,1.8316734067770504,76,False
FUTURES,MES,fc_vol x open5_absret_pct,cost_opp_usd,interaction,0.33844743274122674,3.4685651746874853,95,0.28785486344869865,2.585661767173419,76,False
FUTURES,MES,open5_range_pct,eff_range,main,0.050931510821498584,0.6707699937539559,175,-0.07209842788790158,-0.6218324332222827,76,True
FUTURES,MES,fc_vol x open5_range_pct,eff_range,interaction,-0.12430754586983264,-1.2081492826460551,95,-0.07308270676691729,-0.6303668894822052,76,True
FUTURES,MES,open5_range_pct,eff_mfe,main,0.0023600563816140877,0.031041781627354062,175,-0.07991797676008203,-0.6896864320618691,76,True
FUTURES,MES,fc_vol x open5_range_pct,eff_mfe,interaction,-0.10981243001119821,-1.0654361325759087,95,-0.12257006151742995,-1.0623981646954312,76,True
FUTURES,MES,open5_range_pct,cost_opp_usd,main,0.45516856880331696,6.7236885241394555,175,0.3552556935034165,3.2692830938514517,76,False
FUTURES,MES,fc_vol x open5_range_pct,cost_opp_usd,interaction,0.38911480872331217,4.073524796361472,95,0.44917936540522424,4.324834429195573,76,False
FUTURES,MES,open5_closeloc,eff_range,main,-0.003917450287971671,-0.05152640918547712,175,0.1417507980265378,1.2318249786675715,76,True
FUTURES,MES,fc_vol x open5_closeloc,eff_range,interaction,-0.029514380999554318,-0.2847504326712352,95,0.09714285714285714,0.8396255067357002,76,True
FUTURES,MES,open5_closeloc,eff_mfe,main,0.12342158519294669,1.6358647849067212,175,0.048407712972511376,0.41690765015821746,76,True
FUTURES,MES,fc_vol x open5_closeloc,eff_mfe,interaction,0.1630879059350504,1.5941054215582962,95,-0.061490088858509914,-0.5299605926295838,76,True
FUTURES,MES,open5_closeloc,cost_opp_usd,main,-0.01793816614808642,-0.23597770779016708,175,0.28788417435740715,2.5859488438985365,76,False
FUTURES,MES,fc_vol x open5_closeloc,cost_opp_usd,interaction,0.04371014822601512,0.421928660517516,95,0.3926884465845154,3.673087090846291,76,False
FUTURES,MES,open5_vol_share,eff_range,main,-0.020568753117307922,-0.2705969553179554,175,-0.06416951469583049,-0.5531470666338557,76,True
FUTURES,MES,fc_vol x open5_vol_share,eff_range,interaction,-0.017721226628141223,-0.17092416143756736,95,-0.09093643198906358,-0.7855194097949877,76,True
FUTURES,MES,open5_vol_share,eff_mfe,main,-0.09260310412355123,-1.2232598928808527,175,-0.004374572795625427,-0.03763185817236006,76,True
FUTURES,MES,fc_vol x open5_vol_share,eff_mfe,interaction,-0.12847144456886897,-1.2492863194245891,95,-0.12675324675324676,-1.0992388104600623,76,True
FUTURES,MES,open5_vol_share,cost_opp_usd,main,-0.4433969871896139,-6.50654017603699,175,-0.25902152661596034,-2.3069189955151668,76,False
FUTURES,MES,fc_vol x open5_vol_share,cost_opp_usd,interaction,0.04489301692900896,0.4333694998782,95,0.07386748170094129,0.6371728184363975,76,False
FUTURES,MES,open15_ret_pct,eff_range,main,0.1656460846653219,2.209254345127752,175,0.005003417634996582,0.043041564701781554,76,True
FUTURES,MES,fc_vol x open15_ret_pct,eff_range,interaction,0.2825947739196122,2.8410481836702033,95,0.011592617908407382,0.09973017147835823,76,True
FUTURES,MES,open15_ret_pct,eff_mfe,main,0.0815137500154452,1.0757257696137073,175,-0.1498291182501709,-1.3035938986391198,76,True
FUTURES,MES,fc_vol x open15_ret_pct,eff_mfe,interaction,0.19582866741321392,1.9257901855720583,95,-0.14684894053315106,-1.2770873449765663,76,True
FUTURES,MES,open15_ret_pct,cost_opp_usd,main,0.021757384962820224,0.2862414781055105,175,0.0444325958778566,0.3826015053699041,76,False
FUTURES,MES,fc_vol x open15_ret_pct,cost_opp_usd,interaction,0.021627599362431825,0.20861781156607212,95,0.05178789944163716,0.4460949678778114,76,False
FUTURES,MES,open15_absret_pct,eff_range,main,0.09807327478353237,1.296201262047508,175,-0.010553656869446343,-0.0907910454270218,76,True
FUTURES,MES,fc_vol x open15_absret_pct,eff_range,interaction,0.051770897854802767,0.49993087183758467,95,-0.010389610389610391,-0.08937963209714594,76,True
FUTURES,MES,open15_absret_pct,eff_mfe,main,0.14249008339695832,1.8934851223022608,175,0.05892002734107997,0.5077313184564517,76,True
FUTURES,MES,fc_vol x open15_absret_pct,eff_mfe,interaction,0.10487122060470325,1.0169490764106908,95,0.04019138755980861,0.346018972138958,76,True
FUTURES,MES,open15_absret_pct,cost_opp_usd,main,0.33096685079371807,4.613176927792708,175,0.2669236928982376,2.3826111171576643,76,False
FUTURES,MES,fc_vol x open15_absret_pct,cost_opp_usd,interaction,0.3304193238516768,3.3760679923963783,95,0.35201553189632356,3.235225429517987,76,False
FUTURES,MES,open15_range_pct,eff_range,main,0.08139279074832823,1.07411883324906,175,-0.05976760082023239,-0.5150611076194141,76,True
FUTURES,MES,fc_vol x open15_range_pct,eff_range,interaction,-0.0924135372819813,-0.8950339865149748,95,-0.07352016404647985,-0.6341605740481329,76,True
FUTURES,MES,open15_range_pct,eff_mfe,main,-0.004697721336457643,-0.061789558926768615,175,-0.04965140123034859,-0.4276449569811768,76,True
FUTURES,MES,fc_vol x open15_range_pct,eff_mfe,interaction,-0.1078387458006719,-1.0460594044245026,95,-0.09263157894736841,-0.8002878479326417,76,True
FUTURES,MES,open15_range_pct,cost_opp_usd,main,0.4938690148808574,7.470455940658752,175,0.3990457256870395,3.743707025511668,76,False
FUTURES,MES,fc_vol x open15_range_pct,cost_opp_usd,interaction,0.44203593454187107,4.75234426484239,95,0.4664192126058325,4.535896419129151,76,False
FUTURES,MES,open15_closeloc,eff_range,main,0.10567271591454927,1.3977335328123581,175,0.009159261790840739,0.07879425430693549,76,True
FUTURES,MES,fc_vol x open15_closeloc,eff_range,interaction,0.16211562890506917,1.584344585203874,95,0.0069172932330827065,0.05950623003070481,76,True
FUTURES,MES,open15_closeloc,eff_mfe,main,0.03792112817353069,0.4991335768720577,175,-0.14416951469583048,-1.2532861321201794,76,True
FUTURES,MES,fc_vol x open15_closeloc,eff_mfe,interaction,0.1337905935050392,1.3019346393395217,95,-0.1829665071770335,-1.6009630292227726,76,True
FUTURES,MES,open15_closeloc,cost_opp_usd,main,0.02249584344504206,0.2959615209698558,175,0.02484123898771244,0.21375838176236087,76,False
FUTURES,MES,fc_vol x open15_closeloc,cost_opp_usd,interaction,0.11202956485277789,1.0872181737462392,95,0.14316865970243517,1.2444028373197793,76,False
FUTURES,MES,open15_vol_share,eff_range,main,-0.022476501610226098,-0.29570692578124136,175,-0.08497607655502393,-0.7336454520354072,76,True
FUTURES,MES,fc_vol x open15_vol_share,eff_range,interaction,-0.052428794893920175,-0.5063013217253911,95,-0.13293233082706765,-1.153766693936779,76,True
FUTURES,MES,open15_vol_share,eff_mfe,main,-0.11178136115251201,-1.4795267089406876,175,-0.05897470950102529,-0.5082041746561194,76,True
FUTURES,MES,fc_vol x open15_vol_share,eff_mfe,interaction,-0.1760498320268757,-1.724700756649642,95,-0.15671907040328095,-1.3650156147602601,76,True
FUTURES,MES,open15_vol_share,cost_opp_usd,main,-0.39700034061629685,-5.689277815874729,175,-0.29176493188595004,-2.6240281679523543,76,False
FUTURES,MES,fc_vol x open15_vol_share,cost_opp_usd,interaction,0.08305278124097605,0.8037087102403426,95,0.11443102384543376,0.9908817962676155,76,False
FUTURES,MES,open30_ret_pct,eff_range,main,0.16165826428377103,2.1546226755354514,175,0.0017771701982228299,0.01528782024204703,76,True
FUTURES,MES,fc_vol x open30_ret_pct,eff_range,interaction,0.2378437774502856,2.3614477963609097,95,0.017006151742993848,0.14631360798442825,76,True
FUTURES,MES,open30_ret_pct,eff_mfe,main,0.05466310120315658,0.7200574325613054,175,-0.03948051948051948,-0.3398892682290422,76,True
FUTURES,MES,fc_vol x open30_ret_pct,eff_mfe,interaction,0.1548852183650616,1.5119038966352785,95,-0.03267259056732741,-0.28121038724269765,76,True
FUTURES,MES,open30_ret_pct,cost_opp_usd,main,0.01096210957753063,0.14419270404401757,175,0.09367758367848412,0.8094043305342468,76,False
FUTURES,MES,fc_vol x open30_ret_pct,cost_opp_usd,interaction,0.0017428065505648944,0.016807043242281768,95,0.11998168043817523,1.0396316300595243,76,False
FUTURES,MES,open30_absret_pct,eff_range,main,0.14226281041514824,1.8904025593497396,175,0.1459466848940533,1.2690694712364505,76,True
FUTURES,MES,fc_vol x open30_absret_pct,eff_range,interaction,0.09540206957669549,0.9242398649089723,95,0.12019138755980863,1.0414753363250142,76,True
FUTURES,MES,open30_absret_pct,eff_mfe,main,0.3588149778577216,5.056171167737594,175,0.3450170881749829,3.162114412284011,76,True
FUTURES,MES,fc_vol x open30_absret_pct,eff_mfe,interaction,0.32848544232922733,3.353910628555586,95,0.286015037593985,2.5676579643134043,76,True
FUTURES,MES,open30_absret_pct,cost_opp_usd,main,0.46168048015232105,6.845706523671209,175,0.49846536790973894,4.946261023235417,76,False
FUTURES,MES,fc_vol x open30_absret_pct,cost_opp_usd,interaction,0.5776388827773903,6.824205994404071,95,0.5296912291359003,5.372113928112266,76,False
FUTURES,MES,open30_range_pct,eff_range,main,0.0924116056939272,1.2207084429772113,175,-0.011674641148325358,-0.10043590533578013,76,True
FUTURES,MES,fc_vol x open30_range_pct,eff_range,interaction,-0.10429067850945195,-1.0112574106079666,95,-0.021462747778537253,-0.18467207696884014,76,True
FUTURES,MES,open30_range_pct,eff_mfe,main,0.08138611888285316,1.0740301993208654,175,0.0907177033492823,0.7836143092135631,76,True
FUTURES,MES,fc_vol x open30_range_pct,eff_mfe,interaction,-0.05438129899216126,-0.5252114410738481,95,0.035680109364319895,0.3071274659885816,76,True
FUTURES,MES,open30_range_pct,cost_opp_usd,main,0.5650012095416332,9.006811334025986,175,0.593551123088352,6.344363043289909,76,False
FUTURES,MES,fc_vol x open30_range_pct,cost_opp_usd,interaction,0.5031041560425887,5.613996780899549,95,0.6101757497306516,6.625211337099251,76,False
FUTURES,MES,open30_closeloc,eff_range,main,0.1038057092637751,1.3727671790398384,175,0.05904346578036618,0.5087987413168257,76,True
FUTURES,MES,fc_vol x open30_closeloc,eff_range,interaction,0.12033216801644235,1.1689352554403376,95,0.012030075187969924,0.10349410899878339,76,True
FUTURES,MES,open30_closeloc,eff_mfe,main,-0.020668452760154332,-0.27190913605766603,175,-0.012221546285632635,-0.10514156900644388,76,True
FUTURES,MES,fc_vol x open30_closeloc,eff_mfe,interaction,-0.0014417693169092945,-0.013903934221241554,95,-0.09295967190704034,-0.803147061868569,76,True
FUTURES,MES,open30_closeloc,cost_opp_usd,main,-0.02097650381963543,-0.2759635517491153,175,-0.006111232651268509,-0.052571792761645766,76,False
FUTURES,MES,fc_vol x open30_closeloc,cost_opp_usd,interaction,0.04881258186200632,0.4712932948274231,95,0.12063791570037126,1.0454016008529632,76,False
FUTURES,MES,open30_vol_share,eff_range,main,-0.004970893960420596,-0.0653827098116193,175,-0.12585099111414902,-1.091287819895286,76,True
FUTURES,MES,fc_vol x open30_vol_share,eff_range,interaction,-0.06406097445788965,-0.6190532088592471,95,-0.12585099111414902,-1.091287819895286,76,True
FUTURES,MES,open30_vol_share,eff_mfe,main,-0.09730530374536299,-1.285953840106307,175,-0.024825700615174296,-0.2136245918841742,76,True
FUTURES,MES,fc_vol x open30_vol_share,eff_mfe,interaction,-0.1666993281075028,-1.630403067560365,95,-0.14939166097060835,-1.2997007715515798,76,True
FUTURES,MES,open30_vol_share,cost_opp_usd,main,-0.3659345164736852,-5.171832268927473,175,-0.20063025984847557,-1.7617074909503563,76,False
FUTURES,MES,fc_vol x open30_vol_share,cost_opp_usd,interaction,0.1335031813071277,1.2990869830756098,95,0.20006972556201646,1.7565799834510172,76,False
FUTURES,MNQ,gap_pct,eff_range,main,0.030862068965517242,0.4061205944371703,175,0.057689678742310325,0.49709325827711737,76,True
FUTURES,MNQ,fc_vol x gap_pct,eff_range,interaction,0.009798432250839867,0.0944971950448096,95,0.06323991797676008,0.545101444918969,76,True
FUTURES,MNQ,gap_pct,eff_mfe,main,-0.10165024630541873,-1.3439616998342525,175,-0.10231032125768968,-0.8847493563507682,76,True
FUTURES,MNQ,fc_vol x gap_pct,eff_mfe,interaction,-0.12169652855543112,-1.182387083223633,95,-0.08885850991114148,-0.7674255419393632,76,True
FUTURES,MNQ,gap_pct,cost_opp_usd,main,-0.09109896120174922,-1.2032229453423184,175,-0.10807005081067528,-0.9351305249606056,76,False
FUTURES,MNQ,fc_vol x gap_pct,cost_opp_usd,interaction,-0.07369872409701848,-0.7126628066421732,95,-0.10705838936096118,-0.9262746335314014,76,False
FUTURES,MNQ,abs_gap_pct,eff_range,main,-0.07362292879534259,-0.9709935702568186,175,0.005222146274777854,0.04492321339813739,76,True
FUTURES,MNQ,fc_vol x abs_gap_pct,eff_range,interaction,-0.04855823068309071,-0.4688316740009214,95,0.00330827067669173,0.028458976169583667,76,True
FUTURES,MNQ,abs_gap_pct,eff_mfe,main,-0.194384236453202,-2.606442120941346,175,-0.10813397129186603,-0.9356901710896237,76,True
FUTURES,MNQ,fc_vol x abs_gap_pct,eff_mfe,interaction,-0.19073348264277717,-1.8737659553523993,95,-0.11308270676691728,-0.979054292775601,76,True
FUTURES,MNQ,abs_gap_pct,cost_opp_usd,main,0.12472773257188947,1.6534489585602496,175,0.029406537545067998,0.25307404679471895,76,False
FUTURES,MNQ,fc_vol x abs_gap_pct,cost_opp_usd,interaction,0.13966363146780666,1.3601985850461744,95,0.1479213092690078,1.286621163787364,76,False
FUTURES,MNQ,prev_ret_pct,eff_range,main,-0.12879979498277283,-1.7033815926001437,174,0.16921394395078607,1.4769317113370368,76,True
FUTURES,MNQ,fc_vol x prev_ret_pct,eff_range,interaction,-0.12953527435610301,-1.2598070552884868,95,0.20385509227614493,1.7912419700892905,76,True
FUTURES,MNQ,prev_ret_pct,eff_mfe,main,-0.08334519775620033,-1.0968783501166854,174,-0.02031442241968558,-0.17478733823648912,76,True
FUTURES,MNQ,fc_vol x prev_ret_pct,eff_mfe,interaction,-0.13381858902575589,-1.3022120345070562,95,-0.009542036910457963,-0.08208744234899264,76,True
FUTURES,MNQ,prev_ret_pct,cost_opp_usd,main,-0.17255402671525444,-2.2974870241793814,174,-0.12342269686512033,-1.0699024549343426,76,False
FUTURES,MNQ,fc_vol x prev_ret_pct,cost_opp_usd,interaction,-0.19033587861523438,-1.8697129067347042,95,-0.12455739822088076,-1.079893024567179,76,False
FUTURES,MNQ,prev_range_pct,eff_range,main,-0.007390871038469204,-0.09693301246944465,174,0.1574846206425154,1.3718526774078674,76,True
FUTURES,MNQ,fc_vol x prev_range_pct,eff_range,interaction,-0.09840425531914894,-0.9536045693962484,95,0.10963773069036227,0.948859513025133,76,True
FUTURES,MNQ,prev_range_pct,eff_mfe,main,-0.08490332868247956,-1.1175319082474746,174,-0.011209842788790158,-0.0964367732021489,76,True
FUTURES,MNQ,fc_vol x prev_range_pct,eff_mfe,interaction,-0.11417973124300113,-1.1083579921031774,95,-0.04336295283663705,-0.37337342556620906,76,True
FUTURES,MNQ,prev_range_pct,cost_opp_usd,main,0.2944422265799794,4.0407007686696454,174,0.4448986291627837,4.273385656852577,76,False
FUTURES,MNQ,fc_vol x prev_range_pct,cost_opp_usd,interaction,0.17598807382901518,1.7240763913271684,95,0.48920666644012695,4.825120129308917,76,False
FUTURES,MNQ,prev_rv_pct,eff_range,main,0.03389959850793018,0.44484474386417433,174,0.011018455228981545,0.09479009005439318,76,True
FUTURES,MNQ,fc_vol x prev_rv_pct,eff_range,interaction,-0.10079787234042555,-0.9770355940969542,95,0.007655502392344497,0.065857051522633,76,True
FUTURES,MNQ,prev_rv_pct,eff_mfe,main,-0.04766308835672997,-0.625806792278971,174,-0.08546821599453178,-0.7379255391552123,76,True
FUTURES,MNQ,fc_vol x prev_rv_pct,eff_mfe,interaction,-0.09948208286674133,-0.9641532876903735,95,-0.0821326042378674,-0.7089265486711896,76,True
FUTURES,MNQ,prev_rv_pct,cost_opp_usd,main,0.41131202316472254,5.918089440916328,174,0.47362161167426114,4.625997088643902,76,False
FUTURES,MNQ,fc_vol x prev_rv_pct,cost_opp_usd,interaction,0.2612210331883211,2.609737063666528,95,0.5094672376357527,5.0931476412462455,76,False
FUTURES,MNQ,prev_eff_range,eff_range,main,-0.08657308009909165,-1.1396742048565014,174,0.1123444976076555,0.9725810113275732,76,True
FUTURES,MNQ,fc_vol x prev_eff_range,eff_range,interaction,-0.11994680851063831,-1.1651370481985532,95,0.07685577580314423,0.6630996846748428,76,True
FUTURES,MNQ,prev_eff_range,eff_mfe,main,-0.01704034852928614,-0.22351452952870368,174,0.007026657552973342,0.06044708608390502,76,True
FUTURES,MNQ,fc_vol x prev_eff_range,eff_mfe,interaction,-0.06223404255319148,-0.6013289980334194,95,-0.038879015721120985,-0.3347029997845215,76,True
FUTURES,MNQ,prev_eff_range,cost_opp_usd,main,-0.02759438408173409,-0.3620348164240738,174,0.07579258212452672,0.653873241709691,76,False
FUTURES,MNQ,fc_vol x prev_eff_range,cost_opp_usd,interaction,0.08547792188004624,0.8273472636992716,95,0.23486950954173325,2.0785678831509067,76,False
FUTURES,MNQ,prev_eff_vol,eff_range,main,-0.10548705828753667,-1.3912118213896905,174,0.13419002050580997,1.1648818394110483,76,True
FUTURES,MNQ,fc_vol x prev_eff_vol,eff_range,interaction,-0.10778275475923851,-1.0455098936932727,95,0.14457963089542036,1.2569273357893243,76,True
FUTURES,MNQ,prev_eff_vol,eff_mfe,main,-0.04721205045701756,-0.6198714621881936,174,0.031852358168147646,0.27414345000960866,76,True
FUTURES,MNQ,fc_vol x prev_eff_vol,eff_mfe,interaction,-0.06976483762597985,-0.674431003962405,95,0.020861244019138754,0.17949426796808443,76,True
FUTURES,MNQ,prev_eff_vol,cost_opp_usd,main,-0.07572253446658049,-0.9959511775164962,174,0.09087180616553556,0.784956514597847,76,False
FUTURES,MNQ,fc_vol x prev_eff_vol,cost_opp_usd,interaction,0.0019037087326105441,0.018358735434988987,95,0.2326547912328997,2.0578406108246985,76,False
FUTURES,MNQ,prev_closeloc,eff_range,main,-0.13279763091204191,-1.7571877094485853,174,0.1103485987696514,0.9550873098075929,76,True
FUTURES,MNQ,fc_vol x prev_closeloc,eff_range,interaction,-0.1920632698768197,-1.8873283486013437,95,0.131784005468216,1.1436230395129934,76,True
FUTURES,MNQ,prev_closeloc,eff_mfe,main,-0.10520231213872833,-1.3874143730305897,174,-0.051811346548188655,-0.44629748204726777,76,True
FUTURES,MNQ,fc_vol x prev_closeloc,eff_mfe,interaction,-0.204493281075028,-2.0146351202914494,95,-0.08650717703349281,-0.746963069378836,76,True
FUTURES,MNQ,prev_closeloc,cost_opp_usd,main,-0.207677154709989,-2.7843667181019396,174,-0.08488386407128183,-0.7328435496169865,76,False
FUTURES,MNQ,fc_vol x prev_closeloc,cost_opp_usd,interaction,-0.08677272377538796,-0.8399741137083175,95,0.08529399709143617,0.7364103128623792,76,False
FUTURES,MNQ,prev_streak,eff_range,main,-0.18757407661181616,-2.51173390473232,175,0.30509285502782213,2.755902205201979,76,True
FUTURES,MNQ,fc_vol x prev_streak,eff_range,interaction,-0.23631019036954087,-2.3453178127780023,95,0.3447436773752563,3.1592704414507056,76,True
FUTURES,MNQ,prev_streak,eff_mfe,main,-0.09077349202814203,-1.1988884120144538,175,0.01435076692747094,0.12346267882677933,76,True
FUTURES,MNQ,fc_vol x prev_streak,eff_mfe,interaction,-0.14003359462486,-1.3638736655408537,95,0.03231715652768284,0.2781479787819102,76,True
FUTURES,MNQ,prev_streak,cost_opp_usd,main,-0.17213026526417458,-2.2983245002102235,175,-0.03188726568676157,-0.27444419391424235,76,False
FUTURES,MNQ,fc_vol x prev_streak,cost_opp_usd,interaction,-0.17878064656545495,-1.7523299813518385,95,-0.046290346874756035,-0.3986319430891005,76,False
FUTURES,MNQ,trail_eff_5,eff_range,main,-0.19329510689358273,-2.553549175159087,170,0.09583048530416952,0.8281765482540558,76,True
FUTURES,MNQ,fc_vol x trail_eff_5,eff_range,interaction,-0.2261058230683091,-2.2384554453696777,95,0.051127819548872175,0.44039411760078406,76,True
FUTURES,MNQ,trail_eff_5,eff_mfe,main,-0.14570135746606336,-1.908875776855156,170,0.09377990430622009,0.8102962534226633,76,True
FUTURES,MNQ,fc_vol x trail_eff_5,eff_mfe,interaction,-0.09056550951847706,-0.8769861190255819,95,0.03190704032809296,0.2746145617504818,76,True
FUTURES,MNQ,trail_eff_5,cost_opp_usd,main,-0.03707261310439195,-0.48084653129832894,170,0.17000013685398443,1.4839974825395044,76,False
FUTURES,MNQ,fc_vol x trail_eff_5,cost_opp_usd,interaction,0.23272839256163905,2.3077171677292654,95,0.4200855814434446,3.9821207316931577,76,False
FUTURES,MNQ,trail_eff_20,eff_range,main,-0.17528922690213014,-2.2023063424148095,155,-0.05859193438140806,-0.5048942774202233,76,True
FUTURES,MNQ,fc_vol x trail_eff_20,eff_range,interaction,-0.18040313549832024,-1.7687654013090732,95,-0.005933014354066985,-0.05103861759211747,76,True
FUTURES,MNQ,trail_eff_20,eff_mfe,main,-0.21674454577680385,-2.746265208573863,155,-0.05963089542036911,-0.513878808363982,76,True
FUTURES,MNQ,fc_vol x trail_eff_20,eff_mfe,interaction,-0.18629619260918254,-1.8285873504273575,95,-0.0865892002734108,-0.7476766627876452,76,True
FUTURES,MNQ,trail_eff_20,cost_opp_usd,main,-0.024488552915112125,-0.3029975366662574,155,-0.029242484337006252,-0.25166098543069365,76,False
FUTURES,MNQ,fc_vol x trail_eff_20,cost_opp_usd,interaction,0.26494446350357403,2.649723253469698,95,0.4961789277827512,4.916140036777632,76,False
FUTURES,MNQ,eff_state,eff_range,main,-0.14616995907318486,-1.827652456977926,155,0.09312371838687628,0.8045767677404085,76,True
FUTURES,MNQ,fc_vol x eff_state,eff_range,interaction,-0.12386618141097423,-1.203792684764753,95,0.087053998632946,0.7517206485826474,76,True
FUTURES,MNQ,eff_state,eff_mfe,main,-0.03273178434468756,-0.4050868695571731,155,0.09484620642515379,0.819592693306343,76,True
FUTURES,MNQ,fc_vol x eff_state,eff_mfe,interaction,0.0860162374020157,0.8325963758765815,95,0.08385509227614492,0.7238983785624981,76,True
FUTURES,MNQ,eff_state,cost_opp_usd,main,-0.07019955157604223,-0.8704679700837289,155,0.16084049940387027,1.4018538515118768,76,False
FUTURES,MNQ,fc_vol x eff_state,cost_opp_usd,interaction,0.038438118968739374,0.3709579396785851,95,0.15605561416873603,1.3590923855057386,76,False
FUTURES,MNQ,trail_rv_5,eff_range,main,-0.006967470887451835,-0.09031093641874788,170,0.28292549555707447,2.5374943645657733,76,True
FUTURES,MNQ,fc_vol x trail_rv_5,eff_range,interaction,-0.07295632698768198,-0.705445253632949,95,0.17405331510594668,1.520471354761382,76,True
FUTURES,MNQ,trail_rv_5,eff_mfe,main,-0.11107040137761738,-1.4486000954088096,170,0.07193438140806563,0.6204102020878136,76,True
FUTURES,MNQ,fc_vol x trail_rv_5,eff_mfe,interaction,-0.14039753639417696,-1.367489500244773,95,0.0025427204374572797,0.021873378976648677,76,True
FUTURES,MNQ,trail_rv_5,cost_opp_usd,main,0.29394777836987224,3.986098593311853,170,0.5589429509670409,5.798569252577706,76,False
FUTURES,MNQ,fc_vol x trail_rv_5,cost_opp_usd,interaction,0.20110723059864474,1.979857913573033,95,0.5806936721358941,6.135830978732481,76,False
FUTURES,MNQ,trail_rv_20,eff_range,main,0.02637684895749412,0.32637715924520033,155,0.20874914559125085,1.8361805401004556,76,True
FUTURES,MNQ,fc_vol x trail_rv_20,eff_range,interaction,-0.05975643896976484,-0.5773018739291301,95,0.13246753246753248,1.1496603617704877,76,True
FUTURES,MNQ,trail_rv_20,eff_mfe,main,-0.13382101769198543,-1.670298039515577,155,0.11737525632262474,1.0167281299418787,76,True
FUTURES,MNQ,fc_vol x trail_rv_20,eff_mfe,interaction,-0.17010078387458008,-1.6646520767432802,95,0.0009022556390977443,0.0077614996407263884,76,True
FUTURES,MNQ,trail_rv_20,cost_opp_usd,main,0.028184877456977318,0.34876623565987397,155,0.47876194552686246,4.6910308873011735,76,False
FUTURES,MNQ,fc_vol x trail_rv_20,cost_opp_usd,interaction,0.2041447658558248,2.0110521562598342,95,0.5591753596784617,5.802076802743697,76,False
FUTURES,MNQ,vol_state,eff_range,main,-0.048693242241629346,-0.6030174540978981,155,0.12544087491455913,1.087674644180173,76,True
FUTURES,MNQ,fc_vol x vol_state,eff_range,interaction,-0.04676651735722284,-0.4514939637954822,95,0.1485440874914559,1.2921600569736542,76,True
FUTURES,MNQ,vol_state,eff_mfe,main,-0.002984112661532016,-0.036911599454659216,155,-0.04142173615857827,-0.35662932411150444,76,True
FUTURES,MNQ,fc_vol x vol_state,eff_mfe,interaction,0.017567189249720047,0.16943798479506333,95,-0.028817498291182502,-0.24800049085266837,76,True
FUTURES,MNQ,vol_state,cost_opp_usd,main,0.2247684359056169,2.8532401237300244,155,0.2916319195310974,2.6227206765623343,76,False
FUTURES,MNQ,fc_vol x vol_state,cost_opp_usd,interaction,0.1076785251882839,1.0444869842158633,95,0.26120004943564346,2.3277358551010967,76,False
FUTURES,MNQ,on_ret_pct,eff_range,main,0.06212494402149576,0.8187074928721746,175,0.17902939166097062,1.5653594355915919,76,True
FUTURES,MNQ,fc_vol x on_ret_pct,eff_range,interaction,0.1796612541993281,1.7612484809601237,95,0.17287764866712235,1.509883618901532,76,True
FUTURES,MNQ,on_ret_pct,eff_mfe,main,0.11375503806538291,1.5059895599862152,175,0.02258373205741627,0.1943221697995839,76,True
FUTURES,MNQ,fc_vol x on_ret_pct,eff_mfe,interaction,0.17625979843225087,1.7268236400561803,95,0.02354066985645933,0.20256063270505462,76,True
FUTURES,MNQ,on_ret_pct,cost_opp_usd,main,-0.12996735870007325,-1.7240768569110183,175,0.025824709169053203,0.22222666377305345,76,False
FUTURES,MNQ,fc_vol x on_ret_pct,cost_opp_usd,interaction,-0.06054773619784491,-0.5849744733102457,95,0.0021326917048027,0.018346149461657683,76,False
FUTURES,MNQ,on_abs_ret_pct,eff_range,main,-0.08714285714285715,-1.15056227227833,175,-0.09695146958304854,-0.8379555930692886,76,True
FUTURES,MNQ,fc_vol x on_abs_ret_pct,eff_range,interaction,-0.06181410974244121,-0.5972558310670666,95,-0.08820232399179767,-0.7617137988192201,76,True
FUTURES,MNQ,on_abs_ret_pct,eff_mfe,main,-0.07457008508732647,-0.9835547725676413,175,0.0052494873547505125,0.04515841993301961,76,True
FUTURES,MNQ,fc_vol x on_abs_ret_pct,eff_mfe,interaction,-0.018631019036954088,-0.17970223227930823,95,-0.03212576896787423,-0.27649903344079796,76,True
FUTURES,MNQ,on_abs_ret_pct,cost_opp_usd,main,0.1278625516229396,1.6956876711775022,175,0.13908977823501711,1.2082398766554108,76,False
FUTURES,MNQ,fc_vol x on_abs_ret_pct,cost_opp_usd,interaction,0.13362355559926659,1.3002796009358417,95,0.22221007031963516,1.9605391080702599,76,False
FUTURES,MNQ,on_range_pct,eff_range,main,0.016392745185848635,0.2156418752156413,175,-0.13801777170198223,-1.1987460612743073,76,True
FUTURES,MNQ,fc_vol x on_range_pct,eff_range,interaction,-0.058986562150055995,-0.5698380201398104,95,-0.10649350649350649,-0.9213310247031016,76,True
FUTURES,MNQ,on_range_pct,eff_mfe,main,-0.07671742051052396,-1.0120427383530095,175,-0.1008339029391661,-0.8718496098647588,76,True
FUTURES,MNQ,fc_vol x on_range_pct,eff_mfe,interaction,-0.09298712206047031,-0.900637512239509,95,-0.1008339029391661,-0.8718496098647588,76,True
FUTURES,MNQ,on_range_pct,cost_opp_usd,main,0.38763716933583603,5.531030992021975,175,0.29561020982659475,2.6618990576348174,76,False
FUTURES,MNQ,fc_vol x on_range_pct,cost_opp_usd,interaction,0.27512790543720766,2.7597424289197994,95,0.41635337096003994,3.939282657277733,76,False
FUTURES,MNQ,on_atr_pct,eff_range,main,0.011571876399462607,0.15221446220180998,175,-0.023349282296650717,-0.20091289628339382,76,True
FUTURES,MNQ,fc_vol x on_atr_pct,eff_range,interaction,-0.13892777155655095,-1.3528905435466314,95,-0.01367053998632946,-0.11760942169180746,76,True
FUTURES,MNQ,on_atr_pct,eff_mfe,main,-0.09885132109270041,-1.306585507855726,175,-0.08008202323991798,-0.6911112697784337,76,True
FUTURES,MNQ,fc_vol x on_atr_pct,eff_mfe,interaction,-0.14942609182530794,-1.457375144081716,95,-0.09170198222829802,-0.7921881664345011,76,True
FUTURES,MNQ,on_atr_pct,cost_opp_usd,main,0.48698854168947475,7.3337221292106385,175,0.5223180722672561,5.2690073648614435,76,False
FUTURES,MNQ,fc_vol x on_atr_pct,cost_opp_usd,interaction,0.2987912849407233,3.0193681166905644,95,0.5251343190056494,5.308194438416071,76,False
FUTURES,MNQ,on_rv_pct,eff_range,main,-0.008526645768025079,-0.11215459218269083,175,-0.05473684210526316,-0.47157109205547265,76,True
FUTURES,MNQ,fc_vol x on_rv_pct,eff_range,interaction,-0.15375139977603586,-1.5005672043435405,95,-0.027177033492822966,-0.23387206577105538,76,True
FUTURES,MNQ,on_rv_pct,eff_mfe,main,-0.11294670846394984,-1.4951493971544352,175,-0.10427887901572111,-0.901958225371794,76,True
FUTURES,MNQ,fc_vol x on_rv_pct,eff_mfe,interaction,-0.16363381858902573,-1.5995880108714051,95,-0.08948735475051264,-0.7729002407456242,76,True
FUTURES,MNQ,on_rv_pct,cost_opp_usd,main,0.46121137246398247,6.836870079487165,175,0.4951262530310217,4.90231808119694,76,False
FUTURES,MNQ,fc_vol x on_rv_pct,cost_opp_usd,interaction,0.29041356673140417,2.9267879815523585,95,0.5262143359587226,5.323286166885162,76,False
FUTURES,MNQ,on_closeloc,eff_range,main,0.04805645323357964,0.6328150965259604,175,0.15086807928913193,1.3128432189549533,76,True
FUTURES,MNQ,fc_vol x on_closeloc,eff_range,interaction,0.07460806270996641,0.7215049822849083,95,0.13881066302118936,1.2057675840511664,76,True
FUTURES,MNQ,on_closeloc,eff_mfe,main,0.12435631681390037,1.648447842937066,175,-0.0008475734791524265,-0.007291105374283681,76,True
FUTURES,MNQ,fc_vol x on_closeloc,eff_mfe,interaction,0.07824748040313549,0.756912092432093,95,-0.0637593984962406,-0.5495973506730784,76,True
FUTURES,MNQ,on_closeloc,cost_opp_usd,main,-0.1487349318713843,-1.9783071033010102,175,0.0027068779330188114,0.02328552974689286,76,False
FUTURES,MNQ,fc_vol x on_closeloc,cost_opp_usd,interaction,0.02380335808679581,0.2296163318351993,95,0.1726660014849878,1.507978289404687,76,False
FUTURES,MNQ,on_upper_wick,eff_range,main,0.10317963680008155,1.3643983878623487,175,-0.055639097744360905,-0.47936818374818524,76,True
FUTURES,MNQ,fc_vol x on_upper_wick,eff_range,interaction,0.09739641657334827,0.9437438994010514,95,-0.017006151742993848,-0.14631360798442825,76,True
FUTURES,MNQ,on_upper_wick,eff_mfe,main,-0.012412680481798005,-0.16327590035072972,175,-0.06466165413533834,-0.5574070974269033,76,True
FUTURES,MNQ,fc_vol x on_upper_wick,eff_mfe,interaction,-0.12280235162374022,-1.193294864562491,95,-0.0942993848257006,-0.8148249347512554,76,True
FUTURES,MNQ,on_upper_wick,cost_opp_usd,main,0.04156772388592129,0.5472110065043123,175,-0.013233625450314191,-0.11384992022470528,76,False
FUTURES,MNQ,fc_vol x on_upper_wick,cost_opp_usd,interaction,0.0240203248908801,0.2317104797519006,95,0.13379906227502578,1.1614260375074827,76,False
FUTURES,MNQ,on_lower_wick,eff_range,main,0.0719793999104344,0.949203312205031,175,0.01796308954203691,0.15454927546053082,76,True
FUTURES,MNQ,fc_vol x on_lower_wick,eff_range,interaction,-0.11627939529675253,-1.1290165133775398,95,0.027450444292549555,0.2362266688757208,76,True
FUTURES,MNQ,on_lower_wick,eff_mfe,main,0.05479399910434393,0.7217868899700891,175,-0.07289131920710867,-0.6287072676425284,76,True
FUTURES,MNQ,fc_vol x on_lower_wick,eff_mfe,interaction,-0.09930011198208286,-0.9623720958156873,95,-0.08976076555023924,-0.775280834806354,76,True
FUTURES,MNQ,on_lower_wick,cost_opp_usd,main,0.1297367255841746,1.720964977917847,175,-0.04221635887455601,-0.36348289849427934,76,False
FUTURES,MNQ,fc_vol x on_lower_wick,cost_opp_usd,interaction,0.18425380917171028,1.8078318227185344,95,0.09314120887705638,0.8047292056096004,76,False
FUTURES,MNQ,on_eff,eff_range,main,-0.1421294223018361,-1.8885935235912283,175,-0.0005468215994531784,-0.004703937964812119,76,True
FUTURES,MNQ,fc_vol x on_eff,eff_range,interaction,-0.11180011198208285,-1.0849631778110074,95,-0.006999316473000684,-0.060211871868565706,76,True
FUTURES,MNQ,on_eff,eff_mfe,main,-0.06475145544111062,-0.8534634844667999,175,0.11455912508544086,0.9920057941485713,76,True
FUTURES,MNQ,fc_vol x on_eff,eff_mfe,interaction,-0.00425531914893617,-0.04103718329593264,95,0.04347231715652769,0.3743168795071491,76,True
FUTURES,MNQ,on_eff,cost_opp_usd,main,-0.1343113222422427,-1.7827427292125857,175,0.11072224434100685,0.9583613506869515,76,False
FUTURES,MNQ,fc_vol x on_eff,cost_opp_usd,interaction,0.03901903008935214,0.3765726714746553,95,0.22896359405151034,2.023370166487154,76,False
FUTURES,MNQ,on_range_over_prev,eff_range,main,0.04774053930920583,0.6268260288718083,174,-0.23677375256322625,-2.096416834391327,76,True
FUTURES,MNQ,fc_vol x on_range_over_prev,eff_range,interaction,-0.010330347144456888,-0.09962757617459682,95,-0.2342857142857143,-2.073100907876872,76,True
FUTURES,MNQ,on_range_over_prev,eff_mfe,main,0.04856288618696432,0.6376486258693582,174,-0.025673274094326726,-0.2209226733755213,76,True
FUTURES,MNQ,fc_vol x on_range_over_prev,eff_mfe,interaction,-0.046024636058230685,-0.4443163563859596,95,-0.08508544087491457,-0.7345965356518482,76,True
FUTURES,MNQ,on_range_over_prev,cost_opp_usd,main,0.17086034408308623,2.2742547373070536,174,-0.11873350933468876,-1.0286608525030365,76,False
FUTURES,MNQ,fc_vol x on_range_over_prev,cost_opp_usd,interaction,0.26245284472118674,2.62295161867502,95,0.11604030250234178,1.0050057366903353,76,False
FUTURES,MNQ,on_vol_ratio,eff_range,main,-0.08237568882730173,-1.022405800055936,155,-0.18961038961038962,-1.661225863447691,76,True
FUTURES,MNQ,fc_vol x on_vol_ratio,eff_range,interaction,-0.14280515117581186,-1.391423957220247,95,-0.1275187969924812,-1.1059872791987526,76,True
FUTURES,MNQ,on_vol_ratio,eff_mfe,main,-0.06842834584770068,-0.8484005154058528,155,-0.16177717019822285,-1.4102364409737866,76,True
FUTURES,MNQ,fc_vol x on_vol_ratio,eff_mfe,interaction,-0.14273516237402017,-1.3907278345545826,95,-0.11628161312371839,-1.0071243041015465,76,True
FUTURES,MNQ,on_vol_ratio,cost_opp_usd,main,0.31257628503767604,4.070307393182184,155,0.16990443914928177,1.4831372604905722,76,False
FUTURES,MNQ,fc_vol x on_vol_ratio,cost_opp_usd,interaction,0.28463945017109643,2.8634093951803425,95,0.35204451339983545,3.2355294654709033,76,False
FUTURES,MNQ,open1_ret_pct,eff_range,main,0.12846394984326018,1.7037968062007587,175,-0.13345181134654818,-1.1583570411706858,76,True
FUTURES,MNQ,fc_vol x open1_ret_pct,eff_range,interaction,0.08712206047032475,0.8433815614113711,95,-0.12661654135338346,-1.0980339372040564,76,True
FUTURES,MNQ,open1_ret_pct,eff_mfe,main,0.01406180026869682,0.18497239434634605,175,-0.07721120984278879,-0.666184663296848,76,True
FUTURES,MNQ,fc_vol x open1_ret_pct,eff_mfe,interaction,-0.01187010078387458,-0.1144791717587442,95,-0.06075187969924812,-0.5235745249612915,76,True
FUTURES,MNQ,open1_ret_pct,cost_opp_usd,main,-0.11631410215451743,-1.5403281644520965,175,-0.08463778425918919,-0.7307036718861126,76,False
FUTURES,MNQ,fc_vol x open1_ret_pct,cost_opp_usd,interaction,-0.16651152374094655,-1.628513836090439,95,-0.06936716480877499,-0.5981597635361934,76,False
FUTURES,MNQ,open1_absret_pct,eff_range,main,0.06033363188535603,0.7950133305550616,175,-0.16016404647983595,-1.3958024609007071,76,True
FUTURES,MNQ,fc_vol x open1_absret_pct,eff_range,interaction,0.022130459126539753,0.21347069980715605,95,-0.15444976076555025,-1.3447633747710144,76,True
FUTURES,MNQ,open1_absret_pct,eff_mfe,main,0.09827362292879535,1.2988749914072446,175,-0.1029665071770335,-0.8904844683341953,76,True
FUTURES,MNQ,fc_vol x open1_absret_pct,eff_mfe,interaction,0.14293113101903696,1.3926770317213235,95,-0.10217361585782637,-0.8835546885258402,76,True
FUTURES,MNQ,open1_absret_pct,cost_opp_usd,main,0.2923935295173055,4.021587515635982,175,0.09870534685048393,0.8532622312779574,76,False
FUTURES,MNQ,fc_vol x open1_absret_pct,cost_opp_usd,interaction,0.308274833957956,3.1250952945394594,95,0.2253817656754956,1.9900091442287442,76,False
FUTURES,MNQ,open1_range_pct,eff_range,main,-0.06558889386475593,-0.8645488147687044,175,-0.025864661654135337,-0.22257069267746651,76,True
FUTURES,MNQ,fc_vol x open1_range_pct,eff_range,interaction,-0.21534154535274355,-2.126570564917203,95,-0.03289131920710868,-0.28309499930839693,76,True
FUTURES,MNQ,open1_range_pct,eff_mfe,main,-0.17579937304075233,-2.3488608595206193,175,-0.13306903622693095,-1.1549745860346818,76,True
FUTURES,MNQ,fc_vol x open1_range_pct,eff_mfe,interaction,-0.22505599104143337,-2.227506196826374,95,-0.13408065618591936,-1.1639150783045387,76,True
FUTURES,MNQ,open1_range_pct,cost_opp_usd,main,0.30867331659634833,4.268397494180382,175,0.2215948707894036,1.9548305553886602,76,False
FUTURES,MNQ,fc_vol x open1_range_pct,cost_opp_usd,interaction,0.1996444544033668,1.964857101321133,95,0.3892162361264927,3.634780096426882,76,False
FUTURES,MNQ,open1_closeloc,eff_range,main,0.13230534293038176,1.755638897683053,175,-0.12101244711456385,-1.0486953038763298,76,True
FUTURES,MNQ,fc_vol x open1_closeloc,eff_range,interaction,0.013367861142217245,0.1289265043562409,95,-0.07453178400546823,-0.6429348830137749,76,True
FUTURES,MNQ,open1_closeloc,eff_mfe,main,-0.03678015761327609,-0.4840949908893377,175,-0.15888010171322428,-1.3843221326363537,76,True
FUTURES,MNQ,fc_vol x open1_closeloc,eff_mfe,interaction,-0.11717525195968645,-1.137835468692489,95,-0.16358168147641833,-1.4263966897355205,76,True
FUTURES,MNQ,open1_closeloc,cost_opp_usd,main,-0.13173196147776733,-1.7478956928345772,175,-0.09906147258217622,-0.856371228388532,76,False
FUTURES,MNQ,fc_vol x open1_closeloc,cost_opp_usd,interaction,-0.03481967259094654,-0.33599250412128995,95,0.05778774253975008,0.49794107102994867,76,False
FUTURES,MNQ,open1_vol_share,eff_range,main,0.023119122257053294,0.3041658749939103,175,0.009432672590567329,0.0811465278607072,76,True
FUTURES,MNQ,fc_vol x open1_vol_share,eff_range,interaction,-0.043617021276595745,-0.42102800229891413,95,-0.015803144224196857,-0.13596076529639584,76,True
FUTURES,MNQ,open1_vol_share,eff_mfe,main,-0.08620017913121363,-1.1380222429876412,175,-0.16650717703349283,-1.452627219741727,76,True
FUTURES,MNQ,fc_vol x open1_vol_share,eff_mfe,interaction,-0.19022956326987686,-1.8686293238788878,95,-0.28642515379357486,-2.571668509256243,76,True
FUTURES,MNQ,open1_vol_share,cost_opp_usd,main,-0.4672167901032086,-6.950548590976048,175,-0.5441918333421556,-5.5798972685179695,76,False
FUTURES,MNQ,fc_vol x open1_vol_share,cost_opp_usd,interaction,-0.0876265931333971,-0.8483033521072596,95,-0.1283169509056291,-1.1130252951806787,76,False
FUTURES,MNQ,open5_ret_pct,eff_range,main,0.09100089565606807,1.2019168871687802,175,0.05435406698564593,0.46826358612527474,76,True
FUTURES,MNQ,fc_vol x open5_ret_pct,eff_range,interaction,0.06850503919372901,0.6621943198744318,95,0.08924128503075872,0.7707578567072212,76,True
FUTURES,MNQ,open5_ret_pct,eff_mfe,main,0.1204769368562472,1.5962536069296644,175,-0.03633629528366371,-0.3127831871749877,76,True
FUTURES,MNQ,fc_vol x open5_ret_pct,eff_mfe,interaction,0.12344624860022396,1.1996483069546977,95,-5.4682159945317844e-05,-0.00047039372685734514,76,True
FUTURES,MNQ,open5_ret_pct,cost_opp_usd,main,-0.016967208113808818,-0.22320091006086692,175,0.18088233298874695,1.5821059052425561,76,False
FUTURES,MNQ,fc_vol x open5_ret_pct,cost_opp_usd,interaction,-0.09312775145630846,-0.9020115018073326,95,0.17261131708230054,1.5074860343495184,76,False
FUTURES,MNQ,open5_absret_pct,eff_range,main,0.07486117330944918,0.9874157254629158,175,0.14712235133287765,1.2795176458688862,76,True
FUTURES,MNQ,fc_vol x open5_absret_pct,eff_range,interaction,-0.00029395296752519597,-0.002834779881444818,95,0.12836637047163363,1.113461142538666,76,True
FUTURES,MNQ,open5_absret_pct,eff_mfe,main,0.08105687416032244,1.0696564525551158,175,0.02053315105946685,0.1766700910615649,76,True
FUTURES,MNQ,fc_vol x open5_absret_pct,eff_mfe,interaction,0.09598264277715565,0.929916503270267,95,-0.027887901572112097,-0.239994144420796,76,True
FUTURES,MNQ,open5_absret_pct,cost_opp_usd,main,0.20760003292109713,2.7913653752463308,175,0.20025428264070477,1.758268027256535,76,False
FUTURES,MNQ,fc_vol x open5_absret_pct,cost_opp_usd,interaction,0.2870190860868596,2.8894874047651085,95,0.30211765374637733,2.726313181998104,76,False
FUTURES,MNQ,open5_range_pct,eff_range,main,-0.030118674429019256,-0.3963291142492125,175,0.002433356117566644,0.020932582787182834,76,True
FUTURES,MNQ,fc_vol x open5_range_pct,eff_range,interaction,-0.13808790593505038,-1.3445523823132188,95,0.019111414900888583,0.1644326392299951,76,True
FUTURES,MNQ,open5_range_pct,eff_mfe,main,-0.06536497984773847,-0.8615846440033131,175,-0.07909774436090226,-0.6825630870762731,76,True
FUTURES,MNQ,fc_vol x open5_range_pct,eff_mfe,interaction,-0.07662374020156774,-0.7411113989862949,95,-0.07904306220095693,-0.682088247177386,76,True
FUTURES,MNQ,open5_range_pct,cost_opp_usd,main,0.329131369639148,4.5844752460652,175,0.3597003297760502,3.3162209250640555,76,False
FUTURES,MNQ,fc_vol x open5_range_pct,cost_opp_usd,interaction,0.2777175092278911,2.7878780286683287,95,0.4912163182388834,4.85122854371463,76,False
FUTURES,MNQ,open5_closeloc,eff_range,main,0.06274294670846395,0.8268838097862422,175,0.12213343905575165,1.0585562499249679,76,True
FUTURES,MNQ,fc_vol x open5_closeloc,eff_range,interaction,0.02144456886898096,0.20685150071350858,95,0.09954887218045112,0.8606267924268951,76,True
FUTURES,MNQ,open5_closeloc,eff_mfe,main,0.11405956112852665,1.5100741731571241,175,-0.024279044970115845,-0.20891782669018508,76,True
FUTURES,MNQ,fc_vol x open5_closeloc,eff_mfe,interaction,0.10331746920492721,1.0017183557909883,95,-0.0936431989063568,-0.8091046063097989,76,True
FUTURES,MNQ,open5_closeloc,cost_opp_usd,main,-0.00521499540706839,-0.06859348801007434,175,0.18730219501961154,1.640263225182501,76,False
FUTURES,MNQ,fc_vol x open5_closeloc,cost_opp_usd,interaction,0.05396174385451212,0.521147522208611,95,0.33036214773434136,3.010933776054841,76,False
FUTURES,MNQ,open5_vol_share,eff_range,main,0.06731303179579042,0.8873773572692046,175,0.047491455912508536,0.4089984469287616,76,True
FUTURES,MNQ,fc_vol x open5_vol_share,eff_range,interaction,-0.018057110862262037,-0.17416486725633057,95,0.026302118933697886,0.22633768619607075,76,True
FUTURES,MNQ,open5_vol_share,eff_mfe,main,-0.008119122257053293,-0.10679390016308672,175,-0.12185919343814082,-1.0561434355752652,76,True
FUTURES,MNQ,fc_vol x open5_vol_share,eff_mfe,interaction,-0.1159154535274356,-1.1254346119820144,95,-0.2142447026657553,-1.8868144120720984,76,True
FUTURES,MNQ,open5_vol_share,cost_opp_usd,main,-0.43043752558676296,-6.2723176790744635,175,-0.575676378189339,-6.056366553726721,76,False
FUTURES,MNQ,fc_vol x open5_vol_share,cost_opp_usd,interaction,-0.009336571504788477,-0.0900425595582777,95,-0.03259190400160024,-0.2805151850114463,76,False
FUTURES,MNQ,open15_ret_pct,eff_range,main,0.16047245857590686,2.1383986177551995,175,0.16924128503075872,1.4771773857069077,76,True
FUTURES,MNQ,fc_vol x open15_ret_pct,eff_range,interaction,0.1427491601343785,1.3908670573836612,95,0.19671907040328093,1.725967004901384,76,True
FUTURES,MNQ,open15_ret_pct,eff_mfe,main,0.059726824899238695,0.7869886927770802,175,-0.10734107997265893,-0.928748958995041,76,True
FUTURES,MNQ,fc_vol x open15_ret_pct,eff_mfe,interaction,0.06756718924972005,0.6530868582927806,95,-0.09517429938482569,-0.8224537074868817,76,True
FUTURES,MNQ,open15_ret_pct,cost_opp_usd,main,0.016972806004971405,0.22327457064048983,175,0.03600967916955328,0.3099680054594815,76,False
FUTURES,MNQ,fc_vol x open15_ret_pct,cost_opp_usd,interaction,-0.02145871681685268,-0.2069880328135039,95,0.049598753237334585,0.4271903836734181,76,False
FUTURES,MNQ,open15_absret_pct,eff_range,main,0.09289520824003583,1.2271520372671911,175,0.07669172932330828,0.6616759342343764,76,True
FUTURES,MNQ,fc_vol x open15_absret_pct,eff_range,interaction,0.08009518477043673,0.7748995716340027,95,0.08287081339712918,0.715342255910307,76,True
FUTURES,MNQ,open15_absret_pct,eff_mfe,main,0.20676444245409764,2.779627289860631,175,0.2940533151059467,2.6465487816308952,76,True
FUTURES,MNQ,fc_vol x open15_absret_pct,eff_mfe,interaction,0.2057110862262038,2.027161241721734,95,0.2512371838687628,2.2328411174050733,76,True
FUTURES,MNQ,open15_absret_pct,cost_opp_usd,main,0.3083822262558937,4.263948986717979,175,0.4056215569326674,3.8174306671380727,76,False
FUTURES,MNQ,fc_vol x open15_absret_pct,cost_opp_usd,interaction,0.38362530533768074,4.006056526755717,95,0.4976827488566506,4.9359356203862745,76,False
FUTURES,MNQ,open15_range_pct,eff_range,main,0.014178235557545903,0.18650431958500469,175,0.08552289815447711,0.7384011379177323,76,True
FUTURES,MNQ,fc_vol x open15_range_pct,eff_range,interaction,-0.07880739081746921,-0.7623620061643823,95,0.04298017771701983,0.3700714424495697,76,True
FUTURES,MNQ,open15_range_pct,eff_mfe,main,0.017297357814599196,0.2275452640111379,175,0.20380041011619957,1.7907406623133064,76,True
FUTURES,MNQ,fc_vol x open15_range_pct,eff_mfe,interaction,-0.014095744680851065,-0.13594794533904342,95,0.08806561859193439,0.7605239783883652,76,True
FUTURES,MNQ,open15_range_pct,cost_opp_usd,main,0.4108863309123028,5.92787698278664,175,0.5956635273715285,6.379325329289701,76,False
FUTURES,MNQ,fc_vol x open15_range_pct,cost_opp_usd,interaction,0.38329635566697223,4.002029545277895,95,0.637415068823243,7.116294607111813,76,False
FUTURES,MNQ,open15_closeloc,eff_range,main,0.12127407075682939,1.606972322066001,175,0.17172932330827068,1.4995485321413382,76,True
FUTURES,MNQ,fc_vol x open15_closeloc,eff_range,interaction,0.09958006718924974,0.9651124314644614,95,0.14206425153793575,1.2346049573303082,76,True
FUTURES,MNQ,open15_closeloc,eff_mfe,main,0.02130094043887147,0.28023371111369366,175,-0.0735475051264525,-0.6343976915303684,76,True
FUTURES,MNQ,fc_vol x open15_closeloc,eff_mfe,interaction,0.05001399776035835,0.4829218961492601,95,-0.12374572795625427,-1.0727461724935967,76,True
FUTURES,MNQ,open15_closeloc,cost_opp_usd,main,0.031051502278884032,0.40861578661171477,175,0.03475193790774656,0.2991281562280938,76,False
FUTURES,MNQ,fc_vol x open15_closeloc,cost_opp_usd,interaction,0.06667879814551711,0.6444612959275193,95,0.12215128450264182,1.0587132627809084,76,False
FUTURES,MNQ,open15_vol_share,eff_range,main,0.04420286609941783,0.5819667586997342,175,0.051756664388243334,0.44582518985886727,76,True
FUTURES,MNQ,fc_vol x open15_vol_share,eff_range,interaction,-0.0699468085106383,-0.6761987916020364,95,-0.02261107313738893,-0.19455754693005134,76,True
FUTURES,MNQ,open15_vol_share,eff_mfe,main,-0.0393999104343932,-0.5186276145008317,175,-0.06824333561175666,-0.5884231575541772,76,True
FUTURES,MNQ,fc_vol x open15_vol_share,eff_mfe,interaction,-0.15900055991041434,-1.5531036906741023,95,-0.18906356801093643,-1.6562571538672455,76,True
FUTURES,MNQ,open15_vol_share,cost_opp_usd,main,-0.39886318027329304,-5.721010106710723,175,-0.4927201393127827,-4.870832186262509,76,False
FUTURES,MNQ,fc_vol x open15_vol_share,cost_opp_usd,interaction,0.03010939326356824,0.2904961814864763,95,0.11208935440818804,0.9703440662574402,76,False
FUTURES,MNQ,open30_ret_pct,eff_range,main,0.1617487684729064,2.155861336100355,175,0.08885850991114148,0.7674255419393632,76,True
FUTURES,MNQ,fc_vol x open30_ret_pct,eff_range,interaction,0.1885778275475924,1.8518033053282852,95,0.08880382775119618,0.7669495249848913,76,True
FUTURES,MNQ,open30_ret_pct,eff_mfe,main,-0.004469323779668607,-0.058785363405396904,175,-0.134107997265892,-1.164156764519694,76,True
FUTURES,MNQ,fc_vol x open30_ret_pct,eff_mfe,interaction,0.05865061590145577,0.5665813863180454,95,-0.12699931647300067,-1.1014077427889684,76,True
FUTURES,MNQ,open30_ret_pct,cost_opp_usd,main,-0.03059359478178421,-0.40258436066292064,175,-0.03521675533058818,-0.30313401893742703,76,False
FUTURES,MNQ,fc_vol x open30_ret_pct,cost_opp_usd,interaction,-0.051589106867912946,-0.4981706960757828,95,-0.034833964511777435,-0.2998350589796788,76,False
FUTURES,MNQ,open30_absret_pct,eff_range,main,0.19921182266009854,2.673815173443237,175,0.10777853725222146,0.9325783706652391,76,True
FUTURES,MNQ,fc_vol x open30_absret_pct,eff_range,interaction,0.15153975363941768,1.4784710809585646,95,0.09957621326042378,0.8608655302834644,76,True
FUTURES,MNQ,open30_absret_pct,eff_mfe,main,0.34475593372145097,4.830716137762429,175,0.36946001367054004,3.420206337175602,76,True
FUTURES,MNQ,fc_vol x open30_absret_pct,eff_mfe,interaction,0.3704927211646137,3.846647672848724,95,0.3158988380041011,2.864128326432344,76,True
FUTURES,MNQ,open30_absret_pct,cost_opp_usd,main,0.461145317348264,6.835626403907426,175,0.4328954027729327,4.1310457531982925,76,False
FUTURES,MNQ,fc_vol x open30_absret_pct,cost_opp_usd,interaction,0.5421440519733285,6.221989441872335,95,0.5086059582934285,5.081529498672651,76,False
FUTURES,MNQ,open30_range_pct,eff_range,main,0.07935288849081953,1.0470259968430589,175,0.1295693779904306,1.1240734702514608,76,True
FUTURES,MNQ,fc_vol x open30_range_pct,eff_range,interaction,-0.03010918253079507,-0.2904941464865328,95,0.09842788790157211,0.8508402289928616,76,True
FUTURES,MNQ,open30_range_pct,eff_mfe,main,0.06570085087326467,0.8660309493096887,175,0.30679425837320573,2.7728629378772705,76,True
FUTURES,MNQ,fc_vol x open30_range_pct,eff_mfe,interaction,0.0312989921612542,0.3019845018898615,95,0.18693096377306906,1.6368944041624316,76,True
FUTURES,MNQ,open30_range_pct,cost_opp_usd,main,0.5396926869852551,8.431961676173419,175,0.7157504756727266,8.816588431531326,76,False
FUTURES,MNQ,fc_vol x open30_range_pct,cost_opp_usd,interaction,0.4776979122311304,5.243739477865578,95,0.7070966689474695,8.602079230924538,76,False
FUTURES,MNQ,open30_closeloc,eff_range,main,0.1325794894760412,1.759341731119064,175,0.05771701982228298,0.4973296347426789,76,True
FUTURES,MNQ,fc_vol x open30_closeloc,eff_range,interaction,0.12816349384098544,1.2462416634113482,95,0.07215311004784689,0.6223065215343425,76,True
FUTURES,MNQ,open30_closeloc,eff_mfe,main,-0.0920846394984326,-1.2163523893508388,175,-0.11136021872863978,-0.9639525044488778,76,True
FUTURES,MNQ,fc_vol x open30_closeloc,eff_mfe,interaction,-0.06339585666293393,-0.6125997705808459,95,-0.15852358168147643,-1.3811356074815058,76,True
FUTURES,MNQ,open30_closeloc,cost_opp_usd,main,-0.07346448446135974,-0.9688925377728604,175,-0.10689433615289942,-0.9248388180352008,76,False
FUTURES,MNQ,fc_vol x open30_closeloc,cost_opp_usd,interaction,-0.04428222482068719,-0.42746162480001787,95,0.042858900606131185,0.36902528796281836,76,False
FUTURES,MNQ,open30_vol_share,eff_range,main,0.055689655172413796,0.7336215390913974,175,-0.029391660970608337,-0.252945907570806,76,True
FUTURES,MNQ,fc_vol x open30_vol_share,eff_range,interaction,-0.04910414333706607,-0.4741151514688553,95,-0.07297334244702665,-0.6294185255840057,76,True
FUTURES,MNQ,open30_vol_share,eff_mfe,main,-0.052942230183609496,-0.6973242616785463,175,-0.05230348598769652,-0.45054829338701985,76,True
FUTURES,MNQ,fc_vol x open30_vol_share,eff_mfe,interaction,-0.16640537513997758,-1.6274461072852484,95,-0.21397129186602873,-1.8842909240564891,76,True
FUTURES,MNQ,open30_vol_share,cost_opp_usd,main,-0.3544551096804705,-4.985844861969351,175,-0.45673780234457306,-4.416592997381091,76,False
FUTURES,MNQ,fc_vol x open30_vol_share,cost_opp_usd,interaction,0.09550738737207164,0.9252695540228251,95,0.1521320082759259,1.3241013152356937,76,False
FUTURES,NQ,gap_pct,eff_range,main,0.0013233572850384176,0.019449317604988466,218,0.05833905284831846,0.5605232053374062,94,True
FUTURES,NQ,fc_vol x gap_pct,eff_range,interaction,-0.002102792535885604,-0.024522618459515304,138,0.06671964743705523,0.6413815276263835,94,True
FUTURES,NQ,gap_pct,eff_mfe,main,-0.12445353581188805,-1.8434177241547434,218,-0.09184698190225048,-0.8847048321328864,94,True
FUTURES,NQ,fc_vol x gap_pct,eff_mfe,interaction,-0.16926700130265587,-2.0028765275192275,138,-0.07791785572372936,-0.7496408888278111,94,True
FUTURES,NQ,gap_pct,cost_opp_usd,main,-0.14008643843351778,-2.0793456133860113,218,-0.10343606860847637,-0.9974742650146179,94,False
FUTURES,NQ,fc_vol x gap_pct,cost_opp_usd,interaction,-0.13748124944490997,-1.618663332782116,138,-0.10736630687927409,-1.035808899208956,94,False
FUTURES,NQ,abs_gap_pct,eff_range,main,-0.05630552236705472,-0.8288336705713425,218,-0.06086768052595456,-0.5849067905949572,94,True
FUTURES,NQ,fc_vol x abs_gap_pct,eff_range,interaction,-0.06827340412658765,-0.7980600245704819,138,-0.060318607087382146,-0.5796111249822762,94,True
FUTURES,NQ,abs_gap_pct,eff_mfe,main,-0.12650083093541648,-1.8742315637425901,218,-0.17037893291912004,-1.658466386719808,94,True
FUTURES,NQ,fc_vol x abs_gap_pct,eff_mfe,interaction,-0.1731917618842719,-2.050736137796028,138,-0.18829606617779865,-1.8389672947915456,94,True
FUTURES,NQ,abs_gap_pct,cost_opp_usd,main,0.16337587687344737,2.4338263492406735,218,-0.0340139003288892,-0.3264387614202837,94,False
FUTURES,NQ,fc_vol x abs_gap_pct,cost_opp_usd,interaction,0.18825672908296284,2.2354011657109276,138,0.07686361206436963,0.7394374068518236,94,False
FUTURES,NQ,prev_ret_pct,eff_range,main,-0.11453679824499594,-1.6905647294090524,217,0.13768016472203157,1.3332789100917342,94,True
FUTURES,NQ,fc_vol x prev_ret_pct,eff_range,interaction,-0.11474032452869819,-1.3469867734905787,138,0.16338547122782934,1.5884839445437393,94,True
FUTURES,NQ,prev_ret_pct,eff_mfe,main,-0.07661997204371047,-1.1267816473246204,217,-0.03587038976989488,-0.34427825212410273,94,True
FUTURES,NQ,fc_vol x prev_ret_pct,eff_mfe,interaction,-0.08118021363579903,-0.9498508812445668,138,-0.0334140085973341,-0.3206749776584983,94,True
FUTURES,NQ,prev_ret_pct,cost_opp_usd,main,-0.15504023906027722,-2.301161442397548,217,-0.1332235178557173,-1.289328141514259,94,False
FUTURES,NQ,fc_vol x prev_ret_pct,cost_opp_usd,interaction,-0.1587901010777148,-1.8755917066745769,138,-0.13213258774746275,-1.2785817989479102,94,False
FUTURES,NQ,prev_range_pct,eff_range,main,0.036208702678072316,0.531272182494903,217,0.13142361738250913,1.2716005360492224,94,True
FUTURES,NQ,fc_vol x prev_range_pct,eff_range,interaction,-0.03293461707942437,-0.3842888092006043,138,0.09248275114691326,0.8908814491004283,94,True
FUTURES,NQ,prev_range_pct,eff_mfe,main,-0.00557188117195669,-0.08170108376878568,217,-0.03318281978109309,-0.3184537992303183,94,True
FUTURES,NQ,fc_vol x prev_range_pct,eff_mfe,interaction,-0.11690032957493941,-1.3726920512752656,138,-0.0474298305819456,-0.45544352205983524,94,True
FUTURES,NQ,prev_range_pct,cost_opp_usd,main,0.37096798344612975,5.857410042385265,217,0.3902134177280448,4.065055155804691,94,False
FUTURES,NQ,fc_vol x prev_range_pct,cost_opp_usd,interaction,0.31173071347191456,3.8260224060933363,138,0.468276330441224,5.083340773333808,94,False
FUTURES,NQ,prev_rv_pct,eff_range,main,0.08495046435265435,1.250137346915982,217,0.027879926308564826,0.2675188490300578,94,True
FUTURES,NQ,fc_vol x prev_rv_pct,eff_range,interaction,0.000477180933767743,0.005564838773435644,138,0.012838203951883828,0.12314987559780993,94,True
FUTURES,NQ,prev_rv_pct,eff_mfe,main,0.014822530975203153,0.21736484741396586,217,-0.054452190875266406,-0.5230630944756246,94,True
FUTURES,NQ,fc_vol x prev_rv_pct,eff_mfe,interaction,-0.08599540855530348,-1.0065990937329563,138,-0.07066430661416755,-0.679486831401076,94,True
FUTURES,NQ,prev_rv_pct,cost_opp_usd,main,0.4457197684484608,7.300865900737667,217,0.4728495672526486,5.147192730044576,94,False
FUTURES,NQ,fc_vol x prev_rv_pct,cost_opp_usd,interaction,0.37125987758014567,4.6628559524499815,138,0.4989451934183129,5.522188963310053,94,False
FUTURES,NQ,prev_eff_range,eff_range,main,-0.10643939927751708,-1.5696246953347757,217,0.00876350106563595,0.08405977724365303,94,True
FUTURES,NQ,fc_vol x prev_eff_range,eff_range,interaction,-0.10345236980837418,-1.2129598301037288,138,-0.02079976881118376,-0.1995475437193272,94,True
FUTURES,NQ,prev_eff_range,eff_mfe,main,0.013251200590952328,0.19431780287561956,217,-0.09258389625401872,-0.8918641938343536,94,True
FUTURES,NQ,fc_vol x prev_eff_range,eff_mfe,interaction,-0.09012337081915556,-1.055304526390357,138,-0.1246468952064444,-1.2049683683022854,94,True
FUTURES,NQ,prev_eff_range,cost_opp_usd,main,0.010456782537108402,0.15333491311532882,217,0.011906310055651955,0.11420940964484515,94,False
FUTURES,NQ,fc_vol x prev_eff_range,cost_opp_usd,interaction,0.07620545815366203,0.8912924783364277,138,0.16683283483320083,1.6229496594549535,94,False
FUTURES,NQ,prev_eff_vol,eff_range,main,-0.12222433611897951,-1.8056987931125517,217,0.047285337571794955,0.4540529182684341,94,True
FUTURES,NQ,fc_vol x prev_eff_vol,eff_range,interaction,-0.1223934847678823,-1.4381535790713957,138,0.03504677961203627,0.3363635381380179,94,True
FUTURES,NQ,prev_eff_vol,eff_mfe,main,-0.020347436649872822,-0.2984137680434192,217,-0.042704909150019864,-0.4099851164341046,94,True
FUTURES,NQ,fc_vol x prev_eff_vol,eff_mfe,interaction,-0.11209198415034181,-1.3154964103202649,138,-0.067124227865477,-0.6452883427206184,94,True
FUTURES,NQ,prev_eff_vol,cost_opp_usd,main,-0.01384490221585478,-0.20302557528469928,217,0.0332336324368926,0.3189419844266369,94,False
FUTURES,NQ,fc_vol x prev_eff_vol,cost_opp_usd,interaction,0.013760682394826413,0.160490949880984,138,0.15836548326449687,1.5384021243092807,94,False
FUTURES,NQ,prev_closeloc,eff_range,main,-0.09497855569178446,-1.3989833610064943,217,0.0494816313260846,0.47519323031821,94,True
FUTURES,NQ,fc_vol x prev_closeloc,eff_range,interaction,-0.11730203269945134,-1.3774747112234311,138,0.0717480041902973,0.6899608538218911,94,True
FUTURES,NQ,prev_closeloc,eff_mfe,main,-0.07384900489749238,-1.0858038300427397,217,-0.10131127406711701,-0.9767693003179131,94,True
FUTURES,NQ,fc_vol x prev_closeloc,eff_mfe,interaction,-0.11059422793071408,-1.2976997994020896,138,-0.13895170321135714,-1.3458336351613043,94,True
FUTURES,NQ,prev_closeloc,cost_opp_usd,main,-0.18915866294483175,-2.8246043457955063,217,-0.12448885228697745,-1.2034164933279032,94,False
FUTURES,NQ,fc_vol x prev_closeloc,cost_opp_usd,interaction,-0.00950256514472665,-0.11082300417508902,138,0.05388905746669172,0.5176378456446012,94,False
FUTURES,NQ,prev_streak,eff_range,main,-0.12005597557962014,-1.7773103496169163,218,0.19498411918032027,1.9068207258903132,94,True
FUTURES,NQ,fc_vol x prev_streak,eff_range,interaction,-0.18442700615768887,-2.188307766240649,138,0.24006791171477077,2.3720175718227003,94,True
FUTURES,NQ,prev_streak,eff_mfe,main,-0.07140641444223672,-1.052141475956077,218,-0.009159736169442809,-0.08786078880436801,94,True
FUTURES,NQ,fc_vol x prev_streak,eff_mfe,interaction,-0.10504613705617837,-1.2318533580066495,138,0.008286674132138858,0.07948571520053958,94,True
FUTURES,NQ,prev_streak,cost_opp_usd,main,-0.1523124958124696,-2.2649539878298643,218,-0.07601827945412802,-0.7312576714068473,94,False
FUTURES,NQ,fc_vol x prev_streak,cost_opp_usd,interaction,-0.14355677223446248,-1.691667416246744,138,-0.07669744390218516,-0.7378293792169025,94,False
FUTURES,NQ,trail_eff_5,eff_range,main,-0.16974674710225734,-2.502024005596274,213,0.04440992666979736,0.4263857278950579,94,True
FUTURES,NQ,fc_vol x trail_eff_5,eff_range,interaction,-0.1186445321686161,-1.393463439981259,138,0.00804103601488278,0.07712940156730104,94,True
FUTURES,NQ,trail_eff_5,eff_mfe,main,-0.11476976846924006,-1.6782166415881514,213,0.030018422858794205,0.28805641114184777,94,True
FUTURES,NQ,fc_vol x trail_eff_5,eff_mfe,interaction,-0.14150599844525683,-1.6670037342684711,138,-0.01671061662392082,-0.16030498768046322,94,True
FUTURES,NQ,trail_eff_5,cost_opp_usd,main,0.04181529518653122,0.6079339721124009,213,0.11386853931257918,1.09933895282206,94,False
FUTURES,NQ,fc_vol x trail_eff_5,cost_opp_usd,interaction,0.2771474952481821,3.3638377422407526,138,0.4199864175698783,4.438824578421949,94,False
FUTURES,NQ,trail_eff_20,eff_range,main,-0.11751960850244145,-1.6567548989653085,198,-0.09086442943322617,-0.8751612947433264,94,True
FUTURES,NQ,fc_vol x trail_eff_20,eff_range,interaction,-0.05553335814369767,-0.6486256178389175,138,-0.04689520644438825,-0.4502984304743185,94,True
FUTURES,NQ,trail_eff_20,eff_mfe,main,-0.14366716820032943,-2.0324245993372623,198,-0.06497128201423256,-0.6245021340164657,94,True
FUTURES,NQ,fc_vol x trail_eff_20,eff_mfe,interaction,-0.16247686868501424,-1.9203059587762101,138,-0.11018314489036593,-1.0633137966817625,94,True
FUTURES,NQ,trail_eff_20,cost_opp_usd,main,0.1541568916946833,2.1843068537152313,198,-0.08249888017323403,-0.7940081091073539,94,False
FUTURES,NQ,fc_vol x trail_eff_20,cost_opp_usd,interaction,0.3497272750140916,4.353396030604809,138,0.4846041585515234,5.313800666260152,94,False
FUTURES,NQ,eff_state,eff_range,main,-0.12869531475250426,-1.816842942575457,198,0.05547809124733591,0.5329479483185763,94,True
FUTURES,NQ,fc_vol x eff_state,eff_range,interaction,-0.13298735812999868,-1.5647846089431048,138,0.05040638659104866,0.48409646379267374,94,True
FUTURES,NQ,eff_state,eff_mfe,main,-0.04933452423420509,-0.6915254021709032,198,0.04969837084131055,0.47727981488926324,94,True
FUTURES,NQ,fc_vol x eff_state,eff_mfe,interaction,-0.029998504526964884,-0.3499971921086629,138,0.04204024130332695,0.40359263786376287,94,True
FUTURES,NQ,eff_state,cost_opp_usd,main,-0.029151384213574504,-0.4082929001694624,198,0.13726935136977375,1.3292241225619175,94,False
FUTURES,NQ,fc_vol x eff_state,cost_opp_usd,interaction,-0.0666914771449941,-0.7794850002993211,138,0.12443105466534808,1.202848982869868,94,False
FUTURES,NQ,trail_rv_5,eff_range,main,0.03467232596779761,0.503947632874267,213,0.23294440631434454,2.2975291589034668,94,True
FUTURES,NQ,fc_vol x trail_rv_5,eff_range,interaction,-0.025272324190790178,-0.2948175768662411,138,0.13149586388758444,1.272311859566791,94,True
FUTURES,NQ,trail_rv_5,eff_mfe,main,-0.08347078522517522,-1.2167293030704345,213,0.05065202470830473,0.4864615940567713,94,True
FUTURES,NQ,fc_vol x trail_rv_5,eff_mfe,interaction,-0.13736205402662216,-1.6172329609424363,138,-0.015034497706173464,-0.14422213670025466,94,True
FUTURES,NQ,trail_rv_5,cost_opp_usd,main,0.3651198124395528,5.6969886627103925,213,0.5120941523389965,5.718554990584163,94,False
FUTURES,NQ,fc_vol x trail_rv_5,cost_opp_usd,interaction,0.31811903093345834,3.9131590936218505,138,0.545681795208369,6.245874638382165,94,False
FUTURES,NQ,trail_rv_20,eff_range,main,0.043380260787091895,0.6078959039186093,198,0.15435465809341473,1.4984763513848616,94,True
FUTURES,NQ,fc_vol x trail_rv_20,eff_range,interaction,-0.00915319791136307,-0.10674818524054071,138,0.08978073185709641,0.8646383218615997,94,True
FUTURES,NQ,trail_rv_20,eff_mfe,main,-0.10265220219395008,-1.4447630671602534,198,0.07806234873388,0.7510395586952001,94,True
FUTURES,NQ,fc_vol x trail_rv_20,eff_mfe,interaction,-0.16346776228153628,-1.932337817944527,138,-0.00965935772856988,-0.09265362711965636,94,True
FUTURES,NQ,trail_rv_20,cost_opp_usd,main,0.28503936399364815,4.163260582520284,198,0.3965205831883507,4.142902840997268,94,False
FUTURES,NQ,fc_vol x trail_rv_20,cost_opp_usd,interaction,0.2858258350163479,3.4783861530983846,138,0.5072102533113141,5.645003122433839,94,False
FUTURES,NQ,vol_state,eff_range,main,-0.015783424119520845,-0.22099546619382923,198,0.1470144131777625,1.4256028154532034,94,True
FUTURES,NQ,fc_vol x vol_state,eff_range,interaction,-0.07187623433465223,-0.8403873421650299,138,0.1644980674059892,1.5996007469284372,94,True
FUTURES,NQ,vol_state,eff_mfe,main,-0.0006407984549723618,-0.008971180211498194,198,-0.009630459126539752,-0.09237640278445315,94,True
FUTURES,NQ,fc_vol x vol_state,eff_mfe,interaction,-0.019025613686216483,-0.22191504371906187,138,0.0038073908174692046,0.036519474506196366,94,True
FUTURES,NQ,vol_state,cost_opp_usd,main,0.20048697722511083,2.864987331828461,198,0.2949773866882365,2.9610791858137047,94,False
FUTURES,NQ,fc_vol x vol_state,cost_opp_usd,interaction,0.19476833787507247,2.315717289298647,138,0.2766266418209088,2.7610527991742546,94,False
FUTURES,NQ,fc_vol,eff_range,main,-0.021833881672827397,-0.25468534125349407,138,-0.010584112993533939,-0.10152493222713023,94,True
FUTURES,NQ,fc_vol,eff_mfe,main,-0.12896913960078127,-1.5166921894296035,138,-0.09142795217281366,-0.8806344771017086,94,True
FUTURES,NQ,fc_vol,cost_opp_usd,main,0.36457018131055197,4.565820823866593,138,0.5131561836364363,5.734648094999113,94,False
FUTURES,NQ,on_ret_pct,eff_range,main,0.029460770998958104,0.433171161710901,218,0.26204529855868225,2.60446162235689,94,True
FUTURES,NQ,fc_vol x on_ret_pct,eff_range,interaction,0.0524510889542888,0.6125226940599734,138,0.24937326156847164,2.4699358871382837,94,True
FUTURES,NQ,on_ret_pct,eff_mfe,main,0.0589777366066528,0.8683036228408526,218,0.09482353791135355,0.9136321626684991,94,True
FUTURES,NQ,fc_vol x on_ret_pct,eff_mfe,interaction,0.09496596371828733,1.112511907473619,138,0.09032980529566882,0.8699695720812531,94,True
FUTURES,NQ,on_ret_pct,cost_opp_usd,main,-0.11597865825047972,-1.7161120316787153,218,0.06108486135954932,0.5870015881348816,94,False
FUTURES,NQ,fc_vol x on_ret_pct,cost_opp_usd,interaction,-0.11856972923977521,-1.392572358572099,138,0.03836317135649993,0.3682376865874133,94,False
FUTURES,NQ,on_abs_ret_pct,eff_range,main,-0.004677792906457462,-0.06874998664839263,218,-0.12388108225264603,-1.1974494668347846,94,True
FUTURES,NQ,fc_vol x on_abs_ret_pct,eff_range,interaction,-0.057825653155672854,-0.675487498971764,138,-0.11444568868980963,-1.104984778380352,94,True
FUTURES,NQ,on_abs_ret_pct,eff_mfe,main,-0.015119868115970783,-0.2222411759492424,218,-0.03233031102120435,-0.3102636432853998,94,True
FUTURES,NQ,fc_vol x on_abs_ret_pct,eff_mfe,interaction,-0.08618491124772588,-1.0088338542633803,138,-0.05971173644474948,-0.573758635050123,94,True
FUTURES,NQ,on_abs_ret_pct,cost_opp_usd,main,0.17840602897334176,2.6647735100947796,218,0.15298307975026104,1.4848404950944538,94,False
FUTURES,NQ,fc_vol x on_abs_ret_pct,cost_opp_usd,interaction,0.16318749186789824,1.9289340455825654,138,0.23185515916625155,2.286174074162846,94,False
FUTURES,NQ,on_range_pct,eff_range,main,0.08080935025763478,1.1915469103351157,218,-0.1442545966838854,-1.3982665043126914,94,True
FUTURES,NQ,fc_vol x on_range_pct,eff_range,interaction,-0.017240158999426925,-0.20108296103985496,138,-0.12198822381967271,-1.1788743050079633,94,True
FUTURES,NQ,on_range_pct,eff_mfe,main,-0.016568901326456817,-0.2435455554816872,218,-0.08999747137232238,-0.8667426675126513,94,True
FUTURES,NQ,fc_vol x on_range_pct,eff_mfe,interaction,-0.10361002629071212,-1.214828366639181,138,-0.10106563594986094,-0.9743765673166591,94,True
FUTURES,NQ,on_range_pct,cost_opp_usd,main,0.42717496905459307,6.943574004263227,218,0.3020792694459463,3.039436499735086,94,False
FUTURES,NQ,fc_vol x on_range_pct,cost_opp_usd,interaction,0.3448207366921268,4.2840108223633395,138,0.41816579248855285,4.415493893206975,94,False
FUTURES,NQ,on_atr_pct,eff_range,main,0.08602285672586929,1.2689765193409182,218,-0.08116894845211862,-0.7811226291530877,94,True
FUTURES,NQ,fc_vol x on_atr_pct,eff_range,interaction,-0.029276990974659176,-0.34157187121302895,138,-0.061315608857421516,-0.5892273333710197,94,True
FUTURES,NQ,on_atr_pct,eff_mfe,main,-0.043131035285582105,-0.6344846073699487,218,-0.11092005924213415,-1.0705136178569392,94,True
FUTURES,NQ,fc_vol x on_atr_pct,eff_mfe,interaction,-0.12964039010165107,-1.524720757823669,138,-0.11362207853195103,-1.0969283531965397,94,True
FUTURES,NQ,on_atr_pct,cost_opp_usd,main,0.5068251612612197,8.640784129932287,218,0.4786076553074754,5.2283512208642975,94,False
FUTURES,NQ,fc_vol x on_atr_pct,cost_opp_usd,interaction,0.3850502412212195,4.865576134578731,138,0.4959613912016963,5.478348910525044,94,False
FUTURES,NQ,on_rv_pct,eff_range,main,0.08340162474683913,1.2300339654609087,218,-0.08683307445002347,-0.836031386263728,94,True
FUTURES,NQ,fc_vol x on_rv_pct,eff_range,interaction,-0.03396204014256066,-0.3962906554019262,138,-0.05953834483256873,-0.5720866126296847,94,True
FUTURES,NQ,on_rv_pct,eff_mfe,main,-0.04859531519802644,-0.7150471493769137,218,-0.12159809269226601,-1.175047466629496,94,True
FUTURES,NQ,fc_vol x on_rv_pct,eff_mfe,interaction,-0.12707411267655716,-1.4940379052686021,138,-0.10470685980565689,-1.0098640101586975,94,True
FUTURES,NQ,on_rv_pct,cost_opp_usd,main,0.4758631174336745,7.951764701498649,218,0.4690349242251096,5.093895796747768,94,False
FUTURES,NQ,fc_vol x on_rv_pct,cost_opp_usd,interaction,0.3842785288187885,4.85413312810061,138,0.5014955134727093,5.559867100939598,94,False
FUTURES,NQ,on_closeloc,eff_range,main,0.021325459982620608,0.3134902648375033,218,0.16335657262579925,1.5881952796096739,94,True
FUTURES,NQ,fc_vol x on_closeloc,eff_range,interaction,0.07174381091762577,0.8388310102887242,138,0.14883502510566052,1.4436547786897878,94,True
FUTURES,NQ,on_closeloc,eff_mfe,main,0.09015919678826505,1.330482735133724,218,0.02296716396344327,0.22035142219417903,94,True
FUTURES,NQ,fc_vol x on_closeloc,eff_mfe,interaction,0.06853832920275203,0.8011713684395266,138,-0.035249069826247155,-0.33830743878170455,94,True
FUTURES,NQ,on_closeloc,cost_opp_usd,main,-0.09994023149929855,-1.47620614299379,218,0.011364457352876531,0.10901108530323256,94,False
FUTURES,NQ,fc_vol x on_closeloc,cost_opp_usd,interaction,0.04975718457449012,0.5809831375112754,138,0.17777825942926437,1.7327915397098204,94,False
FUTURES,NQ,on_upper_wick,eff_range,main,0.04852234230253434,0.7139708667201196,218,0.05530469963515514,0.5312771507660067,94,True
FUTURES,NQ,fc_vol x on_upper_wick,eff_range,interaction,0.03486617243812059,0.406853319304905,138,0.07433442907199364,0.7149688512637205,94,True
FUTURES,NQ,on_upper_wick,eff_mfe,main,-0.06477562565588753,-0.9540069377527873,218,0.00016616696167322907,0.0015938175278549507,94,True
FUTURES,NQ,fc_vol x on_upper_wick,eff_mfe,interaction,-0.08646345737393715,-1.01211888331755,138,-0.026680634324314563,-0.256002789123128,94,True
FUTURES,NQ,on_upper_wick,cost_opp_usd,main,-0.014151582649150514,-0.20800576867832277,218,-0.0018639732975474542,-0.017878634856742234,94,False
FUTURES,NQ,fc_vol x on_upper_wick,cost_opp_usd,interaction,0.15079442997323794,1.7788915062197332,138,0.1324071264502023,1.2812857296094613,94,False
FUTURES,NQ,on_lower_wick,eff_range,main,0.03315229100209745,0.4875051564263299,218,-0.05358523281436261,-0.5147109933540999,94,True
FUTURES,NQ,fc_vol x on_lower_wick,eff_range,interaction,0.04506277554915762,0.5260521392489967,138,-0.03910703319726909,-0.3753886472162385,94,True
FUTURES,NQ,on_lower_wick,eff_mfe,main,0.04975827714369072,0.7322013221924334,218,-0.08531589784344182,-0.8213159018734509,94,True
FUTURES,NQ,fc_vol x on_lower_wick,eff_mfe,interaction,0.007671434295654312,0.08946616130582902,138,-0.09605172849763394,-0.9255753571940692,94,True
FUTURES,NQ,on_lower_wick,cost_opp_usd,main,0.11333837002851617,1.6765298576603669,218,-0.05122314216903664,-0.4919609498890999,94,False
FUTURES,NQ,fc_vol x on_lower_wick,cost_opp_usd,interaction,0.24229942898101178,2.912459499257802,138,0.09263513806648625,0.8923620794715295,94,False
FUTURES,NQ,on_eff,eff_range,main,-0.062120186324072534,-0.9147432206584448,218,-0.058454647256438966,-0.5616376437628633,94,True
FUTURES,NQ,fc_vol x on_eff,eff_range,interaction,-0.09876275431574764,-1.1574203576360662,138,-0.058945923490951124,-0.5663742605184169,94,True
FUTURES,NQ,on_eff,eff_mfe,main,-0.010816204731829406,-0.15897439478061054,218,0.03429541595925297,0.3291436962601767,94,True
FUTURES,NQ,fc_vol x on_eff,eff_mfe,interaction,-0.08288117153766286,-0.969889213424555,138,-0.01581475996098689,-0.1517088215866875,94,True
FUTURES,NQ,on_eff,cost_opp_usd,main,-0.09527339593068454,-1.4066257746935267,218,0.09663762336432072,0.9312742270729107,94,False
FUTURES,NQ,fc_vol x on_eff,cost_opp_usd,interaction,0.03825227689446187,0.4464211023117088,138,0.2224052480298482,2.188037098843025,94,False
FUTURES,NQ,on_range_over_prev,eff_range,main,0.09261803764615247,1.363909490178145,217,-0.22570530650579776,-2.2222325717744207,94,True
FUTURES,NQ,fc_vol x on_range_over_prev,eff_range,interaction,0.043733975054168026,0.5105098591339615,138,-0.2342014955026551,-2.310645316599171,94,True
FUTURES,NQ,on_range_over_prev,eff_mfe,main,0.0412292195813855,0.6050534974456395,217,0.0004985008850196871,0.004781453111656485,94,True
FUTURES,NQ,fc_vol x on_range_over_prev,eff_mfe,interaction,-0.023441254736155603,-0.27344479568782065,138,-0.06487013690712712,-0.6235258184233861,94,True
FUTURES,NQ,on_range_over_prev,cost_opp_usd,main,0.15364271309226746,2.2799150478751553,217,-0.04282803762736941,-0.4111693707672208,94,False
FUTURES,NQ,fc_vol x on_range_over_prev,cost_opp_usd,interaction,0.25988214262338083,3.138560402988986,138,0.14827257358746668,1.4380762946538603,94,False
FUTURES,NQ,on_vol_ratio,eff_range,main,-0.007568221046781361,-0.10595812923165705,198,-0.3045117942419535,-3.0664023717771363,94,True
FUTURES,NQ,fc_vol x on_vol_ratio,eff_range,interaction,-0.02813540979339663,-0.3282423863625075,138,-0.2182061192789799,-2.1446395836810535,94,True
FUTURES,NQ,on_vol_ratio,eff_mfe,main,-0.04130947048327256,-0.5788266734995058,198,-0.18826716757576853,-1.838674688535134,94,True
FUTURES,NQ,fc_vol x on_vol_ratio,eff_mfe,interaction,-0.09225813006511889,-1.080513693408595,138,-0.15750460571469854,-1.5298260081370976,94,True
FUTURES,NQ,on_vol_ratio,cost_opp_usd,main,0.2764693378282436,4.027553742231481,198,0.08360425968689589,0.8047211884886254,94,False
FUTURES,NQ,fc_vol x on_vol_ratio,cost_opp_usd,interaction,0.35350820915144565,4.407141587457928,138,0.3316644270174844,3.3720819379456923,94,False
FUTURES,NQ,open1_ret_pct,eff_range,main,0.11866142265830915,1.756368767074483,218,-0.04740093197991547,-0.4551653990119524,94,True
FUTURES,NQ,fc_vol x open1_ret_pct,eff_range,interaction,0.10054362095851721,1.1785019146307563,138,-0.05361413141639273,-0.5149893778121584,94,True
FUTURES,NQ,open1_ret_pct,eff_mfe,main,0.024822367466599295,0.36492524866167453,218,-0.003157172271791352,-0.030282683536456544,94,True
FUTURES,NQ,fc_vol x open1_ret_pct,eff_mfe,interaction,-0.015105419434538374,-0.17617804889350075,138,-0.007333020265144673,-0.07033775066524953,94,True
FUTURES,NQ,open1_ret_pct,cost_opp_usd,main,-0.054464610194908586,-0.8016529162859942,218,-0.06778938546855721,-0.6517121070128528,94,False
FUTURES,NQ,fc_vol x open1_ret_pct,cost_opp_usd,interaction,-0.09281782336102175,-1.0871255294457507,138,-0.06237085844080299,-0.599407278477079,94,False
FUTURES,NQ,open1_absret_pct,eff_range,main,0.03689821268581297,0.5426602968819886,218,-0.05397536394176932,-0.518469293260645,94,True
FUTURES,NQ,fc_vol x open1_absret_pct,eff_range,interaction,-0.03298484665139992,-0.3848755374598805,138,-0.05650399161940541,-0.5428344953078169,94,True
FUTURES,NQ,open1_absret_pct,eff_mfe,main,0.08723330506116624,1.286968556820275,218,-0.04842683235198497,-0.46503947395478845,94,True
FUTURES,NQ,fc_vol x open1_absret_pct,eff_mfe,interaction,0.05233470741815124,0.6111598561154988,138,-0.06054979590362316,-0.5818408142797159,94,True
FUTURES,NQ,open1_absret_pct,cost_opp_usd,main,0.2562255217815495,3.895783551492078,218,0.12873697747673676,1.2451629923722085,94,False
FUTURES,NQ,fc_vol x open1_absret_pct,cost_opp_usd,interaction,0.2986093194578002,3.6488294019422405,138,0.2467958443574459,2.442742730414494,94,False
FUTURES,NQ,open1_range_pct,eff_range,main,-0.0037685277259277834,-0.05538621335371732,218,-0.09480908861033847,-0.9134916796647338,94,True
FUTURES,NQ,fc_vol x open1_range_pct,eff_range,interaction,-0.07511832488943786,-0.8785047811575185,138,-0.09320521619766643,-0.8979016664780685,94,True
FUTURES,NQ,open1_range_pct,eff_mfe,main,-0.09916031942437543,-1.4645712950175969,218,-0.19880070801574976,-1.9456650003263531,94,True
FUTURES,NQ,fc_vol x open1_range_pct,eff_mfe,interaction,-0.14085301326413865,-1.659155205384219,138,-0.1877469927392262,-1.8334086217325607,94,True
FUTURES,NQ,open1_range_pct,cost_opp_usd,main,0.3884928293773409,6.196369180034203,218,0.14318638288408136,1.3876947031209639,94,False
FUTURES,NQ,fc_vol x open1_range_pct,cost_opp_usd,interaction,0.34256039563175217,4.252181156379073,138,0.334474836369213,3.404238105758081,94,False
FUTURES,NQ,open1_closeloc,eff_range,main,0.12225384072210525,1.8103367522832017,218,-0.03178857706402659,-0.305059492275708,94,True
FUTURES,NQ,fc_vol x open1_closeloc,eff_range,interaction,0.038857140247814434,0.45349071812116964,138,-0.015923187238435135,-0.1527492124674163,94,True
FUTURES,NQ,open1_closeloc,eff_mfe,main,-0.03099334495910881,-0.4557262184593442,218,-0.06796975750417321,-0.6534542013339785,94,True
FUTURES,NQ,fc_vol x open1_closeloc,eff_mfe,interaction,-0.16431709964998367,-1.942655621000521,138,-0.09951269556361414,-0.959253699475868,94,True
FUTURES,NQ,open1_closeloc,cost_opp_usd,main,-0.0831376273778051,-1.226113305318689,218,-0.0879682978905919,-0.8470460368820941,94,False
FUTURES,NQ,fc_vol x open1_closeloc,cost_opp_usd,interaction,-0.029092187667973807,-0.3394139564340174,138,0.06003027161407098,0.5768304186762568,94,False
FUTURES,NQ,open1_vol_share,eff_range,main,0.006494006668330757,0.09544402890171375,218,-0.03042300328721598,-0.29194233261928415,94,True
FUTURES,NQ,fc_vol x open1_vol_share,eff_range,interaction,-0.06935562308642453,-0.8107709405055873,138,-0.10272730556659322,-0.99056623593512,94,True
FUTURES,NQ,open1_vol_share,eff_mfe,main,-0.10135993098849452,-1.497392508636223,218,-0.16738792760900192,-1.6285049968082401,94,True
FUTURES,NQ,fc_vol x open1_vol_share,eff_mfe,interaction,-0.2208140168065212,-2.6402847848333257,138,-0.3005382364628111,-3.0223871594045595,94,True
FUTURES,NQ,open1_vol_share,cost_opp_usd,main,-0.2844898757015228,-4.361345142710132,218,-0.5812273325104368,-6.8509945515127155,94,False
FUTURES,NQ,fc_vol x open1_vol_share,cost_opp_usd,interaction,0.021021171861484448,0.24520106569001218,138,-0.0979236204455744,-0.9437862715420929,94,False
FUTURES,NQ,open5_ret_pct,eff_range,main,0.09636823744685617,1.4229407764968223,218,0.09827692085395369,0.9472245233300627,94,True
FUTURES,NQ,fc_vol x open5_ret_pct,eff_range,interaction,0.08652043772788813,1.0127909096013794,138,0.10937398403352239,1.0554101549036832,94,True
FUTURES,NQ,open5_ret_pct,eff_mfe,main,0.08934375340250704,1.318351932027178,218,0.044395477368782285,0.42624672418158005,94,True
FUTURES,NQ,fc_vol x open5_ret_pct,eff_mfe,interaction,0.12535488945494178,1.4734996769745,138,0.05284831846259437,0.5076126259359208,94,True
FUTURES,NQ,open5_ret_pct,cost_opp_usd,main,-0.013998107330876529,-0.20574948093741272,218,0.16082188218374546,1.5628927831079897,94,False
FUTURES,NQ,fc_vol x open5_ret_pct,cost_opp_usd,interaction,-0.019566790795364584,-0.22822972584789106,138,0.1438077073165972,1.3938431652264969,94,False
FUTURES,NQ,open5_absret_pct,eff_range,main,0.09249835738591784,1.3652959118857027,218,0.14591626630061771,1.4147215029758278,94,True
FUTURES,NQ,fc_vol x open5_absret_pct,eff_range,interaction,0.03309443844480112,0.38615568198361344,138,0.11892497200447928,1.1488413062571672,94,True
FUTURES,NQ,open5_absret_pct,eff_mfe,main,0.1218439213560453,1.80417502955641,218,0.033052776071957515,0.3172044088764787,94,True
FUTURES,NQ,fc_vol x open5_absret_pct,eff_mfe,interaction,0.04339383339976365,0.5065318408953909,138,-0.016320485496514107,-0.15656144974516437,94,True
FUTURES,NQ,open5_absret_pct,cost_opp_usd,main,0.23494117551810906,3.552347663275069,218,0.20178594651356746,1.9761121322783743,94,False
FUTURES,NQ,fc_vol x open5_absret_pct,cost_opp_usd,interaction,0.2615511419315969,3.1601917322954582,138,0.29477509501253363,2.9588552025581727,94,False
FUTURES,NQ,open5_range_pct,eff_range,main,0.02078858194593173,0.3055945502530002,218,-0.011754506375754072,-0.11275305416040575,94,True
FUTURES,NQ,fc_vol x open5_range_pct,eff_range,interaction,-0.08621449397130977,-1.0091827262898347,138,-0.013127189972185095,-0.12592243310275136,94,True
FUTURES,NQ,open5_range_pct,eff_mfe,main,-0.01273666601319299,-0.18720518161666372,218,-0.08440559187949284,-0.8124893804599681,94,True
FUTURES,NQ,fc_vol x open5_range_pct,eff_mfe,interaction,-0.09849117043033802,-1.1542063919829948,138,-0.10190369540873462,-0.9825407528040077,94,True
FUTURES,NQ,open5_range_pct,cost_opp_usd,main,0.4154060217356213,6.711691330295731,218,0.29366249079616813,2.946631070425863,94,False
FUTURES,NQ,fc_vol x open5_range_pct,cost_opp_usd,interaction,0.3400785868109165,4.217329146036594,138,0.4329330848148591,4.606643239360575,94,False
FUTURES,NQ,open5_closeloc,eff_range,main,0.05720150023051135,0.8420656816179605,218,0.13714554058447423,1.328002229304719,94,True
FUTURES,NQ,fc_vol x open5_closeloc,eff_range,interaction,0.009824447645945445,0.11457729285436617,138,0.09274283856518441,0.893408563263322,94,True
FUTURES,NQ,open5_closeloc,eff_mfe,main,0.0709818190242216,1.0458534766624534,218,0.0486146732651808,0.46684756202256733,94,True
FUTURES,NQ,fc_vol x open5_closeloc,eff_mfe,interaction,0.01877446553963256,0.21898460813580492,138,-0.04381750532817975,-0.4206867944911825,94,True
FUTURES,NQ,open5_closeloc,cost_opp_usd,main,-0.037148277181326746,-0.546343048852692,218,0.13379426936930738,1.2949522986090256,94,False
FUTURES,NQ,fc_vol x open5_closeloc,cost_opp_usd,interaction,0.08916246372702191,1.0439620746012814,138,0.2815755631729243,2.81466179407004,94,False
FUTURES,NQ,open5_vol_share,eff_range,main,0.019105572637257054,0.2808446872800576,218,-0.08141458656937471,-0.7835022563301385,94,True
FUTURES,NQ,fc_vol x open5_vol_share,eff_range,interaction,-0.07789465032226836,-0.9111684157535695,138,-0.14285301448542426,-1.3843964687140475,94,True
FUTURES,NQ,open5_vol_share,eff_mfe,main,-0.04676114726133209,-0.6879983053307887,218,-0.1786439330997363,-1.7415066542453188,94,True
FUTURES,NQ,fc_vol x open5_vol_share,eff_mfe,interaction,-0.19059404527756868,-2.2641945017048104,138,-0.30987248491854213,-3.1260631522998428,94,True
FUTURES,NQ,open5_vol_share,cost_opp_usd,main,-0.2662089435562867,-4.0589212192114275,218,-0.5980464404045859,-7.157249978516992,94,False
FUTURES,NQ,fc_vol x open5_vol_share,cost_opp_usd,interaction,0.02609894814256856,0.304467134584675,138,-0.09579233314799107,-0.9230525864395689,94,False
FUTURES,NQ,open15_ret_pct,eff_range,main,0.17033664240222068,2.5405550025447794,218,0.21469493913231946,2.10844808307026,94,True
FUTURES,NQ,fc_vol x open15_ret_pct,eff_range,interaction,0.10744333761806804,1.2602894174851351,138,0.22904309504027745,2.2569010077689264,94,True
FUTURES,NQ,open15_ret_pct,eff_mfe,main,0.022030285489080037,0.32385634871848884,218,0.009254777300148105,0.08877250723868502,94,True
FUTURES,NQ,fc_vol x open15_ret_pct,eff_mfe,interaction,0.016105445690936165,0.1878445217791964,138,0.011479969656467868,0.11011925726153789,94,True
FUTURES,NQ,open15_ret_pct,cost_opp_usd,main,0.004895571659232707,0.07195077759980938,218,0.03805250914024202,0.3652513823533103,94,False
FUTURES,NQ,fc_vol x open15_ret_pct,cost_opp_usd,interaction,-0.016333818127192326,-0.1905088304826219,138,0.05102807519603748,0.49008257338884326,94,False
FUTURES,NQ,open15_absret_pct,eff_range,main,0.12844442102105266,1.9035070538938257,218,0.10661416753964527,1.0284689635217439,94,True
FUTURES,NQ,fc_vol x open15_absret_pct,eff_range,interaction,0.1014888501766026,1.189695991529409,138,0.09881154499151104,0.9524280710038119,94,True
FUTURES,NQ,open15_absret_pct,eff_mfe,main,0.22376443422696146,3.3742111236852375,218,0.3331358595527942,3.3889051192061417,94,True
FUTURES,NQ,fc_vol x open15_absret_pct,eff_mfe,interaction,0.13762918432798868,1.6204386843554053,138,0.2894700718852726,2.9006862848545065,94,True
FUTURES,NQ,open15_absret_pct,cost_opp_usd,main,0.29408179073999574,4.5220666010504,218,0.40782724291959777,4.284214952540704,94,False
FUTURES,NQ,fc_vol x open15_absret_pct,cost_opp_usd,interaction,0.35091909120956194,4.370311195893291,138,0.4962287052017321,5.482265913617575,94,False
FUTURES,NQ,open15_range_pct,eff_range,main,0.08480664215318626,1.2509044745562627,218,0.05284831846259437,0.5076126259359208,94,True
FUTURES,NQ,fc_vol x open15_range_pct,eff_range,interaction,-0.01738628139062853,-0.2027877927834985,138,0.018401184842683237,0.17652785368373297,94,True
FUTURES,NQ,open15_range_pct,eff_mfe,main,0.05811827805974581,0.85560698463651,218,0.20186395983094316,1.976908573289401,94,True
FUTURES,NQ,fc_vol x open15_range_pct,eff_mfe,interaction,-0.047967012832559955,-0.5600313294000481,138,0.09254054835097353,0.8914430141117592,94,True
FUTURES,NQ,open15_range_pct,cost_opp_usd,main,0.48808032838262916,8.21871806529601,218,0.5643143034811399,6.556413149604031,94,False
FUTURES,NQ,fc_vol x open15_range_pct,cost_opp_usd,interaction,0.4081331181105002,5.213596484766693,138,0.6112965451631209,7.408817835389878,94,False
FUTURES,NQ,open15_closeloc,eff_range,main,0.11619492461639297,1.7193558346899847,218,0.2222310523839677,2.1862342808846584,94,True
FUTURES,NQ,fc_vol x open15_closeloc,eff_range,interaction,0.06160657002801438,0.7198171771196786,138,0.20250768525106028,1.983481890248473,94,True
FUTURES,NQ,open15_closeloc,eff_mfe,main,-0.03903589980002589,-0.5741458258613176,218,0.03750329625894591,0.3599722198950438,94,True
FUTURES,NQ,fc_vol x open15_closeloc,eff_mfe,interaction,-0.07321881738908873,-0.8561688466214368,138,0.0006863442775187557,0.006583184594505005,94,True
FUTURES,NQ,open15_closeloc,cost_opp_usd,main,-0.018051024491854903,-0.2653380283624292,218,0.025185404603039044,0.24164656556687908,94,False
FUTURES,NQ,fc_vol x open15_closeloc,cost_opp_usd,interaction,0.08513951327411265,0.9965070901835386,138,0.14683538816757472,1.423828526894366,94,False
FUTURES,NQ,open15_vol_share,eff_range,main,0.007361573063511303,0.10819551800539995,218,-0.06797673662536576,-0.653521609346939,94,True
FUTURES,NQ,fc_vol x open15_vol_share,eff_range,interaction,-0.09135617561171627,-1.0698607875436248,138,-0.1259762308998302,-1.2180252489615406,94,True
FUTURES,NQ,open15_vol_share,eff_mfe,main,-0.08347751754317986,-1.231161107727742,218,-0.13188599501499115,-1.2761533633602997,94,True
FUTURES,NQ,fc_vol x open15_vol_share,eff_mfe,interaction,-0.1980668442209248,-2.3565226949149918,138,-0.2509771339811437,-2.4868858171498043,94,True
FUTURES,NQ,open15_vol_share,cost_opp_usd,main,-0.2450693172539499,-3.7150572663781647,218,-0.5240365859081668,-5.9016172560844185,94,False
FUTURES,NQ,fc_vol x open15_vol_share,cost_opp_usd,interaction,0.07000664403354362,0.8184187171170778,138,0.07048419957702698,0.6777463180584983,94,False
FUTURES,NQ,open30_ret_pct,eff_range,main,0.140099231526135,2.079539306750802,218,0.16274970198316657,1.5821342849450606,94,True
FUTURES,NQ,fc_vol x open30_ret_pct,eff_range,interaction,0.1033108137418976,1.2112821936142573,138,0.15540945706751436,1.5089689062171041,94,True
FUTURES,NQ,open30_ret_pct,eff_mfe,main,-0.05520631203963239,-0.8126030155047802,218,-0.009688256330600007,-0.0929308516870361,94,True
FUTURES,NQ,fc_vol x open30_ret_pct,eff_mfe,interaction,-0.03733431357218432,-0.43569292431847484,138,-0.013502871798576743,-0.12952680514433024,94,True
FUTURES,NQ,open30_ret_pct,cost_opp_usd,main,-0.027539255645117052,-0.40489631331025966,218,-0.02848700276057989,-0.2733486666947117,94,False
FUTURES,NQ,fc_vol x open30_ret_pct,cost_opp_usd,interaction,-0.03588462671303911,-0.4187527664245568,138,-0.022093140867829902,-0.21196169914095997,94,False
FUTURES,NQ,open30_absret_pct,eff_range,main,0.20594161359241406,3.0930121605868193,218,0.1506122891305133,1.4612914131549695,94,True
FUTURES,NQ,fc_vol x open30_absret_pct,eff_range,interaction,0.15462717100201145,1.8251990551978003,138,0.1392840371347036,1.349116099815307,94,True
FUTURES,NQ,open30_absret_pct,eff_mfe,main,0.3640386096115302,5.744412463324959,218,0.3893291912003757,4.054195811601819,94,True
FUTURES,NQ,fc_vol x open30_absret_pct,eff_mfe,interaction,0.2765232420487727,3.355632863992771,138,0.33621356066900265,3.4241833750225106,94,True
FUTURES,NQ,open30_absret_pct,cost_opp_usd,main,0.4780673698570791,7.999477820752227,218,0.43058505643616557,4.575953417904339,94,False
FUTURES,NQ,fc_vol x open30_absret_pct,cost_opp_usd,interaction,0.5075036473738201,6.868753435167774,138,0.5039591370946616,5.596448245654841,94,False
FUTURES,NQ,open30_range_pct,eff_range,main,0.11395061821345029,1.685705207291899,218,0.10096449084275548,0.9733913766709162,94,True
FUTURES,NQ,fc_vol x open30_range_pct,eff_range,interaction,0.012605339403501,0.14701393568291884,138,0.07576490987248492,0.7288062880173282,94,True
FUTURES,NQ,open30_range_pct,eff_mfe,main,0.11463752306827184,1.6960017027350902,218,0.26772387385760216,2.6652088204793625,94,True
FUTURES,NQ,fc_vol x open30_range_pct,eff_mfe,interaction,-0.021438919058391067,-0.25007608891180366,138,0.1621428313405339,1.5760751347605628,94,True
FUTURES,NQ,open30_range_pct,cost_opp_usd,main,0.5754210796881498,10.34034675949947,218,0.6792015258749369,8.876157698365784,94,False
FUTURES,NQ,fc_vol x open30_range_pct,cost_opp_usd,interaction,0.4878432464941371,6.5173299804199125,138,0.6862383863083137,9.049186325928869,94,False
FUTURES,NQ,open30_closeloc,eff_range,main,0.08840316238954889,1.3043627092659065,218,0.1332442293104071,1.2895322082885365,94,True
FUTURES,NQ,fc_vol x open30_closeloc,eff_range,interaction,0.06325957957848255,0.7392076847136569,138,0.14572842538742187,1.4128607622348943,94,True
FUTURES,NQ,open30_closeloc,eff_mfe,main,-0.1274419496272789,-1.8884044818261039,218,-0.019383737311707547,-0.18595721494483483,94,True
FUTURES,NQ,fc_vol x open30_closeloc,eff_mfe,interaction,-0.15920052695457854,-1.8805654578633564,138,-0.06888704258931473,-0.6623146517021682,94,True
FUTURES,NQ,open30_closeloc,cost_opp_usd,main,-0.08906025352440886,-1.3141351222572255,218,-0.0950481887695128,-0.9158164005905833,94,False
FUTURES,NQ,fc_vol x open30_closeloc,cost_opp_usd,interaction,0.01735667953633157,0.2024424224857189,138,0.04459086508706546,0.42812639620186,94,False
FUTURES,NQ,open30_vol_share,eff_range,main,0.0002727795541589036,0.004009024468872339,218,-0.06511577502438319,-0.6258969041162828,94,True
FUTURES,NQ,fc_vol x open30_vol_share,eff_range,interaction,-0.06393996196251503,-0.7471906257405578,138,-0.09947621283820396,-0.958898508408037,94,True
FUTURES,NQ,open30_vol_share,eff_mfe,main,-0.06303699870589205,-0.9282970963591636,218,-0.03454105407650905,-0.33150396710590585,94,True
FUTURES,NQ,fc_vol x open30_vol_share,eff_mfe,interaction,-0.1944274792604269,-2.3115052541956014,138,-0.193165480619875,-1.8883428890111367,94,True
FUTURES,NQ,open30_vol_share,cost_opp_usd,main,-0.1968931392222909,-2.951502137855183,218,-0.4193939919481772,-4.431225733809193,94,False
FUTURES,NQ,fc_vol x open30_vol_share,cost_opp_usd,interaction,0.1172728870960451,1.377127681899544,138,0.1711748811581079,1.6664474449027389,94,False
