panel,symbol,predictor,target,kind,pred_family,rho_search,t_search,n_search,rho_hold,t_hold,n_hold
ETF,DIA,gap_pct,eff_range,main,prior RTH,0.01409574278159785,0.5982572520683523,1803,-0.033624185159183036,-0.9341671689295775,773
ETF,DIA,fc_vol x gap_pct,eff_range,interaction,prior RTH,0.006776787962291045,0.2811410776057628,1723,-0.04045564258026149,-1.124247627829994,773
ETF,DIA,gap_pct,eff_mfe,main,prior RTH,0.05581154844896052,2.37223867579149,1803,-0.04340100902023467,-1.206247510565836,773
ETF,DIA,fc_vol x gap_pct,eff_mfe,interaction,prior RTH,0.04438080122871126,1.8429506276524292,1723,-0.04958535900093048,-1.378526788303021,773
ETF,DIA,gap_pct,rest1_eff_range,main,prior RTH,0.019532943718653578,0.8291009645626888,1803,-0.03580243534542698,-0.9947599209676358,773
ETF,DIA,fc_vol x gap_pct,rest1_eff_range,interaction,prior RTH,0.007123788680520111,0.295537423909211,1723,-0.042126745141168494,-1.1707678819773812,773
ETF,DIA,gap_pct,rest1_eff_mfe,main,prior RTH,0.05839778012976577,2.482532815964609,1803,-0.03518696275217261,-0.9776378150135959,773
ETF,DIA,fc_vol x gap_pct,rest1_eff_mfe,interaction,prior RTH,0.04359283267248379,1.8101666976996378,1723,-0.0389631935512422,-1.0827087416149388,773
ETF,DIA,gap_pct,rest1_eff_vol,main,prior RTH,0.03682605885196437,1.5638920979641453,1803,-0.03435163244073755,-0.9544011672368184,773
ETF,DIA,fc_vol x gap_pct,rest1_eff_vol,interaction,prior RTH,0.0266052673879715,1.1041086775907105,1723,-0.04079655555271,-1.1337372037029185,773
ETF,DIA,gap_pct,rest5_eff_range,main,prior RTH,0.014196988667319818,0.6025552343456694,1803,-0.028990164302153388,-0.8053050814075823,773
ETF,DIA,fc_vol x gap_pct,rest5_eff_range,interaction,prior RTH,0.007099538197109916,0.29453131780612857,1723,-0.03222807114377304,-0.8953382934605244,773
ETF,DIA,gap_pct,rest5_eff_mfe,main,prior RTH,0.035421469002472596,1.5041669645541123,1803,-0.018900976933770353,-0.524915056578291,773
ETF,DIA,fc_vol x gap_pct,rest5_eff_mfe,interaction,prior RTH,0.028166206020801294,1.1689370544502038,1723,-0.018363964958422782,-0.5099961369300346,773
ETF,DIA,gap_pct,rest5_eff_vol,main,prior RTH,0.03307809452951564,1.4045430799555967,1803,-0.031710790966614215,-0.880952984875145,773
ETF,DIA,fc_vol x gap_pct,rest5_eff_vol,interaction,prior RTH,0.027115072628789767,1.1252808250217319,1723,-0.03638126231679476,-1.0108635998596998,773
ETF,DIA,gap_pct,rest15_eff_range,main,prior RTH,0.0024974793862123966,0.10598883612997574,1803,-0.0538842544471077,-1.498374847661455,773
ETF,DIA,fc_vol x gap_pct,rest15_eff_range,interaction,prior RTH,5.409728523514562e-05,0.0022442224745080792,1723,-0.05886576147067289,-1.6373582630771957,773
ETF,DIA,gap_pct,rest15_eff_mfe,main,prior RTH,0.04396822688501044,1.8677382155862596,1803,-0.06208511878882938,-1.7272425582935065,773
ETF,DIA,fc_vol x gap_pct,rest15_eff_mfe,interaction,prior RTH,0.04010088349034705,1.6649218293234143,1723,-0.06655239855413098,-1.8520590557765315,773
ETF,DIA,gap_pct,rest15_eff_vol,main,prior RTH,0.02127721331778486,0.9031708936719552,1803,-0.045065203210741867,-1.2525929688610482,773
ETF,DIA,fc_vol x gap_pct,rest15_eff_vol,interaction,prior RTH,0.020165214286018387,0.8367227828038407,1723,-0.05136845596463157,-1.4282276894434591,773
ETF,DIA,gap_pct,rest30_eff_range,main,prior RTH,-0.0020557685920736,-0.08724328317484309,1803,-0.03509358992546822,-0.9750403325823422,773
ETF,DIA,fc_vol x gap_pct,rest30_eff_range,interaction,prior RTH,-0.0068089196246745205,-0.28247414986302494,1723,-0.03903615936515052,-1.0847394062303717,773
ETF,DIA,gap_pct,rest30_eff_mfe,main,prior RTH,0.058680886371447694,2.4946093562503857,1803,-0.03385330551237149,-0.9405400061033483,773
ETF,DIA,fc_vol x gap_pct,rest30_eff_mfe,interaction,prior RTH,0.047650030788732055,1.9790064955622402,1723,-0.03228200637367234,-0.8968382470723271,773
ETF,DIA,gap_pct,rest30_eff_vol,main,prior RTH,0.014825051023744856,0.629217486444033,1803,-0.024769930670441982,-0.6879949516775714,773
ETF,DIA,fc_vol x gap_pct,rest30_eff_vol,interaction,prior RTH,0.012151116472869344,0.5041255200125884,1723,-0.03078817997152265,-0.8552973760701913,773
ETF,DIA,abs_gap_pct,eff_range,main,prior RTH,0.07297279675060038,3.1051118796675374,1803,0.0021022317127823535,0.058372558884485795,773
ETF,DIA,fc_vol x abs_gap_pct,eff_range,interaction,prior RTH,0.07859273725878964,3.2705311401786488,1723,0.0019008067565719196,0.052779581298796785,773
ETF,DIA,abs_gap_pct,eff_mfe,main,prior RTH,0.05206587879964882,2.212582706608339,1803,3.795721442529228e-05,0.0010539536751971615,773
ETF,DIA,fc_vol x abs_gap_pct,eff_mfe,interaction,prior RTH,0.039000122311895584,1.6191494575654728,1723,-0.010155477400769433,-0.28200053317538865,773
ETF,DIA,abs_gap_pct,rest1_eff_range,main,prior RTH,0.06717611128737178,2.8572868262831768,1803,-0.018916825015270224,-0.5253553445766417,773
ETF,DIA,fc_vol x abs_gap_pct,rest1_eff_range,interaction,prior RTH,0.07681891460772254,3.196272624379672,1723,-0.015889332301206878,-0.44125299588409367,773
ETF,DIA,abs_gap_pct,rest1_eff_mfe,main,prior RTH,0.04152638447552205,1.76382607168252,1803,-0.024928968832371837,-0.6924150397658008,773
ETF,DIA,fc_vol x abs_gap_pct,rest1_eff_mfe,interaction,prior RTH,0.023779362922406094,0.9867643997515667,1723,-0.023944706680168525,-0.6650606419975372,773
ETF,DIA,abs_gap_pct,rest1_eff_vol,main,prior RTH,0.09081993247077483,3.870227954777207,1803,0.006231196502625725,0.17302428673892772,773
ETF,DIA,fc_vol x abs_gap_pct,rest1_eff_vol,interaction,prior RTH,0.09906988674866113,4.1302267545902716,1723,0.0038740594683086523,0.10757137777088853,773
ETF,DIA,abs_gap_pct,rest5_eff_range,main,prior RTH,0.06678901803228637,2.840748108160543,1803,-0.023904294540912113,-0.6639375585924547,773
ETF,DIA,fc_vol x abs_gap_pct,rest5_eff_range,interaction,prior RTH,0.07792288425605962,3.2424850807114622,1723,-0.020820554563463236,-0.5782473281065624,773
ETF,DIA,abs_gap_pct,rest5_eff_mfe,main,prior RTH,0.03041418515811463,1.2913203674960037,1803,-0.015689401106747387,-0.43569945236888286,773
ETF,DIA,fc_vol x abs_gap_pct,rest5_eff_mfe,interaction,prior RTH,0.013975814578319614,0.5798424188198642,1723,-0.017870781681788878,-0.49629522711142426,773
ETF,DIA,abs_gap_pct,rest5_eff_vol,main,prior RTH,0.08646346143773447,3.68314613406697,1803,0.00600241433257683,0.16667136154866372,773
ETF,DIA,fc_vol x abs_gap_pct,rest5_eff_vol,interaction,prior RTH,0.09775624317157625,4.074928919160068,1723,0.002917570214104687,0.08101218652873841,773
ETF,DIA,abs_gap_pct,rest15_eff_range,main,prior RTH,0.05146573977419961,2.1870111741201983,1803,0.026761850199028603,0.7433595072641185,773
ETF,DIA,fc_vol x abs_gap_pct,rest15_eff_range,interaction,prior RTH,0.06785006344155639,2.821257113813171,1723,0.02910755591892125,0.808568811350827,773
ETF,DIA,abs_gap_pct,rest15_eff_mfe,main,prior RTH,0.013734015258151015,0.5829017307458535,1803,0.015485027491596914,0.43002256454188703,773
ETF,DIA,fc_vol x abs_gap_pct,rest15_eff_mfe,interaction,prior RTH,0.0028929608123963164,0.12001479933547825,1723,0.009199038579686195,0.25543947065405126,773
ETF,DIA,abs_gap_pct,rest15_eff_vol,main,prior RTH,0.07582945570881246,3.227357075598692,1803,0.05607605310643144,1.5595113069638777,773
ETF,DIA,fc_vol x abs_gap_pct,rest15_eff_vol,interaction,prior RTH,0.09227268881160497,3.844327449955508,1723,0.05317701980787637,1.4786524302935673,773
ETF,DIA,abs_gap_pct,rest30_eff_range,main,prior RTH,0.0730886349648498,3.110067436538313,1803,0.00874443598628206,0.24281504738048973,773
ETF,DIA,fc_vol x abs_gap_pct,rest30_eff_range,interaction,prior RTH,0.08509935248028756,3.543194320044113,1723,0.01118726892425862,0.31065506992827974,773
ETF,DIA,abs_gap_pct,rest30_eff_mfe,main,prior RTH,0.0513965531764311,2.1840633315655302,1803,-0.04008260553693258,-1.113864304119473,773
ETF,DIA,fc_vol x abs_gap_pct,rest30_eff_mfe,interaction,prior RTH,0.05075841181754304,2.10842736284994,1723,-0.04489515000174231,-1.2478567543404855,773
ETF,DIA,abs_gap_pct,rest30_eff_vol,main,prior RTH,0.09137108831972139,3.893912211950394,1803,0.033382620701186826,0.9274483665446356,773
ETF,DIA,fc_vol x abs_gap_pct,rest30_eff_vol,interaction,prior RTH,0.10319922160718294,4.304194568379746,1723,0.03070210736995872,0.8529040151534402,773
ETF,DIA,prev_ret_pct,eff_range,main,prior RTH,0.03846807896000584,1.6332712686821103,1802,-0.031230039041575747,-0.867584144657422,773
ETF,DIA,fc_vol x prev_ret_pct,eff_range,interaction,prior RTH,0.03243515915403263,1.3462788905855663,1723,-0.031021001870526754,-0.8617713881353387,773
ETF,DIA,prev_ret_pct,eff_mfe,main,prior RTH,0.06522421805476618,2.77313423193382,1802,0.0031291319430013865,0.08688667767415796,773
ETF,DIA,fc_vol x prev_ret_pct,eff_mfe,interaction,prior RTH,0.0697692758621809,2.901444385792176,1723,0.0009927721059587809,0.02756620422309835,773
ETF,DIA,prev_ret_pct,rest1_eff_range,main,prior RTH,0.02562287027554569,1.0874433485240524,1802,-0.019682774919361008,-0.5466352788762108,773
ETF,DIA,fc_vol x prev_ret_pct,rest1_eff_range,interaction,prior RTH,0.022852405176782116,0.9482782327926809,1723,-0.019821730340267952,-0.5504958974404062,773
ETF,DIA,prev_ret_pct,rest1_eff_mfe,main,prior RTH,0.05226271953304107,2.2203538047020683,1802,-0.015231083240181114,-0.4229688277153604,773
ETF,DIA,fc_vol x prev_ret_pct,rest1_eff_mfe,interaction,prior RTH,0.06273032037803895,2.6074988228522704,1723,-0.015921118942773854,-0.44213594698811476,773
ETF,DIA,prev_ret_pct,rest1_eff_vol,main,prior RTH,0.018697613229815297,0.7934112471116213,1802,0.031460483946771436,0.87399232426454,773
ETF,DIA,fc_vol x prev_ret_pct,rest1_eff_vol,interaction,prior RTH,0.018292728476882895,0.7589996892349429,1723,0.03242222120726007,0.9007376969782457,773
ETF,DIA,prev_ret_pct,rest5_eff_range,main,prior RTH,0.013261125331395205,0.5626713760302792,1802,-0.01949766556646544,-0.5414924081281155,773
ETF,DIA,fc_vol x prev_ret_pct,rest5_eff_range,interaction,prior RTH,0.014384577098244344,0.5968050225231508,1723,-0.018446699096569583,-0.5122945741926586,773
ETF,DIA,prev_ret_pct,rest5_eff_mfe,main,prior RTH,0.031031617738683407,1.3171943964184691,1802,-0.02177849843554669,-0.6048645612775808,773
ETF,DIA,fc_vol x prev_ret_pct,rest5_eff_mfe,interaction,prior RTH,0.04295803929603588,1.783758182506435,1723,-0.022643225405618108,-0.6288931179237518,773
ETF,DIA,prev_ret_pct,rest5_eff_vol,main,prior RTH,0.008654100351273848,0.36717613240891206,1802,0.033738770877022387,0.9373542794351061,773
ETF,DIA,fc_vol x prev_ret_pct,rest5_eff_vol,interaction,prior RTH,0.010601051480596408,0.43980866712289596,1723,0.03487410823407445,0.9689348041492133,773
ETF,DIA,prev_ret_pct,rest15_eff_range,main,prior RTH,0.0256527137834801,1.0887107507172336,1802,0.0004148527898720218,0.0115191714271278,773
ETF,DIA,fc_vol x prev_ret_pct,rest15_eff_range,interaction,prior RTH,0.023662605806524413,0.9819166470820103,1723,-0.0036050468421487737,-0.10010157788851788,773
ETF,DIA,prev_ret_pct,rest15_eff_mfe,main,prior RTH,0.041412357951789804,1.7584860822257304,1802,0.08691054289150306,2.4224012781903728,773
ETF,DIA,fc_vol x prev_ret_pct,rest15_eff_mfe,interaction,prior RTH,0.04538236748791689,1.8846264075040797,1723,0.08144938830679287,2.269135190607579,773
ETF,DIA,prev_ret_pct,rest15_eff_vol,main,prior RTH,0.012839464338136097,0.5447772436354275,1802,0.04107707714386117,1.1415460361383996,773
ETF,DIA,fc_vol x prev_ret_pct,rest15_eff_vol,interaction,prior RTH,0.013108384805454083,0.5438472447347421,1723,0.03867540995940793,1.07469979045779,773
ETF,DIA,prev_ret_pct,rest30_eff_range,main,prior RTH,0.014210475035736213,0.6029602789489196,1802,0.019009236677421697,0.5279227134380127,773
ETF,DIA,fc_vol x prev_ret_pct,rest30_eff_range,interaction,prior RTH,0.014216145669917631,0.5898155113746664,1723,0.015386432304109961,0.4272839044144738,773
ETF,DIA,prev_ret_pct,rest30_eff_mfe,main,prior RTH,0.0320091114252357,1.3587278281606106,1802,0.0822774186995495,2.29236009381722,773
ETF,DIA,fc_vol x prev_ret_pct,rest30_eff_mfe,interaction,prior RTH,0.033303272248213674,1.382350952842074,1723,0.08563102863007792,2.38647278553068,773
ETF,DIA,prev_ret_pct,rest30_eff_vol,main,prior RTH,0.00378022708781327,0.16038259844019923,1802,0.050612741831403595,1.407161754144596,773
ETF,DIA,fc_vol x prev_ret_pct,rest30_eff_vol,interaction,prior RTH,0.005870693758970864,0.2435495578956407,1723,0.04791861486140493,1.3320809891463459,773
ETF,DIA,prev_range_pct,eff_range,main,prior RTH,0.034613586243577577,1.4694106077400262,1802,-0.03489801007317028,-0.9695996972386179,773
ETF,DIA,fc_vol x prev_range_pct,eff_range,interaction,prior RTH,0.047371523913507754,1.9674134243216514,1723,-0.033302926037161854,-0.9252317984867025,773
ETF,DIA,prev_range_pct,eff_mfe,main,prior RTH,-0.01903869254081897,-0.8078897479339789,1802,-0.04907562524821516,-1.3643212462841319,773
ETF,DIA,fc_vol x prev_range_pct,eff_mfe,interaction,prior RTH,-0.01622630928556511,-0.6732360539089096,1723,-0.046678981803883114,-1.2975443999058425,773
ETF,DIA,prev_range_pct,rest1_eff_range,main,prior RTH,0.035933021212029584,1.5254941414603247,1802,-0.01979928339557998,-0.5498722485729892,773
ETF,DIA,fc_vol x prev_range_pct,rest1_eff_range,interaction,prior RTH,0.051145418602387596,2.1245450390919496,1723,-0.01903250200030141,-0.5285690697632672,773
ETF,DIA,prev_range_pct,rest1_eff_mfe,main,prior RTH,-0.04311914626418883,-1.8310934754431492,1802,-0.025636904772111294,-0.7120910812367277,773
ETF,DIA,fc_vol x prev_range_pct,rest1_eff_mfe,interaction,prior RTH,-0.039476275406973335,-1.638948346320113,1723,-0.023612419000694246,-0.6558262166174004,773
ETF,DIA,prev_range_pct,rest1_eff_vol,main,prior RTH,0.04656550858362088,1.9777526035077093,1802,-0.03518041549813953,-0.9774556800618996,773
ETF,DIA,fc_vol x prev_range_pct,rest1_eff_vol,interaction,prior RTH,0.06330576124928558,2.6315138654999113,1723,-0.031069091331577176,-0.8631086155083055,773
ETF,DIA,prev_range_pct,rest5_eff_range,main,prior RTH,0.051200924936800944,2.175124226389668,1802,-0.026921966541750764,-0.7478102488268606,773
ETF,DIA,fc_vol x prev_range_pct,rest5_eff_range,interaction,prior RTH,0.0673661872731133,2.8010451200622435,1723,-0.024237049556443246,-0.6731851654465398,773
ETF,DIA,prev_range_pct,rest5_eff_mfe,main,prior RTH,-0.04272159426959563,-1.8141800581764085,1802,-0.03779213308377735,-1.050120062013365,773
ETF,DIA,fc_vol x prev_range_pct,rest5_eff_mfe,interaction,prior RTH,-0.03463831821554015,-1.4378312731116873,1723,-0.03511180163177856,-0.9755469510629333,773
ETF,DIA,prev_range_pct,rest5_eff_vol,main,prior RTH,0.06331110610514655,2.6914622521187894,1802,-0.04507465973263922,-1.252856349132002,773
ETF,DIA,fc_vol x prev_range_pct,rest5_eff_vol,interaction,prior RTH,0.07951597069621524,3.3091932925204555,1723,-0.0388237572433614,-1.0788282276715584,773
ETF,DIA,prev_range_pct,rest15_eff_range,main,prior RTH,0.05329345312345731,2.2642674895480135,1802,0.0047562581379916565,0.13206797491834474,773
ETF,DIA,fc_vol x prev_range_pct,rest15_eff_range,interaction,prior RTH,0.06637313816216467,2.7595706634539865,1723,0.009904740259493953,0.27503729255508297,773
ETF,DIA,prev_range_pct,rest15_eff_mfe,main,prior RTH,-0.04818831947954462,-2.04683512228796,1802,-0.02511539018840021,-0.6975962457111078,773
ETF,DIA,fc_vol x prev_range_pct,rest15_eff_mfe,interaction,prior RTH,-0.04638108896062004,-1.9261894847479912,1723,-0.019598404024830714,-0.5442912055820958,773
ETF,DIA,prev_range_pct,rest15_eff_vol,main,prior RTH,0.06752338735794022,2.871327961253855,1802,-0.010751021245045761,-0.29853964316917897,773
ETF,DIA,fc_vol x prev_range_pct,rest15_eff_vol,interaction,prior RTH,0.0816771312957327,3.3997296841485602,1723,-0.002485505483107869,-0.06901496245396911,773
ETF,DIA,prev_range_pct,rest30_eff_range,main,prior RTH,0.0681312845908046,2.897297865202414,1802,0.0008080120679866775,0.02243598691155782,773
ETF,DIA,fc_vol x prev_range_pct,rest30_eff_range,interaction,prior RTH,0.07638749363766911,3.178216453766015,1723,0.0034607135308253544,0.09609381613522358,773
ETF,DIA,prev_range_pct,rest30_eff_mfe,main,prior RTH,0.012658329692211956,0.5370904774479752,1802,-0.037017973780539525,-1.0285788738608923,773
ETF,DIA,fc_vol x prev_range_pct,rest30_eff_mfe,interaction,prior RTH,0.01439146084819895,0.5970906831560193,1723,-0.03178891381507222,-0.8831254973468093,773
ETF,DIA,prev_range_pct,rest30_eff_vol,main,prior RTH,0.07634078971582489,3.248344777313529,1802,-0.014947430762737303,-0.41508999072308606,773
ETF,DIA,fc_vol x prev_range_pct,rest30_eff_vol,interaction,prior RTH,0.08628269914706044,3.592831106911157,1723,-0.010504624460279588,-0.29169681217786075,773
ETF,DIA,prev_rv_pct,eff_range,main,prior RTH,0.05786995593199017,2.4593358235337774,1802,-0.044356331527029794,-1.2328506385017353,773
ETF,DIA,fc_vol x prev_rv_pct,eff_range,interaction,prior RTH,0.06011675091012638,2.4984584562501153,1723,-0.03928690733636294,-1.091717944347388,773
ETF,DIA,prev_rv_pct,eff_mfe,main,prior RTH,-0.015130059753723227,-0.6419875567837984,1802,-0.07050464200693836,-1.9625783821262932,773
ETF,DIA,fc_vol x prev_rv_pct,eff_mfe,interaction,prior RTH,-0.014969580923961343,-0.6210817144150901,1723,-0.057912680442073115,-1.6107582518586692,773
ETF,DIA,prev_rv_pct,rest1_eff_range,main,prior RTH,0.06704700172003346,2.8509785948394235,1802,-0.028259625181359264,-0.784995325874149,773
ETF,DIA,fc_vol x prev_rv_pct,rest1_eff_range,interaction,prior RTH,0.0691210641775415,2.874357655872759,1723,-0.023403174139571298,-0.6500113187761192,773
ETF,DIA,prev_rv_pct,rest1_eff_mfe,main,prior RTH,-0.020700049144711446,-0.8784169247594555,1802,-0.027969932109943682,-0.7769419043399773,773
ETF,DIA,fc_vol x prev_rv_pct,rest1_eff_mfe,interaction,prior RTH,-0.027237082770403293,-1.1303480205196728,1723,-0.023921480172307316,-0.6644151596718497,773
ETF,DIA,prev_rv_pct,rest1_eff_vol,main,prior RTH,0.08022293428318787,3.4145762125557813,1802,-0.04298561301540354,-1.194680902518575,773
ETF,DIA,fc_vol x prev_rv_pct,rest1_eff_vol,interaction,prior RTH,0.08280427474200565,3.4469675983105925,1723,-0.03422413409222712,-0.9508546826793343,773
ETF,DIA,prev_rv_pct,rest5_eff_range,main,prior RTH,0.08224662769158143,3.5012912409040413,1802,-0.03717420583394923,-1.0329259216090954,773
ETF,DIA,fc_vol x prev_rv_pct,rest5_eff_range,interaction,prior RTH,0.08448698804766104,3.5175139591633906,1723,-0.030276303897778797,-0.8410642727411668,773
ETF,DIA,prev_rv_pct,rest5_eff_mfe,main,prior RTH,-0.028101704855981086,-1.192725408104689,1802,-0.03657085302701984,-1.0161384675006162,773
ETF,DIA,fc_vol x prev_rv_pct,rest5_eff_mfe,interaction,prior RTH,-0.027394185408335023,-1.1368727147595077,1723,-0.03425310208200087,-0.9516604500366499,773
ETF,DIA,prev_rv_pct,rest5_eff_vol,main,prior RTH,0.09602867159863913,4.093067323623565,1802,-0.04618479623760111,-1.2837779096466713,773
ETF,DIA,fc_vol x prev_rv_pct,rest5_eff_vol,interaction,prior RTH,0.09777222082314413,4.075601368709062,1723,-0.039068777074353585,-1.0856471743253782,773
ETF,DIA,prev_rv_pct,rest15_eff_range,main,prior RTH,0.08374333842307706,3.5654531115141026,1802,0.004047724490359531,0.11239362827102334,773
ETF,DIA,fc_vol x prev_rv_pct,rest15_eff_range,interaction,prior RTH,0.08225918157005882,3.42412141477528,1723,0.011871835636821117,0.3296671482296058,773
ETF,DIA,prev_rv_pct,rest15_eff_mfe,main,prior RTH,-0.03418607255605407,-1.4512404948588815,1802,-0.03458571458383777,-0.960912500262007,773
ETF,DIA,fc_vol x prev_rv_pct,rest15_eff_mfe,interaction,prior RTH,-0.03990313307704578,-1.6566984356117849,1723,-0.02178540932617422,-0.6050565918431584,773
ETF,DIA,prev_rv_pct,rest15_eff_vol,main,prior RTH,0.10134103220409416,4.3217855174984585,1802,-0.004415942713734792,-0.12261817681044872,773
ETF,DIA,fc_vol x prev_rv_pct,rest15_eff_vol,interaction,prior RTH,0.09965860419673479,4.155015878242192,1723,0.0036308712204762275,0.10081865455643782,773
ETF,DIA,prev_rv_pct,rest30_eff_range,main,prior RTH,0.09643613563634186,4.11059750640847,1802,0.004047815447559959,0.11239615393137913,773
ETF,DIA,fc_vol x prev_rv_pct,rest30_eff_range,interaction,prior RTH,0.09147799868289498,3.8109379050142254,1723,0.0060247703463546035,0.1672921521259797,773
ETF,DIA,prev_rv_pct,rest30_eff_mfe,main,prior RTH,0.017253516432193423,0.7321136854245207,1802,-0.030721242031026073,-0.8534360777105258,773
ETF,DIA,fc_vol x prev_rv_pct,rest30_eff_mfe,interaction,prior RTH,0.016502066600904905,0.6846804255460791,1723,-0.028603668960927163,-0.7945599458012759,773
ETF,DIA,prev_rv_pct,rest30_eff_vol,main,prior RTH,0.10685979587015688,4.559786061133758,1802,-0.0009130502534608173,-0.025352573556127106,773
ETF,DIA,fc_vol x prev_rv_pct,rest30_eff_vol,interaction,prior RTH,0.10275558742093793,4.285493756813173,1723,-0.00179536585947558,-0.04985180084643141,773
ETF,DIA,prev_eff_range,eff_range,main,prior RTH,-0.050463550151232696,-2.1437184152424464,1802,-0.01935204608316146,-0.5374467188216142,773
ETF,DIA,fc_vol x prev_eff_range,eff_range,interaction,prior RTH,0.009346983221405798,0.38777594992263265,1723,-0.017997851016823205,-0.4998252499106156,773
ETF,DIA,prev_eff_range,eff_mfe,main,prior RTH,-0.04234450044832516,-1.7981378096049503,1802,-0.029615889035375386,-0.8227019123947031,773
ETF,DIA,fc_vol x prev_eff_range,eff_mfe,interaction,prior RTH,-0.01943979706786473,-0.8066111830345345,1723,-0.036511787355046364,-1.0144951072845048,773
ETF,DIA,prev_eff_range,rest1_eff_range,main,prior RTH,-0.04967444967716183,-2.110113427296573,1802,-0.01426181179695671,-0.3960463928935898,773
ETF,DIA,fc_vol x prev_eff_range,rest1_eff_range,interaction,prior RTH,0.009144038832553698,0.37935573507784814,1723,-0.009100586324457453,-0.25270541469740343,773
ETF,DIA,prev_eff_range,rest1_eff_mfe,main,prior RTH,-0.05421062862791507,-2.303349209591283,1802,-0.09302390532045067,-2.5942331623233845,773
ETF,DIA,fc_vol x prev_eff_range,rest1_eff_mfe,interaction,prior RTH,-0.041737128895893406,-1.732972230135019,1723,-0.0757427977133838,-2.109200600746971,773
ETF,DIA,prev_eff_range,rest1_eff_vol,main,prior RTH,-0.052118729833883576,-2.2142197938102894,1802,-0.030155105788760433,-0.8376943645878928,773
ETF,DIA,fc_vol x prev_eff_range,rest1_eff_vol,interaction,prior RTH,0.01271430709854283,0.5274948667510378,1723,-0.024367093589885282,-0.6767992846286996,773
ETF,DIA,prev_eff_range,rest5_eff_range,main,prior RTH,-0.05077950867762404,-2.157175092150406,1802,-0.025333390550526063,-0.7036552189078354,773
ETF,DIA,fc_vol x prev_eff_range,rest5_eff_range,interaction,prior RTH,0.0129585947603153,0.5376316304080346,1723,-0.016651852830634094,-0.46243422908789644,773
ETF,DIA,prev_eff_range,rest5_eff_mfe,main,prior RTH,-0.058159052357741804,-2.471663329563141,1802,-0.08061139449512586,-2.2456356451874346,773
ETF,DIA,fc_vol x prev_eff_range,rest5_eff_mfe,interaction,prior RTH,-0.04321429730932594,-1.7944187019253839,1723,-0.07285989817504782,-2.0284838751139946,773
ETF,DIA,prev_eff_range,rest5_eff_vol,main,prior RTH,-0.0478842042005148,-2.033887815911023,1802,-0.047487420488064126,-1.3200670789862432,773
ETF,DIA,fc_vol x prev_eff_range,rest5_eff_vol,interaction,prior RTH,0.019784989631767193,0.8209397413618047,1723,-0.037167905379477804,-1.0327506143991816,773
ETF,DIA,prev_eff_range,rest15_eff_range,main,prior RTH,-0.07088651285432256,-3.0150447217554297,1802,-0.003344672677563515,-0.09287166693800908,773
ETF,DIA,fc_vol x prev_eff_range,rest15_eff_range,interaction,prior RTH,-0.0056627913048826655,-0.23492430738414627,1723,0.01904981771989861,0.5290501349913626,773
ETF,DIA,prev_eff_range,rest15_eff_mfe,main,prior RTH,-0.06521583065689206,-2.772776102171844,1802,-0.045241284423268135,-1.257497186512597,773
ETF,DIA,fc_vol x prev_eff_range,rest15_eff_mfe,interaction,prior RTH,-0.05467610729183984,-2.2716329061166713,1723,-0.038630139607460486,-1.0734399514072213,773
ETF,DIA,prev_eff_range,rest15_eff_vol,main,prior RTH,-0.06527310791650222,-2.775221770091167,1802,-0.029403340988676717,-0.816792397336897,773
ETF,DIA,fc_vol x prev_eff_range,rest15_eff_vol,interaction,prior RTH,0.006240328679990699,0.258884683061275,1723,-0.005006188238102431,-0.13900800379044023,773
ETF,DIA,prev_eff_range,rest30_eff_range,main,prior RTH,-0.04990370935720679,-2.1198763721325093,1802,-0.01792812011573141,-0.4978881023654573,773
ETF,DIA,fc_vol x prev_eff_range,rest30_eff_range,interaction,prior RTH,0.01113545668129753,0.4619823625963274,1723,0.009994164378936982,0.277520690699415,773
ETF,DIA,prev_eff_range,rest30_eff_mfe,main,prior RTH,-0.03321761210179225,-1.410082090203705,1802,-0.07349001136285652,-2.046121631741033,773
ETF,DIA,fc_vol x prev_eff_range,rest30_eff_mfe,interaction,prior RTH,0.0012710228577949075,0.0527283458047591,1723,-0.0633153100907084,-1.7616035742598655,773
ETF,DIA,prev_eff_range,rest30_eff_vol,main,prior RTH,-0.04564517066813175,-1.938581134532831,1802,-0.03313519747933283,-0.9205667789141727,773
ETF,DIA,fc_vol x prev_eff_range,rest30_eff_vol,interaction,prior RTH,0.018989764419352073,0.7879312622742227,1723,-0.007511724501583004,-0.20858308839963152,773
ETF,DIA,prev_eff_vol,eff_range,main,prior RTH,-0.04050217867646827,-1.7197730713017851,1802,-0.016185701909460767,-0.44948543321847845,773
ETF,DIA,fc_vol x prev_eff_vol,eff_range,interaction,prior RTH,0.003744859072397385,0.155356332147389,1723,-0.016021714509055447,-0.44493024179921303,773
ETF,DIA,prev_eff_vol,eff_mfe,main,prior RTH,-0.037714015904591766,-1.6012093263604668,1802,-0.025609688239902628,-0.7113346180036066,773
ETF,DIA,fc_vol x prev_eff_vol,eff_mfe,interaction,prior RTH,-0.01950786982214152,-0.8094367841379552,1723,-0.031530247233022037,-0.8759323194093701,773
ETF,DIA,prev_eff_vol,rest1_eff_range,main,prior RTH,-0.045555450397744314,-1.9347627220830208,1802,-0.014455325763980236,-0.40142133545647046,773
ETF,DIA,fc_vol x prev_eff_vol,rest1_eff_range,interaction,prior RTH,-0.0007627448611600868,-0.03164243173612469,1723,-0.010354328724086632,-0.2875228864763574,773
ETF,DIA,prev_eff_vol,rest1_eff_mfe,main,prior RTH,-0.059699454852064585,-2.5373590028614275,1802,-0.08245212188836376,-2.2972608425122703,773
ETF,DIA,fc_vol x prev_eff_vol,rest1_eff_mfe,interaction,prior RTH,-0.04725867764140915,-1.9627162391390596,1723,-0.07189940796703376,-2.0016030908536795,773
ETF,DIA,prev_eff_vol,rest1_eff_vol,main,prior RTH,-0.04890492422739109,-2.0773458857732545,1802,-0.02901428659687226,-0.805975728406418,773
ETF,DIA,fc_vol x prev_eff_vol,rest1_eff_vol,interaction,prior RTH,0.0009402046899495705,0.0390043495931588,1723,-0.025204956971233775,-0.7000855998252669,773
ETF,DIA,prev_eff_vol,rest5_eff_range,main,prior RTH,-0.04415152516012921,-1.8750190028011833,1802,-0.020874333566547304,-0.5797415776265752,773
ETF,DIA,fc_vol x prev_eff_vol,rest5_eff_range,interaction,prior RTH,0.004763473637858578,0.19761464590680922,1723,-0.01411334760086945,-0.39192275937180554,773
ETF,DIA,prev_eff_vol,rest5_eff_mfe,main,prior RTH,-0.0582777942883878,-2.476726844509633,1802,-0.07491252056792225,-2.0859487628984614,773
ETF,DIA,fc_vol x prev_eff_vol,rest5_eff_mfe,interaction,prior RTH,-0.045506943498343784,-1.8898104865372776,1723,-0.06884044020744509,-1.9160301382855711,773
ETF,DIA,prev_eff_vol,rest5_eff_vol,main,prior RTH,-0.04297156403149307,-1.824814648578959,1802,-0.04249146847235708,-1.1809223670900542,773
ETF,DIA,fc_vol x prev_eff_vol,rest5_eff_vol,interaction,prior RTH,0.009406045634171247,0.39022647356220574,1723,-0.03549241243911981,-0.9861351153435679,773
ETF,DIA,prev_eff_vol,rest15_eff_range,main,prior RTH,-0.06269650357072992,-2.6652308411984853,1802,0.0029681407710244866,0.0824163916976824,773
ETF,DIA,fc_vol x prev_eff_vol,rest15_eff_range,interaction,prior RTH,-0.011942988888756724,-0.49548948027203343,1723,0.019563629319679355,0.543325064684251,773
ETF,DIA,prev_eff_vol,rest15_eff_mfe,main,prior RTH,-0.06689582409628944,-2.8445212769406885,1802,-0.039676091887165636,-1.1025497046703001,773
ETF,DIA,fc_vol x prev_eff_vol,rest15_eff_mfe,interaction,prior RTH,-0.056695308793643075,-2.355790539500559,1723,-0.03443675676280945,-0.9567690049953607,773
ETF,DIA,prev_eff_vol,rest15_eff_vol,main,prior RTH,-0.05893151547152638,-2.5046053870430387,1802,-0.022349050922920156,-0.6207186036822976,773
ETF,DIA,fc_vol x prev_eff_vol,rest15_eff_vol,interaction,prior RTH,-0.0028447390261619634,-0.11801429687266124,1723,-0.004408044714729212,-0.12239886756300014,773
ETF,DIA,prev_eff_vol,rest30_eff_range,main,prior RTH,-0.040984472940628174,-1.7402861414990907,1802,-0.010222959539115903,-0.28387459391021824,773
ETF,DIA,fc_vol x prev_eff_vol,rest30_eff_range,interaction,prior RTH,0.006168743203082152,0.2559147925649967,1723,0.009260442864579057,0.2571446943722228,773
ETF,DIA,prev_eff_vol,rest30_eff_mfe,main,prior RTH,-0.028607546754377475,-1.214212370566191,1802,-0.0677505691852836,-1.8855548394313109,773
ETF,DIA,fc_vol x prev_eff_vol,rest30_eff_mfe,interaction,prior RTH,0.0002609581986424056,0.010825834805552855,1723,-0.06131979228314306,-1.7058698836878046,773
ETF,DIA,prev_eff_vol,rest30_eff_vol,main,prior RTH,-0.03849850024547158,-1.6345648069774705,1802,-0.027379686585576043,-0.7605337762440144,773
ETF,DIA,fc_vol x prev_eff_vol,rest30_eff_vol,interaction,prior RTH,0.011597470606678754,0.48115269669740535,1723,-0.009499344284220718,-0.26377911863372155,773
ETF,DIA,prev_closeloc,eff_range,main,prior RTH,0.03095351834553678,1.3138761399606853,1802,-0.01800098187197466,-0.4999122262753976,773
ETF,DIA,fc_vol x prev_closeloc,eff_range,interaction,prior RTH,0.05946640768613575,2.471333679224997,1723,-0.029451040745828834,-0.8181185933675154,773
ETF,DIA,prev_closeloc,eff_mfe,main,prior RTH,0.028689823168506715,1.2177073650680839,1802,-0.0004925214901719082,-0.01367579010014982,773
ETF,DIA,fc_vol x prev_closeloc,eff_mfe,interaction,prior RTH,0.03578536042811472,1.4855048913544906,1723,-0.023558335935230237,-0.654323244349586,773
ETF,DIA,prev_closeloc,rest1_eff_range,main,prior RTH,0.014991502113920663,0.6361070532952325,1802,0.0007078451845376272,0.019654662002233703,773
ETF,DIA,fc_vol x prev_closeloc,rest1_eff_range,interaction,prior RTH,0.04869176678718394,2.022373712444019,1723,-0.004455082004190265,-0.12370498512862663,773
ETF,DIA,prev_closeloc,rest1_eff_mfe,main,prior RTH,0.015145676201853718,0.6426503343712776,1802,-0.0044518215104681685,-0.12361444867525102,773
ETF,DIA,fc_vol x prev_closeloc,rest1_eff_mfe,interaction,prior RTH,0.013075515972517344,0.5424833326250105,1723,-0.01101965713227501,-0.30600015145620063,773
ETF,DIA,prev_closeloc,rest1_eff_vol,main,prior RTH,0.0037561967662109825,0.15936305652330093,1802,0.04735220684059473,1.3162999176089893,773
ETF,DIA,fc_vol x prev_closeloc,rest1_eff_vol,interaction,prior RTH,0.04581981056903359,1.902830458963488,1723,0.03592220387842673,0.9980919462052187,773
ETF,DIA,prev_closeloc,rest5_eff_range,main,prior RTH,0.0005976367853329686,0.025355585943852524,1802,-0.013084594423291643,-0.3633495568258998,773
ETF,DIA,fc_vol x prev_closeloc,rest5_eff_range,interaction,prior RTH,0.04149048669454579,1.7227136581131328,1723,-0.01639280365762052,-0.45523829357898593,773
ETF,DIA,prev_closeloc,rest5_eff_mfe,main,prior RTH,0.0032403349486533396,0.13747649066821294,1802,-0.021431649254328212,-0.59522689198874,773
ETF,DIA,fc_vol x prev_closeloc,rest5_eff_mfe,interaction,prior RTH,0.0038630180628084023,0.16025825682764078,1723,-0.034230473275639495,-0.951031011833096,773
ETF,DIA,prev_closeloc,rest5_eff_vol,main,prior RTH,-0.007344152279609793,-0.31159439601893396,1802,0.04060267812576273,1.1283404273671611,773
ETF,DIA,fc_vol x prev_closeloc,rest5_eff_vol,interaction,prior RTH,0.039691066539481415,1.6478799266504855,1723,0.03138659608765344,0.8719376458939881,773
ETF,DIA,prev_closeloc,rest15_eff_range,main,prior RTH,0.02836294889365686,1.2038223188174375,1802,0.010621769590087224,0.2949501122317371,773
ETF,DIA,fc_vol x prev_closeloc,rest15_eff_range,interaction,prior RTH,0.06267022975542585,2.6049911942466673,1723,0.019143294694971225,0.531647120042372,773
ETF,DIA,prev_closeloc,rest15_eff_mfe,main,prior RTH,0.035227097711424085,1.4954873797928638,1802,0.07249664359392216,2.018316978271457,773
ETF,DIA,fc_vol x prev_closeloc,rest15_eff_mfe,interaction,prior RTH,0.023819914380886518,0.988448104784049,1723,0.0591189261147839,1.6444247129181804,773
ETF,DIA,prev_closeloc,rest15_eff_vol,main,prior RTH,0.011677452441718528,0.4954661312612199,1802,0.050562379754424965,1.4057579708695598,773
ETF,DIA,fc_vol x prev_closeloc,rest15_eff_vol,interaction,prior RTH,0.05481262801533407,2.2773220155043123,1723,0.055594222842353706,1.5460695710271553,773
ETF,DIA,prev_closeloc,rest30_eff_range,main,prior RTH,0.02600337124541563,1.103602786056084,1802,0.04519822272935691,1.2562978204727973,773
ETF,DIA,fc_vol x prev_closeloc,rest30_eff_range,interaction,prior RTH,0.0667373116811995,2.7747793195748396,1723,0.054340662665633005,1.5111037507297442,773
ETF,DIA,prev_closeloc,rest30_eff_mfe,main,prior RTH,0.017715532616021837,0.7517243645872006,1802,0.08487517303178288,2.365254119202703,773
ETF,DIA,fc_vol x prev_closeloc,rest30_eff_mfe,interaction,prior RTH,0.03253643530474764,1.3504869849413061,1723,0.0801017018070687,2.231344872218804,773
ETF,DIA,prev_closeloc,rest30_eff_vol,main,prior RTH,0.014948035648650083,0.6342623072940042,1802,0.07038381145044378,1.9591981640459202,773
ETF,DIA,fc_vol x prev_closeloc,rest30_eff_vol,interaction,prior RTH,0.06098198757878798,2.534551051785029,1723,0.07201270788039997,2.0047736691533253,773
ETF,DIA,prev_streak,eff_range,main,prior RTH,0.017906514217623595,0.7600419197593586,1803,-0.036569224292721435,-1.016093151744456,773
ETF,DIA,fc_vol x prev_streak,eff_range,interaction,prior RTH,0.02259313984422467,0.9375142912558679,1723,-0.037676910631179505,-1.0469138476888185,773
ETF,DIA,prev_streak,eff_mfe,main,prior RTH,0.049345135117268964,2.096672430881509,1803,0.009349425594908851,0.25961578869153173,773
ETF,DIA,fc_vol x prev_streak,eff_mfe,interaction,prior RTH,0.05992611840626612,2.4905071497791824,1723,0.005313763172202878,0.14754874335292326,773
ETF,DIA,prev_streak,rest1_eff_range,main,prior RTH,0.015402474815696402,0.6537307069603754,1803,-0.019322642894363008,-0.5366298256559582,773
ETF,DIA,fc_vol x prev_streak,rest1_eff_range,interaction,prior RTH,0.024547858132214703,1.018673319890813,1723,-0.021834304175598708,-0.6064152188619628,773
ETF,DIA,prev_streak,rest1_eff_mfe,main,prior RTH,0.05949277873657614,2.529245830556009,1803,0.0052240898610292135,0.14505869098323274,773
ETF,DIA,fc_vol x prev_streak,rest1_eff_mfe,interaction,prior RTH,0.07160062581334964,2.977990819394741,1723,0.002252566472963045,0.06254691684371005,773
ETF,DIA,prev_streak,rest1_eff_vol,main,prior RTH,-0.008840534078090078,-0.3751909298006701,1803,0.03343613022710705,0.9289366505997533,773
ETF,DIA,fc_vol x prev_streak,rest1_eff_vol,interaction,prior RTH,0.00670558011054756,0.2781868229831059,1723,0.03166045400711995,0.8795531766837378,773
ETF,DIA,prev_streak,rest5_eff_range,main,prior RTH,-0.003978832614454865,-0.1688557924469684,1803,-0.022974391828605167,-0.6380957590770759,773
ETF,DIA,fc_vol x prev_streak,rest5_eff_range,interaction,prior RTH,0.009291058291827073,0.38545560548406205,1723,-0.024233087566784776,-0.6730750563356304,773
ETF,DIA,prev_streak,rest5_eff_mfe,main,prior RTH,0.009339501360457454,0.39636882375616755,1803,-0.01871042541281147,-0.5196212260196168,773
ETF,DIA,fc_vol x prev_streak,rest5_eff_mfe,interaction,prior RTH,0.029308518650716625,1.2163845934252724,1723,-0.01771225001988789,-0.49189120549962273,773
ETF,DIA,prev_streak,rest5_eff_vol,main,prior RTH,-0.02355210503005105,-0.999786046307385,1803,0.027597554387002444,0.7665901500671203,773
ETF,DIA,fc_vol x prev_streak,rest5_eff_vol,interaction,prior RTH,-0.00597026335973311,-0.24768041370866992,1723,0.026641587402192763,0.7400166092968945,773
ETF,DIA,prev_streak,rest15_eff_range,main,prior RTH,0.0062985059459736035,0.26730249639719694,1803,0.004363124273573058,0.12115153077464343,773
ETF,DIA,fc_vol x prev_streak,rest15_eff_range,interaction,prior RTH,0.01691365188546156,0.7017621676375244,1723,-0.0053233812310600655,-0.14781581823613046,773
ETF,DIA,prev_streak,rest15_eff_mfe,main,prior RTH,0.02279797241904056,0.9677562202115796,1803,0.10343820484436891,2.8876465969974383,773
ETF,DIA,fc_vol x prev_streak,rest15_eff_mfe,interaction,prior RTH,0.035591148253985565,1.4774325944749709,1723,0.09967895737994846,2.781627799124368,773
ETF,DIA,prev_streak,rest15_eff_vol,main,prior RTH,-0.016356144987539945,-0.6942180603648574,1803,0.03821431330345815,1.0618681340759692,773
ETF,DIA,fc_vol x prev_streak,rest15_eff_vol,interaction,prior RTH,-0.0021693634137033,-0.0899961163699551,1723,0.03195122507577273,0.8876392509482398,773
ETF,DIA,prev_streak,rest30_eff_range,main,prior RTH,-0.022717704301875998,-0.9643471384733194,1803,0.018665648339049615,0.5183772544678759,773
ETF,DIA,fc_vol x prev_streak,rest30_eff_range,interaction,prior RTH,-0.00817719067255835,-0.33924158222492734,1723,0.00971255135006519,0.26970003462286984,773
ETF,DIA,prev_streak,rest30_eff_mfe,main,prior RTH,-0.015280679164310506,-0.6485600945572327,1803,0.10479415424079604,2.9259177085840555,773
ETF,DIA,fc_vol x prev_streak,rest30_eff_mfe,interaction,prior RTH,0.004693312182541052,0.19470390473389204,1723,0.11041857407783424,3.084843323024783,773
ETF,DIA,prev_streak,rest30_eff_vol,main,prior RTH,-0.03617197927395747,-1.5360785825015952,1803,0.048437998556894776,1.3465530162452855,773
ETF,DIA,fc_vol x prev_streak,rest30_eff_vol,interaction,prior RTH,-0.019422043000189446,-0.8058742393330309,1723,0.04028252285574393,1.1194288573699893,773
ETF,DIA,trail_eff_5,eff_range,main,prior RTH,-0.017326167879980123,-0.7343800676331663,1798,0.008581565623460508,0.23829213530459023,773
ETF,DIA,fc_vol x trail_eff_5,eff_range,interaction,prior RTH,0.03609704182874347,1.4984600693455428,1723,-0.017696272160057525,-0.49144734140376756,773
ETF,DIA,trail_eff_5,eff_mfe,main,prior RTH,-0.03376076912157282,-1.4315718218618025,1798,-0.005208439047438548,-0.14462409887726743,773
ETF,DIA,fc_vol x trail_eff_5,eff_mfe,interaction,prior RTH,-0.025479980760473243,-1.0573786936625509,1723,-0.03735879700368144,-1.0380621397299825,773
ETF,DIA,trail_eff_5,rest1_eff_range,main,prior RTH,0.0013095356170426226,0.05549717205181053,1798,-0.001889362452017464,-0.052461806878396536,773
ETF,DIA,fc_vol x trail_eff_5,rest1_eff_range,interaction,prior RTH,0.04720102412788641,1.9603164616124362,1723,-0.02537984325550533,-0.7049463108834945,773
ETF,DIA,trail_eff_5,rest1_eff_mfe,main,prior RTH,-0.013439918896018156,-0.5696249995837399,1798,-0.043325772558101085,-1.204152521945665,773
ETF,DIA,fc_vol x trail_eff_5,rest1_eff_mfe,interaction,prior RTH,-0.030548310599271558,-1.267886474899201,1723,-0.0663298377932866,-1.8458380888275587,773
ETF,DIA,trail_eff_5,rest1_eff_vol,main,prior RTH,0.009016905637827389,0.3821451452861835,1798,-0.024367223491184715,-0.6768028947982455,773
ETF,DIA,fc_vol x trail_eff_5,rest1_eff_vol,interaction,prior RTH,0.06050374860161665,2.514601024963717,1723,-0.041641108586003055,-1.157247705026292,773
ETF,DIA,trail_eff_5,rest5_eff_range,main,prior RTH,0.010831987785755032,0.4590783452959488,1798,-0.02060004697101117,-0.5721205773467118,773
ETF,DIA,fc_vol x trail_eff_5,rest5_eff_range,interaction,prior RTH,0.06049391795670094,2.514190951972121,1723,-0.03520391487185884,-0.978109398568972,773
ETF,DIA,trail_eff_5,rest5_eff_mfe,main,prior RTH,0.021174354280558003,0.897554279413973,1798,-0.052142771296655545,-1.4498146949466784,773
ETF,DIA,fc_vol x trail_eff_5,rest5_eff_mfe,interaction,prior RTH,-0.01746652520209768,-0.7247082533107049,1723,-0.07076360296530372,-1.9698230716937324,773
ETF,DIA,trail_eff_5,rest5_eff_vol,main,prior RTH,0.016234604779454577,0.6881009002495037,1798,-0.042974571404951666,-1.1943734598622768,773
ETF,DIA,fc_vol x trail_eff_5,rest5_eff_vol,interaction,prior RTH,0.07263484530371969,3.021232262758544,1723,-0.05497254120352307,-1.528727966812459,773
ETF,DIA,trail_eff_5,rest15_eff_range,main,prior RTH,-0.015527609633200616,-0.6581276426522813,1798,-0.008543192779607741,-0.23722652370994748,773
ETF,DIA,fc_vol x trail_eff_5,rest15_eff_range,interaction,prior RTH,0.048165733741502605,2.000474266499327,1723,-0.00403951472823531,-0.1121656631447265,773
ETF,DIA,trail_eff_5,rest15_eff_mfe,main,prior RTH,-0.001664199152060642,-0.07052759327242905,1798,-0.001702018796757121,-0.04725983163524055,773
ETF,DIA,fc_vol x trail_eff_5,rest15_eff_mfe,interaction,prior RTH,-0.04035933485215573,-1.6756697499688507,1723,-0.02049661955573015,-0.5692469001613288,773
ETF,DIA,trail_eff_5,rest15_eff_vol,main,prior RTH,-0.008608018242689764,-0.3648147890296167,1798,-0.03212976142171464,-0.8926042931226127,773
ETF,DIA,fc_vol x trail_eff_5,rest15_eff_vol,interaction,prior RTH,0.06477895065525974,2.693006977983673,1723,-0.023119365628563034,-0.6421244395496565,773
ETF,DIA,trail_eff_5,rest30_eff_range,main,prior RTH,-0.03292535489417794,-1.3961084748985406,1798,-0.025936924981745782,-0.7204300247908606,773
ETF,DIA,fc_vol x trail_eff_5,rest30_eff_range,interaction,prior RTH,0.050272692170046505,2.0881999375200966,1723,-0.01671593314206103,-0.4642142830107469,773
ETF,DIA,trail_eff_5,rest30_eff_mfe,main,prior RTH,-0.0011578194824034725,-0.049067542842641296,1798,-0.04680468584649852,-1.301046279914025,773
ETF,DIA,fc_vol x trail_eff_5,rest30_eff_mfe,interaction,prior RTH,0.008267603591869106,0.34299273689727394,1723,-0.038536857734030545,-1.07084400953168,773
ETF,DIA,trail_eff_5,rest30_eff_vol,main,prior RTH,-0.020941998143779787,-0.8877006492003946,1798,-0.043943037552750974,-1.2213411162288583,773
ETF,DIA,fc_vol x trail_eff_5,rest30_eff_vol,interaction,prior RTH,0.06515180246025372,2.7085731534268627,1723,-0.03607010949796214,-1.002206819819606,773
ETF,DIA,trail_eff_20,eff_range,main,prior RTH,0.00883203727662701,0.3727432540766092,1783,0.007745313018224996,0.21506968054825934,773
ETF,DIA,fc_vol x trail_eff_20,eff_range,interaction,prior RTH,0.052646260719660776,2.1870597724874763,1723,-0.012179571815179965,-0.3382138778890166,773
ETF,DIA,trail_eff_20,eff_mfe,main,prior RTH,-0.017992854567395664,-0.7594555157397099,1783,0.012462618655358783,0.3460749975447734,773
ETF,DIA,fc_vol x trail_eff_20,eff_mfe,interaction,prior RTH,-0.012867456851831077,-0.5338498341490102,1723,-0.03677993000223251,-1.0219556171138107,773
ETF,DIA,trail_eff_20,rest1_eff_range,main,prior RTH,0.02461963846496359,1.0393104390674537,1783,0.012138315241318913,0.33706805718687316,773
ETF,DIA,fc_vol x trail_eff_20,rest1_eff_range,interaction,prior RTH,0.06106960450109905,2.5382062339283973,1723,-0.008429840960474107,-0.23407875652792698,773
ETF,DIA,trail_eff_20,rest1_eff_mfe,main,prior RTH,-0.012566817588708902,-0.5303854072452832,1783,0.014974294351460228,0.4158361594545257,773
ETF,DIA,fc_vol x trail_eff_20,rest1_eff_mfe,interaction,prior RTH,-0.028145549739243658,-1.1680791099050218,1723,-0.019567630279701917,-0.5434362227112468,773
ETF,DIA,trail_eff_20,rest1_eff_vol,main,prior RTH,0.022584102779451387,0.9533351011315546,1783,-0.0019190838570564022,-0.05328708225511875,773
ETF,DIA,fc_vol x trail_eff_20,rest1_eff_vol,interaction,prior RTH,0.07363076363091674,3.0628815661039477,1723,-0.020325240638260165,-0.5644852658717613,773
ETF,DIA,trail_eff_20,rest5_eff_range,main,prior RTH,0.03426337911126308,1.446829074295454,1783,-0.007871590122531155,-0.21857632331532478,773
ETF,DIA,fc_vol x trail_eff_20,rest5_eff_range,interaction,prior RTH,0.07623343218131265,3.171768987835973,1723,-0.014466549236324221,-0.4017330741225063,773
ETF,DIA,trail_eff_20,rest5_eff_mfe,main,prior RTH,0.008503542597701592,0.35887859325342214,1783,0.0051903882806996655,0.14412286495606264,773
ETF,DIA,fc_vol x trail_eff_20,rest5_eff_mfe,interaction,prior RTH,-0.024418561536835325,-1.0133046322771107,1723,-0.025780419727725837,-0.7160799987382143,773
ETF,DIA,trail_eff_20,rest5_eff_vol,main,prior RTH,0.028142609540802527,1.188142073646279,1783,-0.020000071705517288,-0.5554508281891863,773
ETF,DIA,fc_vol x trail_eff_20,rest5_eff_vol,interaction,prior RTH,0.08664684515418883,3.608108687109023,1723,-0.028692676959733876,-0.7970344665265181,773
ETF,DIA,trail_eff_20,rest15_eff_range,main,prior RTH,0.02800522382866853,1.182337274958994,1783,-0.028671788830784906,-0.7964537517575135,773
ETF,DIA,fc_vol x trail_eff_20,rest15_eff_range,interaction,prior RTH,0.07194444048640625,2.992364874040142,1723,0.003224072311169106,0.08952291603094292,773
ETF,DIA,trail_eff_20,rest15_eff_mfe,main,prior RTH,0.014356513157581198,0.6059345184164955,1783,0.012621898811862304,0.3504987554259691,773
ETF,DIA,fc_vol x trail_eff_20,rest15_eff_mfe,interaction,prior RTH,-0.03735484826609269,-1.5507458491141868,1723,-0.006920699614369155,-0.1921708846209026,773
ETF,DIA,trail_eff_20,rest15_eff_vol,main,prior RTH,0.022078526778471323,0.9319828646375046,1783,-0.03988395968882092,-1.1083352740409895,773
ETF,DIA,fc_vol x trail_eff_20,rest15_eff_vol,interaction,prior RTH,0.08644813889706844,3.599771876203132,1723,-0.007686155966462811,-0.21342692669674254,773
ETF,DIA,trail_eff_20,rest30_eff_range,main,prior RTH,0.010921520914392647,0.46093637740495785,1783,-0.06020218604792876,-1.674664783501399,773
ETF,DIA,fc_vol x trail_eff_20,rest30_eff_range,interaction,prior RTH,0.07836815517336468,3.2611276234224658,1723,-0.015255465813170091,-0.42364609189568475,773
ETF,DIA,trail_eff_20,rest30_eff_mfe,main,prior RTH,0.01800761773740426,0.7600788524255506,1783,-0.06224327362294457,-1.7316596046912702,773
ETF,DIA,fc_vol x trail_eff_20,rest30_eff_mfe,interaction,prior RTH,0.020319382458194157,0.8431223726880765,1723,-0.0461275753144037,-1.2821839718935246,773
ETF,DIA,trail_eff_20,rest30_eff_vol,main,prior RTH,0.015716961772379943,0.6633675198539708,1783,-0.06559911700371118,-1.8254150908753548,773
ETF,DIA,fc_vol x trail_eff_20,rest30_eff_vol,interaction,prior RTH,0.09068612810987736,3.7776741295930303,1723,-0.02805530324393162,-0.7793151879009874,773
ETF,DIA,eff_state,eff_range,main,prior RTH,-0.02503009170075379,-1.0566483689785011,1783,-0.0077502752478633705,-0.21520747862416803,773
ETF,DIA,fc_vol x eff_state,eff_range,interaction,prior RTH,-0.030764747407872946,-1.276878015029423,1723,-0.003284606316705292,-0.09120378361052901,773
ETF,DIA,eff_state,eff_mfe,main,prior RTH,-0.02959596824579405,-1.2495533399196384,1783,-0.01080469898101906,-0.300030366526856,773
ETF,DIA,fc_vol x eff_state,eff_mfe,interaction,prior RTH,-0.03253715790758272,-1.3505170097401136,1723,-0.0038582430030374274,-0.10713219392407558,773
ETF,DIA,eff_state,rest1_eff_range,main,prior RTH,-0.010033182884708733,-0.42344065087130306,1783,-0.010353276523554384,-0.28749366544466626,773
ETF,DIA,fc_vol x eff_state,rest1_eff_range,interaction,prior RTH,-0.017819690235041454,-0.7393661261956787,1723,-0.0028120383977591713,-0.07808186045710608,773
ETF,DIA,eff_state,rest1_eff_mfe,main,prior RTH,-0.004165557286931697,-0.1757959393227589,1783,-0.0422435128719977,-1.1740188324941365,773
ETF,DIA,fc_vol x eff_state,rest1_eff_mfe,interaction,prior RTH,-0.007663617505309455,-0.31793402602840254,1723,-0.025362501267187174,-0.7044643125417774,773
ETF,DIA,eff_state,rest1_eff_vol,main,prior RTH,-0.002080887641255291,-0.08781759331246132,1783,-0.02696839309130851,-0.749100774781465,773
ETF,DIA,fc_vol x eff_state,rest1_eff_vol,interaction,prior RTH,-0.010746732222312568,-0.4458532565133627,1723,-0.02208898852145354,-0.6134921296301458,773
ETF,DIA,eff_state,rest5_eff_range,main,prior RTH,-0.005634050130930818,-0.23777136971042592,1783,-0.017351150500418456,-0.4818599714194208,773
ETF,DIA,fc_vol x eff_state,rest5_eff_range,interaction,prior RTH,-0.010106962882647324,-0.41930813556097063,1723,-0.008413681238719575,-0.23363000362241412,773
ETF,DIA,eff_state,rest5_eff_mfe,main,prior RTH,0.01621493427628268,0.6843909423293919,1783,-0.0556553284136074,-1.547774187804324,773
ETF,DIA,fc_vol x eff_state,rest5_eff_mfe,interaction,prior RTH,0.016336048113186737,0.6777903730152507,1723,-0.03783396130219506,-1.0512839968623986,773
ETF,DIA,eff_state,rest5_eff_vol,main,prior RTH,0.0019509336272016088,0.08233325412339146,1783,-0.035140717661032536,-0.9763513474750972,773
ETF,DIA,fc_vol x eff_state,rest5_eff_vol,interaction,prior RTH,-0.005653032960124308,-0.23451946362675544,1723,-0.02932823205734405,-0.8147041555361773,773
ETF,DIA,eff_state,rest15_eff_range,main,prior RTH,-0.02815451055371402,-1.188644916468213,1783,0.006853566577871335,0.19030667656319022,773
ETF,DIA,fc_vol x eff_state,rest15_eff_range,interaction,prior RTH,-0.032982373213831975,-1.3690165117120299,1723,0.010735614950932903,0.2981117842728815,773
ETF,DIA,eff_state,rest15_eff_mfe,main,prior RTH,0.0003989112328034474,0.01683481157660883,1783,0.010055217990067448,0.27921621498608457,773
ETF,DIA,fc_vol x eff_state,rest15_eff_mfe,interaction,prior RTH,-0.004759909952532372,-0.197466801617234,1723,0.023981741540877666,0.6660898711845337,773
ETF,DIA,eff_state,rest15_eff_vol,main,prior RTH,-0.02006196093449554,-0.8468232155535119,1783,-0.014739900446761746,-0.40932561487977454,773
ETF,DIA,fc_vol x eff_state,rest15_eff_vol,interaction,prior RTH,-0.025688569816069116,-1.0660405005989726,1723,-0.013678269087008463,-0.37983848333864556,773
ETF,DIA,eff_state,rest30_eff_range,main,prior RTH,-0.04128798743049694,-1.7439183999153143,1783,-0.0038790736584993677,-0.10771060936057504,773
ETF,DIA,fc_vol x eff_state,rest30_eff_range,interaction,prior RTH,-0.03937330546953184,-1.6346666662105092,1723,-0.0026186283517758654,-0.07271140619340782,773
ETF,DIA,eff_state,rest30_eff_mfe,main,prior RTH,-0.006257471497749878,-0.264082329691619,1783,-0.023034293566782257,-0.6397603650469904,773
ETF,DIA,fc_vol x eff_state,rest30_eff_mfe,interaction,prior RTH,0.0026998801064667005,0.11200476441470932,1723,-0.017096219309664738,-0.4747781748128824,773
ETF,DIA,eff_state,rest30_eff_vol,main,prior RTH,-0.033085212491984956,-1.3970235087115963,1783,-0.019351526477963725,-0.5374322828944903,773
ETF,DIA,fc_vol x eff_state,rest30_eff_vol,interaction,prior RTH,-0.03438471570641005,-1.4272917649739918,1723,-0.01906405490231656,-0.5294456726729453,773
ETF,DIA,trail_rv_5,eff_range,main,prior RTH,0.05759700733987474,2.444976278743392,1798,-0.03413777570836348,-0.948452570725076,773
ETF,DIA,fc_vol x trail_rv_5,eff_range,interaction,prior RTH,0.05943296377285741,2.4699388727017877,1723,-0.03379995438905574,-0.9390560652535412,773
ETF,DIA,trail_rv_5,eff_mfe,main,prior RTH,-0.013116187478975186,-0.5559018788632503,1798,-0.039916245497403934,-1.1092338955100531,773
ETF,DIA,fc_vol x trail_rv_5,eff_mfe,interaction,prior RTH,-0.0146415184225341,-0.6074675858516735,1723,-0.044019080008234596,-1.2234587197352975,773
ETF,DIA,trail_rv_5,rest1_eff_range,main,prior RTH,0.0702490189902071,2.984473232725346,1798,-0.012485580387351,-0.34671272219888066,773
ETF,DIA,fc_vol x trail_rv_5,rest1_eff_range,interaction,prior RTH,0.06917412453488037,2.8765747435745426,1723,-0.016907745402050922,-0.4695425711413627,773
ETF,DIA,trail_rv_5,rest1_eff_mfe,main,prior RTH,-0.008758653551638284,-0.37119932106843645,1798,-0.02388973229472568,-0.6635328637392349,773
ETF,DIA,fc_vol x trail_rv_5,rest1_eff_mfe,interaction,prior RTH,-0.022555171095172574,-0.9359379553122936,1723,-0.024938763228433875,-0.6926872534645575,773
ETF,DIA,trail_rv_5,rest1_eff_vol,main,prior RTH,0.07571799137706989,3.218109259317587,1798,-0.009750235653947302,-0.2707465590766569,773
ETF,DIA,fc_vol x trail_rv_5,rest1_eff_vol,interaction,prior RTH,0.07949602746221095,3.3083580415548903,1723,-0.020493930465704992,-0.5691721854314842,773
ETF,DIA,trail_rv_5,rest5_eff_range,main,prior RTH,0.07699406723538398,3.272664808114007,1798,-0.000618901755042559,-0.01718497823527519,773
ETF,DIA,fc_vol x trail_rv_5,rest5_eff_range,interaction,prior RTH,0.08002501844815135,3.3305142919608253,1723,-0.012369994210363998,-0.3435025102101602,773
ETF,DIA,trail_rv_5,rest5_eff_mfe,main,prior RTH,-0.027735262504160276,-1.1758516975987618,1798,-0.0014471004756933623,-0.04018151710206582,773
ETF,DIA,fc_vol x trail_rv_5,rest5_eff_mfe,interaction,prior RTH,-0.029040918009977747,-1.2052690088353757,1723,-0.020059358658578906,-0.5570980334642923,773
ETF,DIA,trail_rv_5,rest5_eff_vol,main,prior RTH,0.08407354155071782,3.5756321501017982,1798,0.0017153466590243132,0.04762990649819536,773
ETF,DIA,fc_vol x trail_rv_5,rest5_eff_vol,interaction,prior RTH,0.0903673644287776,3.764286000398438,1723,-0.01696614891645949,-0.4711649529577049,773
ETF,DIA,trail_rv_5,rest15_eff_range,main,prior RTH,0.07500103553419427,3.1874645347270616,1798,0.02051094753593083,0.5696449945800053,773
ETF,DIA,fc_vol x trail_rv_5,rest15_eff_range,interaction,prior RTH,0.07767823758888437,3.232243078771526,1723,0.021067834406603852,0.585118039916628,773
ETF,DIA,trail_rv_5,rest15_eff_mfe,main,prior RTH,-0.03729978251523553,-1.5818372099662903,1798,0.0007860327679797088,0.021825689595766876,773
ETF,DIA,fc_vol x trail_rv_5,rest15_eff_mfe,interaction,prior RTH,-0.041276362342449545,-1.713807854641415,1723,-0.0064536784596111564,-0.17920229085714193,773
ETF,DIA,trail_rv_5,rest15_eff_vol,main,prior RTH,0.08625952551650255,3.6692896921953397,1798,0.022963795832361026,0.6378013082608327,773
ETF,DIA,fc_vol x trail_rv_5,rest15_eff_vol,interaction,prior RTH,0.09212116904889403,3.837960655637513,1723,0.0172975271313153,0.4803703468243483,773
ETF,DIA,trail_rv_5,rest30_eff_range,main,prior RTH,0.07851641376095667,3.3377702525535637,1798,0.032047170383683043,0.890307450550471,773
ETF,DIA,fc_vol x trail_rv_5,rest30_eff_range,interaction,prior RTH,0.08215317498975694,3.4196787806087623,1723,0.02003437876882237,0.5564040013630306,773
ETF,DIA,trail_rv_5,rest30_eff_mfe,main,prior RTH,0.01218056282429462,0.5162412954893102,1798,0.042506264782524505,1.1813343301576502,773
ETF,DIA,fc_vol x trail_rv_5,rest30_eff_mfe,interaction,prior RTH,0.013378076650868464,0.5550383380247133,1723,0.006837121162178099,0.18985000646990433,773
ETF,DIA,trail_rv_5,rest30_eff_vol,main,prior RTH,0.0868823870141512,3.6959856379215252,1798,0.02657835144962836,0.73825887714283,773
ETF,DIA,fc_vol x trail_rv_5,rest30_eff_vol,interaction,prior RTH,0.09305221767575454,3.8770871801671927,1723,0.011336928066012308,0.3148114291124672,773
ETF,DIA,trail_rv_20,eff_range,main,prior RTH,0.053387373983791994,2.256266100581343,1783,-0.013318598369135952,-0.3698488169181057,773
ETF,DIA,fc_vol x trail_rv_20,eff_range,interaction,prior RTH,0.05636015029646959,2.341819599895404,1723,-0.022055811729578125,-0.6125702397847786,773
ETF,DIA,trail_rv_20,eff_mfe,main,prior RTH,-0.026829978409706304,-1.1326837035617152,1783,-0.007252581819643713,-0.20138691459870056,773
ETF,DIA,fc_vol x trail_rv_20,eff_mfe,interaction,prior RTH,-0.020417369382487106,-0.8471898850518013,1723,-0.027641828114811015,-0.7678209016984583,773
ETF,DIA,trail_rv_20,rest1_eff_range,main,prior RTH,0.06490789138928572,2.7450246067691095,1783,0.0040892020018283995,0.11354535823077014,773
ETF,DIA,fc_vol x trail_rv_20,rest1_eff_range,interaction,prior RTH,0.06549117621770295,2.72274264542458,1723,-0.006592594910128014,-0.18305981442761,773
ETF,DIA,trail_rv_20,rest1_eff_mfe,main,prior RTH,-0.01917474246554311,-0.8093592839979341,1783,0.02733224663102279,0.7592150363586062,773
ETF,DIA,fc_vol x trail_rv_20,rest1_eff_mfe,interaction,prior RTH,-0.02518322176018514,-1.0450558057795443,1723,0.0016485254305955283,0.04577448114138763,773
ETF,DIA,trail_rv_20,rest1_eff_vol,main,prior RTH,0.06840773500897132,2.893714777265652,1783,0.010752839863237832,0.29859014929237915,773
ETF,DIA,fc_vol x trail_rv_20,rest1_eff_vol,interaction,prior RTH,0.07463150296104037,3.104741764431937,1723,-0.011497564012892238,-0.31927266154998835,773
ETF,DIA,trail_rv_20,rest5_eff_range,main,prior RTH,0.07402525375473742,3.1326007438624557,1783,0.02216605910637765,0.61563371250903,773
ETF,DIA,fc_vol x trail_rv_20,rest5_eff_range,interaction,prior RTH,0.07713143723252376,3.2093536950672195,1723,0.00043289608317507517,0.012020177643983531,773
ETF,DIA,trail_rv_20,rest5_eff_mfe,main,prior RTH,-0.031734576067491575,-1.3399341516550602,1783,0.035035289766412,0.9734185285385218,773
ETF,DIA,fc_vol x trail_rv_20,rest5_eff_mfe,interaction,prior RTH,-0.030577836141759122,-1.2691130583988113,1723,-0.004265906712888667,-0.11845202639670879,773
ETF,DIA,trail_rv_20,rest5_eff_vol,main,prior RTH,0.07790823790981866,3.297899182068833,1783,0.021486064630261155,0.5967388818176386,773
ETF,DIA,fc_vol x trail_rv_20,rest5_eff_vol,interaction,prior RTH,0.08569276398304584,3.5680837214783048,1723,-0.008060011906233502,-0.2238087076841343,773
ETF,DIA,trail_rv_20,rest15_eff_range,main,prior RTH,0.06667192202146574,2.8199560363097773,1783,0.004293939413306497,0.11923042860244872,773
ETF,DIA,fc_vol x trail_rv_20,rest15_eff_range,interaction,prior RTH,0.07056292520113343,2.9346135311368213,1723,0.018049551733997887,0.5012615176787235,773
ETF,DIA,trail_rv_20,rest15_eff_mfe,main,prior RTH,-0.03903775519438286,-1.6487240352279324,1783,0.009037090568881766,0.2509421177161204,773
ETF,DIA,fc_vol x trail_rv_20,rest15_eff_mfe,interaction,prior RTH,-0.04472820750620569,-1.8574057765061918,1723,-0.00016733885501759392,-0.004646479101845081,773
ETF,DIA,trail_rv_20,rest15_eff_vol,main,prior RTH,0.07668407068018784,3.245770513435734,1783,0.007965625622064848,0.2211876419923165,773
ETF,DIA,fc_vol x trail_rv_20,rest15_eff_vol,interaction,prior RTH,0.08516678435280255,3.546022416792815,1723,0.011435471191762844,0.3175481971262832,773
ETF,DIA,trail_rv_20,rest30_eff_range,main,prior RTH,0.07679801107751864,3.25062180630831,1783,0.021525983439389842,0.5978480722972855,773
ETF,DIA,fc_vol x trail_rv_20,rest30_eff_range,interaction,prior RTH,0.0797849669894612,3.3204596304885023,1723,0.014990298288913446,0.41628068863968704,773
ETF,DIA,trail_rv_20,rest30_eff_mfe,main,prior RTH,0.0042901499260734385,0.18105412587651037,1783,0.03564972337582877,0.9905114537711868,773
ETF,DIA,fc_vol x trail_rv_20,rest30_eff_mfe,interaction,prior RTH,0.010400539620135095,0.43148906915290824,1723,-0.004461330285710248,-0.12387848562661347,773
ETF,DIA,trail_rv_20,rest30_eff_vol,main,prior RTH,0.0871451238577537,3.6917341606287244,1783,0.020202613811594584,0.5610782023246556,773
ETF,DIA,fc_vol x trail_rv_20,rest30_eff_vol,interaction,prior RTH,0.09220532347712959,3.8414967547664944,1723,0.006027784017370195,0.16737583694639063,773
ETF,DIA,vol_state,eff_range,main,prior RTH,0.020143909423762693,0.8502836946554047,1783,-0.03466364214873169,-0.9630802031500695,773
ETF,DIA,fc_vol x vol_state,eff_range,interaction,prior RTH,0.02326673644550447,0.9654804586947621,1723,-0.032712706493054106,-0.9088164186088293,773
ETF,DIA,vol_state,eff_mfe,main,prior RTH,0.02809501049278028,1.1861309188255154,1783,-0.035549620039164634,-0.9877266034182499,773
ETF,DIA,fc_vol x vol_state,eff_mfe,interaction,prior RTH,0.030665046377884704,1.2727360641513643,1723,-0.03667739875941494,-1.0191028731440854,773
ETF,DIA,vol_state,rest1_eff_range,main,prior RTH,0.02228390993956458,0.9406568241032198,1783,-0.029441441231024743,-0.8178516976719906,773
ETF,DIA,fc_vol x vol_state,rest1_eff_range,interaction,prior RTH,0.019209753124983946,0.7970624760842168,1723,-0.027959306365247502,-0.776646514056438,773
ETF,DIA,vol_state,rest1_eff_mfe,main,prior RTH,0.004643641260205559,0.19597257702367904,1783,-0.05849213897090424,-1.6269301160477938,773
ETF,DIA,fc_vol x vol_state,rest1_eff_mfe,interaction,prior RTH,0.004844567151466815,0.20097892167833034,1723,-0.0576940513674424,-1.6046570503536814,773
ETF,DIA,vol_state,rest1_eff_vol,main,prior RTH,0.025062115933661873,1.0580011250064651,1783,-0.034084126471697285,-0.9469602946810509,773
ETF,DIA,fc_vol x vol_state,rest1_eff_vol,interaction,prior RTH,0.021384968418908922,0.887356993014344,1723,-0.03399441663430825,-0.944464996190763,773
ETF,DIA,vol_state,rest5_eff_range,main,prior RTH,0.022159365704317216,0.9353969257329593,1783,-0.038219157873642245,-1.062002947947082,773
ETF,DIA,fc_vol x vol_state,rest5_eff_range,interaction,prior RTH,0.018421774811214087,0.7643558755323756,1723,-0.037991843588286486,-1.0556773654939529,773
ETF,DIA,vol_state,rest5_eff_mfe,main,prior RTH,0.007647350411333093,0.3227421218146458,1783,-0.04536672981428635,-1.260991165807105,773
ETF,DIA,fc_vol x vol_state,rest5_eff_mfe,interaction,prior RTH,0.006855193998975111,0.28439397378315184,1723,-0.043411949080145514,-1.2065521425106227,773
ETF,DIA,vol_state,rest5_eff_vol,main,prior RTH,0.02721659764623769,1.1490176572966178,1783,-0.032056029444155976,-0.8905538186246044,773
ETF,DIA,fc_vol x vol_state,rest5_eff_vol,interaction,prior RTH,0.022261786859938123,0.9237577555628151,1723,-0.032973184578678906,-0.9160608023449193,773
ETF,DIA,vol_state,rest15_eff_range,main,prior RTH,0.03190279670077017,1.3470441761561789,1783,0.006595244853817131,0.18313339991309863,773
ETF,DIA,fc_vol x vol_state,rest15_eff_range,interaction,prior RTH,0.032841136595315235,1.3631477866949497,1723,0.001930774974005451,0.053611709979763236,773
ETF,DIA,vol_state,rest15_eff_mfe,main,prior RTH,0.005620573202275065,0.23720259075627337,1783,-0.0118301114162803,-0.3285083524096611,773
ETF,DIA,fc_vol x vol_state,rest15_eff_mfe,interaction,prior RTH,0.018436372811603513,0.7649617813093937,1723,-0.013261766636769666,-0.3682703584571034,773
ETF,DIA,vol_state,rest15_eff_vol,main,prior RTH,0.03295426481733497,1.3914882183442732,1783,0.009592977140852655,0.26637936699277914,773
ETF,DIA,fc_vol x vol_state,rest15_eff_vol,interaction,prior RTH,0.029840525451830135,1.238483850261219,1723,0.004375205666232329,0.12148700304245062,773
ETF,DIA,vol_state,rest30_eff_range,main,prior RTH,0.019871081852128915,0.8387629368833915,1783,0.01645088252897463,0.45685161559293924,773
ETF,DIA,fc_vol x vol_state,rest30_eff_range,interaction,prior RTH,0.013460387897119251,0.5584539374534401,1723,0.018797354666538917,0.5220362547325105,773
ETF,DIA,vol_state,rest30_eff_mfe,main,prior RTH,0.025176430101000236,1.0628299692002732,1783,0.03608020329761468,1.002487641231681,773
ETF,DIA,fc_vol x vol_state,rest30_eff_mfe,interaction,prior RTH,0.026569101907495146,1.1026067626850904,1723,0.04372319316155905,1.2152190865864727,773
ETF,DIA,vol_state,rest30_eff_vol,main,prior RTH,0.012684030203462392,0.5353331847717233,1783,0.009890139353437587,0.27463181127055775,773
ETF,DIA,fc_vol x vol_state,rest30_eff_vol,interaction,prior RTH,0.004224857139198075,0.17526949659709276,1723,0.010740914923949803,0.2982589734813618,773
ETF,DIA,fc_vol,eff_range,main,prior RTH,0.056222714175016,2.3360908634314037,1723,-0.02700234929098052,-0.7500446635690079,773
ETF,DIA,fc_vol,eff_mfe,main,prior RTH,-0.012452523088476903,-0.5166321935566519,1723,-0.03986107633634398,-1.107698356313408,773
ETF,DIA,fc_vol,rest1_eff_range,main,prior RTH,0.06176571744600324,2.567248609721173,1723,-0.014763191845638129,-0.4099725556726172,773
ETF,DIA,fc_vol,rest1_eff_mfe,main,prior RTH,-0.028371023704192623,-1.1774440983089525,1723,-0.01784700962792059,-0.49563483527069047,773
ETF,DIA,fc_vol,rest1_eff_vol,main,prior RTH,0.07499243772613018,3.1198417109145575,1723,-0.022508647659404614,-0.6251534542329759,773
ETF,DIA,fc_vol,rest5_eff_range,main,prior RTH,0.07458967779740004,3.102992060280937,1723,-0.01666740201627732,-0.4628661613720951,773
ETF,DIA,fc_vol,rest5_eff_mfe,main,prior RTH,-0.03165954133775981,-1.3140527987632484,1723,-0.0280730217811744,-0.7798077583241178,773
ETF,DIA,fc_vol,rest5_eff_vol,main,prior RTH,0.0871156120307232,3.6277777344474926,1723,-0.026210522930151397,-0.728034741769213,773
ETF,DIA,fc_vol,rest15_eff_range,main,prior RTH,0.07110541002423344,2.957288926453259,1723,0.019073122013017047,0.5296975754884395,773
ETF,DIA,fc_vol,rest15_eff_mfe,main,prior RTH,-0.04387340614401453,-1.821839743145674,1723,-0.009002315990797455,-0.24997641809998514,773
ETF,DIA,fc_vol,rest15_eff_vol,main,prior RTH,0.08754987178704005,3.6460010596666037,1723,0.011009342969099964,0.30571370713013624,773
ETF,DIA,fc_vol,rest30_eff_range,main,prior RTH,0.08080226780821026,3.3630737354897744,1723,0.007495395956927249,0.20812965725526064,773
ETF,DIA,fc_vol,rest30_eff_mfe,main,prior RTH,0.01667611770917559,0.6919039064651362,1723,-0.02517424863106437,-0.6992321126231137,773
ETF,DIA,fc_vol,rest30_eff_vol,main,prior RTH,0.09264385879057807,3.859924989499649,1723,-0.002712624915038055,-0.07532142594209029,773
ETF,DIA,open1_ret_pct,rest1_eff_range,main,opening,0.0005870196686407335,0.024912056727954105,1803,0.050127951809837916,1.3936492514353918,773
ETF,DIA,fc_vol x open1_ret_pct,rest1_eff_range,interaction,opening,0.010025866442927725,0.4159433434311814,1723,0.04497320827830093,1.250030770613545,773
ETF,DIA,open1_ret_pct,rest1_eff_mfe,main,opening,-0.009367891509276869,-0.3975738084315547,1803,0.06775301220986514,1.8856231443889693,773
ETF,DIA,fc_vol x open1_ret_pct,rest1_eff_mfe,interaction,opening,0.00556916236458897,0.2310399329244308,1723,0.06221921671021264,1.7309877198603727,773
ETF,DIA,open1_ret_pct,rest1_eff_vol,main,opening,0.009719672487213926,0.4125047966747613,1803,0.05974516845743842,1.6619060527116303,773
ETF,DIA,fc_vol x open1_ret_pct,rest1_eff_vol,interaction,opening,0.017161672980654734,0.7120557889851314,1723,0.05335550523410022,1.4836295823694465,773
ETF,DIA,open1_absret_pct,rest1_eff_range,main,opening,-0.004460887801510261,-0.18931388927800802,1803,0.0018279451647367096,0.05075643117987699,773
ETF,DIA,fc_vol x open1_absret_pct,rest1_eff_range,interaction,opening,0.02152991454051268,0.8933742289784781,1723,-0.01004515090027157,-0.2789366408867687,773
ETF,DIA,open1_absret_pct,rest1_eff_mfe,main,opening,-0.037455142098497714,-1.590644589314159,1803,-0.03974849964644764,-1.104565008245027,773
ETF,DIA,fc_vol x open1_absret_pct,rest1_eff_mfe,interaction,opening,-0.03694322027809715,-1.5336340771431696,1723,-0.046922247133539416,-1.3043213740040458,773
ETF,DIA,open1_absret_pct,rest1_eff_vol,main,opening,-0.0015958194700097421,-0.06772377666315876,1803,0.002630631283179879,0.07304469367428416,773
ETF,DIA,fc_vol x open1_absret_pct,rest1_eff_vol,interaction,opening,0.02807411076460619,1.1651119524288258,1723,-0.011644664546902573,-0.32335800588720537,773
ETF,DIA,open1_range_pct,rest1_eff_range,main,opening,0.044673690073734375,1.8977652303246901,1803,-0.051341605365864185,-1.4274791727226794,773
ETF,DIA,fc_vol x open1_range_pct,rest1_eff_range,interaction,opening,0.06354702525311672,2.641583389571535,1723,-0.04942804230160502,-1.3741424848727406,773
ETF,DIA,open1_range_pct,rest1_eff_mfe,main,opening,-0.04385069645322624,-1.8627359769367116,1803,-0.09283983517915285,-2.589055174330005,773
ETF,DIA,fc_vol x open1_range_pct,rest1_eff_mfe,interaction,opening,-0.04108390743975447,-1.7058035230595192,1723,-0.07417738313416607,-2.06536494733479,773
ETF,DIA,open1_range_pct,rest1_eff_vol,main,opening,0.05340725457607891,2.2697465858668493,1803,-0.05043449126832044,-1.4021932790097758,773
ETF,DIA,fc_vol x open1_range_pct,rest1_eff_vol,interaction,opening,0.0752340157194947,3.1299489758016743,1723,-0.050785640460950084,-1.4119811807222986,773
ETF,DIA,open1_closeloc,rest1_eff_range,main,opening,-0.009911963921402072,-0.4206664767407497,1803,0.05651318965282074,1.5717071567991974,773
ETF,DIA,fc_vol x open1_closeloc,rest1_eff_range,interaction,opening,0.03207693092831823,1.3313945913964358,1723,0.041247475258543664,1.1462895117419811,773
ETF,DIA,open1_closeloc,rest1_eff_mfe,main,opening,-0.00521352888584567,-0.22125573822516065,1803,0.08861853674690114,2.470380244623099,773
ETF,DIA,fc_vol x open1_closeloc,rest1_eff_mfe,interaction,opening,-0.0005513141919656401,-0.022871238010720763,1723,0.0775484305568061,2.159782488100511,773
ETF,DIA,open1_closeloc,rest1_eff_vol,main,opening,0.00030932674787920487,0.013127268034206283,1803,0.06900357288144772,1.9205922931676236,773
ETF,DIA,fc_vol x open1_closeloc,rest1_eff_vol,interaction,opening,0.04400716704772249,1.8274049154673893,1723,0.04951101315283963,1.3764548101115954,773
ETF,DIA,open1_vol_rel,rest1_eff_range,main,opening,-0.007071458659742144,-0.29843642257752195,1783,0.004376387796482101,0.12151982806200018,773
ETF,DIA,fc_vol x open1_vol_rel,rest1_eff_range,interaction,opening,0.02692335550675835,1.1173187349006808,1723,-0.004770560302044425,-0.13246511500456912,773
ETF,DIA,open1_vol_rel,rest1_eff_mfe,main,opening,-0.007218496927137769,-0.30464219142493426,1783,-0.028286683438483236,-0.7857475512162343,773
ETF,DIA,fc_vol x open1_vol_rel,rest1_eff_mfe,interaction,opening,-0.0326371244669171,-1.3546707307973553,1723,-0.029364500500145985,-0.8157125196185235,773
ETF,DIA,open1_vol_rel,rest1_eff_vol,main,opening,-0.0020798820511864495,-0.08777515522975933,1783,-0.00482721022774244,-0.13403816141559305,773
ETF,DIA,fc_vol x open1_vol_rel,rest1_eff_vol,interaction,opening,0.03914924047565111,1.6253498101270123,1723,-0.013010862190777102,-0.36130171935077626,773
ETF,DIA,open5_ret_pct,rest5_eff_range,main,opening,-0.0019395291522969899,-0.08231026216679603,1803,0.027326792728828854,0.7590634286514438,773
ETF,DIA,fc_vol x open5_ret_pct,rest5_eff_range,interaction,opening,0.004420489312171284,0.18338551248856164,1723,0.028229905597406523,0.7841691170663814,773
ETF,DIA,open5_ret_pct,rest5_eff_mfe,main,opening,-0.004452660120155723,-0.1889647109671051,1803,0.03695458386577181,1.026815115320977,773
ETF,DIA,fc_vol x open5_ret_pct,rest5_eff_mfe,interaction,opening,0.0037157440505492696,0.1541484720881566,1723,0.03987195939846298,1.108001266921374,773
ETF,DIA,open5_ret_pct,rest5_eff_vol,main,opening,0.016013486889388424,0.6796705548910814,1803,0.039062544349118475,1.0854737140177564,773
ETF,DIA,fc_vol x open5_ret_pct,rest5_eff_vol,interaction,opening,0.023636784539596594,0.9808445541299042,1723,0.039005621596009385,1.0838895271148674,773
ETF,DIA,open5_absret_pct,rest5_eff_range,main,opening,0.02253432112713851,0.9565587083579989,1803,0.01384421898614538,0.3844477046337415,773
ETF,DIA,fc_vol x open5_absret_pct,rest5_eff_range,interaction,opening,0.04230171302367009,1.7564561364982667,1723,0.006742709290672162,0.18722830142224953,773
ETF,DIA,open5_absret_pct,rest5_eff_mfe,main,opening,0.011171494501600989,0.47412759715681374,1803,0.02804130170515347,0.7789259495247044,773
ETF,DIA,fc_vol x open5_absret_pct,rest5_eff_mfe,interaction,opening,-0.0037546839255032066,-0.15576392415633852,1723,0.018198965390641395,0.5054123148410985,773
ETF,DIA,open5_absret_pct,rest5_eff_vol,main,opening,0.023387399899546392,0.9927904793553395,1803,0.021719576616824148,0.6032273242761297,773
ETF,DIA,fc_vol x open5_absret_pct,rest5_eff_vol,interaction,opening,0.045544376811924574,1.8913682455676248,1723,0.009293347407187453,0.25805846903834784,773
ETF,DIA,open5_range_pct,rest5_eff_range,main,opening,0.054535088529240154,2.3178197199974893,1803,-0.037118933071771,-1.0313879869595464,773
ETF,DIA,fc_vol x open5_range_pct,rest5_eff_range,interaction,opening,0.07337021507327546,3.0519845410159983,1723,-0.03710912528251016,-1.0311150915298555,773
ETF,DIA,open5_range_pct,rest5_eff_mfe,main,opening,-0.03475475944613973,-1.4758206831461536,1803,-0.0004955734605590133,-0.013760533847291458,773
ETF,DIA,fc_vol x open5_range_pct,rest5_eff_mfe,interaction,opening,-0.03644011819973055,-1.5127206998083147,1723,-0.019292057663082902,-0.535780093910281,773
ETF,DIA,open5_range_pct,rest5_eff_vol,main,opening,0.06681747414425308,2.8419638632478463,1803,-0.038259323355688074,-1.0631206690061383,773
ETF,DIA,fc_vol x open5_range_pct,rest5_eff_vol,interaction,opening,0.0866037892579789,3.6063022207206368,1723,-0.04127639769771251,-1.147094653146785,773
ETF,DIA,open5_closeloc,rest5_eff_range,main,opening,-0.013086502270439884,-0.5554150356059226,1803,0.03535107464751488,0.9822032071545496,773
ETF,DIA,fc_vol x open5_closeloc,rest5_eff_range,interaction,opening,0.026160513762386636,1.085638820231595,1723,0.02284042086188942,0.6343728724190092,773
ETF,DIA,open5_closeloc,rest5_eff_mfe,main,opening,-0.012757187590540649,-0.5414360152915242,1803,0.029723862544519836,0.8257039637930574,773
ETF,DIA,fc_vol x open5_closeloc,rest5_eff_mfe,interaction,opening,-0.0245551349893747,-1.0189754730066292,1723,0.021279495041816105,0.5909991513602986,773
ETF,DIA,open5_closeloc,rest5_eff_vol,main,opening,0.00490173792327942,0.20802338613095367,1803,0.04986508674633035,1.3863228539294603,773
ETF,DIA,fc_vol x open5_closeloc,rest5_eff_vol,interaction,opening,0.044943620770643206,1.866369196877654,1723,0.031184894855893465,0.8663287977273989,773
ETF,DIA,open5_vol_rel,rest5_eff_range,main,opening,0.0002964765298690864,0.012511872138553119,1783,-0.010824441529791238,-0.3005786518270625,773
ETF,DIA,fc_vol x open5_vol_rel,rest5_eff_range,interaction,opening,0.04665059451027693,1.9374062910080734,1723,-0.016698812150684444,-0.4637386872619026,773
ETF,DIA,open5_vol_rel,rest5_eff_mfe,main,opening,-0.006533514409334617,-0.2757325787400175,1783,-0.02091743468211931,-0.5809391456918188,773
ETF,DIA,fc_vol x open5_vol_rel,rest5_eff_mfe,interaction,opening,-0.02969166073591425,-1.2322999901613123,1723,-0.029669041106538757,-0.824179727288155,773
ETF,DIA,open5_vol_rel,rest5_eff_vol,main,opening,0.0032796070682042356,0.1384063797423911,1783,-0.007751522300337936,-0.21524210850961845,773
ETF,DIA,fc_vol x open5_vol_rel,rest5_eff_vol,interaction,opening,0.05734145689217567,2.3827272078205013,1723,-0.01671481588231483,-0.464183247179517,773
ETF,DIA,open15_ret_pct,rest15_eff_range,main,opening,0.026335200067117155,1.118005993023059,1803,0.04127234504523673,1.1469818354373233,773
ETF,DIA,fc_vol x open15_ret_pct,rest15_eff_range,interaction,opening,0.030521649373465354,1.2667788869390406,1723,0.03522460814899306,0.9786850568823786,773
ETF,DIA,open15_ret_pct,rest15_eff_mfe,main,opening,0.009096457437822296,0.3860531646561868,1803,-0.011777488476033401,-0.3270468717558287,773
ETF,DIA,fc_vol x open15_ret_pct,rest15_eff_mfe,interaction,opening,0.013331743590563046,0.5531156995938701,1723,-0.01961569401530287,-0.5447715717682546,773
ETF,DIA,open15_ret_pct,rest15_eff_vol,main,opening,0.03568154165717444,1.5152249352588212,1803,0.05325844194289037,1.480922908086952,773
ETF,DIA,fc_vol x open15_ret_pct,rest15_eff_vol,interaction,opening,0.03995402842871704,1.6588148854106661,1723,0.04296168547508676,1.1940146645215033,773
ETF,DIA,open15_absret_pct,rest15_eff_range,main,opening,0.01164951937197363,0.49441807076701755,1803,0.025711520245504105,0.7141649708537651,773
ETF,DIA,fc_vol x open15_absret_pct,rest15_eff_range,interaction,opening,0.029207666487619806,1.2121953697470396,1723,0.02431232735995411,0.6752772445901539,773
ETF,DIA,open15_absret_pct,rest15_eff_mfe,main,opening,-0.020471715141887344,-0.8689646507048474,1803,0.01576049619075476,0.4376742739543146,773
ETF,DIA,fc_vol x open15_absret_pct,rest15_eff_mfe,interaction,opening,-0.032845213436278435,-1.363317188205187,1723,0.005832178716443426,0.16194420018100006,773
ETF,DIA,open15_absret_pct,rest15_eff_vol,main,opening,0.015670381687673127,0.6651043076923588,1803,0.0233487974552751,0.648500209121189,773
ETF,DIA,fc_vol x open15_absret_pct,rest15_eff_vol,interaction,opening,0.03602364785379987,1.4954093764038825,1723,0.019300553333424224,0.5360161240420872,773
ETF,DIA,open15_range_pct,rest15_eff_range,main,opening,0.06098059744333928,2.592731400405595,1803,-0.03559648936022623,-0.9890304927605374,773
ETF,DIA,fc_vol x open15_range_pct,rest15_eff_range,interaction,opening,0.0718630453001173,2.988961842736562,1723,-0.020882439272051825,-0.5799667950781339,773
ETF,DIA,open15_range_pct,rest15_eff_mfe,main,opening,-0.03484887016706693,-1.4798218387349207,1803,-0.0429238452263159,-1.1929610455246729,773
ETF,DIA,fc_vol x open15_range_pct,rest15_eff_mfe,interaction,opening,-0.04254013959154276,-1.766374007007581,1723,-0.03975981327519454,-1.104879898674137,773
ETF,DIA,open15_range_pct,rest15_eff_vol,main,opening,0.07303258842797353,3.107669750837926,1803,-0.027778431614318262,-0.7716183285573378,773
ETF,DIA,fc_vol x open15_range_pct,rest15_eff_vol,interaction,opening,0.08701499852074096,3.6235558755430373,1723,-0.017512539762138252,-0.4863432921470374,773
ETF,DIA,open15_closeloc,rest15_eff_range,main,opening,0.02639283727900736,1.1204545644112258,1803,0.03756714181453962,1.0438594267603984,773
ETF,DIA,fc_vol x open15_closeloc,rest15_eff_range,interaction,opening,0.06762908204765493,2.8120262516983554,1723,0.03648605591601704,1.0137791952312387,773
ETF,DIA,open15_closeloc,rest15_eff_mfe,main,opening,0.007316717159387655,0.31051654729344663,1803,-0.013733434230853618,-0.3813706793562425,773
ETF,DIA,fc_vol x open15_closeloc,rest15_eff_mfe,interaction,opening,-0.021572179001740507,-0.8951287897016981,1723,-0.019406840713030175,-0.5389690526219207,773
ETF,DIA,open15_closeloc,rest15_eff_vol,main,opening,0.036697195133472596,1.55841225035163,1803,0.050549911987105296,1.4054104482760854,773
ETF,DIA,fc_vol x open15_closeloc,rest15_eff_vol,interaction,opening,0.08273489570048581,3.444059580994323,1723,0.04541238654542945,1.2622628389402086,773
ETF,DIA,open15_vol_rel,rest15_eff_range,main,opening,0.002602976226382246,0.10985090334180439,1783,0.007523857282950127,0.20892000652795772,773
ETF,DIA,fc_vol x open15_vol_rel,rest15_eff_range,interaction,opening,0.0489430741338204,2.032836561343594,1723,0.015898282294333377,0.4415016035260623,773
ETF,DIA,open15_vol_rel,rest15_eff_mfe,main,opening,-0.017901315565601074,-0.7555905291246546,1783,0.014552933601008821,0.4041324566787203,773
ETF,DIA,fc_vol x open15_vol_rel,rest15_eff_mfe,interaction,opening,-0.03679143137313009,-1.5273242638889526,1723,0.011182670345566753,0.3105273577493937,773
ETF,DIA,open15_vol_rel,rest15_eff_vol,main,opening,0.010706553333498677,0.4518627463211096,1783,0.013172277545453633,0.36578487373601226,773
ETF,DIA,fc_vol x open15_vol_rel,rest15_eff_vol,interaction,opening,0.06382655624864433,2.6532506270080516,1723,0.021086410292422895,0.5856341783342728,773
ETF,DIA,open30_ret_pct,rest30_eff_range,main,opening,0.02737654597951633,1.1622466885572469,1803,0.07448947342512581,2.0741030460787324,773
ETF,DIA,fc_vol x open30_ret_pct,rest30_eff_range,interaction,opening,0.030449244773230005,1.2637709944967517,1723,0.06940203175901118,1.9317362128148101,773
ETF,DIA,open30_ret_pct,rest30_eff_mfe,main,opening,0.0008701220077210526,0.03692641736824105,1803,0.06002383351194114,1.6696855238244404,773
ETF,DIA,fc_vol x open30_ret_pct,rest30_eff_mfe,interaction,opening,-0.0038553349799075125,-0.1599395174967671,1723,0.05100329207576972,1.41804824602147,773
ETF,DIA,open30_ret_pct,rest30_eff_vol,main,opening,0.03478179499454163,1.4769701064569276,1803,0.07961165018275428,2.217606456936457,773
ETF,DIA,fc_vol x open30_ret_pct,rest30_eff_vol,interaction,opening,0.03709655951112515,1.5400084449383096,1723,0.0730210036637104,2.032993211679042,773
ETF,DIA,open30_absret_pct,rest30_eff_range,main,opening,0.05255083959516995,2.233248324523641,1803,0.015789048804393926,0.43846738716696126,773
ETF,DIA,fc_vol x open30_absret_pct,rest30_eff_range,interaction,opening,0.068605058693504,2.852798024505368,1723,0.024336216841336408,0.6759411702647524,773
ETF,DIA,open30_absret_pct,rest30_eff_mfe,main,opening,0.028065031449303158,1.1914984786984362,1803,-0.016681860572747065,-0.46326779796914525,773
ETF,DIA,fc_vol x open30_absret_pct,rest30_eff_mfe,interaction,opening,0.02961816072807699,1.229246820349156,1723,-0.017639531959884245,-0.48987110470343936,773
ETF,DIA,open30_absret_pct,rest30_eff_vol,main,opening,0.06536303000358099,2.7798332415323217,1803,0.026333851907994244,0.7314627520866688,773
ETF,DIA,fc_vol x open30_absret_pct,rest30_eff_vol,interaction,opening,0.08359506271088393,3.480116993089074,1723,0.029084278172624347,0.8079216391622707,773
ETF,DIA,open30_range_pct,rest30_eff_range,main,opening,0.07052248694241292,3.000316944275433,1803,0.013159274510850647,0.3654237260500553,773
ETF,DIA,fc_vol x open30_range_pct,rest30_eff_range,interaction,opening,0.08001051133467578,3.3299066385599865,1723,0.004210802609018254,0.11692191575491352,773
ETF,DIA,open30_range_pct,rest30_eff_mfe,main,opening,0.016605221555136045,0.7047927272654818,1803,0.011387355898375773,0.3162119242168805,773
ETF,DIA,fc_vol x open30_range_pct,rest30_eff_mfe,interaction,opening,0.016621629819260436,0.6896425396222323,1723,-0.007673958334131686,-0.2130882064533296,773
ETF,DIA,open30_range_pct,rest30_eff_vol,main,opening,0.08072390811193224,3.43699320500957,1803,0.018503167071620977,0.5138633171656612,773
ETF,DIA,fc_vol x open30_range_pct,rest30_eff_vol,interaction,opening,0.09210929754522956,3.837461831598001,1723,0.005280877525885303,0.14663557289840284,773
ETF,DIA,open30_closeloc,rest30_eff_range,main,opening,0.00776908807012264,0.3297159891182893,1803,0.03168756318801541,0.88030704842976,773
ETF,DIA,fc_vol x open30_closeloc,rest30_eff_range,interaction,opening,0.040881993750194405,1.6974059984549612,1723,0.017353219875953486,0.4819174574970417,773
ETF,DIA,open30_closeloc,rest30_eff_mfe,main,opening,-0.007494632443666723,-0.3180675712075918,1803,0.011874004579409056,0.3297273857495561,773
ETF,DIA,fc_vol x open30_closeloc,rest30_eff_mfe,interaction,opening,-0.016670698284639417,-0.6916789881942834,1723,0.003463624129824353,0.09617463586114249,773
ETF,DIA,open30_closeloc,rest30_eff_vol,main,opening,0.014199834331187215,0.6026760356981018,1803,0.04835796757093817,1.3443229741517009,773
ETF,DIA,fc_vol x open30_closeloc,rest30_eff_vol,interaction,opening,0.051596948379383306,2.143351118628104,1723,0.023729673307965823,0.6590847420284932,773
ETF,DIA,open30_vol_rel,rest30_eff_range,main,opening,0.011167969866035432,0.4713388938248697,1783,-0.013255700246046704,-0.3681018692457545,773
ETF,DIA,fc_vol x open30_vol_rel,rest30_eff_range,interaction,opening,0.06224946393057651,2.5874331030875255,1723,0.0008488660269239801,0.023570375330867283,773
ETF,DIA,open30_vol_rel,rest30_eff_mfe,main,opening,0.009266617184261451,0.39108560348687915,1783,-0.041657528651388206,-1.1577048280398277,773
ETF,DIA,fc_vol x open30_vol_rel,rest30_eff_mfe,interaction,opening,0.021821120175206557,0.90546339526701,1723,-0.028595303317134946,-0.7943273726327587,773
ETF,DIA,open30_vol_rel,rest30_eff_vol,main,opening,0.017169440274203706,0.7246897509451211,1783,-0.002365216879832101,-0.06567489295171529,773
ETF,DIA,fc_vol x open30_vol_rel,rest30_eff_vol,interaction,opening,0.07306448986116938,3.0391988758824677,1723,0.00676216802358966,0.18776864681106578,773
ETF,IWM,gap_pct,eff_range,main,prior RTH,0.02367355145689227,1.020997881901394,1861,0.03375929560911099,0.9536085995324041,799
ETF,IWM,fc_vol x gap_pct,eff_range,interaction,prior RTH,0.0305197701234288,1.287868703825753,1781,0.03535699305966868,0.9987944334442608,799
ETF,IWM,gap_pct,eff_mfe,main,prior RTH,0.0509646611524735,2.2002578911226887,1861,0.023835117347909877,0.6730849102737373,799
ETF,IWM,fc_vol x gap_pct,eff_mfe,interaction,prior RTH,0.05197558951439387,2.195203602257401,1781,0.022701956843883073,0.6410684391668863,799
ETF,IWM,gap_pct,rest1_eff_range,main,prior RTH,0.020940055859577356,0.9030520183936985,1861,0.012148645595400796,0.3429960151910197,799
ETF,IWM,fc_vol x gap_pct,rest1_eff_range,interaction,prior RTH,0.027953606581174132,1.1794935457268938,1781,0.017620488262629817,0.49752456642718723,799
ETF,IWM,gap_pct,rest1_eff_mfe,main,prior RTH,0.04085521297298389,1.7629903188444056,1861,-0.020994466143784803,-0.5928293940260915,799
ETF,IWM,fc_vol x gap_pct,rest1_eff_mfe,interaction,prior RTH,0.03885109954547882,1.6399073030574216,1781,-0.011569549824814491,-0.3266440032334664,799
ETF,IWM,gap_pct,rest1_eff_vol,main,prior RTH,0.03249047110999223,1.401603108121345,1861,0.01774509165845985,0.5010439189036068,799
ETF,IWM,fc_vol x gap_pct,rest1_eff_vol,interaction,prior RTH,0.03777291511515725,1.594331116011586,1781,0.0223866552728809,0.632160310579077,799
ETF,IWM,gap_pct,rest5_eff_range,main,prior RTH,0.012758572272830702,0.550144940604865,1861,0.015201686271472253,0.4292112658906491,799
ETF,IWM,fc_vol x gap_pct,rest5_eff_range,interaction,prior RTH,0.019545954769871518,0.824570587134742,1781,0.0182398121147565,0.5150172505478064,799
ETF,IWM,gap_pct,rest5_eff_mfe,main,prior RTH,0.023155631386427594,0.998648799487775,1861,-0.03142513890190318,-0.8876073995598445,799
ETF,IWM,fc_vol x gap_pct,rest5_eff_mfe,interaction,prior RTH,0.020171408717157568,0.8509667191054293,1781,-0.0290802786199111,-0.821318177713943,799
ETF,IWM,gap_pct,rest5_eff_vol,main,prior RTH,0.02488594812443421,1.0733179922322613,1861,0.02499272028197377,0.7057946624176773,799
ETF,IWM,fc_vol x gap_pct,rest5_eff_vol,interaction,prior RTH,0.030232436969104194,1.275732717265005,1781,0.028183762844048697,0.7959773143710197,799
ETF,IWM,gap_pct,rest15_eff_range,main,prior RTH,0.005861260533668569,0.2527191668948635,1861,0.02837669669186445,0.8014306069810612,799
ETF,IWM,fc_vol x gap_pct,rest15_eff_range,interaction,prior RTH,0.013920133009188427,0.5871829544717176,1781,0.03404468426491086,0.9616793706827552,799
ETF,IWM,gap_pct,rest15_eff_mfe,main,prior RTH,-0.004320910274765852,-0.1863026349124231,1861,-0.004266558878413717,-0.12045112395382063,799
ETF,IWM,fc_vol x gap_pct,rest15_eff_mfe,interaction,prior RTH,-0.004815365051662922,-0.2031057533223712,1781,0.0040560513658092325,0.11450809229952573,799
ETF,IWM,gap_pct,rest15_eff_vol,main,prior RTH,0.020095850219430646,0.8666301442878868,1861,0.037424461346447065,1.0572776859226345,799
ETF,IWM,fc_vol x gap_pct,rest15_eff_vol,interaction,prior RTH,0.027440137789849377,1.1578114147124992,1781,0.04234616828049686,1.1965559681341602,799
ETF,IWM,gap_pct,rest30_eff_range,main,prior RTH,0.005452516910725225,0.23509488053166178,1861,0.036985449644676864,1.044858085494242,799
ETF,IWM,fc_vol x gap_pct,rest30_eff_range,interaction,prior RTH,0.012899300713568337,0.5441144704724037,1781,0.03953391265872143,1.1169625461246204,799
ETF,IWM,gap_pct,rest30_eff_mfe,main,prior RTH,0.008791719123536873,0.37907948736421715,1861,0.004609421641437726,0.1301308333360038,799
ETF,IWM,fc_vol x gap_pct,rest30_eff_mfe,interaction,prior RTH,0.0019583898877519883,0.08260150587387026,1781,0.007578911438563587,0.21396782212677903,799
ETF,IWM,gap_pct,rest30_eff_vol,main,prior RTH,0.018615679237991383,0.802775012540026,1861,0.0473638010485265,1.3386387390440235,799
ETF,IWM,fc_vol x gap_pct,rest30_eff_vol,interaction,prior RTH,0.025929510751242724,1.094027760590981,1781,0.050384988424498546,1.4242370685372872,799
ETF,IWM,abs_gap_pct,eff_range,main,prior RTH,0.060893228176853,2.6303610708357485,1861,-0.02397503669780807,-0.677038388169279,799
ETF,IWM,fc_vol x abs_gap_pct,eff_range,interaction,prior RTH,0.06409519558155513,2.7089898111834447,1781,-0.026867703538113637,-0.7587811226178296,799
ETF,IWM,abs_gap_pct,eff_mfe,main,prior RTH,0.02432513406725473,1.0491158880263411,1861,-0.04040928650758754,-1.1417347377306957,799
ETF,IWM,fc_vol x abs_gap_pct,eff_mfe,interaction,prior RTH,0.015019236621920075,0.6335557292080662,1781,-0.04560199975174991,-1.2887393390449544,799
ETF,IWM,abs_gap_pct,rest1_eff_range,main,prior RTH,0.056357791637348345,2.4337976241745944,1861,-0.045796065175084014,-1.294235244097609,799
ETF,IWM,fc_vol x abs_gap_pct,rest1_eff_range,interaction,prior RTH,0.06419601029276875,2.7132683736292864,1781,-0.04827239860656637,-1.3643777612482126,799
ETF,IWM,abs_gap_pct,rest1_eff_mfe,main,prior RTH,0.014412715755676802,0.6214849675934666,1861,-0.08389113726789554,-2.37672463504297,799
ETF,IWM,fc_vol x abs_gap_pct,rest1_eff_mfe,interaction,prior RTH,0.008597439375508765,0.3626378634903733,1781,-0.08839060595874361,-2.505177391220173,799
ETF,IWM,abs_gap_pct,rest1_eff_vol,main,prior RTH,0.06518996820598666,2.8167301867833334,1861,-0.04037417875044996,-1.1407411735273796,799
ETF,IWM,fc_vol x abs_gap_pct,rest1_eff_vol,interaction,prior RTH,0.06904698571691052,2.9192441604105106,1781,-0.04313808969349174,-1.2189742580798177,799
ETF,IWM,abs_gap_pct,rest5_eff_range,main,prior RTH,0.04980729941177262,2.15016629861143,1861,-0.012787954679483932,-0.36104868082689706,799
ETF,IWM,fc_vol x abs_gap_pct,rest5_eff_range,interaction,prior RTH,0.05815760918592899,2.4571418132365257,1781,-0.015758844217798367,-0.44494615315914976,799
ETF,IWM,abs_gap_pct,rest5_eff_mfe,main,prior RTH,0.0034737750272976213,0.14977661251986216,1861,-0.05091039910628887,-1.4391272946214193,799
ETF,IWM,fc_vol x abs_gap_pct,rest5_eff_mfe,interaction,prior RTH,-0.0005246789679722923,-0.02213001403951737,1781,-0.05721708459943483,-1.6179568971424907,799
ETF,IWM,abs_gap_pct,rest5_eff_vol,main,prior RTH,0.05879305865032263,2.5393212438444595,1861,-0.009176614634400549,-0.2590776455927114,799
ETF,IWM,fc_vol x abs_gap_pct,rest5_eff_vol,interaction,prior RTH,0.06414326763038178,2.7110299719124162,1781,-0.01079917864901492,-0.304891426378923,799
ETF,IWM,abs_gap_pct,rest15_eff_range,main,prior RTH,0.05392263659790268,2.328322431307007,1861,-0.005203508921131975,-0.1469032296604662,799
ETF,IWM,fc_vol x abs_gap_pct,rest15_eff_range,interaction,prior RTH,0.05476638615270015,2.313419218463153,1781,-0.004465909246632855,-0.12607918272916516,799
ETF,IWM,abs_gap_pct,rest15_eff_mfe,main,prior RTH,-0.009840749484979896,-0.42431550399677886,1861,-0.054562339224975505,-1.5426576749007872,799
ETF,IWM,fc_vol x abs_gap_pct,rest15_eff_mfe,interaction,prior RTH,-0.027841313589973635,-1.1747516956470025,1781,-0.05164210034035383,-1.4598658279523598,799
ETF,IWM,abs_gap_pct,rest15_eff_vol,main,prior RTH,0.06626724004032687,2.8634806106135335,1861,0.005538572977651407,0.15636289564480796,799
ETF,IWM,fc_vol x abs_gap_pct,rest15_eff_vol,interaction,prior RTH,0.06686220256849647,2.8264518923359123,1781,0.006527450109597189,0.1842815999324124,799
ETF,IWM,abs_gap_pct,rest30_eff_range,main,prior RTH,0.03956239889718442,1.707113724535845,1861,0.016770094439249345,0.4735062842575432,799
ETF,IWM,fc_vol x abs_gap_pct,rest30_eff_range,interaction,prior RTH,0.040552470995321714,1.7118381057444167,1781,0.01404720049831091,0.396608296206344,799
ETF,IWM,abs_gap_pct,rest30_eff_mfe,main,prior RTH,-0.011259238188887523,-0.4854854640505345,1861,-0.01478242997231715,-0.4173711704720393,799
ETF,IWM,fc_vol x abs_gap_pct,rest30_eff_mfe,interaction,prior RTH,-0.019258294118132076,-0.8124307261080989,1781,-0.020895769916514786,-0.5900412477036406,799
ETF,IWM,abs_gap_pct,rest30_eff_vol,main,prior RTH,0.05022350995251677,2.1681792314120236,1861,0.03240228812815179,0.9152356845462986,799
ETF,IWM,fc_vol x abs_gap_pct,rest30_eff_vol,interaction,prior RTH,0.050546229085161085,2.1346773371971506,1781,0.030825269770088,0.8706477410469046,799
ETF,IWM,prev_ret_pct,eff_range,main,prior RTH,-0.0014333071137795934,-0.06178208452537747,1860,0.03517645598226698,0.9936881337578657,799
ETF,IWM,fc_vol x prev_ret_pct,eff_range,interaction,prior RTH,-0.0033711137270204037,-0.14218829475726857,1781,0.03505120542748953,0.9901456119646864,799
ETF,IWM,prev_ret_pct,eff_mfe,main,prior RTH,0.026371217921449176,1.1371142658732487,1860,0.10109887710790987,2.868840288846319,799
ETF,IWM,fc_vol x prev_ret_pct,eff_mfe,interaction,prior RTH,0.031478636179211865,1.3283703125035244,1781,0.09889585196799532,2.805701571547679,799
ETF,IWM,prev_ret_pct,rest1_eff_range,main,prior RTH,-0.0011867980145845239,-0.051156399677212076,1860,0.01676091923885821,0.47324714819631203,799
ETF,IWM,fc_vol x prev_ret_pct,rest1_eff_range,interaction,prior RTH,-0.002780692718210519,-0.11728504874415495,1781,0.019187084136366658,0.5417739222611935,799
ETF,IWM,prev_ret_pct,rest1_eff_mfe,main,prior RTH,0.01899657460386612,0.8189860953227985,1860,0.06829691100232954,1.932615543565288,799
ETF,IWM,fc_vol x prev_ret_pct,rest1_eff_mfe,interaction,prior RTH,0.02285341933573829,0.9641677560648831,1781,0.07149510532409427,2.023570206153054,799
ETF,IWM,prev_ret_pct,rest1_eff_vol,main,prior RTH,-0.005341400388075467,-0.23024180637348204,1860,0.02621512446079801,0.7403385544619547,799
ETF,IWM,fc_vol x prev_ret_pct,rest1_eff_vol,interaction,prior RTH,-0.004991521113532299,-0.2105359657741524,1781,0.029107555925525132,0.8220892272506739,799
ETF,IWM,prev_ret_pct,rest5_eff_range,main,prior RTH,-0.010391796190528595,-0.447957617588065,1860,0.02141770308321735,0.6047859404268826,799
ETF,IWM,fc_vol x prev_ret_pct,rest5_eff_range,interaction,prior RTH,-0.010189606929265415,-0.42980152522998794,1781,0.023855548379448668,0.6736621948708461,799
ETF,IWM,prev_ret_pct,rest5_eff_mfe,main,prior RTH,0.04003226870420412,1.7269562419333826,1860,0.046446981886909225,1.312670188212075,799
ETF,IWM,fc_vol x prev_ret_pct,rest5_eff_mfe,interaction,prior RTH,0.04539742659593955,1.9167576064691132,1781,0.04647762404406909,1.3135380614839598,799
ETF,IWM,prev_ret_pct,rest5_eff_vol,main,prior RTH,-0.0193893274792528,-0.8359248801742734,1860,0.032062682489923555,0.9056332531050324,799
ETF,IWM,fc_vol x prev_ret_pct,rest5_eff_vol,interaction,prior RTH,-0.01857448332784751,-0.7835733329792972,1781,0.034861152447635504,0.9847703411223592,799
ETF,IWM,prev_ret_pct,rest15_eff_range,main,prior RTH,-0.018088248023941544,-0.779812905186757,1860,0.0030129768181320835,0.0850603023696633,799
ETF,IWM,fc_vol x prev_ret_pct,rest15_eff_range,interaction,prior RTH,-0.020205620962813423,-0.8524106124749332,1781,0.006176870669560417,0.17438372648813566,799
ETF,IWM,prev_ret_pct,rest15_eff_mfe,main,prior RTH,-0.007013940524287572,-0.3023400054914212,1860,0.020696124888070842,0.5844013730275807,799
ETF,IWM,fc_vol x prev_ret_pct,rest15_eff_mfe,interaction,prior RTH,-0.007140924946888364,-0.30119899318203436,1781,0.026633057611161394,0.7521496724400307,799
ETF,IWM,prev_ret_pct,rest15_eff_vol,main,prior RTH,-0.022359177464889406,-0.9640227078585012,1860,0.02249663636163241,0.6352675544682174,799
ETF,IWM,fc_vol x prev_ret_pct,rest15_eff_vol,interaction,prior RTH,-0.022655006533503583,-0.9557925588759637,1781,0.025693395543616448,0.7255946313170138,799
ETF,IWM,prev_ret_pct,rest30_eff_range,main,prior RTH,-0.004918691082993121,-0.21202040322351728,1860,0.0006484374493647175,0.018306163664736693,799
ETF,IWM,fc_vol x prev_ret_pct,rest30_eff_range,interaction,prior RTH,-0.010776490596059195,-0.4545593001040938,1781,0.0018705713628374059,0.052808545000000345,799
ETF,IWM,prev_ret_pct,rest30_eff_mfe,main,prior RTH,0.047875852403259485,2.066034969777651,1860,0.0017352871211883906,0.04898929145204866,799
ETF,IWM,fc_vol x prev_ret_pct,rest30_eff_mfe,interaction,prior RTH,0.03829020909693879,1.6161970655615276,1781,0.0050487806085890005,0.14253489331961183,799
ETF,IWM,prev_ret_pct,rest30_eff_vol,main,prior RTH,-0.015970316070791215,-0.6884806787896129,1860,0.009522406050853185,0.2688410285199496,799
ETF,IWM,fc_vol x prev_ret_pct,rest30_eff_vol,interaction,prior RTH,-0.01939337913398144,-0.8181315615393576,1781,0.010879365439867636,0.30715559379586976,799
ETF,IWM,prev_range_pct,eff_range,main,prior RTH,0.024899846796059034,1.0736289247606352,1860,-0.01833825465390993,-0.5177977953980083,799
ETF,IWM,fc_vol x prev_range_pct,eff_range,interaction,prior RTH,0.03523501029990443,1.4870724708609142,1781,-0.02671920806550977,-0.7545844005771466,799
ETF,IWM,prev_range_pct,eff_mfe,main,prior RTH,-0.04755547230256834,-2.0521778402206508,1860,-0.023078742469990688,-0.6517139110990569,799
ETF,IWM,fc_vol x prev_range_pct,eff_mfe,interaction,prior RTH,-0.0432266268125654,-1.8249267992196665,1781,-0.028945912538718397,-0.8175200689158587,799
ETF,IWM,prev_range_pct,rest1_eff_range,main,prior RTH,0.03136574890930849,1.3526712301582255,1860,-0.015223705920830532,-0.4298331226191637,799
ETF,IWM,fc_vol x prev_range_pct,rest1_eff_range,interaction,prior RTH,0.04802694425188636,2.0280300084191776,1781,-0.026832837104869254,-0.7577957363609195,799
ETF,IWM,prev_range_pct,rest1_eff_mfe,main,prior RTH,-0.03493219831309255,-1.5066553199764758,1860,-0.029750393578213224,-0.8402609007454847,799
ETF,IWM,fc_vol x prev_range_pct,rest1_eff_mfe,interaction,prior RTH,-0.03135265831691745,-1.3230489179259308,1781,-0.04076230252012155,-1.1517254744999288,799
ETF,IWM,prev_range_pct,rest1_eff_vol,main,prior RTH,0.025686584153918172,1.1075734354411828,1860,-0.009242780196175207,-0.26094581571368713,799
ETF,IWM,fc_vol x prev_range_pct,rest1_eff_vol,interaction,prior RTH,0.04280021878713961,1.806891650073346,1781,-0.02210171130505499,-0.6241100294263026,799
ETF,IWM,prev_range_pct,rest5_eff_range,main,prior RTH,0.029814982536143925,1.2857322260764437,1860,-0.005908019422774708,-0.16679332051491405,799
ETF,IWM,fc_vol x prev_range_pct,rest5_eff_range,interaction,prior RTH,0.04739108705658767,2.0011188708935124,1781,-0.017283493464575077,-0.4880064545548662,799
ETF,IWM,prev_range_pct,rest5_eff_mfe,main,prior RTH,-0.034323325794778516,-1.4803628825972612,1860,-0.020451269213999514,-0.577484415084359,799
ETF,IWM,fc_vol x prev_range_pct,rest5_eff_mfe,interaction,prior RTH,-0.02829845731213261,-1.1940560033221652,1781,-0.033162635544932054,-0.936735846995109,799
ETF,IWM,prev_range_pct,rest5_eff_vol,main,prior RTH,0.0257910242798669,1.1120797546945365,1860,0.005041687447655434,0.14233463731071003,799
ETF,IWM,fc_vol x prev_range_pct,rest5_eff_vol,interaction,prior RTH,0.043586876611317216,1.840164530034339,1781,-0.007471392812444127,-0.21093218568001082,799
ETF,IWM,prev_range_pct,rest15_eff_range,main,prior RTH,0.027873751761502058,1.2019518218258889,1860,0.015176301203572135,0.4284943671810347,799
ETF,IWM,fc_vol x prev_range_pct,rest15_eff_range,interaction,prior RTH,0.04268489226126336,1.8020140250670482,1781,0.007923508709194765,0.22369708955661147,799
ETF,IWM,prev_range_pct,rest15_eff_mfe,main,prior RTH,-0.0640231520925569,-2.765360880966754,1860,-0.017472322486574446,-0.4933397380077011,799
ETF,IWM,fc_vol x prev_range_pct,rest15_eff_mfe,interaction,prior RTH,-0.06766346297895126,-2.8604782680299286,1781,-0.02113994751757243,-0.5969392419028267,799
ETF,IWM,prev_range_pct,rest15_eff_vol,main,prior RTH,0.031679086431504765,1.3661976511528016,1860,0.019915260617124786,0.5623430036820188,799
ETF,IWM,fc_vol x prev_range_pct,rest15_eff_vol,interaction,prior RTH,0.048089910819459104,2.030695051980052,1781,0.011964344528404867,0.3377918423498772,799
ETF,IWM,prev_range_pct,rest30_eff_range,main,prior RTH,0.031591908074573516,1.362434221286155,1860,0.002676642356948093,0.07556506542085682,799
ETF,IWM,fc_vol x prev_range_pct,rest30_eff_range,interaction,prior RTH,0.04182531789113216,1.7656614100556218,1781,-0.0017559425992540326,-0.04957242281075,799
ETF,IWM,prev_range_pct,rest30_eff_mfe,main,prior RTH,-0.02705225233304873,-1.1665013784933267,1860,-0.03253097189780191,-0.9188743319354415,799
ETF,IWM,fc_vol x prev_range_pct,rest30_eff_mfe,interaction,prior RTH,-0.032836047199075354,-1.3857123930228072,1781,-0.03667633221833134,-1.0361135459731248,799
ETF,IWM,prev_range_pct,rest30_eff_vol,main,prior RTH,0.03247835405819869,1.4007029521378753,1860,0.011621928726697846,0.3281230201781355,799
ETF,IWM,fc_vol x prev_range_pct,rest30_eff_vol,interaction,prior RTH,0.04476712548546153,1.8900913892092954,1781,0.007010548900411228,0.19792099073409872,799
ETF,IWM,prev_rv_pct,eff_range,main,prior RTH,0.05383567601482632,2.32393134109592,1860,-0.039900781754354075,-1.12734425238608,799
ETF,IWM,fc_vol x prev_rv_pct,eff_range,interaction,prior RTH,0.05117052561968052,2.161111533161712,1781,-0.04271140272589925,-1.2068950083645127,799
ETF,IWM,prev_rv_pct,eff_mfe,main,prior RTH,-0.025561297475821233,-1.1021676896577681,1860,-0.014889942701199841,-0.4204073849914628,799
ETF,IWM,fc_vol x prev_rv_pct,eff_mfe,interaction,prior RTH,-0.031148277028675835,-1.3144158409749829,1781,-0.02498142722706629,-0.7054755472421315,799
ETF,IWM,prev_rv_pct,rest1_eff_range,main,prior RTH,0.06375108547449361,2.753561412087344,1860,-0.04863372620264499,-1.3746144968642608,799
ETF,IWM,fc_vol x prev_rv_pct,rest1_eff_range,interaction,prior RTH,0.06599835270800027,2.78977374037588,1781,-0.05054493812325107,-1.4287699435010572,799
ETF,IWM,prev_rv_pct,rest1_eff_mfe,main,prior RTH,-0.01301666070932099,-0.5611245042111659,1860,-0.0455846134167854,-1.288246967669434,799
ETF,IWM,fc_vol x prev_rv_pct,rest1_eff_mfe,interaction,prior RTH,-0.01874164070373396,-0.7906274123485978,1781,-0.052148245742992795,-1.4742128326830346,799
ETF,IWM,prev_rv_pct,rest1_eff_vol,main,prior RTH,0.06122847980121297,2.6441855677369372,1860,-0.04403274403231352,-1.2443035582355841,799
ETF,IWM,fc_vol x prev_rv_pct,rest1_eff_vol,interaction,prior RTH,0.06281711534126554,2.65475543731267,1781,-0.0466817320212703,-1.319319076380005,799
ETF,IWM,prev_rv_pct,rest5_eff_range,main,prior RTH,0.0631219567638762,2.7262785958783136,1860,-0.05001204513160247,-1.4136685137429492,799
ETF,IWM,fc_vol x prev_rv_pct,rest5_eff_range,interaction,prior RTH,0.06474071118092241,2.7363868505249136,1781,-0.046390059943350236,-1.3110580063030157,799
ETF,IWM,prev_rv_pct,rest5_eff_mfe,main,prior RTH,-0.017552647048357232,-0.7567150773490847,1860,-0.06082390418502339,-1.7203162442157285,799
ETF,IWM,fc_vol x prev_rv_pct,rest5_eff_mfe,interaction,prior RTH,-0.019666248104108334,-0.8296472695900611,1781,-0.061214382889495135,-1.7314017773920283,799
ETF,IWM,prev_rv_pct,rest5_eff_vol,main,prior RTH,0.06251818141546031,2.700098323377567,1860,-0.03938292226184986,-1.1126899331784859,799
ETF,IWM,fc_vol x prev_rv_pct,rest5_eff_vol,interaction,prior RTH,0.06362897132516687,2.6892043990480374,1781,-0.036721606895837845,-1.0373942904413083,799
ETF,IWM,prev_rv_pct,rest15_eff_range,main,prior RTH,0.06753314598456374,2.9176450130534737,1860,-0.0013526776892167842,-0.0381877336620286,799
ETF,IWM,fc_vol x prev_rv_pct,rest15_eff_range,interaction,prior RTH,0.06256742330193234,2.6441614830519473,1781,-0.005355731318283191,-0.15120082853785868,799
ETF,IWM,prev_rv_pct,rest15_eff_mfe,main,prior RTH,-0.03213537883968681,-1.3858959926064283,1860,0.010529586102213908,0.29727920976414024,799
ETF,IWM,fc_vol x prev_rv_pct,rest15_eff_mfe,interaction,prior RTH,-0.05419038101539244,-2.289015801853709,1781,-0.009463380199482911,-0.2671744333143112,799
ETF,IWM,prev_rv_pct,rest15_eff_vol,main,prior RTH,0.0709319519791296,3.0652088156377637,1860,0.0006561303132675242,0.018523342493727588,799
ETF,IWM,fc_vol x prev_rv_pct,rest15_eff_vol,interaction,prior RTH,0.06872359140422662,2.905506305494844,1781,-0.0019588865781474964,-0.055301802197928435,799
ETF,IWM,prev_rv_pct,rest30_eff_range,main,prior RTH,0.062356729763692005,2.693098131961178,1860,-0.012312877143337977,-0.3476335075375379,799
ETF,IWM,fc_vol x prev_rv_pct,rest30_eff_range,interaction,prior RTH,0.057841088634414825,2.4437238997227597,1781,-0.010592975836724665,-0.2990690767604063,799
ETF,IWM,prev_rv_pct,rest30_eff_mfe,main,prior RTH,-0.014009078606862294,-0.6039139300271772,1860,-0.03872120506273355,-1.0939660528832016,799
ETF,IWM,fc_vol x prev_rv_pct,rest30_eff_mfe,interaction,prior RTH,-0.02674718318494587,-1.128551627566599,1781,-0.04249665985791286,-1.2008160184788592,799
ETF,IWM,prev_rv_pct,rest30_eff_vol,main,prior RTH,0.06307653772122582,2.724309078881873,1860,-0.0006573536469459004,-0.018557878679654614,799
ETF,IWM,fc_vol x prev_rv_pct,rest30_eff_vol,interaction,prior RTH,0.06131593044741627,2.5910705111867123,1781,0.0004915684078782689,0.013877562024248695,799
ETF,IWM,prev_eff_range,eff_range,main,prior RTH,-0.027615974960573025,-1.190827633146725,1860,0.011908718834911054,0.3362211272317285,799
ETF,IWM,fc_vol x prev_eff_range,eff_range,interaction,prior RTH,-0.0016455321566521612,-0.06940566754625899,1781,-0.00013562536594514463,-0.00382886529669087,799
ETF,IWM,prev_eff_range,eff_mfe,main,prior RTH,-0.04798634887258458,-2.070814328127589,1860,-0.0389511178540924,-1.1004714763927324,799
ETF,IWM,fc_vol x prev_eff_range,eff_mfe,interaction,prior RTH,-0.05040202283259894,-2.1285716602592086,1781,-0.03781340494576027,-1.0682813762776282,799
ETF,IWM,prev_eff_range,rest1_eff_range,main,prior RTH,-0.027139268356148008,-1.1702562971853046,1860,0.01061999560552636,0.29983200568258905,799
ETF,IWM,fc_vol x prev_eff_range,rest1_eff_range,interaction,prior RTH,0.004963926016692689,0.2093720111821899,1781,-0.0038735569293358316,-0.109355935970285,799
ETF,IWM,prev_eff_range,rest1_eff_mfe,main,prior RTH,-0.04467578771032288,-1.9276532566382294,1860,-0.013888096286905077,-0.3921152804357951,799
ETF,IWM,fc_vol x prev_eff_range,rest1_eff_mfe,interaction,prior RTH,-0.04707850666741012,-1.9878905482371174,1781,-0.017989075535635498,-0.5079351733716901,799
ETF,IWM,prev_eff_range,rest1_eff_vol,main,prior RTH,-0.03450393879726541,-1.4881619707170244,1860,0.016560798207858413,0.4675951404347531,799
ETF,IWM,fc_vol x prev_eff_range,rest1_eff_vol,interaction,prior RTH,-0.0024882208091155447,-0.1049489834362061,1781,0.002554509045823682,0.07211706151200914,799
ETF,IWM,prev_eff_range,rest5_eff_range,main,prior RTH,-0.027766804878667624,-1.1973365702802483,1860,0.01977068433082132,0.558259031471456,799
ETF,IWM,fc_vol x prev_eff_range,rest5_eff_range,interaction,prior RTH,0.002277016687871482,0.09604069925336067,1781,0.0004667488605763987,0.013176876466334413,799
ETF,IWM,prev_eff_range,rest5_eff_mfe,main,prior RTH,-0.028344965863052813,-1.2222873790242141,1860,-0.012584410541906673,-0.35530100041090246,799
ETF,IWM,fc_vol x prev_eff_range,rest5_eff_mfe,interaction,prior RTH,-0.035242862675133595,-1.4874042877368636,1781,-0.017170100448755277,-0.4848038094219483,799
ETF,IWM,prev_eff_range,rest5_eff_vol,main,prior RTH,-0.03495340169811071,-1.507570958276105,1860,0.02571888573472027,0.7263149635866661,799
ETF,IWM,fc_vol x prev_eff_range,rest5_eff_vol,interaction,prior RTH,-0.003040596992561335,-0.12824748089832066,1781,0.008268324321480903,0.23343260136327404,799
ETF,IWM,prev_eff_range,rest15_eff_range,main,prior RTH,-0.042706714249887506,-1.8425336263663945,1860,0.012862071858563572,0.3631416132266877,799
ETF,IWM,fc_vol x prev_eff_range,rest15_eff_range,interaction,prior RTH,-0.01555960593688865,-0.6563555257974036,1781,0.002798587585953015,0.07900776286712238,799
ETF,IWM,prev_eff_range,rest15_eff_mfe,main,prior RTH,-0.07422213640043487,-3.208158826974246,1860,0.0009259695409541878,0.026141231795332134,799
ETF,IWM,fc_vol x prev_eff_range,rest15_eff_mfe,interaction,prior RTH,-0.09126561967439432,-3.8655515111048446,1781,-0.0010443035488111806,-0.029481946337524875,799
ETF,IWM,prev_eff_range,rest15_eff_vol,main,prior RTH,-0.04045619128907915,-1.7452737060050605,1860,0.010279402656733829,0.2902150866751192,799
ETF,IWM,fc_vol x prev_eff_range,rest15_eff_vol,interaction,prior RTH,-0.007103575521184698,-0.29962354200633795,1781,0.002577446492736374,0.07276461929338303,799
ETF,IWM,prev_eff_range,rest30_eff_range,main,prior RTH,-0.01391121264072917,-0.599694230645684,1860,-0.016683943020808445,-0.47107310621961684,799
ETF,IWM,fc_vol x prev_eff_range,rest30_eff_range,interaction,prior RTH,0.003610156329085985,0.15227086421087296,1781,-0.02288900915461794,-0.6463532669495972,799
ETF,IWM,prev_eff_range,rest30_eff_mfe,main,prior RTH,-0.009816209740025634,-0.4231434366633214,1860,-0.028604447995562693,-0.8078681335345675,799
ETF,IWM,fc_vol x prev_eff_range,rest30_eff_mfe,interaction,prior RTH,-0.024247826654964676,-1.023030315804884,1781,-0.043596461398992446,-1.2319512282753775,799
ETF,IWM,prev_eff_range,rest30_eff_vol,main,prior RTH,-0.017426138899064195,-0.7512595008380903,1860,-0.011775833859989284,-0.3324688371560061,799
ETF,IWM,fc_vol x prev_eff_range,rest30_eff_vol,interaction,prior RTH,0.007020151895380674,0.2961046209493088,1781,-0.015380974700070925,-0.43427456710574674,799
ETF,IWM,prev_eff_vol,eff_range,main,prior RTH,-0.033138557025842376,-1.4292066979813782,1860,0.023080155455841175,0.6517538332620654,799
ETF,IWM,fc_vol x prev_eff_vol,eff_range,interaction,prior RTH,-0.010355954523565898,-0.43681887704393446,1781,0.012868447612005774,0.36332165302053465,799
ETF,IWM,prev_eff_vol,eff_mfe,main,prior RTH,-0.052809991951246846,-2.2795304772887834,1860,-0.039155732052641626,-1.1062612188779457,799
ETF,IWM,fc_vol x prev_eff_vol,eff_mfe,interaction,prior RTH,-0.053606548841278696,-2.2642831184131724,1781,-0.038275731215598546,-1.0813617850522939,799
ETF,IWM,prev_eff_vol,rest1_eff_range,main,prior RTH,-0.03291133948833976,-1.419396549350931,1860,0.02683343764017979,0.7578127085134925,799
ETF,IWM,fc_vol x prev_eff_vol,rest1_eff_range,interaction,prior RTH,-0.004980008121122869,-0.21005035044656425,1781,0.013710101307914339,0.3870888350264061,799
ETF,IWM,prev_eff_vol,rest1_eff_mfe,main,prior RTH,-0.04903624636223855,-2.116229889559272,1860,-0.0019514760909537339,-0.05509259413800511,799
ETF,IWM,fc_vol x prev_eff_vol,rest1_eff_mfe,interaction,prior RTH,-0.0511273427042499,-2.159282984687598,1781,-0.009928411921311974,-0.28030468335945696,799
ETF,IWM,prev_eff_vol,rest1_eff_vol,main,prior RTH,-0.04221498811463023,-1.8212805540657424,1860,0.029821277057848487,0.8422646916580282,799
ETF,IWM,fc_vol x prev_eff_vol,rest1_eff_vol,interaction,prior RTH,-0.013951048172978204,-0.5884872801627127,1781,0.017938354236891708,0.5065025574379665,799
ETF,IWM,prev_eff_vol,rest5_eff_range,main,prior RTH,-0.033626190201828644,-1.4502610787636865,1860,0.03242735356289709,0.9159444283016853,799
ETF,IWM,fc_vol x prev_eff_vol,rest5_eff_range,interaction,prior RTH,-0.006540739490193551,-0.275882476678556,1781,0.018447872303910727,0.5208940029946326,799
ETF,IWM,prev_eff_vol,rest5_eff_mfe,main,prior RTH,-0.03435018638192123,-1.481522746059965,1860,0.003929700798332295,0.1109409803084312,799
ETF,IWM,fc_vol x prev_eff_vol,rest5_eff_mfe,interaction,prior RTH,-0.037481543250587515,-1.5820154313051407,1781,-0.0028812685104948567,-0.08134197186788157,799
ETF,IWM,prev_eff_vol,rest5_eff_vol,main,prior RTH,-0.04220980240091615,-1.8210564275588579,1860,0.03611878654988818,1.020342038194152,799
ETF,IWM,fc_vol x prev_eff_vol,rest5_eff_vol,interaction,prior RTH,-0.013952321411337208,-0.5885409987401646,1781,0.02403888375598455,0.6788424258681282,799
ETF,IWM,prev_eff_vol,rest15_eff_range,main,prior RTH,-0.04969323709836123,-2.1446529962770855,1860,0.018639582811210982,0.5263090113214498,799
ETF,IWM,fc_vol x prev_eff_vol,rest15_eff_range,interaction,prior RTH,-0.02404303495940694,-1.0143850127746368,1781,0.013982186708531031,0.39477233877720014,799
ETF,IWM,prev_eff_vol,rest15_eff_mfe,main,prior RTH,-0.08190148192001652,-3.542224754296701,1860,-0.002009502103639987,-0.05673074707457941,799
ETF,IWM,fc_vol x prev_eff_vol,rest15_eff_mfe,interaction,prior RTH,-0.09207163453488028,-3.899980823077259,1781,-0.0027585705232372475,-0.07787802054583211,799
ETF,IWM,prev_eff_vol,rest15_eff_vol,main,prior RTH,-0.04739214048637847,-2.045113631876905,1860,0.01457875009595524,0.4116191860748849,799
ETF,IWM,fc_vol x prev_eff_vol,rest15_eff_vol,interaction,prior RTH,-0.017653063179215504,-0.7446903563992212,1781,0.011777621739995057,0.3325193216356083,799
ETF,IWM,prev_eff_vol,rest30_eff_range,main,prior RTH,-0.022999181004728947,-0.9916310548889052,1860,-0.008958602233946176,-0.2529221372421807,799
ETF,IWM,fc_vol x prev_eff_vol,rest30_eff_range,interaction,prior RTH,-0.0036728937426214066,-0.15491706761042023,1781,-0.010284554834210813,-0.2903605618369239,799
ETF,IWM,prev_eff_vol,rest30_eff_mfe,main,prior RTH,-0.020030982288141205,-0.8635992320459529,1860,-0.026487739367150882,-0.7480428206699035,799
ETF,IWM,fc_vol x prev_eff_vol,rest30_eff_mfe,interaction,prior RTH,-0.0240675928030872,-1.0154217179720297,1781,-0.03260429034663714,-0.920947496360956,799
ETF,IWM,prev_eff_vol,rest30_eff_vol,main,prior RTH,-0.026481009930598192,-1.1418517598897453,1860,-0.0076473648368582175,-0.21590051093879498,799
ETF,IWM,fc_vol x prev_eff_vol,rest30_eff_vol,interaction,prior RTH,-0.0025045535737333925,-0.10563787638103864,1781,-0.007021535543055125,-0.1982311796159824,799
ETF,IWM,prev_closeloc,eff_range,main,prior RTH,-0.004233755871698685,-0.18249566770525222,1860,0.006410268700899695,0.1809732218355371,799
ETF,IWM,fc_vol x prev_closeloc,eff_range,interaction,prior RTH,0.015193971367240234,0.6409282486954936,1781,-0.0017892196598314764,-0.05051187820604971,799
ETF,IWM,prev_closeloc,eff_mfe,main,prior RTH,0.03326683604604899,1.4347452603143376,1860,0.07985976871901537,2.2617599951494527,799
ETF,IWM,fc_vol x prev_closeloc,eff_mfe,interaction,prior RTH,0.025430253965652343,1.0729491634800132,1781,0.061725931184572,1.7459256357167903,799
ETF,IWM,prev_closeloc,rest1_eff_range,main,prior RTH,-0.008704542701177135,-0.3752193861357179,1860,-0.020753009784734853,-0.586008336458157,799
ETF,IWM,fc_vol x prev_closeloc,rest1_eff_range,interaction,prior RTH,0.0191026405685946,0.8058619160004532,1781,-0.02358450966378944,-0.6660039874385814,799
ETF,IWM,prev_closeloc,rest1_eff_mfe,main,prior RTH,0.028652512078708007,1.235560178986825,1860,0.03584238391981942,1.0125236858147832,799
ETF,IWM,fc_vol x prev_closeloc,rest1_eff_mfe,interaction,prior RTH,0.024087232831464557,1.0162508197557802,1781,0.02006184939966898,0.5664838606580241,799
ETF,IWM,prev_closeloc,rest1_eff_vol,main,prior RTH,-0.0016561168645318528,-0.07138622723660544,1860,-0.013168634582250212,-0.37179844294528336,799
ETF,IWM,fc_vol x prev_closeloc,rest1_eff_vol,interaction,prior RTH,0.022936454016936662,0.9676727644237849,1781,-0.013009801090879604,-0.36731323209632666,799
ETF,IWM,prev_closeloc,rest5_eff_range,main,prior RTH,-0.014291188802639219,-0.6160778089974789,1860,-0.015903773136908526,-0.4490392074627609,799
ETF,IWM,fc_vol x prev_closeloc,rest5_eff_range,interaction,prior RTH,0.012959393262584516,0.5466497013166172,1781,-0.016356653523671504,-0.46182955075978227,799
ETF,IWM,prev_closeloc,rest5_eff_mfe,main,prior RTH,0.04984603608210099,2.1512638714329624,1860,0.03823533008075173,1.0802187045971263,799
ETF,IWM,fc_vol x prev_closeloc,rest5_eff_mfe,interaction,prior RTH,0.04280819819915786,1.8072291343399849,1781,0.022291280716159306,0.6294657567529776,799
ETF,IWM,prev_closeloc,rest5_eff_vol,main,prior RTH,-0.013251041974418912,-0.5712300118341489,1860,-0.010090162104005491,-0.2848717695788908,799
ETF,IWM,fc_vol x prev_closeloc,rest5_eff_vol,interaction,prior RTH,0.01071508982714011,0.4519690779611205,1781,-0.005591458307847214,-0.15785598072649593,799
ETF,IWM,prev_closeloc,rest15_eff_range,main,prior RTH,-0.008333109548141766,-0.3592071935686676,1860,-0.030166091249906435,-0.8520123570810446,799
ETF,IWM,fc_vol x prev_closeloc,rest15_eff_range,interaction,prior RTH,0.01216646989852953,0.5131977045285216,1781,-0.016190938861546857,-0.4571493697915283,799
ETF,IWM,prev_closeloc,rest15_eff_mfe,main,prior RTH,0.020638205142166844,0.8897895280985089,1860,-0.00195541660262054,-0.055203840102133056,799
ETF,IWM,fc_vol x prev_closeloc,rest15_eff_mfe,interaction,prior RTH,0.0015597772191783042,0.06578866526821185,1781,-0.0016585464363006964,-0.04682280135768142,799
ETF,IWM,prev_closeloc,rest15_eff_vol,main,prior RTH,-0.011330459646005013,-0.4884254240201213,1860,-0.011391365683792745,-0.3216126584826506,799
ETF,IWM,fc_vol x prev_closeloc,rest15_eff_vol,interaction,prior RTH,0.01052977109581601,0.44415134548828566,1781,0.004225747409826192,0.11929893653345304,799
ETF,IWM,prev_closeloc,rest30_eff_range,main,prior RTH,-0.0022374657532195892,-0.09644513795208925,1860,-0.024769743160560367,-0.6994939031841994,799
ETF,IWM,fc_vol x prev_closeloc,rest30_eff_range,interaction,prior RTH,0.016989194935576192,0.7166769856945282,1781,-0.015908419545912884,-0.4491704309077873,799
ETF,IWM,prev_closeloc,rest30_eff_mfe,main,prior RTH,0.052261513955821126,2.255790377041717,1860,-0.019974674992730725,-0.5640213434859039,799
ETF,IWM,fc_vol x prev_closeloc,rest30_eff_mfe,interaction,prior RTH,0.026497024006120334,1.1179891382127614,1781,-0.021927821218344138,-0.6191973346311206,799
ETF,IWM,prev_closeloc,rest30_eff_vol,main,prior RTH,-0.006818684475286229,-0.2939229824366623,1860,-0.012437021914358538,-0.35113906719519944,799
ETF,IWM,fc_vol x prev_closeloc,rest30_eff_vol,interaction,prior RTH,0.013336581616794112,0.562562951155416,1781,-0.001901554574797444,-0.053683242562273484,799
ETF,IWM,prev_streak,eff_range,main,prior RTH,0.03248676901335523,1.401443235015279,1861,0.04180498643756057,1.1812370992613679,799
ETF,IWM,fc_vol x prev_streak,eff_range,interaction,prior RTH,0.028243522281983985,1.191736162354662,1781,0.042031159592585396,1.1876391025232846,799
ETF,IWM,prev_streak,eff_mfe,main,prior RTH,0.05619262478885417,2.4266423067877496,1861,0.1032011517010106,2.9291312380896177,799
ETF,IWM,fc_vol x prev_streak,eff_mfe,interaction,prior RTH,0.05242682290933504,2.214313871168261,1781,0.10588925433192853,3.0062810165551483,799
ETF,IWM,prev_streak,rest1_eff_range,main,prior RTH,0.0332420824058565,1.4340622539264634,1861,0.0017291803911328296,0.04881689042920865,799
ETF,IWM,fc_vol x prev_streak,rest1_eff_range,interaction,prior RTH,0.030721523440015833,1.2963902765159319,1781,0.006100847752644738,0.17223738786644854,799
ETF,IWM,prev_streak,rest1_eff_mfe,main,prior RTH,0.061683973478394806,2.664647950467496,1861,0.038313480558731065,1.0824298424320173,799
ETF,IWM,fc_vol x prev_streak,rest1_eff_mfe,interaction,prior RTH,0.06167859993182735,2.6064544435946315,1781,0.04681787604890869,1.3231752188312758,799
ETF,IWM,prev_streak,rest1_eff_vol,main,prior RTH,0.021127100407819805,0.9111220088332815,1861,0.0025002755904558484,0.07058597194369512,799
ETF,IWM,fc_vol x prev_streak,rest1_eff_vol,interaction,prior RTH,0.022403777589666787,0.9451881030201112,1781,0.009678546005747126,0.2732496545158373,799
ETF,IWM,prev_streak,rest5_eff_range,main,prior RTH,0.020908207885962288,0.9016779549805043,1861,0.009761487942801366,0.2755915358504517,799
ETF,IWM,fc_vol x prev_streak,rest5_eff_range,interaction,prior RTH,0.019473062306098653,0.8214943585486599,1781,0.014733972322874751,0.4160027063773862,799
ETF,IWM,prev_streak,rest5_eff_mfe,main,prior RTH,0.07101567796627986,3.069670961594918,1861,0.022225243714444502,0.6276000674067626,799
ETF,IWM,fc_vol x prev_streak,rest5_eff_mfe,interaction,prior RTH,0.07264237253555787,3.072040206814284,1781,0.02237619706880536,0.6318648410634786,799
ETF,IWM,prev_streak,rest5_eff_vol,main,prior RTH,0.007050411507718524,0.3039939602589329,1861,0.013269799691307461,0.3746552029906366,799
ETF,IWM,fc_vol x prev_streak,rest5_eff_vol,interaction,prior RTH,0.008115364709851566,0.3423026944560147,1781,0.021119186133023098,0.5963527306079086,799
ETF,IWM,prev_streak,rest15_eff_range,main,prior RTH,-0.004944634074705267,-0.21319605364262706,1861,-0.009085715768398603,-0.25651114159721,799
ETF,IWM,fc_vol x prev_streak,rest15_eff_range,interaction,prior RTH,-0.0031642894558663363,-0.13346468087426522,1781,0.006032776074246382,0.17031553738286684,799
ETF,IWM,prev_streak,rest15_eff_mfe,main,prior RTH,0.01058832036680902,0.456552908985983,1861,0.009550547610614612,0.26963560658744484,799
ETF,IWM,fc_vol x prev_streak,rest15_eff_mfe,interaction,prior RTH,0.01246112560514063,0.5256285772741562,1781,0.02855575007084749,0.8064916470732008,799
ETF,IWM,prev_streak,rest15_eff_vol,main,prior RTH,-0.014770203284902457,-0.636903367712977,1861,-0.00023315302785209064,-0.006582187240519686,799
ETF,IWM,fc_vol x prev_streak,rest15_eff_vol,interaction,prior RTH,-0.009718195166520565,-0.40991527274279804,1781,0.016641737713536137,0.46988110383194864,799
ETF,IWM,prev_streak,rest30_eff_range,main,prior RTH,-0.007691650505666395,-0.3316439541158816,1861,0.016631914497781702,0.4696036676001357,799
ETF,IWM,fc_vol x prev_streak,rest30_eff_range,interaction,prior RTH,-0.002778893565385824,-0.1172091628487443,1781,0.025454575225184274,0.7188458300767423,799
ETF,IWM,prev_streak,rest30_eff_mfe,main,prior RTH,0.04686604639400048,2.0229049889426602,1861,0.011926622619730523,0.33672668005688455,799
ETF,IWM,fc_vol x prev_streak,rest30_eff_mfe,interaction,prior RTH,0.04976706677371714,2.1016892727287027,1781,0.025272216160904235,0.7136926451699968,799
ETF,IWM,prev_streak,rest30_eff_vol,main,prior RTH,-0.026065244637632,-1.1242142336769634,1861,0.016627622847954677,0.4694824589484479,799
ETF,IWM,fc_vol x prev_streak,rest30_eff_vol,interaction,prior RTH,-0.01775269966432616,-0.7488948196578566,1781,0.026124291316313896,0.7377715903014807,799
ETF,IWM,trail_eff_5,eff_range,main,prior RTH,0.0043911203316043,0.1890751224700724,1856,0.03191462401058844,0.9014469623258803,799
ETF,IWM,fc_vol x trail_eff_5,eff_range,interaction,prior RTH,0.03312069257031433,1.3977378331477426,1781,0.0049638765139894256,0.140137859708702,799
ETF,IWM,trail_eff_5,eff_mfe,main,prior RTH,-0.009715148992577638,-0.4183356021735355,1856,0.022076431750315057,0.6233958349045261,799
ETF,IWM,fc_vol x trail_eff_5,eff_mfe,interaction,prior RTH,-0.03316384964682294,-1.399561123925023,1781,0.0006301465504488115,0.017789789534362516,799
ETF,IWM,trail_eff_5,rest1_eff_range,main,prior RTH,0.013626331963124454,0.5867784462977642,1856,0.0039888678042878266,0.11261137448027815,799
ETF,IWM,fc_vol x trail_eff_5,rest1_eff_range,interaction,prior RTH,0.051545712274929316,2.1769990459887407,1781,-0.01809298811341909,-0.5108701817470319,799
ETF,IWM,trail_eff_5,rest1_eff_mfe,main,prior RTH,-0.01188937281545042,-0.5119699935899225,1856,0.015264287484926826,0.4309791878618465,799
ETF,IWM,fc_vol x trail_eff_5,rest1_eff_mfe,interaction,prior RTH,-0.02554191956181608,-1.0776636091905092,1781,-0.027978277075156852,-0.7901693384700088,799
ETF,IWM,trail_eff_5,rest1_eff_vol,main,prior RTH,0.010188094789237007,0.4387027757972117,1856,0.01015752797570102,0.2867738806172889,799
ETF,IWM,fc_vol x trail_eff_5,rest1_eff_vol,interaction,prior RTH,0.04730718228834,1.9975679847284058,1781,-0.010891716405180265,-0.3075043382097407,799
ETF,IWM,trail_eff_5,rest5_eff_range,main,prior RTH,0.03061681763425175,1.3189203200276394,1856,0.004594206103494029,0.129701266972166,799
ETF,IWM,fc_vol x trail_eff_5,rest5_eff_range,interaction,prior RTH,0.05716012271532119,2.4148589490420025,1781,-0.01501592686346655,-0.42396526081515673,799
ETF,IWM,trail_eff_5,rest5_eff_mfe,main,prior RTH,0.014803273442566498,0.6374706829130184,1856,0.013185878649838128,0.3722853902914907,799
ETF,IWM,fc_vol x trail_eff_5,rest5_eff_mfe,interaction,prior RTH,-0.015940379673111967,-0.6724218521872194,1781,-0.029755804127290272,-0.8404138500278336,799
ETF,IWM,trail_eff_5,rest5_eff_vol,main,prior RTH,0.0262902200913257,1.132398343898778,1856,0.009333588978704583,0.2635097873517711,799
ETF,IWM,fc_vol x trail_eff_5,rest5_eff_vol,interaction,prior RTH,0.05531330366714919,2.3365924331269334,1781,-0.005309997459230052,-0.14990965226499006,799
ETF,IWM,trail_eff_5,rest15_eff_range,main,prior RTH,-0.00340032789263559,-0.14641250582690404,1856,-0.031713467021747106,-0.8957594288121264,799
ETF,IWM,fc_vol x trail_eff_5,rest15_eff_range,interaction,prior RTH,0.03868964066237977,1.633081875442931,1781,-0.025927828018105337,-0.7322195577872701,799
ETF,IWM,trail_eff_5,rest15_eff_mfe,main,prior RTH,-0.019021351458230196,-0.8191714649735548,1856,-0.07913032924450511,-2.240970292519556,799
ETF,IWM,fc_vol x trail_eff_5,rest15_eff_mfe,interaction,prior RTH,-0.05651932081398503,-2.3876995695443908,1781,-0.0736738492117461,-2.085568081440459,799
ETF,IWM,trail_eff_5,rest15_eff_vol,main,prior RTH,-0.0020125709872918715,-0.08665765889900387,1856,-0.02102218939087393,-0.5936125726649808,799
ETF,IWM,fc_vol x trail_eff_5,rest15_eff_vol,interaction,prior RTH,0.046313433076319944,1.9555152896492516,1781,-0.012507316476422595,-0.3531240293616351,799
ETF,IWM,trail_eff_5,rest30_eff_range,main,prior RTH,-0.0003787104457592409,-0.016306553521161143,1856,-0.018921737450498948,-0.5342787883846379,799
ETF,IWM,fc_vol x trail_eff_5,rest30_eff_range,interaction,prior RTH,0.036561171012769435,1.543115843759483,1781,-0.012461124013818072,-0.35181965631640527,799
ETF,IWM,trail_eff_5,rest30_eff_mfe,main,prior RTH,0.003502398995870143,0.15080757216193622,1856,-0.015463079030450176,-0.4365932971064553,799
ETF,IWM,fc_vol x trail_eff_5,rest30_eff_mfe,interaction,prior RTH,-0.021923179551210197,-0.924902400138731,1781,-0.024270834599062208,-0.6853964089854647,799
ETF,IWM,trail_eff_5,rest30_eff_vol,main,prior RTH,-0.0065641254029393465,-0.28264485920143045,1856,-0.006093872039297241,-0.17204044420572623,799
ETF,IWM,fc_vol x trail_eff_5,rest30_eff_vol,interaction,prior RTH,0.03768909848138661,1.590788319068838,1781,0.0030840242031863136,0.08706608244621515,799
ETF,IWM,trail_eff_20,eff_range,main,prior RTH,-0.005548915745988265,-0.2379609430473756,1841,-0.00824034065985939,-0.2326425085921811,799
ETF,IWM,fc_vol x trail_eff_20,eff_range,interaction,prior RTH,0.030740424287728746,1.297188610771147,1781,-0.040659730933042815,-1.1488225427636694,799
ETF,IWM,trail_eff_20,eff_mfe,main,prior RTH,-0.011702675045256196,-0.5018867744313903,1841,-0.00018092408484921856,-0.005107702013954874,799
ETF,IWM,fc_vol x trail_eff_20,eff_mfe,interaction,prior RTH,-0.035476449513726124,-1.4972750651024858,1781,-0.028754366619704222,-0.8121057416005312,799
ETF,IWM,trail_eff_20,rest1_eff_range,main,prior RTH,-0.00025337900994982783,-0.01086579515701618,1841,0.004603640077737449,0.12996760772630345,799
ETF,IWM,fc_vol x trail_eff_20,rest1_eff_range,interaction,prior RTH,0.0468735349272188,1.9792165142423928,1781,-0.03993171821679304,-1.1282197169787258,799
ETF,IWM,trail_eff_20,rest1_eff_mfe,main,prior RTH,-0.017359815380032267,-0.744562941847335,1841,0.022092477618065747,0.6238491604260632,799
ETF,IWM,fc_vol x trail_eff_20,rest1_eff_mfe,interaction,prior RTH,-0.02388859596412836,-1.0078654388708836,1781,-0.034601241086161305,-0.9774194378445531,799
ETF,IWM,trail_eff_20,rest1_eff_vol,main,prior RTH,0.0027026934038658955,0.11590154692923917,1841,-0.0010084857307679517,-0.028470765169243496,799
ETF,IWM,fc_vol x trail_eff_20,rest1_eff_vol,interaction,prior RTH,0.04609312255451941,1.9461931551878575,1781,-0.035394055430991174,-0.9998427153906602,799
ETF,IWM,trail_eff_20,rest5_eff_range,main,prior RTH,-0.00022723434791210143,-0.009744618790748916,1841,-0.013714770423289748,-0.38722068688894484,799
ETF,IWM,fc_vol x trail_eff_20,rest5_eff_range,interaction,prior RTH,0.04336553494701123,1.8308022062732294,1781,-0.04288017446620305,-1.211672754688544,799
ETF,IWM,trail_eff_20,rest5_eff_mfe,main,prior RTH,-0.016478354527424344,-0.7067465193412792,1841,0.0004976968478754609,0.014050575232068197,799
ETF,IWM,fc_vol x trail_eff_20,rest5_eff_mfe,interaction,prior RTH,-0.026692534603810807,-1.126244178473826,1781,-0.042326428269434876,-1.1959971825163793,799
ETF,IWM,trail_eff_20,rest5_eff_vol,main,prior RTH,0.004031707399019428,0.1728953845755276,1841,-0.018127405604088088,-0.5118423066273748,799
ETF,IWM,fc_vol x trail_eff_20,rest5_eff_vol,interaction,prior RTH,0.0451801032220077,1.9075630255001081,1781,-0.0333328314528499,-0.9415486577593836,799
ETF,IWM,trail_eff_20,rest15_eff_range,main,prior RTH,-0.009146781282445402,-0.39226298338924603,1841,-0.06441429409185291,-1.8222764995601366,799
ETF,IWM,fc_vol x trail_eff_20,rest15_eff_range,interaction,prior RTH,0.0381544683381271,1.6104591960756662,1781,-0.031641078603893966,-0.8937127378925628,799
ETF,IWM,trail_eff_20,rest15_eff_mfe,main,prior RTH,-0.04614156929529159,-1.980824662317121,1841,-0.08410910972212418,-2.3829439658454694,799
ETF,IWM,fc_vol x trail_eff_20,rest15_eff_mfe,interaction,prior RTH,-0.07163053536612458,-3.029027438234682,1781,-0.05103934078875242,-1.4427817059444121,799
ETF,IWM,trail_eff_20,rest15_eff_vol,main,prior RTH,-0.002568586192766415,-0.11015049191689008,1841,-0.050678715233084565,-1.4325611882059943,799
ETF,IWM,fc_vol x trail_eff_20,rest15_eff_vol,interaction,prior RTH,0.04824191230017249,2.0371285750887287,1781,-0.01923878061863043,-0.543234183873245,799
ETF,IWM,trail_eff_20,rest30_eff_range,main,prior RTH,0.0034916300919231895,0.14973445275916855,1841,-0.020984889846769637,-0.5925588650212543,799
ETF,IWM,fc_vol x trail_eff_20,rest30_eff_range,interaction,prior RTH,0.03715430774106683,1.56818434624103,1781,-0.019627236343681912,-0.5542069659352366,799
ETF,IWM,trail_eff_20,rest30_eff_mfe,main,prior RTH,-0.017162703883412,-0.7361063192584737,1841,0.020417180670219484,0.576521451905712,799
ETF,IWM,fc_vol x trail_eff_20,rest30_eff_mfe,interaction,prior RTH,-0.03536612482071925,-1.4926129975901525,1781,-0.02216621837172192,-0.6259324796786192,799
ETF,IWM,trail_eff_20,rest30_eff_vol,main,prior RTH,0.007701551643534292,0.33027977253210206,1841,-0.023697655573329774,-0.6692009107055641,799
ETF,IWM,fc_vol x trail_eff_20,rest30_eff_vol,interaction,prior RTH,0.04474176606113203,1.8890185528462802,1781,-0.010011739298182878,-0.2826574650385964,799
ETF,IWM,eff_state,eff_range,main,prior RTH,0.008448437076061185,0.3623120164468841,1841,0.044773484618151844,1.2652775457772267,799
ETF,IWM,fc_vol x eff_state,eff_range,interaction,prior RTH,0.011278337766305446,0.47573016935567203,1781,0.04268828877639252,1.2062406853987453,799
ETF,IWM,eff_state,eff_mfe,main,prior RTH,0.0017052607436615333,0.07312776334257387,1841,0.028800959188189555,0.8134227408594049,799
ETF,IWM,fc_vol x eff_state,eff_mfe,interaction,prior RTH,-0.00030872192068642144,-0.013021333503592194,1781,0.026216783128976556,0.7403854289511208,799
ETF,IWM,eff_state,rest1_eff_range,main,prior RTH,0.012277995820245429,0.5265639018022675,1841,0.010271568676243643,0.28999388906376483,799
ETF,IWM,fc_vol x eff_state,rest1_eff_range,interaction,prior RTH,0.014304057805969272,0.6033810476715122,1781,0.011326047055743336,0.3197682790535918,799
ETF,IWM,eff_state,rest1_eff_mfe,main,prior RTH,-0.002525733916478863,-0.10831281573009124,1841,0.01679371340100204,0.4741733574014525,799
ETF,IWM,fc_vol x eff_state,rest1_eff_mfe,interaction,prior RTH,-0.0055669549970502035,-0.23480774310463232,1781,0.01696669749232353,0.47905899192680185,799
ETF,IWM,eff_state,rest1_eff_vol,main,prior RTH,0.004365128948789495,0.18719406696085292,1841,0.02127320855188367,0.6007038985514368,799
ETF,IWM,fc_vol x eff_state,rest1_eff_vol,interaction,prior RTH,0.005946705860920548,0.25082574505499655,1781,0.019273622556240946,0.5442183605294657,799
ETF,IWM,eff_state,rest5_eff_range,main,prior RTH,0.029715306371427806,1.274861196466633,1841,0.0157122389829392,0.4436299431673179,799
ETF,IWM,fc_vol x eff_state,rest5_eff_range,interaction,prior RTH,0.034153577169961535,1.4413770883661627,1781,0.017624732983899043,0.49764445579744054,799
ETF,IWM,eff_state,rest5_eff_mfe,main,prior RTH,0.022187375999791217,0.9517080248954366,1841,0.01644802733266239,0.4644101833389296,799
ETF,IWM,fc_vol x eff_state,rest5_eff_mfe,interaction,prior RTH,0.021437385705851644,0.9043980378194277,1781,0.021115257101396213,0.596241735138504,799
ETF,IWM,eff_state,rest5_eff_vol,main,prior RTH,0.02102655102531388,0.901892824151249,1841,0.024292113261878096,0.685997662586188,799
ETF,IWM,fc_vol x eff_state,rest5_eff_vol,interaction,prior RTH,0.024611103428689583,1.0383664008712967,1781,0.023738484195469898,0.6703545245364636,799
ETF,IWM,eff_state,rest15_eff_range,main,prior RTH,-0.002978625557340667,-0.12773464423545522,1841,0.00022883397479932623,0.0064602552302015885,799
ETF,IWM,fc_vol x eff_state,rest15_eff_range,interaction,prior RTH,-0.005635734562613893,-0.23770887745973462,1781,-9.085605126709139e-05,-0.002564974313639879,799
ETF,IWM,eff_state,rest15_eff_mfe,main,prior RTH,-0.0011865234343729541,-0.05088238860389996,1841,-0.057342708868762395,-1.6215209455652029,799
ETF,IWM,fc_vol x eff_state,rest15_eff_mfe,interaction,prior RTH,-0.0034452271097512805,-0.1453143178170068,1781,-0.0651282633632328,-1.842560212895045,799
ETF,IWM,eff_state,rest15_eff_vol,main,prior RTH,-0.0075246315311966235,-0.32269214801962737,1841,0.007079690778887142,0.1998730934680733,799
ETF,IWM,fc_vol x eff_state,rest15_eff_vol,interaction,prior RTH,-0.010094157528370574,-0.4257750207128632,1781,0.005231398270394383,0.14769061128540073,799
ETF,IWM,eff_state,rest30_eff_range,main,prior RTH,-0.006374093768268937,-0.2733494065173796,1841,0.004837308440500209,0.1365645638474304,799
ETF,IWM,fc_vol x eff_state,rest30_eff_range,interaction,prior RTH,-0.0151953784373822,-0.6409876169311495,1781,0.006114715835051285,0.17262892222307666,799
ETF,IWM,eff_state,rest30_eff_mfe,main,prior RTH,0.0065773941567169635,0.2820682000678248,1841,-0.023930383184930216,-0.6757766807652782,799
ETF,IWM,fc_vol x eff_state,rest30_eff_mfe,interaction,prior RTH,0.007262758862922147,0.3063381274852946,1781,-0.031841976246647315,-0.8993928993190974,799
ETF,IWM,eff_state,rest30_eff_vol,main,prior RTH,-0.016320202603202483,-0.6999616644120404,1841,0.01973968870863015,0.5573834757195784,799
ETF,IWM,fc_vol x eff_state,rest30_eff_vol,interaction,prior RTH,-0.023607413850059634,-0.995995645305372,1781,0.019256942418624783,0.5437471981370929,799
ETF,IWM,trail_rv_5,eff_range,main,prior RTH,0.04480678295416869,1.9312345471970889,1856,-0.051466743305387135,-1.4548954879194649,799
ETF,IWM,fc_vol x trail_rv_5,eff_range,interaction,prior RTH,0.04683280331964247,1.977492856023364,1781,-0.04654261337428994,-1.3153787569451565,799
ETF,IWM,trail_rv_5,eff_mfe,main,prior RTH,-0.032574344235885504,-1.4033341087997964,1856,-0.04673939212578532,-1.3209522317546383,799
ETF,IWM,fc_vol x trail_rv_5,eff_mfe,interaction,prior RTH,-0.035262201552069335,-1.4882214895106505,1781,-0.04478199844772378,-1.2655186260060125,799
ETF,IWM,trail_rv_5,rest1_eff_range,main,prior RTH,0.06401474264857163,2.762018237884692,1856,-0.05672991345137417,-1.6041362385226454,799
ETF,IWM,fc_vol x trail_rv_5,rest1_eff_range,interaction,prior RTH,0.06671910223555168,2.8203755645104307,1781,-0.054347682759500256,-1.536570612433479,799
ETF,IWM,trail_rv_5,rest1_eff_mfe,main,prior RTH,-0.012248099616105809,-0.52741946369739,1856,-0.06835290043835106,-1.9342073252195333,799
ETF,IWM,fc_vol x trail_rv_5,rest1_eff_mfe,interaction,prior RTH,-0.018856245080501186,-0.7954637814609659,1781,-0.07284879296603823,-2.0620869724866306,799
ETF,IWM,trail_rv_5,rest1_eff_vol,main,prior RTH,0.05821334773527199,2.5108140906572824,1856,-0.04820115953685434,-1.362359557851815,799
ETF,IWM,fc_vol x trail_rv_5,rest1_eff_vol,interaction,prior RTH,0.06216520916021275,2.627097355854466,1781,-0.04960277060617997,-1.4020710780350931,799
ETF,IWM,trail_rv_5,rest5_eff_range,main,prior RTH,0.06112449381489989,2.6368350706097523,1856,-0.05368799815558922,-1.5178651189008965,799
ETF,IWM,fc_vol x trail_rv_5,rest5_eff_range,interaction,prior RTH,0.06398364039291057,2.704255521414304,1781,-0.046363005448539996,-1.3102917550317885,799
ETF,IWM,trail_rv_5,rest5_eff_mfe,main,prior RTH,-0.020243217961044543,-0.8718131565552713,1856,-0.05942683358223665,-1.680660428179784,799
ETF,IWM,fc_vol x trail_rv_5,rest5_eff_mfe,interaction,prior RTH,-0.02174571242342105,-0.9174118012702304,1781,-0.06261220631301588,-1.7710919990430904,799
ETF,IWM,trail_rv_5,rest5_eff_vol,main,prior RTH,0.05769495105583278,2.488379985050063,1856,-0.046117256533072346,-1.3033316603904082,799
ETF,IWM,fc_vol x trail_rv_5,rest5_eff_vol,interaction,prior RTH,0.06180291636052053,2.6117280108597556,1781,-0.03976857820395796,-1.1236030878397876,799
ETF,IWM,trail_rv_5,rest15_eff_range,main,prior RTH,0.056569681342456886,2.4396898011503776,1856,-0.011546858385011339,-0.32600326852932615,799
ETF,IWM,fc_vol x trail_rv_5,rest15_eff_range,interaction,prior RTH,0.05746440445895659,2.427756498001171,1781,-0.005434212878880556,-0.15341655299952586,799
ETF,IWM,trail_rv_5,rest15_eff_mfe,main,prior RTH,-0.058430522242780066,-2.520213127136274,1856,0.009237345771437649,0.2607923757945818,799
ETF,IWM,fc_vol x trail_rv_5,rest15_eff_mfe,interaction,prior RTH,-0.06759766994479882,-2.8576840882246004,1781,-0.00788839686564025,-0.22270574754210967,799
ETF,IWM,trail_rv_5,rest15_eff_vol,main,prior RTH,0.05957294133651067,2.569661516303806,1856,-0.009162039955959987,-0.25866613320265197,799
ETF,IWM,fc_vol x trail_rv_5,rest15_eff_vol,interaction,prior RTH,0.06397012946379031,2.7036821381145444,1781,-0.004061820696923786,-0.11467097139844284,799
ETF,IWM,trail_rv_5,rest30_eff_range,main,prior RTH,0.0598922842189129,2.583485735211886,1856,-0.010621359530961631,-0.29987051743448745,799
ETF,IWM,fc_vol x trail_rv_5,rest30_eff_range,interaction,prior RTH,0.05655325215356034,2.3891376214149536,1781,-0.00909830908346793,-0.25686670993636823,799
ETF,IWM,trail_rv_5,rest30_eff_mfe,main,prior RTH,-0.017899757847513624,-0.7708530695116386,1856,-0.03312424168749755,-0.9356501543328395,799
ETF,IWM,fc_vol x trail_rv_5,rest30_eff_mfe,interaction,prior RTH,-0.028046833250482676,-1.1834303070174372,1781,-0.04528769567795853,-1.279838602486507,799
ETF,IWM,trail_rv_5,rest30_eff_vol,main,prior RTH,0.05996640553461574,2.5866945294316865,1856,-0.001893320598116066,-0.053450786359719824,799
ETF,IWM,fc_vol x trail_rv_5,rest30_eff_vol,interaction,prior RTH,0.06008848205524407,2.5390114733255937,1781,-0.0006219240215683137,-0.017557657635723135,799
ETF,IWM,trail_rv_20,eff_range,main,prior RTH,0.03235473821740849,1.388213265178978,1841,-0.04365521644934507,-1.2336146998264494,799
ETF,IWM,fc_vol x trail_rv_20,eff_range,interaction,prior RTH,0.038895472296078995,1.6417831158105085,1781,-0.04151712318726426,-1.1730891738826998,799
ETF,IWM,trail_rv_20,eff_mfe,main,prior RTH,-0.022127793075084504,-0.9491510139234857,1841,-0.02576056177863482,-0.7274926980742962,799
ETF,IWM,fc_vol x trail_rv_20,eff_mfe,interaction,prior RTH,-0.03091952516729325,-1.3047535453397328,1781,-0.03252376540059914,-0.9186705606464485,799
ETF,IWM,trail_rv_20,rest1_eff_range,main,prior RTH,0.050875669468512366,2.1845590070005927,1841,-0.06118261294131576,-1.7304998116065908,799
ETF,IWM,fc_vol x trail_rv_20,rest1_eff_range,interaction,prior RTH,0.05809771682715256,2.454602804317704,1781,-0.05524297483848381,-1.561960037204327,799
ETF,IWM,trail_rv_20,rest1_eff_mfe,main,prior RTH,-0.012663637809216732,-0.5431054634463355,1841,-0.05598991351948191,-1.5831452239744759,799
ETF,IWM,fc_vol x trail_rv_20,rest1_eff_mfe,interaction,prior RTH,-0.017914485034956396,-0.7557218909679738,1781,-0.06483929782621364,-1.8343504236464874,799
ETF,IWM,trail_rv_20,rest1_eff_vol,main,prior RTH,0.05395091446446028,2.316981933036015,1841,-0.06465412744911704,-1.8290897986200947,799
ETF,IWM,fc_vol x trail_rv_20,rest1_eff_vol,interaction,prior RTH,0.05863270519373095,2.477283441503578,1781,-0.05832339904023355,-1.6493464817112786,799
ETF,IWM,trail_rv_20,rest5_eff_range,main,prior RTH,0.0554518745201164,2.3816384518079223,1841,-0.06767538370331334,-1.914946729094706,799
ETF,IWM,fc_vol x trail_rv_20,rest5_eff_range,interaction,prior RTH,0.05895101202425209,2.490778958774993,1781,-0.0530885646531849,-1.5008697868630936,799
ETF,IWM,trail_rv_20,rest5_eff_mfe,main,prior RTH,-0.009258685461482641,-0.3970624430289536,1841,-0.05543157865837442,-1.567309098343039,799
ETF,IWM,fc_vol x trail_rv_20,rest5_eff_mfe,interaction,prior RTH,-0.01582432661095935,-0.6675250909878858,1781,-0.0636551806258667,-1.8007133307688172,799
ETF,IWM,trail_rv_20,rest5_eff_vol,main,prior RTH,0.059106391130553465,2.5391318568191408,1841,-0.06887199224594652,-1.9489660000124942,799
ETF,IWM,fc_vol x trail_rv_20,rest5_eff_vol,interaction,prior RTH,0.06092554628920995,2.574512112118626,1781,-0.05189727290692312,-1.4670987106070579,799
ETF,IWM,trail_rv_20,rest15_eff_range,main,prior RTH,0.055813035907724164,2.3971985202844266,1841,-0.020062060658529928,-0.5664898283492047,799
ETF,IWM,fc_vol x trail_rv_20,rest15_eff_range,interaction,prior RTH,0.05494892417639567,2.3211532279418936,1781,-0.01027595584706447,-0.2901177637218425,799
ETF,IWM,trail_rv_20,rest15_eff_mfe,main,prior RTH,-0.04951945482621546,-2.126179158148365,1841,0.026769858628968985,0.7560158617258539,799
ETF,IWM,fc_vol x trail_rv_20,rest15_eff_mfe,interaction,prior RTH,-0.0625675111903984,-2.6441652119031582,1781,-0.006117091997447281,-0.17269600787531184,799
ETF,IWM,trail_rv_20,rest15_eff_vol,main,prior RTH,0.06571620286682378,2.8242499731788304,1841,-0.03135310115087468,-0.8855706788763154,799
ETF,IWM,fc_vol x trail_rv_20,rest15_eff_vol,interaction,prior RTH,0.06542728684315183,2.7655303517295775,1781,-0.01608864934551648,-0.4542604864594729,799
ETF,IWM,trail_rv_20,rest30_eff_range,main,prior RTH,0.06205070639532257,2.666092960369478,1841,-0.034559682622070854,-0.9762440853998267,799
ETF,IWM,fc_vol x trail_rv_20,rest30_eff_range,interaction,prior RTH,0.05368294063774471,2.267519145083504,1781,-0.01924770882832522,-0.5434863779126005,799
ETF,IWM,trail_rv_20,rest30_eff_mfe,main,prior RTH,-0.02030226313254229,-0.8708128710125006,1841,-0.04147724648147175,-1.17196049293228,799
ETF,IWM,fc_vol x trail_rv_20,rest30_eff_mfe,interaction,prior RTH,-0.03040222217255201,-1.2829038350661703,1781,-0.05135458387075226,-1.4517164987416855,799
ETF,IWM,trail_rv_20,rest30_eff_vol,main,prior RTH,0.07031611483530978,3.02288793789018,1841,-0.03526845116546059,-0.9962901077058373,799
ETF,IWM,fc_vol x trail_rv_20,rest30_eff_vol,interaction,prior RTH,0.06245594899281628,2.639432003012569,1781,-0.01556409797961738,-0.43944621195940187,799
ETF,IWM,vol_state,eff_range,main,prior RTH,0.029666261891851727,1.2727552102611122,1841,-0.021938314044409202,-0.6194937734622257,799
ETF,IWM,fc_vol x vol_state,eff_range,interaction,prior RTH,0.029518655918464476,1.2455863685254005,1781,-0.026421114575230168,-0.7461599474043529,799
ETF,IWM,vol_state,eff_mfe,main,prior RTH,-0.012612409700722589,-0.5409080931892731,1841,-0.01806607140278998,-0.5101099182875335,799
ETF,IWM,fc_vol x vol_state,eff_mfe,interaction,prior RTH,-0.005279207082206167,-0.22267052034495133,1781,-0.016009493544605166,-0.45202496046704416,799
ETF,IWM,vol_state,rest1_eff_range,main,prior RTH,0.03575908254285649,1.534458258140019,1841,-0.020613537855597396,-0.5820683501309022,799
ETF,IWM,fc_vol x vol_state,rest1_eff_range,interaction,prior RTH,0.03168850875379326,1.3372356202977853,1781,-0.024538804069189086,-0.6929682692956557,799
ETF,IWM,vol_state,rest1_eff_mfe,main,prior RTH,-0.00595550780038034,-0.2553979249269346,1841,-0.016395541804971017,-0.4629278549365144,799
ETF,IWM,fc_vol x vol_state,rest1_eff_mfe,interaction,prior RTH,-0.0028138988243556337,-0.11868563875109937,1781,-0.009492340272435007,-0.2679921207673855,799
ETF,IWM,vol_state,rest1_eff_vol,main,prior RTH,0.016951665356759696,0.7270522841082271,1841,-0.00666418094667632,-0.1881419258780169,799
ETF,IWM,fc_vol x vol_state,rest1_eff_vol,interaction,prior RTH,0.010720718108372222,0.4522065096062588,1781,-0.013079389958298203,-0.369278310075538,799
ETF,IWM,vol_state,rest5_eff_range,main,prior RTH,0.02928665444999305,1.2564550509517853,1841,-0.008570440494226806,-0.2419626070311567,799
ETF,IWM,fc_vol x vol_state,rest5_eff_range,interaction,prior RTH,0.023888207510605556,1.0078490405683895,1781,-0.01377266696152145,-0.3888556381862879,799
ETF,IWM,vol_state,rest5_eff_mfe,main,prior RTH,-0.01273571862120502,-0.5461972934646935,1841,-0.017043249751136875,-0.4812210909220796,799
ETF,IWM,fc_vol x vol_state,rest5_eff_mfe,interaction,prior RTH,-0.00749549161404045,-0.31615517636161405,1781,-0.016705691991701233,-0.47168736230248165,799
ETF,IWM,vol_state,rest5_eff_vol,main,prior RTH,0.014329865563340639,0.6145788003439622,1841,0.0023389669417599067,0.06603199708037662,799
ETF,IWM,fc_vol x vol_state,rest5_eff_vol,interaction,prior RTH,0.007035450516672958,0.296749936964858,1781,-0.005056085144024014,-0.14274111693222963,799
ETF,IWM,vol_state,rest15_eff_range,main,prior RTH,0.018978212842839647,0.8139999949119264,1841,0.008464927964466861,0.23898353872249914,799
ETF,IWM,fc_vol x vol_state,rest15_eff_range,interaction,prior RTH,0.017446251563429563,0.7359633845949837,1781,0.004828074566892827,0.13630387148909126,799
ETF,IWM,vol_state,rest15_eff_mfe,main,prior RTH,-0.03226582392851819,-1.3843943250033581,1841,0.0026175812485903734,0.07389768261587763,799
ETF,IWM,fc_vol x vol_state,rest15_eff_mfe,interaction,prior RTH,-0.02171499692279999,-0.9161153587659737,1781,0.0032997427070431727,0.09315616528071712,799
ETF,IWM,vol_state,rest15_eff_vol,main,prior RTH,0.004390395692026817,0.18827762609270404,1841,0.01896080156586711,0.5353822085471525,799
ETF,IWM,fc_vol x vol_state,rest15_eff_vol,interaction,prior RTH,-0.0006231448947790181,-0.026283131002378758,1781,0.012854131574242238,0.3629173939606258,799
ETF,IWM,vol_state,rest30_eff_range,main,prior RTH,0.015303598046632448,0.656349678402727,1841,0.026518298560680865,0.7489064527967023,799
ETF,IWM,fc_vol x vol_state,rest30_eff_range,interaction,prior RTH,0.006913282671429775,0.2915967419627571,1781,0.021341397392198397,0.6026302622602314,799
ETF,IWM,vol_state,rest30_eff_mfe,main,prior RTH,-0.002164501035362179,-0.0928217345681048,1841,0.013763056896344314,0.38858425746716985,799
ETF,IWM,fc_vol x vol_state,rest30_eff_mfe,interaction,prior RTH,-0.0014011929104344202,-0.05909984360874845,1781,0.013457529306576,0.37995645319833704,799
ETF,IWM,vol_state,rest30_eff_vol,main,prior RTH,-0.0037268802170924427,-0.15982301359009807,1841,0.03144259271457743,0.8881008726457319,799
ETF,IWM,fc_vol x vol_state,rest30_eff_vol,interaction,prior RTH,-0.01511080654264651,-0.6374192982488981,1781,0.023565288377389026,0.665460894986776,799
ETF,IWM,fc_vol,eff_range,main,prior RTH,0.04223877208223846,1.7831464769154455,1781,-0.0332413764750986,-0.9389624778857474,799
ETF,IWM,fc_vol,eff_mfe,main,prior RTH,-0.032734130195940216,-1.3814067778987253,1781,-0.0329025873314424,-0.929382344402074,799
ETF,IWM,fc_vol,rest1_eff_range,main,prior RTH,0.057692813582190326,2.4374384903238973,1781,-0.03999021474176657,-1.129875107000841,799
ETF,IWM,fc_vol,rest1_eff_mfe,main,prior RTH,-0.02096576005325554,-0.8844922991330504,1781,-0.05473498486677391,-1.5475535824482916,799
ETF,IWM,fc_vol,rest1_eff_vol,main,prior RTH,0.05481146256341998,2.3153290530642043,1781,-0.03830311946095965,-1.082136691254933,799
ETF,IWM,fc_vol,rest5_eff_range,main,prior RTH,0.05432635847867652,2.294776505897717,1781,-0.030828408631089616,-0.8707364812872102,799
ETF,IWM,fc_vol,rest5_eff_mfe,main,prior RTH,-0.021853486526129725,-0.921960760492979,1781,-0.04846969247825869,-1.3699672071904183,799
ETF,IWM,fc_vol,rest5_eff_vol,main,prior RTH,0.05359246743166604,2.2636866213207685,1781,-0.02457310359754204,-0.6939374622390813,799
ETF,IWM,fc_vol,rest15_eff_range,main,prior RTH,0.05090660730432255,2.149936297613012,1781,-0.0033331843375648132,-0.09410027782971053,799
ETF,IWM,fc_vol,rest15_eff_mfe,main,prior RTH,-0.06653524844333406,-2.812569019406002,1781,-0.025860709953718235,-0.7303228277097129,799
ETF,IWM,fc_vol,rest15_eff_vol,main,prior RTH,0.059026012489655034,2.4939589262011452,1781,-0.001059571645007387,-0.029912983553634722,799
ETF,IWM,fc_vol,rest30_eff_range,main,prior RTH,0.046844091068882945,1.9779705239221665,1781,-0.007084701825175053,-0.20001457190421856,799
ETF,IWM,fc_vol,rest30_eff_mfe,main,prior RTH,-0.035557412860539865,-1.50069642458815,1781,-0.040812729266996445,-1.1531526414097872,799
ETF,IWM,fc_vol,rest30_eff_vol,main,prior RTH,0.053317142967129444,2.2520239808902085,1781,0.00034448605870119605,0.009725251410714241,799
ETF,IWM,open1_ret_pct,rest1_eff_range,main,opening,-0.0030854062980988648,-0.13303138842880524,1861,0.014267363174572526,0.40282561934284494,799
ETF,IWM,fc_vol x open1_ret_pct,rest1_eff_range,interaction,opening,-0.004445004015534669,-0.18748409128085686,1781,0.007115584427455783,0.2008864904003698,799
ETF,IWM,open1_ret_pct,rest1_eff_mfe,main,opening,0.01899300517465851,0.8190524769369769,1861,0.04175300904283439,1.1797658652933438,799
ETF,IWM,fc_vol x open1_ret_pct,rest1_eff_mfe,interaction,opening,0.022509271333406917,0.9496410064981912,1781,0.037817929657282916,1.0684093887545152,799
ETF,IWM,open1_ret_pct,rest1_eff_vol,main,opening,-0.004935313442855602,-0.2127941694292295,1861,0.03124482380233417,0.882509383361983,799
ETF,IWM,fc_vol x open1_ret_pct,rest1_eff_vol,interaction,opening,-0.004793547452685137,-0.20218549454967694,1781,0.025054197838472448,0.7075318783424595,799
ETF,IWM,open1_absret_pct,rest1_eff_range,main,opening,0.021351731966402214,0.9208138080434601,1861,-0.00854161619308904,-0.2411487733902156,799
ETF,IWM,fc_vol x open1_absret_pct,rest1_eff_range,interaction,opening,0.037349686204167114,1.5764422402812173,1781,-0.021515208807279845,-0.6075405466994477,799
ETF,IWM,open1_absret_pct,rest1_eff_mfe,main,opening,-0.016689838830846744,-0.7197013754239403,1861,-0.04006988886917929,-1.1321298195789948,799
ETF,IWM,fc_vol x open1_absret_pct,rest1_eff_mfe,interaction,opening,-0.01706699054142908,-0.7199596914643079,1781,-0.05133217723512478,-1.451081423220371,799
ETF,IWM,open1_absret_pct,rest1_eff_vol,main,opening,0.03539757698595773,1.527163316445071,1861,-0.018540776520449737,-0.5235181456678898,799
ETF,IWM,fc_vol x open1_absret_pct,rest1_eff_vol,interaction,opening,0.04987610584121587,2.1063055205540504,1781,-0.03018262808919442,-0.8524798500345115,799
ETF,IWM,open1_range_pct,rest1_eff_range,main,opening,0.028436891286536713,1.2265845250727931,1861,-0.03721792879790749,-1.0514348233129267,799
ETF,IWM,fc_vol x open1_range_pct,rest1_eff_range,interaction,opening,0.051137141647454365,2.15969791259266,1781,-0.0431059751535981,-1.2180650917265143,799
ETF,IWM,open1_range_pct,rest1_eff_mfe,main,opening,-0.031794278836203484,-1.371539417470118,1861,-0.041390366750505024,-1.1695014451997152,799
ETF,IWM,fc_vol x open1_range_pct,rest1_eff_mfe,interaction,opening,-0.028974483410655356,-1.222604674194235,1781,-0.06354879839340527,-1.797691717866923,799
ETF,IWM,open1_range_pct,rest1_eff_vol,main,opening,0.044407916600442396,1.9165879108418036,1861,-0.03538829164717862,-0.999679690728542,799
ETF,IWM,fc_vol x open1_range_pct,rest1_eff_vol,interaction,opening,0.05965477166535631,2.5206195489885252,1781,-0.041290429796889676,-1.166672858122816,799
ETF,IWM,open1_closeloc,rest1_eff_range,main,opening,-0.01953891024169101,-0.8426028982860232,1861,0.020986860291165536,0.592614529776949,799
ETF,IWM,fc_vol x open1_closeloc,rest1_eff_range,interaction,opening,0.012379430016379612,0.5221820074390237,1781,0.0038716909700874593,0.1093032565380843,799
ETF,IWM,open1_closeloc,rest1_eff_mfe,main,opening,0.015386358010929321,0.6634786339791763,1861,0.05483029575164767,1.5502564805215195,799
ETF,IWM,fc_vol x open1_closeloc,rest1_eff_mfe,interaction,opening,0.023145690867446424,0.9765050293448011,1781,0.03311552634812443,0.9354037045499856,799
ETF,IWM,open1_closeloc,rest1_eff_vol,main,opening,-0.018824658774748933,-0.811790138388824,1861,0.03991727448357752,1.127810976336592,799
ETF,IWM,fc_vol x open1_closeloc,rest1_eff_vol,interaction,opening,0.007791257682922372,0.32863114823328726,1781,0.019089066771165102,0.5390052545880629,799
ETF,IWM,open1_vol_rel,rest1_eff_range,main,opening,-0.03962101617801949,-1.7004255641096941,1841,-0.020499532563008727,-0.5788478040798628,799
ETF,IWM,fc_vol x open1_vol_rel,rest1_eff_range,interaction,opening,0.010821524966588784,0.4564591008135985,1781,-0.03867154332970998,-1.0925608881617346,799
ETF,IWM,open1_vol_rel,rest1_eff_mfe,main,opening,-0.035683215276078505,-1.531198562332107,1841,-0.0007499035624865568,-0.02117067472734818,799
ETF,IWM,fc_vol x open1_vol_rel,rest1_eff_mfe,interaction,opening,-0.03464360363465861,-1.4620822586191033,1781,-0.03373653236038781,-0.9529648665394268,799
ETF,IWM,open1_vol_rel,rest1_eff_vol,main,opening,-0.030693869675557692,-1.3168829755640137,1841,-0.021872336234963263,-0.6176298000290364,799
ETF,IWM,fc_vol x open1_vol_rel,rest1_eff_vol,interaction,opening,0.01406789233938897,0.5934170072517805,1781,-0.03797540718133116,-1.0728647609000104,799
ETF,IWM,open5_ret_pct,rest5_eff_range,main,opening,-0.0018371771178777242,-0.0792120869337637,1861,-0.001492549436164034,-0.042136491302776316,799
ETF,IWM,fc_vol x open5_ret_pct,rest5_eff_range,interaction,opening,0.0025820174437389512,0.10890519417642709,1781,-0.0019369959743911326,-0.054683800920982566,799
ETF,IWM,open5_ret_pct,rest5_eff_mfe,main,opening,0.014360544244231136,0.6192348357801434,1861,0.03025661829854197,0.854571546209352,799
ETF,IWM,fc_vol x open5_ret_pct,rest5_eff_mfe,interaction,opening,0.019669265043815266,0.8297745925261167,1781,0.035411181894623604,1.0003271262283062,799
ETF,IWM,open5_ret_pct,rest5_eff_vol,main,opening,0.0019207672067587138,0.08281618651664097,1861,0.0015222976178064314,0.04297632068672315,799
ETF,IWM,fc_vol x open5_ret_pct,rest5_eff_vol,interaction,opening,0.006329343025441505,0.2669656017878727,1781,0.0008697431991454497,0.024553893425102762,799
ETF,IWM,open5_absret_pct,rest5_eff_range,main,opening,0.017300796137438047,0.7460549037281329,1861,-0.06341400707306835,-1.7938632797581686,799
ETF,IWM,fc_vol x open5_absret_pct,rest5_eff_range,interaction,opening,0.0352331847778932,1.4869953300362815,1781,-0.07701618374598997,-2.1807355225659752,799
ETF,IWM,open5_absret_pct,rest5_eff_mfe,main,opening,-0.009878160978649487,-0.4259287777636281,1861,-0.06666768728769905,-1.8863046264243373,799
ETF,IWM,fc_vol x open5_absret_pct,rest5_eff_mfe,interaction,opening,-0.026037692531374997,-1.0985952975056272,1781,-0.08032082067435366,-2.274902288114956,799
ETF,IWM,open5_absret_pct,rest5_eff_vol,main,opening,0.01697871635216021,0.7321619505679622,1861,-0.06426919965904986,-1.8181547425374531,799
ETF,IWM,fc_vol x open5_absret_pct,rest5_eff_vol,interaction,opening,0.03461180684751135,1.4607387117789854,1781,-0.07514760035539961,-2.127521800412245,799
ETF,IWM,open5_range_pct,rest5_eff_range,main,opening,0.025025974653178282,1.079361037716223,1861,-0.10106147722246792,-2.8677680548316213,799
ETF,IWM,fc_vol x open5_range_pct,rest5_eff_range,interaction,opening,0.04672774429053279,1.9730470702577285,1781,-0.09243335184017615,-2.6207230189461965,799
ETF,IWM,open5_range_pct,rest5_eff_mfe,main,opening,-0.017084867401677393,-0.7367407644072538,1861,-0.07346005901949876,-2.0794831991432643,799
ETF,IWM,fc_vol x open5_range_pct,rest5_eff_mfe,interaction,opening,-0.02216674238427377,-0.9351829337922287,1781,-0.07978504709581817,-2.2596301919478425,799
ETF,IWM,open5_range_pct,rest5_eff_vol,main,opening,0.03241461165804311,1.3983271689070875,1861,-0.10070974526428712,-2.85768469460092,799
ETF,IWM,fc_vol x open5_range_pct,rest5_eff_vol,interaction,opening,0.04946972598395369,2.089101517568788,1781,-0.09045449198716439,-2.564149307032018,799
ETF,IWM,open5_closeloc,rest5_eff_range,main,opening,-0.0033521872041829127,-0.14453412546172717,1861,0.003446899265428737,0.09731064073231063,799
ETF,IWM,fc_vol x open5_closeloc,rest5_eff_range,interaction,opening,0.02705147048036252,1.1413998585583065,1781,0.005039879529779688,0.14228359569509888,799
ETF,IWM,open5_closeloc,rest5_eff_mfe,main,opening,0.016229952632697046,0.6998648044643628,1861,0.014716390804140259,0.41550619773021613,799
ETF,IWM,fc_vol x open5_closeloc,rest5_eff_mfe,interaction,opening,0.00798184887579463,0.33667069051668974,1781,0.022515484268928753,0.6358000578269403,799
ETF,IWM,open5_closeloc,rest5_eff_vol,main,opening,0.002483978979311331,0.10709987181130438,1861,0.0025229519847439798,0.07122615956137054,799
ETF,IWM,fc_vol x open5_closeloc,rest5_eff_vol,interaction,opening,0.03214440832974112,1.3564940605121514,1781,0.005563231457013997,0.15705906599796085,799
ETF,IWM,open5_vol_rel,rest5_eff_range,main,opening,-0.019252106575781476,-0.825751974735878,1841,-0.03164143148860888,-0.8937227152271892,799
ETF,IWM,fc_vol x open5_vol_rel,rest5_eff_range,interaction,opening,0.02540464106808381,1.0718678099943766,1781,-0.03708477231878193,-1.0476678614735235,799
ETF,IWM,open5_vol_rel,rest5_eff_mfe,main,opening,-0.029445488479495536,-1.2632752404779568,1841,-0.03429107853674093,-0.9686475727689791,799
ETF,IWM,fc_vol x open5_vol_rel,rest5_eff_mfe,interaction,opening,-0.028719935473227196,-1.211854886420649,1781,-0.046183187703887234,-1.3051989380327176,799
ETF,IWM,open5_vol_rel,rest5_eff_vol,main,opening,-0.015334838888731753,-0.6576898687751542,1841,-0.03742205952929884,-1.0572097370765643,799
ETF,IWM,fc_vol x open5_vol_rel,rest5_eff_vol,interaction,opening,0.025004669991845356,1.0549816637852012,1781,-0.03671767811267844,-1.037283151521164,799
ETF,IWM,open15_ret_pct,rest15_eff_range,main,opening,0.01077765572782359,0.4647177132866662,1861,0.030490943257861704,0.8611959834464381,799
ETF,IWM,fc_vol x open15_ret_pct,rest15_eff_range,interaction,opening,0.015937757531285065,0.6723112128222085,1781,0.026544702768166503,0.7496526627236153,799
ETF,IWM,open15_ret_pct,rest15_eff_mfe,main,opening,-0.006288069508181707,-0.27112253390690055,1861,-0.01229698976292901,-0.3471848860218348,799
ETF,IWM,fc_vol x open15_ret_pct,rest15_eff_mfe,interaction,opening,0.00013485518046698345,0.005687947936866065,1781,-0.017675460517657008,-0.49907722382627123,799
ETF,IWM,open15_ret_pct,rest15_eff_vol,main,opening,0.007902860691802915,0.340751348921249,1861,0.033765738016515244,0.9537907877775981,799
ETF,IWM,fc_vol x open15_ret_pct,rest15_eff_vol,interaction,opening,0.014923769146750691,0.6295277293570805,1781,0.0317070549629434,0.8955781353937319,799
ETF,IWM,open15_absret_pct,rest15_eff_range,main,opening,-0.008154702462121381,-0.35161083957922973,1861,-0.04022604767154337,-1.1365490486234187,799
ETF,IWM,fc_vol x open15_absret_pct,rest15_eff_range,interaction,opening,0.009104859358290201,0.3840424376509773,1781,-0.04298360737036433,-1.214600880217806,799
ETF,IWM,open15_absret_pct,rest15_eff_mfe,main,opening,-0.02080879678757507,-0.8973889351245461,1861,-0.038984976163219054,-1.1014295180609095,799
ETF,IWM,fc_vol x open15_absret_pct,rest15_eff_mfe,interaction,opening,-0.04652706159697838,-1.964554957567646,1781,-0.04274438774892255,-1.2078287707145199,799
ETF,IWM,open15_absret_pct,rest15_eff_vol,main,opening,-0.007877793812949825,-0.3396704613694095,1861,-0.0473981025053296,-1.3396103800323191,799
ETF,IWM,fc_vol x open15_absret_pct,rest15_eff_vol,interaction,opening,0.012821135270966965,0.5408167752620638,1781,-0.049628381689458115,-1.4027967874272382,799
ETF,IWM,open15_range_pct,rest15_eff_range,main,opening,0.006761951820653419,0.2915558071383376,1861,-0.07306673285215541,-2.0682891281386944,799
ETF,IWM,fc_vol x open15_range_pct,rest15_eff_range,interaction,opening,0.031385278922598514,1.3244268294641623,1781,-0.059155076364252296,-1.6729477647980826,799
ETF,IWM,open15_range_pct,rest15_eff_mfe,main,opening,-0.041488455066467256,-1.7903628337986446,1861,-0.04961425112250867,-1.4023963867950777,799
ETF,IWM,fc_vol x open15_range_pct,rest15_eff_mfe,interaction,opening,-0.06441289072136917,-2.7224730320439754,1781,-0.053576476083273185,-1.5147030850829641,799
ETF,IWM,open15_range_pct,rest15_eff_vol,main,opening,0.015099816740109403,0.6511197782310721,1861,-0.07087844768366472,-2.0060280525340533,799
ETF,IWM,fc_vol x open15_range_pct,rest15_eff_vol,interaction,opening,0.041201156047115,1.7392671895094187,1781,-0.057476121467624,-1.6253060389625558,799
ETF,IWM,open15_closeloc,rest15_eff_range,main,opening,0.014597907420624974,0.629472234795506,1861,0.05572369002419567,1.5755941067982058,799
ETF,IWM,fc_vol x open15_closeloc,rest15_eff_range,interaction,opening,0.0398073817196315,1.680335326375586,1781,0.0491418425266653,1.3890108052694765,799
ETF,IWM,open15_closeloc,rest15_eff_mfe,main,opening,0.004855245882166651,0.20934184259419772,1861,0.011330909132382131,0.3199055676827646,799
ETF,IWM,fc_vol x open15_closeloc,rest15_eff_mfe,interaction,opening,-0.01501542477974181,-0.6333948981884894,1781,0.012599258451188467,0.3557202742481446,799
ETF,IWM,open15_closeloc,rest15_eff_vol,main,opening,0.006100884031245478,0.2630513574091478,1861,0.05790359588929561,1.6374346479794086,799
ETF,IWM,fc_vol x open15_closeloc,rest15_eff_vol,interaction,opening,0.03661024645650901,1.5451899201952144,1781,0.05507081246881202,1.557077424408706,799
ETF,IWM,open15_vol_rel,rest15_eff_range,main,opening,0.011919165941687777,0.5111726185085926,1841,-0.015082716177176356,-0.42585144325995744,799
ETF,IWM,fc_vol x open15_vol_rel,rest15_eff_range,interaction,opening,0.04425719462264671,1.8685193456245281,1781,-0.011489291125184676,-0.3243777529038931,799
ETF,IWM,open15_vol_rel,rest15_eff_mfe,main,opening,-0.029541896648668013,-1.26741496671637,1841,-0.050455798847614954,-1.4262437783054862,799
ETF,IWM,fc_vol x open15_vol_rel,rest15_eff_mfe,interaction,opening,-0.05914158855364428,-2.4988593537038155,1781,-0.050486829177609924,-1.4271231593996687,799
ETF,IWM,open15_vol_rel,rest15_eff_vol,main,opening,0.011764324889015812,0.5045310854735832,1841,-0.021442310406805498,-0.605481113243008,799
ETF,IWM,fc_vol x open15_vol_rel,rest15_eff_vol,interaction,opening,0.04465169565547814,1.8852081328837924,1781,-0.015014609427197529,-0.4239280554419256,799
ETF,IWM,open30_ret_pct,rest30_eff_range,main,opening,0.013387776440242548,0.5772807420531234,1861,0.046681710692057135,1.3193184722573041,799
ETF,IWM,fc_vol x open30_ret_pct,rest30_eff_range,interaction,opening,0.01986647073730842,0.8380972503233248,1781,0.043465342730952,1.2282390459026495,799
ETF,IWM,open30_ret_pct,rest30_eff_mfe,main,opening,0.021903211830192202,0.9446081748715766,1861,0.04265470766945818,1.205290055582364,799
ETF,IWM,fc_vol x open30_ret_pct,rest30_eff_mfe,interaction,opening,0.022686185656582477,0.9571086524507085,1781,0.0376446853899625,1.0635080341758272,799
ETF,IWM,open30_ret_pct,rest30_eff_vol,main,opening,0.007896500169558895,0.340477082193442,1861,0.04553913994579346,1.2869591897051682,799
ETF,IWM,fc_vol x open30_ret_pct,rest30_eff_vol,interaction,opening,0.01566562562335315,0.6608288801413174,1781,0.04044183756727386,1.1426559501113933,799
ETF,IWM,open30_absret_pct,rest30_eff_range,main,opening,0.01645512646782896,0.7095773178814875,1861,-0.043924151706843544,-1.2412289522322582,799
ETF,IWM,fc_vol x open30_absret_pct,rest30_eff_range,interaction,opening,0.035346526713058796,1.4917848324035943,1781,-0.04988486900106829,-1.4100647024019768,799
ETF,IWM,open30_absret_pct,rest30_eff_mfe,main,opening,-0.013796240840627659,-0.5948970249466538,1861,-0.041116353697504,-1.1617459414847429,799
ETF,IWM,fc_vol x open30_absret_pct,rest30_eff_mfe,interaction,opening,-0.02100288571129132,-0.8860592271806692,1781,-0.05393422139052261,-1.5248465952492891,799
ETF,IWM,open30_absret_pct,rest30_eff_vol,main,opening,0.016189218422523872,0.6981078108460435,1861,-0.020976456765532652,-0.5923206318318227,799
ETF,IWM,fc_vol x open30_absret_pct,rest30_eff_vol,interaction,opening,0.03555224503383574,1.500478041021749,1781,-0.025028702762187667,-0.7068114444978388,799
ETF,IWM,open30_range_pct,rest30_eff_range,main,opening,0.016365224483172708,0.7056995266217952,1861,-0.06449070615449834,-1.8244472149773674,799
ETF,IWM,fc_vol x open30_range_pct,rest30_eff_range,interaction,opening,0.04166418459409438,1.7588472947629286,1781,-0.05506409627476188,-1.5568869525387528,799
ETF,IWM,open30_range_pct,rest30_eff_mfe,main,opening,-0.03962305931238388,-1.7097353283767331,1861,-0.062082362035292514,-1.7560462216196724,799
ETF,IWM,fc_vol x open30_range_pct,rest30_eff_mfe,interaction,opening,-0.03759685990910383,-1.5868895789221795,1781,-0.07072723741527517,-2.0017269047553086,799
ETF,IWM,open30_range_pct,rest30_eff_vol,main,opening,0.02064648440960949,0.8903861422829145,1861,-0.042321722890935824,-1.1958639863527765,799
ETF,IWM,fc_vol x open30_range_pct,rest30_eff_vol,interaction,opening,0.045213364050202015,1.908970216741139,1781,-0.03248023845596469,-0.9174397935488093,799
ETF,IWM,open30_closeloc,rest30_eff_range,main,opening,-0.006067809497162073,-0.2616252325628065,1861,0.046259024406732845,1.3073467775408703,799
ETF,IWM,fc_vol x open30_closeloc,rest30_eff_range,interaction,opening,0.012998584055316611,0.5483031159222155,1781,0.0429758208839408,1.2143804479423492,799
ETF,IWM,open30_closeloc,rest30_eff_mfe,main,opening,0.00217670807249689,0.0938514337469619,1861,0.008277456703154487,0.23369044582122744,799
ETF,IWM,fc_vol x open30_closeloc,rest30_eff_mfe,interaction,opening,-0.01134140235242688,-0.4783906301138397,1781,-0.005489817619824764,-0.1549864111704444,799
ETF,IWM,open30_closeloc,rest30_eff_vol,main,opening,-0.011887370080752755,-0.5125735189760197,1861,0.05103656795149316,1.4427031185882235,799
ETF,IWM,fc_vol x open30_closeloc,rest30_eff_vol,interaction,opening,0.01122513295439562,0.4734856602833846,1781,0.0473230791902288,1.3374852365700862,799
ETF,IWM,open30_vol_rel,rest30_eff_range,main,opening,0.015037977030432938,0.644954969084232,1841,-0.02327772289701557,-0.6573358948985424,799
ETF,IWM,fc_vol x open30_vol_rel,rest30_eff_range,interaction,opening,0.04234400770974513,1.7875970604471438,1781,-0.019032155079095052,-0.5373976939076528,799
ETF,IWM,open30_vol_rel,rest30_eff_mfe,main,opening,-0.010282536710958915,-0.4409751266625613,1841,-0.021162378974215645,-0.5975729337782126,799
ETF,IWM,fc_vol x open30_vol_rel,rest30_eff_mfe,interaction,opening,-0.023462663478051198,-0.9898852600088074,1781,-0.034777200762903825,-0.9823959686538958,799
ETF,IWM,open30_vol_rel,rest30_eff_vol,main,opening,0.01235947423422745,0.5300587820259031,1841,-0.013465727836487338,-0.3801879703699696,799
ETF,IWM,fc_vol x open30_vol_rel,rest30_eff_vol,interaction,opening,0.03988502155750209,1.683617848961945,1781,-0.010678667883726838,-0.301488675636732,799
ETF,QQQ,gap_pct,eff_range,main,prior RTH,0.028138938005201945,1.2137224995010125,1861,0.028212181176627986,0.7962805362745426,798
ETF,QQQ,fc_vol x gap_pct,eff_range,interaction,prior RTH,0.02715345579931537,1.1457061589485877,1781,0.026057290719823305,0.7354163508335416,798
ETF,QQQ,gap_pct,eff_mfe,main,prior RTH,0.06077652246935797,2.6253011097989982,1861,0.0006154805508033779,0.01736484655064902,798
ETF,QQQ,fc_vol x gap_pct,eff_mfe,interaction,prior RTH,0.058193973776359154,2.4586834255415306,1781,-0.002735905961259935,-0.07718969501135221,798
ETF,QQQ,gap_pct,rest1_eff_range,main,prior RTH,0.030895856444397123,1.3327457649676184,1861,0.044575429269130384,1.2588789222719257,798
ETF,QQQ,fc_vol x gap_pct,rest1_eff_range,interaction,prior RTH,0.027246829263882697,1.1496488576873298,1781,0.042680176854779484,1.2052542173117886,798
ETF,QQQ,gap_pct,rest1_eff_mfe,main,prior RTH,0.07989562661274961,3.4558371061437945,1861,-0.0022781800466766568,-0.06427553566380524,798
ETF,QQQ,fc_vol x gap_pct,rest1_eff_mfe,interaction,prior RTH,0.07278799831853323,3.078231478813997,1781,-0.005873265015954523,-0.16570805593174612,798
ETF,QQQ,gap_pct,rest1_eff_vol,main,prior RTH,0.05750665690630142,2.4835740606242074,1861,0.047612982986198385,1.3448528133817417,798
ETF,QQQ,fc_vol x gap_pct,rest1_eff_vol,interaction,prior RTH,0.05453708477755222,2.3037042077947523,1781,0.04501507819860344,1.2713203743287138,798
ETF,QQQ,gap_pct,rest5_eff_range,main,prior RTH,0.025090572481645344,1.0821488709684526,1861,0.0448939730342472,1.2678931933811195,798
ETF,QQQ,fc_vol x gap_pct,rest5_eff_range,interaction,prior RTH,0.02461171448441326,1.038392197532636,1781,0.039179489640208016,1.1062388146434532,798
ETF,QQQ,gap_pct,rest5_eff_mfe,main,prior RTH,0.0607375550041942,2.623611637623013,1861,0.016689135874146985,0.47092405417034416,798
ETF,QQQ,fc_vol x gap_pct,rest5_eff_mfe,interaction,prior RTH,0.057467399186958916,2.427883438497766,1781,0.005915321907783264,0.16689468871000995,798
ETF,QQQ,gap_pct,rest5_eff_vol,main,prior RTH,0.054191954022965505,2.339985439387289,1861,0.04434010194852758,1.2522197886270348,798
ETF,QQQ,fc_vol x gap_pct,rest5_eff_vol,interaction,prior RTH,0.054200892108075965,2.289461101190448,1781,0.03921224253687645,1.1071650211740796,798
ETF,QQQ,gap_pct,rest15_eff_range,main,prior RTH,0.01866989539458501,0.8051138221641614,1861,0.022576746551914877,0.6371308022782995,798
ETF,QQQ,fc_vol x gap_pct,rest15_eff_range,interaction,prior RTH,0.017566852831801115,0.7410524675972338,1781,0.018278985466392103,0.5157998209559409,798
ETF,QQQ,gap_pct,rest15_eff_mfe,main,prior RTH,0.032821051223469656,1.4158792709453796,1861,-0.0214100869488461,-0.6041913818456108,798
ETF,QQQ,fc_vol x gap_pct,rest15_eff_mfe,interaction,prior RTH,0.025778076905537805,1.0876341451920544,1781,-0.026885133761283268,-0.758797250348043,798
ETF,QQQ,gap_pct,rest15_eff_vol,main,prior RTH,0.045841994456260735,1.9786091438298685,1861,0.027998177479576863,0.7902355879814404,798
ETF,QQQ,fc_vol x gap_pct,rest15_eff_vol,interaction,prior RTH,0.04575375492741295,1.9318338406436135,1781,0.02430329871849628,0.6858830253498609,798
ETF,QQQ,gap_pct,rest30_eff_range,main,prior RTH,0.01820193970117783,0.7849270958999273,1861,-0.014326086388882548,-0.40423012018660615,798
ETF,QQQ,fc_vol x gap_pct,rest30_eff_range,interaction,prior RTH,0.0184658941772012,0.778990881322216,1781,-0.01660580126059453,-0.46857191765299033,798
ETF,QQQ,gap_pct,rest30_eff_mfe,main,prior RTH,0.04862747644524698,2.099111501752939,1861,-0.026739104174250516,-0.7546728019420882,798
ETF,QQQ,fc_vol x gap_pct,rest30_eff_mfe,interaction,prior RTH,0.041214096621081796,1.7398143927320955,1781,-0.026722951902683287,-0.7542166014028109,798
ETF,QQQ,gap_pct,rest30_eff_vol,main,prior RTH,0.03694994662394205,1.5942270863643677,1861,-0.0027177583992953245,-0.07667768357004401,798
ETF,QQQ,fc_vol x gap_pct,rest30_eff_vol,interaction,prior RTH,0.03772722898695396,1.5924000312396884,1781,-0.006651541849694927,-0.18766724099032314,798
ETF,QQQ,abs_gap_pct,eff_range,main,prior RTH,0.07778061331304537,3.363789035914645,1861,0.0455509319146677,1.2864852893878584,798
ETF,QQQ,fc_vol x abs_gap_pct,eff_range,interaction,prior RTH,0.08355097098278044,3.536393998708913,1781,0.043977234068410746,1.2419520072666812,798
ETF,QQQ,abs_gap_pct,eff_mfe,main,prior RTH,0.04586699688898623,1.9796905607201343,1861,0.022658771014344433,0.639446774071948,798
ETF,QQQ,fc_vol x abs_gap_pct,eff_mfe,interaction,prior RTH,0.027770005635981858,1.171740563538009,1781,0.005809365125463375,0.16390512588647585,798
ETF,QQQ,abs_gap_pct,rest1_eff_range,main,prior RTH,0.07924932713302012,3.4277044055740964,1861,0.07559180862801157,2.138826885896042,798
ETF,QQQ,fc_vol x abs_gap_pct,rest1_eff_range,interaction,prior RTH,0.08781828073873857,3.718382358061133,1781,0.07356903934561555,2.0812780287919406,798
ETF,QQQ,abs_gap_pct,rest1_eff_mfe,main,prior RTH,0.05157437835917406,2.2266505276751047,1861,0.03985245918024116,1.1252701821391278,798
ETF,QQQ,fc_vol x abs_gap_pct,rest1_eff_mfe,interaction,prior RTH,0.025886124931726533,1.0921959811360709,1781,0.02449636842517331,0.6913350602249299,798
ETF,QQQ,abs_gap_pct,rest1_eff_vol,main,prior RTH,0.09125747571427578,3.9511553448716277,1861,0.07161953399062636,2.025838017545987,798
ETF,QQQ,fc_vol x abs_gap_pct,rest1_eff_vol,interaction,prior RTH,0.09503922486337349,4.026810049922453,1781,0.06364876076983193,1.799401061252056,798
ETF,QQQ,abs_gap_pct,rest5_eff_range,main,prior RTH,0.06728822084875016,2.9077974499831694,1861,0.04252043884371483,1.2007351572923335,798
ETF,QQQ,fc_vol x abs_gap_pct,rest5_eff_range,interaction,prior RTH,0.07706861831238719,3.2603119384935555,1781,0.04007531796610085,1.1315728954662074,798
ETF,QQQ,abs_gap_pct,rest5_eff_mfe,main,prior RTH,0.030435510037532098,1.312869381911508,1861,0.00815678190674248,0.23013879365426992,798
ETF,QQQ,fc_vol x abs_gap_pct,rest5_eff_mfe,interaction,prior RTH,0.0047963863037002626,0.20230523628645444,1781,-0.0037838332906368908,-0.10675583867962735,798
ETF,QQQ,abs_gap_pct,rest5_eff_vol,main,prior RTH,0.08229020541736047,3.5601089902404075,1861,0.04320898171804494,1.2202150067929116,798
ETF,QQQ,fc_vol x abs_gap_pct,rest5_eff_vol,interaction,prior RTH,0.08863119333584223,3.753073793195089,1781,0.03641882425389545,1.0281835588612727,798
ETF,QQQ,abs_gap_pct,rest15_eff_range,main,prior RTH,0.06288417459111455,2.7166985643810406,1861,0.038726333353281434,1.0934245479903337,798
ETF,QQQ,fc_vol x abs_gap_pct,rest15_eff_range,interaction,prior RTH,0.07781189642169661,3.2919462072875842,1781,0.035666853639973815,1.0069264467427732,798
ETF,QQQ,abs_gap_pct,rest15_eff_mfe,main,prior RTH,0.02456886239098907,1.059633936161052,1861,0.03093374146229299,0.8731661120683859,798
ETF,QQQ,fc_vol x abs_gap_pct,rest15_eff_mfe,interaction,prior RTH,0.0062159065647860645,0.2621807744103345,1781,0.021208090947827864,0.5984884894160659,798
ETF,QQQ,abs_gap_pct,rest15_eff_vol,main,prior RTH,0.08027653740584657,3.472419783178746,1861,0.04380198153491091,1.2369932035118887,798
ETF,QQQ,fc_vol x abs_gap_pct,rest15_eff_vol,interaction,prior RTH,0.09264453232180032,3.9244571238263957,1781,0.03700405499515974,1.0447283863459333,798
ETF,QQQ,abs_gap_pct,rest30_eff_range,main,prior RTH,0.07796738395337979,3.371915673810199,1861,0.006087375011583504,0.17174916640483645,798
ETF,QQQ,fc_vol x abs_gap_pct,rest30_eff_range,interaction,prior RTH,0.08783916385569655,3.719273461096476,1781,0.00617304729656422,0.17416641527423496,798
ETF,QQQ,abs_gap_pct,rest30_eff_mfe,main,prior RTH,0.051633457466554955,2.229207998570632,1861,0.040379092000185086,1.1401642615035426,798
ETF,QQQ,fc_vol x abs_gap_pct,rest30_eff_mfe,interaction,prior RTH,0.04290251156310838,1.8112180856548767,1781,0.028058216917042637,0.791931506994747,798
ETF,QQQ,abs_gap_pct,rest30_eff_vol,main,prior RTH,0.0823676360692943,3.5634817324564585,1861,0.006574193573410532,0.18548483441118035,798
ETF,QQQ,fc_vol x abs_gap_pct,rest30_eff_vol,interaction,prior RTH,0.08969780968076646,3.798603634194708,1781,0.002964727503515299,0.08364562389446775,798
ETF,QQQ,prev_ret_pct,eff_range,main,prior RTH,-0.011913373145191718,-0.5135567255918644,1860,0.03339160176765991,0.9426186761894145,798
ETF,QQQ,fc_vol x prev_ret_pct,eff_range,interaction,prior RTH,-0.014629791265738951,-0.6171242109963173,1781,0.03661194118897432,1.0336429736347768,798
ETF,QQQ,prev_ret_pct,eff_mfe,main,prior RTH,0.052410166385842075,2.262224385718438,1860,0.024706204797916933,0.6972606515209613,798
ETF,QQQ,fc_vol x prev_ret_pct,eff_mfe,interaction,prior RTH,0.052183910897890096,2.204026091423389,1781,0.02834359470747655,0.7999926198499419,798
ETF,QQQ,prev_ret_pct,rest1_eff_range,main,prior RTH,-0.008289161377455143,-0.3573126322878574,1860,0.02442899710996422,0.6894325740300342,798
ETF,QQQ,fc_vol x prev_ret_pct,rest1_eff_range,interaction,prior RTH,-0.009784039137802788,-0.412692848646764,1781,0.02730161742281247,0.7705606507365407,798
ETF,QQQ,prev_ret_pct,rest1_eff_mfe,main,prior RTH,0.03595308749201666,1.5507433156491106,1860,0.03310761738746201,0.9345931857301044,798
ETF,QQQ,fc_vol x prev_ret_pct,rest1_eff_mfe,interaction,prior RTH,0.033673129809624905,1.4210776761528905,1781,0.03830807839806079,1.0815978142705525,798
ETF,QQQ,prev_ret_pct,rest1_eff_vol,main,prior RTH,-0.02088986395937495,-0.9006441808814362,1860,0.03380558232389217,0.9543183106328135,798
ETF,QQQ,fc_vol x prev_ret_pct,rest1_eff_vol,interaction,prior RTH,-0.019214338761532713,-0.8105757390528794,1781,0.0371169308755311,1.0479195791386349,798
ETF,QQQ,prev_ret_pct,rest5_eff_range,main,prior RTH,-0.00895095915436441,-0.385842291894874,1860,0.01894993575697606,0.5347395022267094,798
ETF,QQQ,fc_vol x prev_ret_pct,rest5_eff_range,interaction,prior RTH,-0.009318213559464671,-0.39304247795415365,1781,0.019177340511782787,0.5411588790404893,798
ETF,QQQ,prev_ret_pct,rest5_eff_mfe,main,prior RTH,0.041332030331223665,1.7831212353203691,1860,0.026395328005914515,0.7449634047406725,798
ETF,QQQ,fc_vol x prev_ret_pct,rest5_eff_mfe,interaction,prior RTH,0.03949043122338144,1.6669353414090755,1781,0.028874299589517895,0.8149840490156027,798
ETF,QQQ,prev_ret_pct,rest5_eff_vol,main,prior RTH,-0.02281750962621758,-0.983794028131411,1860,0.025981418292284987,0.7332735505579305,798
ETF,QQQ,fc_vol x prev_ret_pct,rest5_eff_vol,interaction,prior RTH,-0.019843889130600773,-0.8371442354454404,1781,0.026792282723287413,0.7561747671727272,798
ETF,QQQ,prev_ret_pct,rest15_eff_range,main,prior RTH,-0.013831608110687203,-0.5962619246589885,1860,0.02516649221872527,0.7102590802746757,798
ETF,QQQ,fc_vol x prev_ret_pct,rest15_eff_range,interaction,prior RTH,-0.01843469861413371,-0.7776744366832573,1781,0.024424085356173998,0.6892938722848954,798
ETF,QQQ,prev_ret_pct,rest15_eff_mfe,main,prior RTH,-0.007883924550112616,-0.33984337782797575,1860,-0.016337307796196555,-0.4609937008717989,798
ETF,QQQ,fc_vol x prev_ret_pct,rest15_eff_mfe,interaction,prior RTH,-0.00817160200869444,-0.3446749180966543,1781,-0.01558935159643038,-0.4398831893182021,798
ETF,QQQ,prev_ret_pct,rest15_eff_vol,main,prior RTH,-0.025464176408935665,-1.097977241605721,1860,0.041174157577255725,1.1626518867167699,798
ETF,QQQ,fc_vol x prev_ret_pct,rest15_eff_vol,interaction,prior RTH,-0.026823943159470544,-1.1317927120493323,1781,0.04108156629546993,1.1600329230227169,798
ETF,QQQ,prev_ret_pct,rest30_eff_range,main,prior RTH,-0.007735474940068883,-0.33344394255599474,1860,0.07061162043728329,1.9971841761225948,798
ETF,QQQ,fc_vol x prev_ret_pct,rest30_eff_range,interaction,prior RTH,-0.012634079495690835,-0.532925183073565,1781,0.07003838571008357,1.980890510026904,798
ETF,QQQ,prev_ret_pct,rest30_eff_mfe,main,prior RTH,0.004803317506411255,0.207047103827336,1860,0.06474405939750906,1.8304952620985802,798
ETF,QQQ,fc_vol x prev_ret_pct,rest30_eff_mfe,interaction,prior RTH,0.00183568700637114,0.07742609206276833,1781,0.06201728034121577,1.7530973794664155,798
ETF,QQQ,prev_ret_pct,rest30_eff_vol,main,prior RTH,-0.017278169521634065,-0.7448784694718767,1860,0.08002610644367904,2.265078943891008,798
ETF,QQQ,fc_vol x prev_ret_pct,rest30_eff_vol,interaction,prior RTH,-0.019192095862942654,-0.8096370545928576,1781,0.08066829463754913,2.283374179304428,798
ETF,QQQ,prev_range_pct,eff_range,main,prior RTH,0.06139559950956915,2.6514299943546624,1860,-0.01888143096012307,-0.5328057062761141,798
ETF,QQQ,fc_vol x prev_range_pct,eff_range,interaction,prior RTH,0.08105296884377133,3.4299530442819064,1781,-0.012971339597842368,-0.36599731787246037,798
ETF,QQQ,prev_range_pct,eff_mfe,main,prior RTH,-0.03240525646834581,-1.3975471345130988,1860,-0.09047943051330534,-2.5632525057999445,798
ETF,QQQ,fc_vol x prev_range_pct,eff_mfe,interaction,prior RTH,-0.021773823552820957,-0.9185983205266731,1781,-0.08403367446526855,-2.3792974949462873,798
ETF,QQQ,prev_range_pct,rest1_eff_range,main,prior RTH,0.0599728992731844,2.5897648455324114,1860,-0.005188169819022772,-0.14637825376199898,798
ETF,QQQ,fc_vol x prev_range_pct,rest1_eff_range,interaction,prior RTH,0.08427114910468692,3.567093477050725,1781,0.005685319590875941,0.1604051972552414,798
ETF,QQQ,prev_range_pct,rest1_eff_mfe,main,prior RTH,-0.048763867426896174,-2.104446886785301,1860,-0.059193800082104224,-1.6729962014747344,798
ETF,QQQ,fc_vol x prev_range_pct,rest1_eff_mfe,interaction,prior RTH,-0.037715455284462594,-1.5919023759463682,1781,-0.056944405759791705,-1.609210579353755,798
ETF,QQQ,prev_range_pct,rest1_eff_vol,main,prior RTH,0.043462118717662576,1.8751858534901191,1860,-0.03617479510164491,-1.0212850208512878,798
ETF,QQQ,fc_vol x prev_range_pct,rest1_eff_vol,interaction,prior RTH,0.07053677448449142,2.9825426953847693,1781,-0.022385565848028047,-0.6317328391272337,798
ETF,QQQ,prev_range_pct,rest5_eff_range,main,prior RTH,0.05079589001565474,2.192362885392625,1860,-0.008182757479594469,-0.23087172812911222,798
ETF,QQQ,fc_vol x prev_range_pct,rest5_eff_range,interaction,prior RTH,0.07534779134665835,3.1870936210923175,1781,-0.003479918524867153,-0.0981811782027313,798
ETF,QQQ,prev_range_pct,rest5_eff_mfe,main,prior RTH,-0.07292763690876711,-3.1519038646284656,1860,-0.04327364895216294,-1.2220446231469857,798
ETF,QQQ,fc_vol x prev_range_pct,rest5_eff_mfe,interaction,prior RTH,-0.060994661802355826,-2.577443605144156,1781,-0.047480802215493785,-1.341110852865526,798
ETF,QQQ,prev_range_pct,rest5_eff_vol,main,prior RTH,0.04067448252538335,1.7547063190481758,1860,-0.030834656092636817,-0.8703665652685801,798
ETF,QQQ,fc_vol x prev_range_pct,rest5_eff_vol,interaction,prior RTH,0.06817513307537747,2.882209787760343,1781,-0.02259873123968333,-0.637751541647005,798
ETF,QQQ,prev_range_pct,rest15_eff_range,main,prior RTH,0.0605727760183657,2.615763793659991,1860,-0.020772125570544187,-0.5861802588457617,798
ETF,QQQ,fc_vol x prev_range_pct,rest15_eff_range,interaction,prior RTH,0.08095752055817629,3.425887255100872,1781,-0.017269997889716938,-0.4873192787950295,798
ETF,QQQ,prev_range_pct,rest15_eff_mfe,main,prior RTH,-0.04209871968476652,-1.816255468795952,1860,-0.040474279890551496,-1.1428564394931822,798
ETF,QQQ,fc_vol x prev_range_pct,rest15_eff_mfe,interaction,prior RTH,-0.037181038239489136,-1.569314130652187,1781,-0.03751962384372623,-1.0593047211972968,798
ETF,QQQ,prev_range_pct,rest15_eff_vol,main,prior RTH,0.05527563736346957,2.3862783458735684,1860,-0.04356190750272636,-1.2302004487565483,798
ETF,QQQ,fc_vol x prev_range_pct,rest15_eff_vol,interaction,prior RTH,0.07994380244289497,3.382711963896539,1781,-0.035406200090279456,-0.9995585527123262,798
ETF,QQQ,prev_range_pct,rest30_eff_range,main,prior RTH,0.0579453793302594,2.5019118263432656,1860,-0.034199396352543446,-0.9654484688444602,798
ETF,QQQ,fc_vol x prev_range_pct,rest30_eff_range,interaction,prior RTH,0.07781764042240481,3.2921906961159677,1781,-0.029673640290474042,-0.8375652480153033,798
ETF,QQQ,prev_range_pct,rest30_eff_mfe,main,prior RTH,-0.04300133502467922,-1.8552681785751042,1860,-0.06936774363265939,-1.961830632222677,798
ETF,QQQ,fc_vol x prev_range_pct,rest30_eff_mfe,interaction,prior RTH,-0.027953214479905314,-1.179476988200623,1781,-0.05912885026969928,-1.671154078914337,798
ETF,QQQ,prev_range_pct,rest30_eff_vol,main,prior RTH,0.049231790935892944,2.124689360567216,1860,-0.053421426739556944,-1.509359205658957,798
ETF,QQQ,fc_vol x prev_range_pct,rest30_eff_vol,interaction,prior RTH,0.0721461630885234,3.050945370750072,1781,-0.04713308310702762,-1.3312674644232547,798
ETF,QQQ,prev_rv_pct,eff_range,main,prior RTH,0.10330065845915044,4.476675145737607,1860,0.0016291555281924691,0.04596419480997081,798
ETF,QQQ,fc_vol x prev_rv_pct,eff_range,interaction,prior RTH,0.10383632931449736,4.403431981961109,1781,0.0015598950769102127,0.0440101095562365,798
ETF,QQQ,prev_rv_pct,eff_mfe,main,prior RTH,-0.02203724299067602,-0.9501356121134006,1860,-0.06145632535136723,-1.737179975546655,798
ETF,QQQ,fc_vol x prev_rv_pct,eff_mfe,interaction,prior RTH,-0.017120285300107726,-0.7222085536836809,1781,-0.06745232531816567,-1.9074084146762431,798
ETF,QQQ,prev_rv_pct,rest1_eff_range,main,prior RTH,0.10908198654049742,4.730153097571288,1860,0.0247272916959163,0.6978561317271051,798
ETF,QQQ,fc_vol x prev_rv_pct,rest1_eff_range,interaction,prior RTH,0.11119813919537094,4.719405164859947,1781,0.026688781680679122,0.7532515085252534,798
ETF,QQQ,prev_rv_pct,rest1_eff_mfe,main,prior RTH,-0.019525680014660842,-0.8418056306530435,1860,-0.045131637894317456,-1.27461897512743,798
ETF,QQQ,fc_vol x prev_rv_pct,rest1_eff_mfe,interaction,prior RTH,-0.02025068300273126,-0.8543124150555077,1781,-0.04909733595329745,-1.386878889103888,798
ETF,QQQ,prev_rv_pct,rest1_eff_vol,main,prior RTH,0.10704495677033646,4.640787042021351,1860,0.017538373283110337,0.49489452211504603,798
ETF,QQQ,fc_vol x prev_rv_pct,rest1_eff_vol,interaction,prior RTH,0.10580356116332179,4.487792820974068,1781,0.01074844040895593,0.3032683407303238,798
ETF,QQQ,prev_rv_pct,rest5_eff_range,main,prior RTH,0.10196066765492438,4.417990722618864,1860,0.031575787788338694,0.8913070442660507,798
ETF,QQQ,fc_vol x prev_rv_pct,rest5_eff_range,interaction,prior RTH,0.10296598374330247,4.366125669115226,1781,0.021373886252448633,0.6031693330324859,798
ETF,QQQ,prev_rv_pct,rest5_eff_mfe,main,prior RTH,-0.03962442722703957,-1.7093345154599695,1860,-0.023643777701154948,-0.6672595937301812,798
ETF,QQQ,fc_vol x prev_rv_pct,rest5_eff_mfe,interaction,prior RTH,-0.04267475942121822,-1.8015854697494758,1781,-0.03685049184661269,-1.0403869596682005,798
ETF,QQQ,prev_rv_pct,rest5_eff_vol,main,prior RTH,0.10634679268214359,4.610171712150373,1860,0.027238543892169818,0.7687791405674322,798
ETF,QQQ,fc_vol x prev_rv_pct,rest5_eff_vol,interaction,prior RTH,0.10430089020320839,4.423349004151027,1781,0.011399578384972613,0.321642584580853,798
ETF,QQQ,prev_rv_pct,rest15_eff_range,main,prior RTH,0.11801909404322629,5.122959581083233,1860,0.016148370574679563,0.4556610156037032,798
ETF,QQQ,fc_vol x prev_rv_pct,rest15_eff_range,interaction,prior RTH,0.11285331958750586,4.790552828009939,1781,0.005653605719047754,0.15951039567977796,798
ETF,QQQ,prev_rv_pct,rest15_eff_mfe,main,prior RTH,0.009800371421849105,0.42246063496682695,1860,-0.00816322853543817,-0.23032069359980525,798
ETF,QQQ,fc_vol x prev_rv_pct,rest15_eff_mfe,interaction,prior RTH,-0.007580594399324109,-0.3197449640674896,1781,-0.020407711222031475,-0.5758923230903904,798
ETF,QQQ,prev_rv_pct,rest15_eff_vol,main,prior RTH,0.12525809723560274,5.442051233705791,1860,0.013564126883399301,0.38272632315145333,798
ETF,QQQ,fc_vol x prev_rv_pct,rest15_eff_vol,interaction,prior RTH,0.11905679638026011,5.057572848466515,1781,-0.0020618385315490273,-0.05817174724388952,798
ETF,QQQ,prev_rv_pct,rest30_eff_range,main,prior RTH,0.11351200530057007,4.924711227728011,1860,-0.017957997633361172,-0.5067391783407075,798
ETF,QQQ,fc_vol x prev_rv_pct,rest30_eff_range,interaction,prior RTH,0.10820701612054907,4.59093265384235,1781,-0.018463388761333507,-0.5210051131299731,798
ETF,QQQ,prev_rv_pct,rest30_eff_mfe,main,prior RTH,0.016812891280114105,0.72481412783232,1860,-0.04578909348003342,-1.293225731398259,798
ETF,QQQ,fc_vol x prev_rv_pct,rest30_eff_mfe,interaction,prior RTH,0.00542189954165153,0.2286892889739492,1781,-0.04400867715635073,-1.2428417075590121,798
ETF,QQQ,prev_rv_pct,rest30_eff_vol,main,prior RTH,0.1155434832584496,5.014028705029661,1860,-0.016542562430545475,-0.46678699525762535,798
ETF,QQQ,fc_vol x prev_rv_pct,rest30_eff_vol,interaction,prior RTH,0.10883515143038038,4.617901269453137,1781,-0.025359302169192237,-0.7157041302597341,798
ETF,QQQ,prev_eff_range,eff_range,main,prior RTH,-0.051748083882270604,-2.233569132281382,1860,-0.059128861029589315,-1.6711543840872214,798
ETF,QQQ,fc_vol x prev_eff_range,eff_range,interaction,prior RTH,0.002083806289063867,0.08789137552893753,1781,-0.055576765699626975,-1.570440766982586,798
ETF,QQQ,prev_eff_range,eff_mfe,main,prior RTH,-0.045482806520507936,-1.9625457269599769,1860,-0.044157269778921614,-1.247046271552421,798
ETF,QQQ,fc_vol x prev_eff_range,eff_mfe,interaction,prior RTH,-0.041062261155005775,-1.7333939555171165,1781,-0.07189765151689308,-2.0337456782821035,798
ETF,QQQ,prev_eff_range,rest1_eff_range,main,prior RTH,-0.05154323524892932,-2.2247037835656003,1860,-0.03214732229307257,-0.9074566029566947,798
ETF,QQQ,fc_vol x prev_eff_range,rest1_eff_range,interaction,prior RTH,0.004786303518280987,0.20187994796792041,1781,-0.02174434583639546,-0.6136285755616886,798
ETF,QQQ,prev_eff_range,rest1_eff_mfe,main,prior RTH,-0.05455898354956989,-2.3552470466876354,1860,0.018228026020818588,0.5143613592039847,798
ETF,QQQ,fc_vol x prev_eff_range,rest1_eff_mfe,interaction,prior RTH,-0.0524294195289101,-2.214423845008145,1781,-0.01452973517299451,-0.4099775540016006,798
ETF,QQQ,prev_eff_range,rest1_eff_vol,main,prior RTH,-0.05352541231579294,-2.3104995561130757,1860,-0.05113991710400068,-1.444725042316475,798
ETF,QQQ,fc_vol x prev_eff_range,rest1_eff_vol,interaction,prior RTH,0.0009591825425429568,0.04045660541314802,1781,-0.04821510940713137,-1.3618995601026198,798
ETF,QQQ,prev_eff_range,rest5_eff_range,main,prior RTH,-0.056845018617082924,-2.454245956196692,1860,-0.049879556358590565,-1.409029367759488,798
ETF,QQQ,fc_vol x prev_eff_range,rest5_eff_range,interaction,prior RTH,-0.0016944067535962588,-0.07146711837345471,1781,-0.045785609574443886,-1.2931271284091523,798
ETF,QQQ,prev_eff_range,rest5_eff_mfe,main,prior RTH,-0.06504113361342584,-2.8095160278357327,1860,-0.010475838073598831,-0.2955759829096211,798
ETF,QQQ,fc_vol x prev_eff_range,rest5_eff_mfe,interaction,prior RTH,-0.06477891386171182,-2.7380083603955154,1781,-0.04634335338584369,-1.308913237428603,798
ETF,QQQ,prev_eff_range,rest5_eff_vol,main,prior RTH,-0.059004960629760246,-2.547819842225809,1860,-0.05951023037435865,-1.6819711807009912,798
ETF,QQQ,fc_vol x prev_eff_range,rest5_eff_vol,interaction,prior RTH,-0.0028387379458982964,-0.11973332057735539,1781,-0.06000870254146303,-1.6961104852903042,798
ETF,QQQ,prev_eff_range,rest15_eff_range,main,prior RTH,-0.06732368628850272,-2.9085544262281173,1860,-0.036493586813990786,-1.030297082338488,798
ETF,QQQ,fc_vol x prev_eff_range,rest15_eff_range,interaction,prior RTH,-0.0028858756027375122,-0.12172152621874684,1781,-0.036478426497003676,-1.029868501636764,798
ETF,QQQ,prev_eff_range,rest15_eff_mfe,main,prior RTH,-0.07909352950179367,-3.4200031377816305,1860,0.0016924652008442694,0.04775038787523724,798
ETF,QQQ,fc_vol x prev_eff_range,rest15_eff_mfe,interaction,prior RTH,-0.06451383708509482,-2.726757445522818,1781,-0.01901815718341808,-0.5366653065084958,798
ETF,QQQ,prev_eff_range,rest15_eff_vol,main,prior RTH,-0.06075996833867363,-2.623877380316789,1860,-0.04735090049626307,-1.3374334797652114,798
ETF,QQQ,fc_vol x prev_eff_range,rest15_eff_vol,interaction,prior RTH,0.005334418071462276,0.22499931850511332,1781,-0.05133140465921644,-1.4501489143412265,798
ETF,QQQ,prev_eff_range,rest30_eff_range,main,prior RTH,-0.054773082182588834,-2.3645171893692742,1860,-0.05942663610312129,-1.6796001293831762,798
ETF,QQQ,fc_vol x prev_eff_range,rest30_eff_range,interaction,prior RTH,0.009740346676132515,0.4108497160764319,1781,-0.05561485540570208,-1.5715204115678338,798
ETF,QQQ,prev_eff_range,rest30_eff_mfe,main,prior RTH,-0.07243099770141495,-3.130325720431998,1860,-0.008565071544093368,-0.2416592701179919,798
ETF,QQQ,fc_vol x prev_eff_range,rest30_eff_mfe,interaction,prior RTH,-0.049258306739693114,-2.0801515416450385,1781,-0.02297789306362059,-0.648457351650629,798
ETF,QQQ,prev_eff_range,rest30_eff_vol,main,prior RTH,-0.04939462761586678,-2.1317340393591793,1860,-0.07115316490685575,-2.012578902450968,798
ETF,QQQ,fc_vol x prev_eff_range,rest30_eff_vol,interaction,prior RTH,0.013577705643496685,0.5727358903385448,1781,-0.075219884517348,-2.128243477122473,798
ETF,QQQ,prev_eff_vol,eff_range,main,prior RTH,-0.05393468252331334,-2.328217624536223,1860,-0.06262201531406907,-1.7702589328088274,798
ETF,QQQ,fc_vol x prev_eff_vol,eff_range,interaction,prior RTH,-0.013082557178258169,-0.5518458542066699,1781,-0.05887156069642483,-1.6638569777909131,798
ETF,QQQ,prev_eff_vol,eff_mfe,main,prior RTH,-0.04367841896118855,-1.8845359849606114,1860,-0.06862526631948833,-1.9407322887715672,798
ETF,QQQ,fc_vol x prev_eff_vol,eff_mfe,interaction,prior RTH,-0.04204659942865339,-1.7750193403764707,1781,-0.08569727134477932,-2.4267450179240067,798
ETF,QQQ,prev_eff_vol,rest1_eff_range,main,prior RTH,-0.05829372079736945,-2.517003321073496,1860,-0.042274461268867296,-1.193776521584495,798
ETF,QQQ,fc_vol x prev_eff_vol,rest1_eff_range,interaction,prior RTH,-0.013144336699868708,-0.5544522751007096,1781,-0.03319243959714693,-0.9369902649942963,798
ETF,QQQ,prev_eff_vol,rest1_eff_mfe,main,prior RTH,-0.06248343735691591,-2.698591878841565,1860,-0.009906617760554577,-0.279513798628165,798
ETF,QQQ,fc_vol x prev_eff_vol,rest1_eff_mfe,interaction,prior RTH,-0.06098181117216701,-2.5768985505591706,1781,-0.030295874484571366,-0.8551443381894678,798
ETF,QQQ,prev_eff_vol,rest1_eff_vol,main,prior RTH,-0.06936681718848624,-2.997243341072746,1860,-0.07464986132147267,-2.1120247267995427,798
ETF,QQQ,fc_vol x prev_eff_vol,rest1_eff_vol,interaction,prior RTH,-0.024595671111108258,-1.037714902130635,1781,-0.06771104091055226,-1.9147579735973697,798
ETF,QQQ,prev_eff_vol,rest5_eff_range,main,prior RTH,-0.06256364244295234,-2.7020694527300093,1860,-0.060385301817647626,-1.7067936746384436,798
ETF,QQQ,fc_vol x prev_eff_vol,rest5_eff_range,interaction,prior RTH,-0.019642873021990092,-0.8286607792860614,1781,-0.05419703516859401,-1.5313371985889677,798
ETF,QQQ,prev_eff_vol,rest5_eff_mfe,main,prior RTH,-0.07200307049962236,-3.111734876144776,1860,-0.034245089831313025,-0.9667399085899795,798
ETF,QQQ,fc_vol x prev_eff_vol,rest5_eff_mfe,interaction,prior RTH,-0.0737463910625478,-3.1189824491938793,1781,-0.05558103986999249,-1.5705619170862424,798
ETF,QQQ,prev_eff_vol,rest5_eff_vol,main,prior RTH,-0.07377896219712754,-3.1888980195223593,1860,-0.08142000549526071,-2.3047932326452245,798
ETF,QQQ,fc_vol x prev_eff_vol,rest5_eff_vol,interaction,prior RTH,-0.02879430387345457,-1.214995506192859,1781,-0.07615826563328879,-2.1549476159192382,798
ETF,QQQ,prev_eff_vol,rest15_eff_range,main,prior RTH,-0.07367427383097558,-3.1843484330703844,1860,-0.045272472988571594,-1.2786046312714952,798
ETF,QQQ,fc_vol x prev_eff_vol,rest15_eff_range,interaction,prior RTH,-0.023703192059909773,-1.0000387903498813,1781,-0.044471479293551434,-1.2559373902168192,798
ETF,QQQ,prev_eff_vol,rest15_eff_mfe,main,prior RTH,-0.0932291517904061,-4.036177072391021,1860,-0.02235283656556054,-0.6308087389172313,798
ETF,QQQ,fc_vol x prev_eff_vol,rest15_eff_mfe,interaction,prior RTH,-0.08169795081911829,-3.4574296920561505,1781,-0.033966395032119984,-0.9588632213445835,798
ETF,QQQ,prev_eff_vol,rest15_eff_vol,main,prior RTH,-0.07611091902075393,-3.2902688398914712,1860,-0.06921611562003945,-1.9575216835128122,798
ETF,QQQ,fc_vol x prev_eff_vol,rest15_eff_vol,interaction,prior RTH,-0.02329880657564097,-0.9829684008954661,1781,-0.06819654888135457,-1.928551269483923,798
ETF,QQQ,prev_eff_vol,rest30_eff_range,main,prior RTH,-0.06149869605726209,-2.655899210054874,1860,-0.056076725561388964,-1.584612571636698,798
ETF,QQQ,fc_vol x prev_eff_vol,rest30_eff_range,interaction,prior RTH,-0.012805876145992197,-0.5401730143992663,1781,-0.056159469721393414,-1.5869581431030484,798
ETF,QQQ,prev_eff_vol,rest30_eff_mfe,main,prior RTH,-0.09155660377413473,-3.9631495651690134,1860,-0.022373735529623295,-0.631398813857854,798
ETF,QQQ,fc_vol x prev_eff_vol,rest30_eff_mfe,interaction,prior RTH,-0.07225676630726306,-3.0556471325424552,1781,-0.03501138307816369,-0.9883986485122555,798
ETF,QQQ,prev_eff_vol,rest30_eff_vol,main,prior RTH,-0.06470665885217332,-2.7950071551014593,1860,-0.08081144392349289,-2.2874527343133377,798
ETF,QQQ,fc_vol x prev_eff_vol,rest30_eff_vol,interaction,prior RTH,-0.015447633273703935,-0.6516310178571961,1781,-0.08275484543035518,-2.3428375960379437,798
ETF,QQQ,prev_closeloc,eff_range,main,prior RTH,-0.03228675270949825,-1.3924310593244695,1860,0.033802512477773286,0.9542315509456964,798
ETF,QQQ,fc_vol x prev_closeloc,eff_range,interaction,prior RTH,0.018487927925215114,0.7799207011225617,1781,0.0331165435554077,0.9348454386643236,798
ETF,QQQ,prev_closeloc,eff_mfe,main,prior RTH,0.042540930418330215,1.8353680745900784,1860,0.027531880146073207,0.7770644934819366,798
ETF,QQQ,fc_vol x prev_closeloc,eff_mfe,interaction,prior RTH,0.028863552815975958,1.2179199465133708,1781,0.007761622003769608,0.21898890111130562,798
ETF,QQQ,prev_closeloc,rest1_eff_range,main,prior RTH,-0.0336082102795822,-1.4494847471259247,1860,0.024177198885612802,0.6823221732248651,798
ETF,QQQ,fc_vol x prev_closeloc,rest1_eff_range,interaction,prior RTH,0.025422939544202272,1.0726403549732326,1781,0.029449990193612722,0.8312470217933102,798
ETF,QQQ,prev_closeloc,rest1_eff_mfe,main,prior RTH,0.01938245150888984,0.8356283275872417,1860,0.01705499059039033,0.4812504951954546,798
ETF,QQQ,fc_vol x prev_closeloc,rest1_eff_mfe,interaction,prior RTH,0.003026030416350077,0.1276330805498094,1781,0.0016850031133552844,0.047539855578506575,798
ETF,QQQ,prev_closeloc,rest1_eff_vol,main,prior RTH,-0.040833686222665325,-1.7615858508357087,1860,0.023638700647958328,0.6671162322601274,798
ETF,QQQ,fc_vol x prev_closeloc,rest1_eff_vol,interaction,prior RTH,0.018716239580958347,0.7895554749181294,1781,0.0245993735695624,0.6942438218062945,798
ETF,QQQ,prev_closeloc,rest5_eff_range,main,prior RTH,-0.0389148362212964,-1.678677042722314,1860,0.010713538620004284,0.30228346997324196,798
ETF,QQQ,fc_vol x prev_closeloc,rest5_eff_range,interaction,prior RTH,0.02345876455759033,0.9897206747233154,1781,0.007267612737353567,0.20505000343363705,798
ETF,QQQ,prev_closeloc,rest5_eff_mfe,main,prior RTH,0.011014285579858688,0.47479433908050955,1860,-0.0006494967890531273,-0.018324563310699427,798
ETF,QQQ,fc_vol x prev_closeloc,rest5_eff_mfe,interaction,prior RTH,-0.009157583147550344,-0.386266509989156,1781,-0.016307813659254333,-0.4601612362029505,798
ETF,QQQ,prev_closeloc,rest5_eff_vol,main,prior RTH,-0.04657826270865849,-2.009915322815952,1860,0.012841154508200675,0.3623234265799758,798
ETF,QQQ,fc_vol x prev_closeloc,rest5_eff_vol,interaction,prior RTH,0.017535318987650976,0.7397218122227914,1781,0.007701570907559508,0.21729449926288877,798
ETF,QQQ,prev_closeloc,rest15_eff_range,main,prior RTH,-0.04043674067377771,-1.7444332349213267,1860,0.01344112051083562,0.3792549369859138,798
ETF,QQQ,fc_vol x prev_closeloc,rest15_eff_range,interaction,prior RTH,0.024284002275939805,1.0245574868217644,1781,0.008128704573701157,0.22934655581391922,798
ETF,QQQ,prev_closeloc,rest15_eff_mfe,main,prior RTH,-0.024001008359111904,-1.0348501486520139,1860,-0.0312519190227962,-0.8821560394210659,798
ETF,QQQ,fc_vol x prev_closeloc,rest15_eff_mfe,interaction,prior RTH,-0.02384566959011926,-1.0060533338139432,1781,-0.04559690849493605,-1.2877865001280246,798
ETF,QQQ,prev_closeloc,rest15_eff_vol,main,prior RTH,-0.044567179194858905,-1.9229577214826468,1860,0.02499460445026855,0.7054049501228645,798
ETF,QQQ,fc_vol x prev_closeloc,rest15_eff_vol,interaction,prior RTH,0.02358737745503506,0.9951498399952998,1781,0.017871191830799438,0.5042889057976676,798
ETF,QQQ,prev_closeloc,rest30_eff_range,main,prior RTH,-0.028599816458944268,-1.2332859645130205,1860,0.039760894880924165,1.1226806829138427,798
ETF,QQQ,fc_vol x prev_closeloc,rest30_eff_range,interaction,prior RTH,0.04032521020722755,1.702229095424781,1781,0.039998949640343326,1.1294130887641887,798
ETF,QQQ,prev_closeloc,rest30_eff_mfe,main,prior RTH,-0.018623098710461087,-0.8028790468893532,1860,0.02411622744596562,0.680600451630583,798
ETF,QQQ,fc_vol x prev_closeloc,rest30_eff_mfe,interaction,prior RTH,-0.0037810917369834125,-0.15948075863815453,1781,0.005874646550751835,0.1657470358424001,798
ETF,QQQ,prev_closeloc,rest30_eff_vol,main,prior RTH,-0.029760561820756246,-1.2833833214151515,1860,0.05207978591459909,1.471348306424173,798
ETF,QQQ,fc_vol x prev_closeloc,rest30_eff_vol,interaction,prior RTH,0.03634545296951212,1.5339990802581085,1781,0.04696350953026054,1.326467275745643,798
ETF,QQQ,prev_streak,eff_range,main,prior RTH,-0.04443305055376545,-1.9176748048143135,1861,0.013585598801873601,0.3833322880115492,798
ETF,QQQ,fc_vol x prev_streak,eff_range,interaction,prior RTH,-0.029937240108361147,-1.2632649238173455,1781,0.024585819018237476,0.6938610536602207,798
ETF,QQQ,prev_streak,eff_mfe,main,prior RTH,0.03985528799964793,1.7197718941779299,1861,0.02206750508823822,0.6227525868864572,798
ETF,QQQ,fc_vol x prev_streak,eff_mfe,interaction,prior RTH,0.04532622875469215,1.9137453173724717,1781,0.03400479252580298,0.9599484275663969,798
ETF,QQQ,prev_streak,rest1_eff_range,main,prior RTH,-0.033063293031384944,-1.4263408229174788,1861,0.004164332484214743,0.11749129652449844,798
ETF,QQQ,fc_vol x prev_streak,rest1_eff_range,interaction,prior RTH,-0.01884629582968163,-0.7950439162439114,1781,0.014339333871020819,0.4046039928516117,798
ETF,QQQ,prev_streak,rest1_eff_mfe,main,prior RTH,0.031123294664247445,1.3425661805984441,1861,0.018874522944497138,0.5326107029378906,798
ETF,QQQ,fc_vol x prev_streak,rest1_eff_mfe,interaction,prior RTH,0.033664492926922536,1.4207127677354405,1781,0.036518665095362,1.0310060445023739,798
ETF,QQQ,prev_streak,rest1_eff_vol,main,prior RTH,-0.047497730733885295,-2.0502319688940056,1861,-0.0012655654945746345,-0.035706025188275856,798
ETF,QQQ,fc_vol x prev_streak,rest1_eff_vol,interaction,prior RTH,-0.02928471673820058,-1.2357064280258558,1781,0.013703167298383933,0.38665023000161003,798
ETF,QQQ,prev_streak,rest5_eff_range,main,prior RTH,-0.031071346748764907,-1.3403231350250921,1861,0.0005739013361059521,0.016191751920128453,798
ETF,QQQ,fc_vol x prev_streak,rest5_eff_range,interaction,prior RTH,-0.013175500425218053,-0.5557670462664118,1781,0.007581067640292765,0.21389438591131943,798
ETF,QQQ,prev_streak,rest5_eff_mfe,main,prior RTH,0.054649368228795556,2.3597953051467617,1861,0.018139070547035126,0.5118503711842282,798
ETF,QQQ,fc_vol x prev_streak,rest5_eff_mfe,interaction,prior RTH,0.05742421733053131,2.4260530528173696,1781,0.029774402085776253,0.8404118598186017,798
ETF,QQQ,prev_streak,rest5_eff_vol,main,prior RTH,-0.0487656920671148,-2.1050920839495806,1861,-0.005514167187969897,-0.1555761665823903,798
ETF,QQQ,fc_vol x prev_streak,rest5_eff_vol,interaction,prior RTH,-0.02717870125006495,-1.1467721462768607,1781,0.005456781354425319,0.1539570398963782,798
ETF,QQQ,prev_streak,rest15_eff_range,main,prior RTH,-0.05294092138747628,-2.285812758256836,1861,0.002877287782048213,0.08117861418858659,798
ETF,QQQ,fc_vol x prev_streak,rest15_eff_range,interaction,prior RTH,-0.03395079875641967,-1.4328093634177748,1781,0.006950781003683592,0.19611040237600164,798
ETF,QQQ,prev_streak,rest15_eff_mfe,main,prior RTH,-0.027055299549608683,-1.1669467779823883,1861,-0.03308635008820589,-0.9339921741178494,798
ETF,QQQ,fc_vol x prev_streak,rest15_eff_mfe,interaction,prior RTH,-0.014612600853455615,-0.6163989178954429,1781,-0.028217045535464346,-0.7964179407677546,798
ETF,QQQ,prev_streak,rest15_eff_vol,main,prior RTH,-0.06467396128803583,-2.7943405203842895,1861,0.00443323147780219,0.12507808110785684,798
ETF,QQQ,fc_vol x prev_streak,rest15_eff_vol,interaction,prior RTH,-0.04292906416241412,-1.8123411274636427,1781,0.014370244860017912,0.4054763688017829,798
ETF,QQQ,prev_streak,rest30_eff_range,main,prior RTH,-0.04565227119631604,-1.970403266107428,1861,0.07983513585247609,2.2596389504074295,798
ETF,QQQ,fc_vol x prev_streak,rest30_eff_range,interaction,prior RTH,-0.028125481380498505,-1.1867514720477366,1781,0.07810993211047115,2.2105060234897485,798
ETF,QQQ,prev_streak,rest30_eff_mfe,main,prior RTH,0.0005405720171163315,0.023307372593644213,1861,0.03905976531437064,1.1028532069786636,798
ETF,QQQ,fc_vol x prev_streak,rest30_eff_mfe,interaction,prior RTH,0.00951112176444658,0.40118007947595175,1781,0.04383456964992449,1.237915281748422,798
ETF,QQQ,prev_streak,rest30_eff_vol,main,prior RTH,-0.05737318848428271,-2.477790822082183,1861,0.07613710421706345,2.154345348149546,798
ETF,QQQ,fc_vol x prev_streak,rest30_eff_vol,interaction,prior RTH,-0.03683780627465294,-1.554807431765121,1781,0.07986340459937807,2.2604441988998043,798
ETF,QQQ,trail_eff_5,eff_range,main,prior RTH,-0.02975399829457874,-1.2817181208116388,1856,-0.08811618999178451,-2.4957717000907813,798
ETF,QQQ,fc_vol x trail_eff_5,eff_range,interaction,prior RTH,0.06001507860369365,2.535898625130348,1781,-0.04789036691615504,-1.3527056210935557,798
ETF,QQQ,trail_eff_5,eff_mfe,main,prior RTH,-0.057391756713145496,-2.475259900885263,1856,-0.04531495600609328,-1.2798069225852147,798
ETF,QQQ,fc_vol x trail_eff_5,eff_mfe,interaction,prior RTH,-0.03797956682526873,-1.6030661020572101,1781,-0.0813234961765125,-2.302043100518458,798
ETF,QQQ,trail_eff_5,rest1_eff_range,main,prior RTH,-0.026643854879337514,-1.1476412000226235,1856,-0.0914474925431962,-2.590907428916905,798
ETF,QQQ,fc_vol x trail_eff_5,rest1_eff_range,interaction,prior RTH,0.06641819808241468,2.80759913905239,1781,-0.026410582779705285,-0.7453942453135717,798
ETF,QQQ,trail_eff_5,rest1_eff_mfe,main,prior RTH,-0.06946500093713809,-2.998273638604076,1856,-0.02243588771017687,-0.6331536638338907,798
ETF,QQQ,fc_vol x trail_eff_5,rest1_eff_mfe,interaction,prior RTH,-0.05010380227241621,-2.1159454573863474,1781,-0.04253336736769397,-1.2011009076020742,798
ETF,QQQ,trail_eff_5,rest1_eff_vol,main,prior RTH,-0.028150083249822388,-1.212569639341535,1856,-0.10097291806548832,-2.8634310887152474,798
ETF,QQQ,fc_vol x trail_eff_5,rest1_eff_vol,interaction,prior RTH,0.06063988656073176,2.562396419928226,1781,-0.050363553020534364,-1.422736212855592,798
ETF,QQQ,trail_eff_5,rest5_eff_range,main,prior RTH,-0.03003816910572463,-1.293970398733449,1856,-0.11007838863871679,-3.1246825122291746,798
ETF,QQQ,fc_vol x trail_eff_5,rest5_eff_range,interaction,prior RTH,0.06141497701224769,2.5952718254581635,1781,-0.056538501260272205,-1.5977030744379932,798
ETF,QQQ,trail_eff_5,rest5_eff_mfe,main,prior RTH,-0.058565485821887066,-2.5260543600008094,1856,-0.04116046134072531,-1.162264483924042,798
ETF,QQQ,fc_vol x trail_eff_5,rest5_eff_mfe,interaction,prior RTH,-0.05907517629205099,-2.4960434601275288,1781,-0.06627078718257541,-1.8738483233886905,798
ETF,QQQ,trail_eff_5,rest5_eff_vol,main,prior RTH,-0.032516279875460345,-1.4008299902648425,1856,-0.11436627885497434,-3.247980936467849,798
ETF,QQQ,fc_vol x trail_eff_5,rest5_eff_vol,interaction,prior RTH,0.059043286849905875,2.4946913530310626,1781,-0.06775956809343159,-1.9161365706732527,798
ETF,QQQ,trail_eff_5,rest15_eff_range,main,prior RTH,-0.008832571802248388,-0.38032859824869436,1856,-0.1023393301872055,-2.902587722639275,798
ETF,QQQ,fc_vol x trail_eff_5,rest15_eff_range,interaction,prior RTH,0.07265876447683417,3.0727370994056877,1781,-0.057700390787868816,-1.6306451026455315,798
ETF,QQQ,trail_eff_5,rest15_eff_mfe,main,prior RTH,-0.0404167970734277,-1.741693626423397,1856,-0.03399593639746403,-0.9596981315406812,798
ETF,QQQ,fc_vol x trail_eff_5,rest15_eff_mfe,interaction,prior RTH,-0.033412570621893546,-1.4100691866150286,1781,-0.030670962451897432,-0.865741639928994,798
ETF,QQQ,trail_eff_5,rest15_eff_vol,main,prior RTH,-0.009560889851203753,-0.41169257097549755,1856,-0.10231767596496688,-2.901967058841613,798
ETF,QQQ,fc_vol x trail_eff_5,rest15_eff_vol,interaction,prior RTH,0.0764773037795269,3.235149219859435,1781,-0.06633997679125493,-1.8758133467751066,798
ETF,QQQ,trail_eff_5,rest30_eff_range,main,prior RTH,-0.031824797750640295,-1.3710098004590516,1856,-0.09094628112878575,-2.576588250033703,798
ETF,QQQ,fc_vol x trail_eff_5,rest30_eff_range,interaction,prior RTH,0.06230543190376834,2.63304622644198,1781,-0.06934759949073144,-1.9612581702801555,798
ETF,QQQ,trail_eff_5,rest30_eff_mfe,main,prior RTH,-0.04163019212257827,-1.7940722904095712,1856,-0.037809229073367825,-1.0674929078818607,798
ETF,QQQ,fc_vol x trail_eff_5,rest30_eff_mfe,interaction,prior RTH,-0.023841941654418608,-1.005895962034814,1781,-0.04729590385997441,-1.335876606701941,798
ETF,QQQ,trail_eff_5,rest30_eff_vol,main,prior RTH,-0.031192925334982326,-1.3437620055689803,1856,-0.09082894216444155,-2.573236262407218,798
ETF,QQQ,fc_vol x trail_eff_5,rest30_eff_vol,interaction,prior RTH,0.06233376178444844,2.6342481246020615,1781,-0.07989851891613794,-2.261444454298892,798
ETF,QQQ,trail_eff_20,eff_range,main,prior RTH,0.00010410560243298489,0.004464419214428016,1841,-0.07120998067425606,-2.0141941330638784,798
ETF,QQQ,fc_vol x trail_eff_20,eff_range,interaction,prior RTH,0.07648897749073957,3.2356459480734303,1781,-0.02943794695114632,-0.830906797771146,798
ETF,QQQ,trail_eff_20,eff_mfe,main,prior RTH,-0.08433660987529601,-3.6295853916362066,1841,-0.043687205484417194,-1.2337456553743562,798
ETF,QQQ,fc_vol x trail_eff_20,eff_mfe,interaction,prior RTH,-0.03419842162158783,-1.4432718649971614,1781,-0.0835799748123843,-2.36636100093592,798
ETF,QQQ,trail_eff_20,rest1_eff_range,main,prior RTH,0.0170184914418305,0.7299192653240906,1841,-0.09497776835151353,-2.6918212680066564,798
ETF,QQQ,fc_vol x trail_eff_20,rest1_eff_range,interaction,prior RTH,0.08694478675221663,3.6811139254214957,1781,-0.008897275970865698,-0.2510329823912929,798
ETF,QQQ,trail_eff_20,rest1_eff_mfe,main,prior RTH,-0.061897979614668176,-2.6595055768272746,1841,-0.03619111251447684,-1.0217462972830413,798
ETF,QQQ,fc_vol x trail_eff_20,rest1_eff_mfe,interaction,prior RTH,-0.035964109667065994,-1.5178831193151336,1781,-0.05879979713984563,-1.6618217198626795,798
ETF,QQQ,trail_eff_20,rest1_eff_vol,main,prior RTH,0.025905478930507386,1.1112921983948132,1841,-0.09367433530363536,-2.6545505775168188,798
ETF,QQQ,fc_vol x trail_eff_20,rest1_eff_vol,interaction,prior RTH,0.08273465446549493,3.5016031140782675,1781,-0.030470265358325015,-0.8600713310494652,798
ETF,QQQ,trail_eff_20,rest5_eff_range,main,prior RTH,0.024837287954230798,1.0654400906392893,1841,-0.08755110216390029,-2.479642319095851,798
ETF,QQQ,fc_vol x trail_eff_20,rest5_eff_range,interaction,prior RTH,0.08332308663851572,3.526680996367574,1781,-0.02203194318933327,-0.6217485300936704,798
ETF,QQQ,trail_eff_20,rest5_eff_mfe,main,prior RTH,-0.02885601279456902,-1.237964165643691,1841,-0.03329360283386469,-0.9398491688863322,798
ETF,QQQ,fc_vol x trail_eff_20,rest5_eff_mfe,interaction,prior RTH,-0.046537716589381606,-1.9650058294897161,1781,-0.05764711715060568,-1.6291345378434992,798
ETF,QQQ,trail_eff_20,rest5_eff_vol,main,prior RTH,0.03360111688699603,1.441749745323363,1841,-0.0822430312397341,-2.32824885585325,798
ETF,QQQ,fc_vol x trail_eff_20,rest5_eff_vol,interaction,prior RTH,0.08362361821963714,3.5394905235332548,1781,-0.033946511874949965,-0.9583012768100899,798
ETF,QQQ,trail_eff_20,rest15_eff_range,main,prior RTH,0.03804727688716804,1.632785040166061,1841,-0.09349850396362593,-2.6495238707283844,798
ETF,QQQ,fc_vol x trail_eff_20,rest15_eff_range,interaction,prior RTH,0.09257707417964411,3.9215748601498577,1781,-0.035980426613917586,-1.015790486959817,798
ETF,QQQ,trail_eff_20,rest15_eff_mfe,main,prior RTH,-0.023651728704819543,-1.0145542173857538,1841,-0.06558205539870282,-1.8542894329837991,798
ETF,QQQ,fc_vol x trail_eff_20,rest15_eff_mfe,interaction,prior RTH,-0.02470429273588187,-1.042300544904994,1781,-0.04503640182202924,-1.2719238219195397,798
ETF,QQQ,trail_eff_20,rest15_eff_vol,main,prior RTH,0.052860247274190385,2.270009414414189,1841,-0.07931869582688307,-2.2449288781816614,798
ETF,QQQ,fc_vol x trail_eff_20,rest15_eff_vol,interaction,prior RTH,0.09928011307068593,4.208246546697878,1781,-0.04285109644099871,-1.2100897116666458,798
ETF,QQQ,trail_eff_20,rest30_eff_range,main,prior RTH,0.02750353436934271,1.179895903934317,1841,-0.06755254239401408,-1.9102553223946546,798
ETF,QQQ,fc_vol x trail_eff_20,rest30_eff_range,interaction,prior RTH,0.08721712081535865,3.692732389296997,1781,-0.045795456696225235,-1.2934058259920918,798
ETF,QQQ,trail_eff_20,rest30_eff_mfe,main,prior RTH,-0.01856908997931451,-0.7964460688310603,1841,-0.026536352483752034,-0.7489463789246121,798
ETF,QQQ,fc_vol x trail_eff_20,rest30_eff_mfe,interaction,prior RTH,-0.008658805921277452,-0.3652264825857172,1781,-0.04913500147396894,-1.3879454212368925,798
ETF,QQQ,trail_eff_20,rest30_eff_vol,main,prior RTH,0.04275027034628276,1.8349614652382333,1841,-0.05873877804468254,-1.6600912017060534,798
ETF,QQQ,fc_vol x trail_eff_20,rest30_eff_vol,interaction,prior RTH,0.08903418700710562,3.770274539370167,1781,-0.056112524689975365,-1.5856273753602361,798
ETF,QQQ,eff_state,eff_range,main,prior RTH,-0.02244483190493237,-0.9627569042143175,1841,-0.048027659880271995,-1.356592534824874,798
ETF,QQQ,fc_vol x eff_state,eff_range,interaction,prior RTH,-0.03483286008094794,-1.4700792247296985,1781,-0.04465085276369805,-1.2610132497824877,798
ETF,QQQ,eff_state,eff_mfe,main,prior RTH,-0.015352170914474323,-0.6584333903457905,1841,-0.02071828568170487,-0.584660267533426,798
ETF,QQQ,fc_vol x eff_state,eff_mfe,interaction,prior RTH,-0.024033169182611166,-1.0139685312013325,1781,-0.023793350611608415,-0.6714831284083376,798
ETF,QQQ,eff_state,rest1_eff_range,main,prior RTH,-0.02937189058694125,-1.2601150016809795,1841,-0.0431036739339803,-1.217235588844054,798
ETF,QQQ,fc_vol x eff_state,rest1_eff_range,interaction,prior RTH,-0.042997542212721555,-1.815237423386276,1781,-0.03976571217791072,-1.1228169185669783,798
ETF,QQQ,eff_state,rest1_eff_mfe,main,prior RTH,-0.041117906367027245,-1.7647748076155512,1841,0.0030410013724691647,0.0857976036661581,798
ETF,QQQ,fc_vol x eff_state,rest1_eff_mfe,interaction,prior RTH,-0.05406651263709653,-2.283768212044554,1781,0.0023545601660852873,0.06643050136646983,798
ETF,QQQ,eff_state,rest1_eff_vol,main,prior RTH,-0.03544552859063033,-1.5209863413683054,1841,-0.05525606123700702,-1.561350739742398,798
ETF,QQQ,fc_vol x eff_state,rest1_eff_vol,interaction,prior RTH,-0.049018768066412664,-2.0700115292093515,1781,-0.048945921697033615,-1.3825915219193161,798
ETF,QQQ,eff_state,rest5_eff_range,main,prior RTH,-0.03667807103973864,-1.5739454362608551,1841,-0.06858861545913818,-1.9396908967983462,798
ETF,QQQ,fc_vol x eff_state,rest5_eff_range,interaction,prior RTH,-0.04982427871388574,-2.104111372210671,1781,-0.05814362933903416,-1.6432135985004348,798
ETF,QQQ,eff_state,rest5_eff_mfe,main,prior RTH,-0.04670683648452585,-2.0051439117153973,1841,-0.013966890694197175,-0.3940929194826772,798
ETF,QQQ,fc_vol x eff_state,rest5_eff_mfe,interaction,prior RTH,-0.05468942009362087,-2.310158289685895,1781,-0.00778280375870542,-0.2195865661144398,798
ETF,QQQ,eff_state,rest5_eff_vol,main,prior RTH,-0.043934997705705935,-1.8859103050057482,1841,-0.07714354455224577,-2.1829925564030335,798
ETF,QQQ,fc_vol x eff_state,rest5_eff_vol,interaction,prior RTH,-0.055774093059645855,-2.356117985541351,1781,-0.06470249725724009,-1.8293152427566586,798
ETF,QQQ,eff_state,rest15_eff_range,main,prior RTH,-0.018015465905588807,-0.7726927738718506,1841,-0.056714922955304496,-1.6027045803354358,798
ETF,QQQ,fc_vol x eff_state,rest15_eff_range,interaction,prior RTH,-0.033345292491764746,-1.4072267676166512,1781,-0.0444481484630479,-1.255277189950137,798
ETF,QQQ,eff_state,rest15_eff_mfe,main,prior RTH,-0.02485154611480767,-1.066052097920985,1841,0.01078551470439171,0.30431451724134145,798
ETF,QQQ,fc_vol x eff_state,rest15_eff_mfe,interaction,prior RTH,-0.02749994067055533,-1.1603366499690637,1781,0.01644541360798318,0.4640449707908674,798
ETF,QQQ,eff_state,rest15_eff_vol,main,prior RTH,-0.026945743209309137,-1.1559492121747876,1841,-0.06649816832318123,-1.8803061764583209,798
ETF,QQQ,fc_vol x eff_state,rest15_eff_vol,interaction,prior RTH,-0.04120927857200531,-1.739610657309357,1781,-0.051804373489333165,-1.4635464128930185,798
ETF,QQQ,eff_state,rest30_eff_range,main,prior RTH,-0.04529766723264769,-1.944521364772944,1841,-0.060969682447679,-1.7233725566991964,798
ETF,QQQ,fc_vol x eff_state,rest30_eff_range,interaction,prior RTH,-0.056597164144193746,-2.3909986778724104,1781,-0.05666115341982216,-1.6011802130512351,798
ETF,QQQ,eff_state,rest30_eff_mfe,main,prior RTH,-0.03525149099376637,-1.5126496974768975,1841,-0.027179249115035675,-0.7671043695690729,798
ETF,QQQ,fc_vol x eff_state,rest30_eff_mfe,interaction,prior RTH,-0.03768096628997845,-1.5904445859518508,1781,-0.023469682420576073,-0.6623436700492725,798
ETF,QQQ,eff_state,rest30_eff_vol,main,prior RTH,-0.051267719198962364,-2.2014374903522715,1841,-0.06794697039188913,-1.9214605658757218,798
ETF,QQQ,fc_vol x eff_state,rest30_eff_vol,interaction,prior RTH,-0.06095471971812346,-2.575749481067949,1781,-0.06028274534307592,-1.7038843290051517,798
ETF,QQQ,trail_rv_5,eff_range,main,prior RTH,0.11041726506240636,4.7836079078342575,1856,0.0510164148332178,1.4412269336507508,798
ETF,QQQ,fc_vol x trail_rv_5,eff_range,interaction,prior RTH,0.10440184970589167,4.427677806603032,1781,0.023704395354902492,0.6689712669962626,798
ETF,QQQ,trail_rv_5,eff_mfe,main,prior RTH,-0.006707523913404684,-0.2888197345151503,1856,-0.048909509754182436,-1.3815605145813785,798
ETF,QQQ,fc_vol x trail_rv_5,eff_mfe,interaction,prior RTH,-0.011848737980169754,-0.49979344716607343,1781,-0.0652883671236617,-1.8459499628545344,798
ETF,QQQ,trail_rv_5,rest1_eff_range,main,prior RTH,0.11914398491169251,5.166917673411461,1856,0.06509560285986393,1.8404765578621713,798
ETF,QQQ,fc_vol x trail_rv_5,rest1_eff_range,interaction,prior RTH,0.11388815951763553,4.835055739031721,1781,0.0449848992498347,1.2704663285547664,798
ETF,QQQ,trail_rv_5,rest1_eff_mfe,main,prior RTH,-0.007378396558385328,-0.3177083871972214,1856,-0.02698384112110592,-0.761585160933766,798
ETF,QQQ,fc_vol x trail_rv_5,rest1_eff_mfe,interaction,prior RTH,-0.016213927197261283,-0.6839640674474401,1781,-0.043704560890450904,-1.2342367173635505,798
ETF,QQQ,trail_rv_5,rest1_eff_vol,main,prior RTH,0.11358893785190176,4.92278496783934,1856,0.0604791446520819,1.7094558772560347,798
ETF,QQQ,fc_vol x trail_rv_5,rest1_eff_vol,interaction,prior RTH,0.1066371031522762,4.52355362998907,1781,0.027401104051265304,0.7733706665987816,798
ETF,QQQ,trail_rv_5,rest5_eff_range,main,prior RTH,0.11893923631268775,5.157910814515142,1856,0.057173274595055126,1.6156994267768499,798
ETF,QQQ,fc_vol x trail_rv_5,rest5_eff_range,interaction,prior RTH,0.10994911663898269,4.665742491017649,1781,0.03330165527637654,0.9400767346065514,798
ETF,QQQ,trail_rv_5,rest5_eff_mfe,main,prior RTH,-0.017044524733234513,-0.7340114839636817,1856,-0.02353550658996192,-0.6642023382090404,798
ETF,QQQ,fc_vol x trail_rv_5,rest5_eff_mfe,interaction,prior RTH,-0.03203171469161469,-1.3517334958035083,1781,-0.037947253408087085,-1.07139544939771,798
ETF,QQQ,trail_rv_5,rest5_eff_vol,main,prior RTH,0.11637419293678126,5.045131112927101,1856,0.05504032189745206,1.5552361102741878,798
ETF,QQQ,fc_vol x trail_rv_5,rest5_eff_vol,interaction,prior RTH,0.10762169711870441,4.5658073393297025,1781,0.021031858166402878,0.5935130221453346,798
ETF,QQQ,trail_rv_5,rest15_eff_range,main,prior RTH,0.11781689525199675,5.108551030605167,1856,0.039200884106236566,1.1068438200908048,798
ETF,QQQ,fc_vol x trail_rv_5,rest15_eff_range,interaction,prior RTH,0.1113761290480635,4.727054110751827,1781,0.013396584127910855,0.37799807153272313,798
ETF,QQQ,trail_rv_5,rest15_eff_mfe,main,prior RTH,0.0022069333987850435,0.09502659101968038,1856,-0.004463261079349159,-0.1259253455761228,798
ETF,QQQ,fc_vol x trail_rv_5,rest15_eff_mfe,interaction,prior RTH,-0.01259320003372824,-0.5312005496422187,1781,-0.019520761835682496,-0.55085343081965,798
ETF,QQQ,trail_rv_5,rest15_eff_vol,main,prior RTH,0.12234895759459632,5.307991859949822,1856,0.03983473648718383,1.124768970389581,798
ETF,QQQ,fc_vol x trail_rv_5,rest15_eff_vol,interaction,prior RTH,0.1161652143799492,4.9330360059765646,1781,0.004346087414411362,0.12261937345130301,798
ETF,QQQ,trail_rv_5,rest30_eff_range,main,prior RTH,0.1138599738924182,4.934685383496514,1856,0.026539823301310397,0.7490444062768371,798
ETF,QQQ,fc_vol x trail_rv_5,rest30_eff_range,interaction,prior RTH,0.1067434415709783,4.528116477330186,1781,-0.0013952332539333377,-0.03936441260146944,798
ETF,QQQ,trail_rv_5,rest30_eff_mfe,main,prior RTH,0.011475695180560033,0.49415417294742486,1856,-0.026525796935756303,-0.7486482555499762,798
ETF,QQQ,fc_vol x trail_rv_5,rest30_eff_mfe,interaction,prior RTH,0.001321847653446052,0.05575319470435585,1781,-0.03939799253903405,-1.1124178415339885,798
ETF,QQQ,trail_rv_5,rest30_eff_vol,main,prior RTH,0.11507669923167056,4.988122099611008,1856,0.024183503877256977,0.6825002150557508,798
ETF,QQQ,fc_vol x trail_rv_5,rest30_eff_vol,interaction,prior RTH,0.10698229372811349,4.538365895192773,1781,-0.012640315729422773,-0.3566556873190047,798
ETF,QQQ,trail_rv_20,eff_range,main,prior RTH,0.08808012752359354,3.791927455683725,1841,0.011936683384773134,0.3367992771416678,798
ETF,QQQ,fc_vol x trail_rv_20,eff_range,interaction,prior RTH,0.09014289594935249,3.8176065802073826,1781,0.004621428997074544,0.130387949815668,798
ETF,QQQ,trail_rv_20,eff_mfe,main,prior RTH,-0.020523759455671736,-0.8803173626969137,1841,-0.053175675006340725,-1.5023960463121482,798
ETF,QQQ,fc_vol x trail_rv_20,eff_mfe,interaction,prior RTH,-0.021910819150811126,-0.9243806849124454,1781,-0.07539113648268149,-2.1331164824744437,798
ETF,QQQ,trail_rv_20,rest1_eff_range,main,prior RTH,0.10662909938938978,4.598854416396336,1841,0.039192571907514656,1.1066087626057053,798
ETF,QQQ,fc_vol x trail_rv_20,rest1_eff_range,interaction,prior RTH,0.10481678309853074,4.445470203643542,1781,0.03407471337171484,0.9619245710483393,798
ETF,QQQ,trail_rv_20,rest1_eff_mfe,main,prior RTH,-0.004058303818064215,-0.17403596178807668,1841,-0.04260088036810856,-1.2030108725652704,798
ETF,QQQ,fc_vol x trail_rv_20,rest1_eff_mfe,interaction,prior RTH,-0.017497876436298687,-0.738141825921672,1781,-0.05344149881033428,-1.5099279422732146,798
ETF,QQQ,trail_rv_20,rest1_eff_vol,main,prior RTH,0.10508755224514782,4.531620397781803,1841,0.03771772337519805,1.0649056820161689,798
ETF,QQQ,fc_vol x trail_rv_20,rest1_eff_vol,interaction,prior RTH,0.1001305122987155,4.244656435888841,1781,0.01755665067461817,0.49541042905288374,798
ETF,QQQ,trail_rv_20,rest5_eff_range,main,prior RTH,0.10629401481352957,4.584236988794205,1841,0.01911310988529532,0.5393457132558518,798
ETF,QQQ,fc_vol x trail_rv_20,rest5_eff_range,interaction,prior RTH,0.10143761454440249,4.30063843981944,1781,0.015007592142700523,0.42346397071452696,798
ETF,QQQ,trail_rv_20,rest5_eff_mfe,main,prior RTH,-0.013854712577993377,-0.5941964752838611,1841,-0.045991950462034865,-1.2989671583004097,798
ETF,QQQ,fc_vol x trail_rv_20,rest5_eff_mfe,interaction,prior RTH,-0.03300984587068099,-1.3930548417469277,1781,-0.051316976382457684,-1.4497402288010217,798
ETF,QQQ,trail_rv_20,rest5_eff_vol,main,prior RTH,0.1065371244426909,4.594842026606574,1841,0.02209319842650551,0.623478015615984,798
ETF,QQQ,fc_vol x trail_rv_20,rest5_eff_vol,interaction,prior RTH,0.10076375763646384,4.271774968457941,1781,0.0052959214177956794,0.14941842578762685,798
ETF,QQQ,trail_rv_20,rest15_eff_range,main,prior RTH,0.1072049120628724,4.623976854455201,1841,0.00820490760005228,0.23149672287270792,798
ETF,QQQ,fc_vol x trail_rv_20,rest15_eff_range,interaction,prior RTH,0.10352925335896222,4.390268378752783,1781,0.0009545922648685903,0.026932374368482257,798
ETF,QQQ,trail_rv_20,rest15_eff_mfe,main,prior RTH,-0.0035090992939212106,-0.15048360815717107,1841,-0.01264987948079315,-0.35692557868036734,798
ETF,QQQ,fc_vol x trail_rv_20,rest15_eff_mfe,interaction,prior RTH,-0.01596316559579018,-0.6733832881870009,1781,-0.024641052634176513,-0.6954208029144336,798
ETF,QQQ,trail_rv_20,rest15_eff_vol,main,prior RTH,0.1160578219498385,5.010833868590345,1841,0.012235544711547164,0.3452330407633868,798
ETF,QQQ,fc_vol x trail_rv_20,rest15_eff_vol,interaction,prior RTH,0.11098464606334289,4.710231105558242,1781,-0.006218693546931968,-0.17545432864085064,798
ETF,QQQ,trail_rv_20,rest30_eff_range,main,prior RTH,0.10231443165383142,4.410754566816062,1841,0.020313466946181667,0.5732317105751951,798
ETF,QQQ,fc_vol x trail_rv_20,rest30_eff_range,interaction,prior RTH,0.09854215444798144,4.17665835817371,1781,-0.0067305077375530474,-0.18989529247738623,798
ETF,QQQ,trail_rv_20,rest30_eff_mfe,main,prior RTH,0.014402964966376974,0.6177145339665331,1841,-0.013682339815500476,-0.3860624490991263,798
ETF,QQQ,fc_vol x trail_rv_20,rest30_eff_mfe,interaction,prior RTH,0.0015744753999403854,0.0664086102630722,1781,-0.035529478655403846,-1.00304324243125,798
ETF,QQQ,trail_rv_20,rest30_eff_vol,main,prior RTH,0.10896030538259185,4.700593005179712,1841,0.01662927377630355,0.46923443322097225,798
ETF,QQQ,fc_vol x trail_rv_20,rest30_eff_vol,interaction,prior RTH,0.10220025410362595,4.333311976500204,1781,-0.017769320168054242,-0.5014133828692047,798
ETF,QQQ,vol_state,eff_range,main,prior RTH,0.05135856770253649,2.2053488358213142,1841,0.06853484592365584,1.9381631116714062,798
ETF,QQQ,fc_vol x vol_state,eff_range,interaction,prior RTH,0.04581851602224691,1.934573958563865,1781,0.06230305830231678,1.7612071253182995,798
ETF,QQQ,vol_state,eff_mfe,main,prior RTH,0.01805166580188146,0.774245911996976,1841,0.003505776157654644,0.09891072515102618,798
ETF,QQQ,fc_vol x vol_state,eff_mfe,interaction,prior RTH,0.025334613025324193,1.0689112998250443,1781,-0.0016753685589446542,-0.04726803019674471,798
ETF,QQQ,vol_state,rest1_eff_range,main,prior RTH,0.037043630197972535,1.5896539201451327,1841,0.05567407982159567,1.5731991286619833,798
ETF,QQQ,fc_vol x vol_state,rest1_eff_range,interaction,prior RTH,0.031070568406469327,1.3111334678255997,1781,0.04946812613605707,1.3973783960829276,798
ETF,QQQ,vol_state,rest1_eff_mfe,main,prior RTH,-0.02092975533547262,-0.8977391384078971,1841,0.01186168468266865,0.33468285387888114,798
ETF,QQQ,fc_vol x vol_state,rest1_eff_mfe,interaction,prior RTH,-0.014663556903305236,-0.6185488429929844,1781,0.008590102445369757,0.24236555669544269,798
ETF,QQQ,vol_state,rest1_eff_vol,main,prior RTH,0.028245209583087558,1.2117386867244888,1841,0.047127746297620954,1.3311163914180781,798
ETF,QQQ,fc_vol x vol_state,rest1_eff_vol,interaction,prior RTH,0.021132305683821604,0.8915215640569003,1781,0.04107892150496751,1.159958115012479,798
ETF,QQQ,vol_state,rest5_eff_range,main,prior RTH,0.035798052548513204,1.536132644903545,1841,0.0679962296149968,1.9228600269308886,798
ETF,QQQ,fc_vol x vol_state,rest5_eff_range,interaction,prior RTH,0.03134749561734111,1.3228308431689015,1781,0.06290666089189255,1.778337462256284,798
ETF,QQQ,vol_state,rest5_eff_mfe,main,prior RTH,-0.014112131232705404,-0.6052387431298931,1841,0.022781670454168033,0.6429168805783582,798
ETF,QQQ,fc_vol x vol_state,rest5_eff_mfe,interaction,prior RTH,-0.0014881841166660135,-0.06276898702124899,1781,0.022325207950490568,0.6300286559039804,798
ETF,QQQ,vol_state,rest5_eff_vol,main,prior RTH,0.031207798736771004,1.3389537923652797,1841,0.05922258579301901,1.67381263570797,798
ETF,QQQ,fc_vol x vol_state,rest5_eff_vol,interaction,prior RTH,0.024626236845469003,1.0390052817816746,1781,0.053161009331871734,1.5019805159856023,798
ETF,QQQ,vol_state,rest15_eff_range,main,prior RTH,0.026520781429217325,1.1377057828921402,1841,0.05370134947719754,1.5172909055115802,798
ETF,QQQ,fc_vol x vol_state,rest15_eff_range,interaction,prior RTH,0.024891305116453113,1.0501956706135485,1781,0.049393292733359,1.3952593241240776,798
ETF,QQQ,vol_state,rest15_eff_mfe,main,prior RTH,-0.0004858309353530094,-0.02083416412067787,1841,-0.004364459262722851,-0.12313772182679576,798
ETF,QQQ,fc_vol x vol_state,rest15_eff_mfe,interaction,prior RTH,0.010468212598403302,0.441554489915971,1781,-0.004419267823045428,-0.12468410634802957,798
ETF,QQQ,vol_state,rest15_eff_vol,main,prior RTH,0.019042800647317157,0.8167712522743537,1841,0.04978890144127977,1.4064621202817966,798
ETF,QQQ,fc_vol x vol_state,rest15_eff_vol,interaction,prior RTH,0.0153279336078371,0.6465805084765348,1781,0.04431286270600867,1.2514490044402315,798
ETF,QQQ,vol_state,rest30_eff_range,main,prior RTH,0.027683466170508084,1.1876208417343248,1841,0.024729322517194948,0.6979134808408056,798
ETF,QQQ,fc_vol x vol_state,rest30_eff_range,interaction,prior RTH,0.026315473335431258,1.1103236426656868,1781,0.021845556301515048,0.6164861100217505,798
ETF,QQQ,vol_state,rest30_eff_mfe,main,prior RTH,-0.01223243381359559,-0.5246096003470875,1841,-0.022222746326301807,-0.627135705086489,798
ETF,QQQ,fc_vol x vol_state,rest30_eff_mfe,interaction,prior RTH,-0.007030928843485663,-0.2965592068068487,1781,-0.02454461267234272,-0.6926974264484781,798
ETF,QQQ,vol_state,rest30_eff_vol,main,prior RTH,0.016745524436978857,0.7182084613371801,1841,0.023893308962218567,0.6743057071643452,798
ETF,QQQ,fc_vol x vol_state,rest30_eff_vol,interaction,prior RTH,0.012643319039158255,0.5333149837195159,1781,0.021704815664064573,0.6125125021374148,798
ETF,QQQ,fc_vol,eff_range,main,prior RTH,0.08855632545479215,3.749878455530413,1781,-0.0021510293684031297,-0.060688147169127016,798
ETF,QQQ,fc_vol,eff_mfe,main,prior RTH,-0.017833187718585133,-0.7522912731722574,1781,-0.0722866954861466,-2.0448080891556817,798
ETF,QQQ,fc_vol,rest1_eff_range,main,prior RTH,0.0965867231419081,4.0929899675374495,1781,0.023733511664630086,0.6697934328987548,798
ETF,QQQ,fc_vol,rest1_eff_mfe,main,prior RTH,-0.025324885350777326,-1.0685006089033005,1781,-0.048349663123942246,-1.365709100999801,798
ETF,QQQ,fc_vol,rest1_eff_vol,main,prior RTH,0.08901425420143914,3.7694237151330747,1781,-0.0004876450559850789,-0.013758161748971506,798
ETF,QQQ,fc_vol,rest5_eff_range,main,prior RTH,0.08925629772148025,3.7797555599888617,1781,0.004784910110005693,0.13500047266794699,798
ETF,QQQ,fc_vol,rest5_eff_mfe,main,prior RTH,-0.04657956914563832,-1.9667768501625438,1781,-0.049471101525372305,-1.397462651245885,798
ETF,QQQ,fc_vol,rest5_eff_vol,main,prior RTH,0.08749221504328877,3.70446945582669,1781,-0.010362017625190895,-0.2923641899093115,798
ETF,QQQ,fc_vol,rest15_eff_range,main,prior RTH,0.09609887466918461,4.072123553804524,1781,-0.009347669624908139,-0.2637417378342486,798
ETF,QQQ,fc_vol,rest15_eff_mfe,main,prior RTH,-0.02370044527615824,-0.9999228382785833,1781,-0.029115660337065093,-0.8218022701494517,798
ETF,QQQ,fc_vol,rest15_eff_vol,main,prior RTH,0.10040353125807748,4.256347746059771,1781,-0.02137506696249436,-0.6032026678040416,798
ETF,QQQ,fc_vol,rest30_eff_range,main,prior RTH,0.09292303924092285,3.9363573824121403,1781,-0.025268600023479606,-0.7131426461231988,798
ETF,QQQ,fc_vol,rest30_eff_mfe,main,prior RTH,-0.00723962553188597,-0.30536232841443334,1781,-0.04471066832646953,-1.262705920752834,798
ETF,QQQ,fc_vol,rest30_eff_vol,main,prior RTH,0.09177236765005659,3.8871965956896375,1781,-0.039545131927168284,-1.1165788751197947,798
ETF,QQQ,open1_ret_pct,rest1_eff_range,main,opening,-0.022407866738615553,-0.9663829691587097,1861,-0.02420740202022092,-0.683175057154489,798
ETF,QQQ,fc_vol x open1_ret_pct,rest1_eff_range,interaction,opening,-0.02079751235141751,-0.8773912709764086,1781,-0.024243319220660045,-0.6841892987901806,798
ETF,QQQ,open1_ret_pct,rest1_eff_mfe,main,opening,-0.021382352859855062,-0.9221349668902121,1861,-0.007207750908240564,-0.20336096067918422,798
ETF,QQQ,fc_vol x open1_ret_pct,rest1_eff_mfe,interaction,opening,-0.017360281500923173,-0.732335674685072,1781,-0.00979277392919426,-0.27630140140712767,798
ETF,QQQ,open1_ret_pct,rest1_eff_vol,main,opening,-0.02318674973146474,-0.9999915831313847,1861,-0.014948722292822784,-0.42180248876815735,798
ETF,QQQ,fc_vol x open1_ret_pct,rest1_eff_vol,interaction,opening,-0.022263862130763385,-0.9392823035540846,1781,-0.014491008225688294,-0.40888458718997434,798
ETF,QQQ,open1_absret_pct,rest1_eff_range,main,opening,0.051152855910803485,2.208403953739223,1861,-0.01702967656915218,-0.4805359875059851,798
ETF,QQQ,fc_vol x open1_absret_pct,rest1_eff_range,interaction,opening,0.08087977323998914,3.4225755401705804,1781,-0.012806512777874658,-0.36134582195090587,798
ETF,QQQ,open1_absret_pct,rest1_eff_mfe,main,opening,0.004826387514880627,0.20809753796414374,1861,-0.03852953328408121,-1.0878596842328627,798
ETF,QQQ,fc_vol x open1_absret_pct,rest1_eff_mfe,interaction,opening,-0.003236539666579683,-0.13651211105874392,1781,-0.0482345922619072,-1.3624511621990847,798
ETF,QQQ,open1_absret_pct,rest1_eff_vol,main,opening,0.05676472694697439,2.451427631658623,1861,-0.026390983616148236,-0.7448407062367282,798
ETF,QQQ,fc_vol x open1_absret_pct,rest1_eff_vol,interaction,opening,0.08211220532540721,3.475079505056446,1781,-0.029845127322284042,-0.842409926995024,798
ETF,QQQ,open1_range_pct,rest1_eff_range,main,opening,0.08839184679066436,3.8260898310629163,1861,-0.016270219947450492,-0.45910016479254384,798
ETF,QQQ,fc_vol x open1_range_pct,rest1_eff_range,interaction,opening,0.10397406043434039,4.40933659510102,1781,-0.0028086612496713054,-0.07924239796639874,798
ETF,QQQ,open1_range_pct,rest1_eff_mfe,main,opening,-0.030005676413705863,-1.2943112048677432,1861,-0.0949045058534498,-2.6897260131316796,798
ETF,QQQ,fc_vol x open1_range_pct,rest1_eff_mfe,interaction,opening,-0.027812362686568438,-1.1735291791662046,1781,-0.09355579201504453,-2.6511616072264634,798
ETF,QQQ,open1_range_pct,rest1_eff_vol,main,opening,0.09318750829786997,4.035443926942357,1861,-0.01147352632287094,-0.3237293220426314,798
ETF,QQQ,fc_vol x open1_range_pct,rest1_eff_vol,interaction,opening,0.1018078496536724,4.316499350426189,1781,-0.012229428633510307,-0.3450604462296954,798
ETF,QQQ,open1_closeloc,rest1_eff_range,main,opening,-0.026691516253578327,-1.1512448462872489,1861,-0.024955736088236924,-0.7043073118476947,798
ETF,QQQ,fc_vol x open1_closeloc,rest1_eff_range,interaction,opening,0.0242721973527196,1.0240591359402758,1781,-0.024741704878351548,-0.6982631511073424,798
ETF,QQQ,open1_closeloc,rest1_eff_mfe,main,opening,-0.016974920121581142,-0.7319982010392767,1861,0.005451183029285269,0.1537990846592858,798
ETF,QQQ,fc_vol x open1_closeloc,rest1_eff_mfe,interaction,opening,-0.02272233184189269,-0.9586344128504016,1781,-0.02170056967800602,-0.6123926234432531,798
ETF,QQQ,open1_closeloc,rest1_eff_vol,main,opening,-0.024065318421184683,-1.0379038007229473,1861,-0.009896678259767889,-0.2792333295555479,798
ETF,QQQ,fc_vol x open1_closeloc,rest1_eff_vol,interaction,opening,0.02042510250235986,0.8616736812619289,1781,-0.01805953853849431,-0.5096053940492994,798
ETF,QQQ,open1_vol_rel,rest1_eff_range,main,opening,0.007143639087393026,0.30635251581396733,1841,0.01553614880176999,0.4383816082728161,798
ETF,QQQ,fc_vol x open1_vol_rel,rest1_eff_range,interaction,opening,0.07306510007781165,3.0900129915602577,1781,0.02830928260423642,0.7990233899748421,798
ETF,QQQ,open1_vol_rel,rest1_eff_mfe,main,opening,0.019215369872690916,0.8241756994015423,1841,-0.016029189702664034,-0.4522972034131905,798
ETF,QQQ,fc_vol x open1_vol_rel,rest1_eff_mfe,interaction,opening,-0.0044026029672790895,-0.18569563916615314,1781,-0.029720467250887516,-0.8388881487933976,798
ETF,QQQ,open1_vol_rel,rest1_eff_vol,main,opening,0.0007793746117955265,0.033422370638276445,1841,0.023915671610484607,0.6749371762923898,798
ETF,QQQ,fc_vol x open1_vol_rel,rest1_eff_vol,interaction,opening,0.06588416073628892,2.7849257432460934,1781,0.01887644836373011,0.5326650547438575,798
ETF,QQQ,open5_ret_pct,rest5_eff_range,main,opening,-0.012496720450757599,-0.5388522043709212,1861,-0.025978017847353294,-0.7331775149884091,798
ETF,QQQ,fc_vol x open5_ret_pct,rest5_eff_range,interaction,opening,-0.01889008272780967,-0.7968917551846796,1781,-0.023463648576579066,-0.6621732936447928,798
ETF,QQQ,open5_ret_pct,rest5_eff_mfe,main,opening,-0.0289927238586244,-1.2505795423104,1861,-0.07485039311563867,-2.117730177626817,798
ETF,QQQ,fc_vol x open5_ret_pct,rest5_eff_mfe,interaction,opening,-0.031873820362681465,-1.3450635860848363,1781,-0.06786304552183896,-1.9190762817072857,798
ETF,QQQ,open5_ret_pct,rest5_eff_vol,main,opening,-0.005644082419515177,-0.24335482387375815,1861,-0.024928390230904266,-0.7035350697553968,798
ETF,QQQ,fc_vol x open5_ret_pct,rest5_eff_vol,interaction,opening,-0.011071291413456884,-0.4669956921468301,1781,-0.023377787342053914,-0.6597488555678276,798
ETF,QQQ,open5_absret_pct,rest5_eff_range,main,opening,0.05747804428397463,2.482334253350242,1861,-0.0028136674602651816,-0.07938364222291355,798
ETF,QQQ,fc_vol x open5_absret_pct,rest5_eff_range,interaction,opening,0.08029193242828066,3.397537978114018,1781,-0.0027343473593933443,-0.07714572094784476,798
ETF,QQQ,open5_absret_pct,rest5_eff_mfe,main,opening,0.015472362065457533,0.667188119883904,1861,-0.04461809986702962,-1.2600864085000534,798
ETF,QQQ,fc_vol x open5_absret_pct,rest5_eff_mfe,interaction,opening,-0.010401524125236478,-0.438741231118176,1781,-0.06225970262943774,-1.7599767593741407,798
ETF,QQQ,open5_absret_pct,rest5_eff_vol,main,opening,0.05235843620668491,2.260593466209983,1861,-0.0008488242589725022,-0.023948288056324988,798
ETF,QQQ,fc_vol x open5_absret_pct,rest5_eff_vol,interaction,opening,0.07602123435912814,3.215744050271548,1781,-0.00730952794397682,-0.20623267118012503,798
ETF,QQQ,open5_range_pct,rest5_eff_range,main,opening,0.0813431491062092,3.5188621258008315,1861,-0.018162543841682654,-0.5125129617351111,798
ETF,QQQ,fc_vol x open5_range_pct,rest5_eff_range,interaction,opening,0.09743994664921701,4.129491488620323,1781,-0.0076157805156370955,-0.21487384147023808,798
ETF,QQQ,open5_range_pct,rest5_eff_mfe,main,opening,-0.03143996083199637,-1.3562396631480764,1861,-0.07320476668230833,-2.0709170440787505,798
ETF,QQQ,fc_vol x open5_range_pct,rest5_eff_mfe,interaction,opening,-0.04018892298697912,-1.6964667443815948,1781,-0.07677140836003402,-2.172399334876525,798
ETF,QQQ,open5_range_pct,rest5_eff_vol,main,opening,0.08330948956833228,3.6045124253150735,1861,-0.0060908226489798985,-0.17184644163582438,798
ETF,QQQ,fc_vol x open5_range_pct,rest5_eff_vol,interaction,opening,0.09772448632083841,4.141666342125704,1781,-0.009886451232973588,-0.27894474726923385,798
ETF,QQQ,open5_closeloc,rest5_eff_range,main,opening,-0.0024363928735615125,-0.10504812482932617,1861,-0.027651760907296798,-0.7804506120688289,798
ETF,QQQ,fc_vol x open5_closeloc,rest5_eff_range,interaction,opening,0.026181766039556187,1.104678277070339,1781,-0.02945105008235076,-0.8312769638806999,798
ETF,QQQ,open5_closeloc,rest5_eff_mfe,main,opening,-0.019355646586560516,-0.8346967954214822,1861,-0.059822247273837025,-1.6908214801627373,798
ETF,QQQ,fc_vol x open5_closeloc,rest5_eff_mfe,interaction,opening,-0.04483647403823617,-1.8930252146163762,1781,-0.07042414995813963,-1.9918552833950345,798
ETF,QQQ,open5_closeloc,rest5_eff_vol,main,opening,0.007702535663952349,0.3321133216425956,1861,-0.03328717990236959,-0.9396676540265074,798
ETF,QQQ,fc_vol x open5_closeloc,rest5_eff_vol,interaction,opening,0.03648232738342832,1.5397836973162218,1781,-0.03878804089591473,-1.0951694621426304,798
ETF,QQQ,open5_vol_rel,rest5_eff_range,main,opening,-0.0227460620028333,-0.9756846235166415,1841,0.015543256676245258,0.4385822187514668,798
ETF,QQQ,fc_vol x open5_vol_rel,rest5_eff_range,interaction,opening,0.05572259602727233,2.3539357685610494,1781,0.012079596528707744,0.3408322253985768,798
ETF,QQQ,open5_vol_rel,rest5_eff_mfe,main,opening,-0.01933153218612583,-0.8291599302793531,1841,0.01569391527807983,0.44283437681555626,798
ETF,QQQ,fc_vol x open5_vol_rel,rest5_eff_mfe,interaction,opening,-0.039393208244363064,-1.6628250642485896,1781,-0.021248849058606304,-0.5996391949888698,798
ETF,QQQ,open5_vol_rel,rest5_eff_vol,main,opening,-0.0203300655894653,-0.8720058779715578,1841,0.02755632019387637,0.7777548175362886,798
ETF,QQQ,fc_vol x open5_vol_rel,rest5_eff_vol,interaction,opening,0.05529277698230497,2.335722667524818,1781,0.009382689484864357,0.2647298996708988,798
ETF,QQQ,open15_ret_pct,rest15_eff_range,main,opening,0.018659844426722017,0.804680236847564,1861,0.010298023140712575,0.2905583942798782,798
ETF,QQQ,fc_vol x open15_ret_pct,rest15_eff_range,interaction,opening,0.014043929651948749,0.5924060047872761,1781,0.006856772869842929,0.19345791689258204,798
ETF,QQQ,open15_ret_pct,rest15_eff_mfe,main,opening,-0.012158153428359617,-0.5242511788695274,1861,-0.04637587014050297,-1.3098336135068758,798
ETF,QQQ,fc_vol x open15_ret_pct,rest15_eff_mfe,interaction,opening,-0.010758515917298655,-0.4538010287605226,1781,-0.05189519370605036,-1.4661191343140234,798
ETF,QQQ,open15_ret_pct,rest15_eff_vol,main,opening,0.028488493854090517,1.2288121340997575,1861,0.012192070967663553,0.34400622099918204,798
ETF,QQQ,fc_vol x open15_ret_pct,rest15_eff_vol,interaction,opening,0.023616444009051295,0.9963768398406725,1781,0.00858880366431946,0.2423289095171016,798
ETF,QQQ,open15_absret_pct,rest15_eff_range,main,opening,0.03685400598824159,1.5900820342391915,1861,-0.021146103670427276,-0.5967384359661856,798
ETF,QQQ,fc_vol x open15_absret_pct,rest15_eff_range,interaction,opening,0.07600726475502004,3.215149693618913,1781,-0.025978088689956044,-0.7331795157291813,798
ETF,QQQ,open15_absret_pct,rest15_eff_mfe,main,opening,0.030333727835117008,1.3084748437041713,1861,-0.013296766900645223,-0.3751811283312431,798
ETF,QQQ,fc_vol x open15_absret_pct,rest15_eff_mfe,interaction,opening,0.019674502917673167,0.8299956448856443,1781,-0.01777907283303193,-0.5016886698526278,798
ETF,QQQ,open15_absret_pct,rest15_eff_vol,main,opening,0.03386844484482355,1.4611142509292367,1861,-0.02144439825637936,-0.6051600900218694,798
ETF,QQQ,fc_vol x open15_absret_pct,rest15_eff_vol,interaction,opening,0.07538271943949548,3.1885794661807343,1781,-0.02833643893528811,-0.7997904872046185,798
ETF,QQQ,open15_range_pct,rest15_eff_range,main,opening,0.07885140259056272,3.4103853568009836,1861,-0.0017325148855952776,-0.04888033350371816,798
ETF,QQQ,fc_vol x open15_range_pct,rest15_eff_range,interaction,opening,0.09882116554334354,4.188600557834319,1781,-0.009642988821544995,-0.27207484475843685,798
ETF,QQQ,open15_range_pct,rest15_eff_mfe,main,opening,0.00971625928471059,0.41894719933890123,1861,-0.035897918595922285,-1.0134581319761926,798
ETF,QQQ,fc_vol x open15_range_pct,rest15_eff_mfe,interaction,opening,-0.0059006156359011465,-0.24888164030258983,1781,-0.04280032590903251,-1.2086533489753004,798
ETF,QQQ,open15_range_pct,rest15_eff_vol,main,opening,0.08373789975765723,3.6231788015723283,1861,0.0008852373567826759,0.024975629128958583,798
ETF,QQQ,fc_vol x open15_range_pct,rest15_eff_vol,interaction,opening,0.10386532488085441,4.404675017445977,1781,-0.0160755207648583,-0.453604868940214,798
ETF,QQQ,open15_closeloc,rest15_eff_range,main,opening,0.03425509879642372,1.4778143251134612,1861,0.032009001075221685,0.9035480497969458,798
ETF,QQQ,fc_vol x open15_closeloc,rest15_eff_range,interaction,opening,0.08919551559688818,3.7771609570589777,1781,0.014234312653608132,0.4016400722577176,798
ETF,QQQ,open15_closeloc,rest15_eff_mfe,main,opening,0.012646107677516246,0.5452947295331327,1861,-0.03375066704974615,-0.952766304673705,798
ETF,QQQ,fc_vol x open15_closeloc,rest15_eff_mfe,interaction,opening,-0.005013594285273159,-0.2114670072308072,1781,-0.05437917092920417,-1.536498681835637,798
ETF,QQQ,open15_closeloc,rest15_eff_vol,main,opening,0.04017213059513069,1.7334657931614308,1861,0.038302116893984425,1.0814292486790715,798
ETF,QQQ,fc_vol x open15_closeloc,rest15_eff_vol,interaction,opening,0.09584726089918129,4.061362606461728,1781,0.013024911103879802,0.3675091391764035,798
ETF,QQQ,open15_vol_rel,rest15_eff_range,main,opening,-0.009603274625500098,-0.41184162619281106,1841,0.02837960569455983,0.8010098419277629,798
ETF,QQQ,fc_vol x open15_vol_rel,rest15_eff_range,interaction,opening,0.07271668002285768,3.0751993607656183,1781,0.007310614197218888,0.20626332061220498,798
ETF,QQQ,open15_vol_rel,rest15_eff_mfe,main,opening,-0.013925556599368637,-0.5972353987932267,1841,0.02961814691832494,0.8359975210062784,798
ETF,QQQ,fc_vol x open15_vol_rel,rest15_eff_mfe,interaction,opening,-0.013516834519701051,-0.5701677493460757,1781,-0.006152455713366769,-0.17358542212062933,798
ETF,QQQ,open15_vol_rel,rest15_eff_vol,main,opening,-0.008701107626331722,-0.3731486252146123,1841,0.040682297386407405,1.148739860768344,798
ETF,QQQ,fc_vol x open15_vol_rel,rest15_eff_vol,interaction,opening,0.07515517993881836,3.1789001214063797,1781,0.007113671761591879,0.2007064571452974,798
ETF,QQQ,open30_ret_pct,rest30_eff_range,main,opening,0.013699596687070222,0.5907289221656224,1861,-0.011867257634084475,-0.3348401193925937,798
ETF,QQQ,fc_vol x open30_ret_pct,rest30_eff_range,interaction,opening,0.0030240993235670596,0.12755162942686088,1781,-0.006760875599929108,-0.1907521337954502,798
ETF,QQQ,open30_ret_pct,rest30_eff_mfe,main,opening,-0.009324958897158106,-0.4020735495199993,1861,-0.011101307609832826,-0.3132257323744409,798
ETF,QQQ,fc_vol x open30_ret_pct,rest30_eff_mfe,interaction,opening,-0.010638043288020888,-0.4487188384076996,1781,-0.009623696189839761,-0.2715304568566848,798
ETF,QQQ,open30_ret_pct,rest30_eff_vol,main,opening,0.027375482750654663,1.1807671880635913,1861,-0.00482578629178871,-0.13615377162337863,798
ETF,QQQ,fc_vol x open30_ret_pct,rest30_eff_vol,interaction,opening,0.018563263895950064,0.783099872755984,1781,-0.0028673661531447765,-0.0808986871255248,798
ETF,QQQ,open30_absret_pct,rest30_eff_range,main,opening,0.07985002683973068,3.4538520551323812,1861,-0.05222879152236964,-1.4755694830984898,798
ETF,QQQ,fc_vol x open30_absret_pct,rest30_eff_range,interaction,opening,0.09801817165577742,4.154233594771101,1781,-0.050630606018676555,-1.430299616256383,798
ETF,QQQ,open30_absret_pct,rest30_eff_mfe,main,opening,0.06049947979770096,2.613289917771567,1861,-0.04717625070182145,-1.3324894456098269,798
ETF,QQQ,fc_vol x open30_absret_pct,rest30_eff_mfe,interaction,opening,0.04541865456896868,1.917655740369258,1781,-0.04272347424881677,-1.206479135956227,798
ETF,QQQ,open30_absret_pct,rest30_eff_vol,main,opening,0.07675370450182017,3.319113215439966,1861,-0.039140573437100916,-1.1051383229896052,798
ETF,QQQ,fc_vol x open30_absret_pct,rest30_eff_vol,interaction,opening,0.09478081786314473,4.015761965815893,1781,-0.04524307330843303,-1.2777726092259076,798
ETF,QQQ,open30_range_pct,rest30_eff_range,main,opening,0.08424531235970473,3.6452900314461685,1861,0.0005003494960770851,0.014116598244479223,798
ETF,QQQ,fc_vol x open30_range_pct,rest30_eff_range,interaction,opening,0.09830737929774247,4.166610310889428,1781,-0.012798153048335356,-0.36110990695873113,798
ETF,QQQ,open30_range_pct,rest30_eff_mfe,main,opening,0.02580484045501539,1.1129752774813975,1861,-0.02525778516679257,-0.712837229125036,798
ETF,QQQ,fc_vol x open30_range_pct,rest30_eff_mfe,interaction,opening,0.009365734528767633,0.3950470890047256,1781,-0.03457851115353337,-0.9761636158258686,798
ETF,QQQ,open30_range_pct,rest30_eff_vol,main,opening,0.0869160270503874,3.7617177386683127,1861,0.011216828084095224,0.3164855749190945,798
ETF,QQQ,fc_vol x open30_range_pct,rest30_eff_vol,interaction,opening,0.09958333393164176,4.2212278917252695,1781,-0.014266507675400471,-0.40254868236124286,798
ETF,QQQ,open30_closeloc,rest30_eff_range,main,opening,0.016388919168097205,0.7067215607040728,1861,-0.018593940529710952,-0.5246903293965127,798
ETF,QQQ,fc_vol x open30_closeloc,rest30_eff_range,interaction,opening,0.04362395463354256,1.8417328850818993,1781,-0.012613679208653163,-0.355903998819254,798
ETF,QQQ,open30_closeloc,rest30_eff_mfe,main,opening,0.005235958020040812,0.22575730083520987,1861,0.0011176247673639495,0.03153209472821881,798
ETF,QQQ,fc_vol x open30_closeloc,rest30_eff_mfe,interaction,opening,-0.01370349459235979,-0.5780429220821603,1781,-0.013693710376808218,-0.38638334229232557,798
ETF,QQQ,open30_closeloc,rest30_eff_vol,main,opening,0.031171437055767505,1.3446449181616684,1861,-0.006140979429243802,-0.17326161794947642,798
ETF,QQQ,fc_vol x open30_closeloc,rest30_eff_vol,interaction,opening,0.05876856402762278,2.483043467569358,1781,-0.012824766555612623,-0.3618609512998238,798
ETF,QQQ,open30_vol_rel,rest30_eff_range,main,opening,-0.01633940551645073,-0.7007854832580335,1841,0.017149541850852025,0.48391928533024653,798
ETF,QQQ,fc_vol x open30_vol_rel,rest30_eff_range,interaction,opening,0.0671059943215854,2.836804183988344,1781,-0.006363448598537911,-0.17953861370775642,798
ETF,QQQ,open30_vol_rel,rest30_eff_mfe,main,opening,-0.02882960812922834,-1.2368304250493964,1841,0.02301684468871893,0.6495571846357594,798
ETF,QQQ,fc_vol x open30_vol_rel,rest30_eff_mfe,interaction,opening,-0.009285624577389393,-0.3916677551452896,1781,-0.011992944430854802,-0.3383869375026205,798
ETF,QQQ,open30_vol_rel,rest30_eff_vol,main,opening,-0.015100718594448987,-0.6476464676639919,1841,0.024443236473115665,0.6898346760062589,798
ETF,QQQ,fc_vol x open30_vol_rel,rest30_eff_vol,interaction,opening,0.06502635132820939,2.748511117826533,1781,-0.00989181165658118,-0.2790960056182823,798
ETF,SPY,gap_pct,eff_range,main,prior RTH,0.02712475865868537,1.1705740569526628,1863,-0.0017273706795148068,-0.048765799890615615,799
ETF,SPY,fc_vol x gap_pct,eff_range,interaction,prior RTH,0.02556863660560659,1.0793978236601558,1783,-0.0059434490481522955,-0.16779359363041546,799
ETF,SPY,gap_pct,eff_mfe,main,prior RTH,0.05541695101477796,2.394328350133471,1863,-0.010243302248110889,-0.28919576824682336,799
ETF,SPY,fc_vol x gap_pct,eff_mfe,interaction,prior RTH,0.048675392426671,2.056631661147479,1783,-0.013720204767237242,-0.3873741481899631,799
ETF,SPY,gap_pct,rest1_eff_range,main,prior RTH,0.03290209045144511,1.4201423479388309,1863,0.0019255507354117459,0.05436068641502315,799
ETF,SPY,fc_vol x gap_pct,rest1_eff_range,interaction,prior RTH,0.027951220274481436,1.180055543978544,1783,-0.0001084532357175793,-0.0030617637510657243,799
ETF,SPY,gap_pct,rest1_eff_mfe,main,prior RTH,0.06011821972832552,2.5981578521015054,1863,0.0009109601287323438,0.025717497714528227,799
ETF,SPY,fc_vol x gap_pct,rest1_eff_mfe,interaction,prior RTH,0.050742457841642136,2.1441901193389565,1783,0.000528056687400604,0.014907669920592902,799
ETF,SPY,gap_pct,rest1_eff_vol,main,prior RTH,0.05990346364148534,2.588843150571637,1863,0.016901883933864697,0.47722844077953624,799
ETF,SPY,fc_vol x gap_pct,rest1_eff_vol,interaction,prior RTH,0.055750704242234696,2.3564503451850825,1783,0.01218814401460472,0.34411135021838657,799
ETF,SPY,gap_pct,rest5_eff_range,main,prior RTH,0.03410530656778362,1.472135788710824,1863,-0.0007340707882860554,-0.02072369632643538,799
ETF,SPY,fc_vol x gap_pct,rest5_eff_range,interaction,prior RTH,0.029912830182346525,1.2629432922219683,1783,-0.005263005008980945,-0.14858294393091767,799
ETF,SPY,gap_pct,rest5_eff_mfe,main,prior RTH,0.034249005463333135,1.4783457371949478,1863,-0.0014522029501879874,-0.04099745835063997,799
ETF,SPY,fc_vol x gap_pct,rest5_eff_mfe,interaction,prior RTH,0.028230374220664534,1.191850327828342,1783,-0.005258064622943062,-0.14844346517207885,799
ETF,SPY,gap_pct,rest5_eff_vol,main,prior RTH,0.060498357377400405,2.6146466027461392,1863,0.011916187597726646,0.3364320241719839,799
ETF,SPY,fc_vol x gap_pct,rest5_eff_vol,interaction,prior RTH,0.056940247592297474,2.406891359011369,1783,0.005579213241053273,0.1575102717615621,799
ETF,SPY,gap_pct,rest15_eff_range,main,prior RTH,0.036708581185123594,1.5846508690183239,1863,-0.0031398976163813787,-0.08864347821670643,799
ETF,SPY,fc_vol x gap_pct,rest15_eff_range,interaction,prior RTH,0.0324229501273108,1.3690297431987506,1783,-0.006965991323741143,-0.19666298523830644,799
ETF,SPY,gap_pct,rest15_eff_mfe,main,prior RTH,0.05554466535179433,2.3998633950441777,1863,-0.03670323358088137,-1.0368745394969754,799
ETF,SPY,fc_vol x gap_pct,rest15_eff_mfe,interaction,prior RTH,0.049422413072724096,2.0882714603625314,1783,-0.03721864523569549,-1.0514550913013825,799
ETF,SPY,gap_pct,rest15_eff_vol,main,prior RTH,0.05972743342513426,2.5812083908070336,1863,0.012323745847723187,0.34794041383165747,799
ETF,SPY,fc_vol x gap_pct,rest15_eff_vol,interaction,prior RTH,0.056486126029943656,2.3876337325228376,1783,0.007038873780195168,0.19872069494578992,799
ETF,SPY,gap_pct,rest30_eff_range,main,prior RTH,0.02268860250123278,0.9790226585738512,1863,-0.00555653451657461,-0.1568699946436536,799
ETF,SPY,fc_vol x gap_pct,rest30_eff_range,interaction,prior RTH,0.01813706809570373,0.765544580475311,1783,-0.011016284518102307,-0.3110216771343839,799
ETF,SPY,gap_pct,rest30_eff_mfe,main,prior RTH,0.06542465875880236,2.828434472064127,1863,-0.0032368350856431805,-0.09138017991083067,799
ETF,SPY,fc_vol x gap_pct,rest30_eff_mfe,interaction,prior RTH,0.05409526193301502,2.286270205582547,1783,-0.00693811351287457,-0.19587590444677197,799
ETF,SPY,gap_pct,rest30_eff_vol,main,prior RTH,0.04139798365577037,1.7874127025413584,1863,0.010736658605211401,0.3031261042213298,799
ETF,SPY,fc_vol x gap_pct,rest30_eff_vol,interaction,prior RTH,0.037778858732999285,1.5954784292019095,1783,0.0037110768159447425,0.10476883030337945,799
ETF,SPY,abs_gap_pct,eff_range,main,prior RTH,0.08655925668302707,3.748174548743979,1863,0.000763266112716083,0.021547915724662157,799
ETF,SPY,fc_vol x abs_gap_pct,eff_range,interaction,prior RTH,0.09054772673382604,3.8370478615250203,1783,-0.0030355613690044884,-0.08569789982829588,799
ETF,SPY,abs_gap_pct,eff_mfe,main,prior RTH,0.05831222541786466,2.519836892055793,1863,0.020108641440898863,0.5678056553624039,799
ETF,SPY,fc_vol x abs_gap_pct,eff_mfe,interaction,prior RTH,0.03299626850360704,1.3932637487269528,1783,0.004532521855326677,0.12795979294118887,799
ETF,SPY,abs_gap_pct,rest1_eff_range,main,prior RTH,0.08767621943062827,3.79691335867631,1863,0.0043100868566911645,0.12168000440869058,799
ETF,SPY,fc_vol x abs_gap_pct,rest1_eff_range,interaction,prior RTH,0.09391293592200538,3.9808978468506573,1783,0.0003552843309776318,0.01003009952601974,799
ETF,SPY,abs_gap_pct,rest1_eff_mfe,main,prior RTH,0.05208114117843765,2.2497977523540236,1863,0.026474046505500292,0.7476558479441072,799
ETF,SPY,fc_vol x abs_gap_pct,rest1_eff_mfe,interaction,prior RTH,0.03065795673244454,1.2944323603242123,1783,0.015167432034403907,0.4282438935169079,799
ETF,SPY,abs_gap_pct,rest1_eff_vol,main,prior RTH,0.10388672985437011,4.505983029157153,1863,0.014027802610405864,0.3960605088723293,799
ETF,SPY,fc_vol x abs_gap_pct,rest1_eff_vol,interaction,prior RTH,0.10900831152145,4.627936011863009,1783,0.006705303622008714,0.1893029456949367,799
ETF,SPY,abs_gap_pct,rest5_eff_range,main,prior RTH,0.0825315516023085,3.572542023000025,1863,0.011853421169397728,0.3346596778072301,799
ETF,SPY,fc_vol x abs_gap_pct,rest5_eff_range,interaction,prior RTH,0.08963286442584238,3.7979640790847236,1783,0.005834878218513734,0.16472835061380137,799
ETF,SPY,abs_gap_pct,rest5_eff_mfe,main,prior RTH,0.03386272425333479,1.4616527999886748,1863,0.03279035373628663,0.9262087220227577,799
ETF,SPY,fc_vol x abs_gap_pct,rest5_eff_mfe,interaction,prior RTH,0.009251648687125759,0.3904538232885794,1783,0.02390201111293964,0.6749750157431975,799
ETF,SPY,abs_gap_pct,rest5_eff_vol,main,prior RTH,0.09978566034839044,4.326277098023282,1863,0.01585449866759259,0.44764760433487877,799
ETF,SPY,fc_vol x abs_gap_pct,rest5_eff_vol,interaction,prior RTH,0.10747145059177912,4.56192081294802,1783,0.006685847950715227,0.18875365203520691,799
ETF,SPY,abs_gap_pct,rest15_eff_range,main,prior RTH,0.08372306448999704,3.624480498237145,1863,0.0019395720214177496,0.05475652619982474,799
ETF,SPY,fc_vol x abs_gap_pct,rest15_eff_range,interaction,prior RTH,0.09173224619126509,3.8876662176400973,1783,-0.0028365579154394117,-0.08007972315863827,799
ETF,SPY,abs_gap_pct,rest15_eff_mfe,main,prior RTH,0.025579018202739157,1.1038223427322806,1863,0.008170904468055138,0.23068204437617854,799
ETF,SPY,fc_vol x abs_gap_pct,rest15_eff_mfe,interaction,prior RTH,0.0022457694565614504,0.09477596735479783,1783,0.0021820391218701427,0.061601704256680975,799
ETF,SPY,abs_gap_pct,rest15_eff_vol,main,prior RTH,0.10074952705107297,4.3684926712131595,1863,0.010454868397526983,0.2951694917941532,799
ETF,SPY,fc_vol x abs_gap_pct,rest15_eff_vol,interaction,prior RTH,0.10881528145787792,4.619642654707076,1783,0.003983950803165611,0.11247255838612848,799
ETF,SPY,abs_gap_pct,rest30_eff_range,main,prior RTH,0.08762654592559911,3.794745543808945,1863,-0.019668876624851065,-0.5553832016154278,799
ETF,SPY,fc_vol x abs_gap_pct,rest30_eff_range,interaction,prior RTH,0.09150561723566308,3.8779803471013246,1783,-0.02638043810861108,-0.7450104007671757,799
ETF,SPY,abs_gap_pct,rest30_eff_mfe,main,prior RTH,0.0602120555742861,2.6022279453219856,1863,-0.01623754336056282,-0.45846558920534847,799
ETF,SPY,fc_vol x abs_gap_pct,rest30_eff_mfe,interaction,prior RTH,0.03853751247986877,1.62756511188455,1783,-0.01731766467150744,-0.488971581612589,799
ETF,SPY,abs_gap_pct,rest30_eff_vol,main,prior RTH,0.09516576009038821,4.124102639867149,1863,-0.008287238747682724,-0.23396663298155476,799
ETF,SPY,fc_vol x abs_gap_pct,rest30_eff_vol,interaction,prior RTH,0.10164580623613219,4.311978950934406,1783,-0.017601395541419252,-0.4969853053626296,799
ETF,SPY,prev_ret_pct,eff_range,main,prior RTH,0.006128795385750696,0.2643259191903767,1862,0.0018225083986562146,0.05145166346159788,799
ETF,SPY,fc_vol x prev_ret_pct,eff_range,interaction,prior RTH,0.005433037895582063,0.22928788263359443,1783,0.00031157367762334496,0.008796095628828092,799
ETF,SPY,prev_ret_pct,eff_mfe,main,prior RTH,0.05260826012153938,2.2720204036925913,1862,0.04205435365635616,1.1882956384714733,799
ETF,SPY,fc_vol x prev_ret_pct,eff_mfe,interaction,prior RTH,0.061360644177166634,2.5944242818196463,1783,0.04386526391071546,1.239561663423318,799
ETF,SPY,prev_ret_pct,rest1_eff_range,main,prior RTH,0.0011597200186076533,0.0500161107508754,1862,0.003106279465873695,0.08769438398931204,799
ETF,SPY,fc_vol x prev_ret_pct,rest1_eff_range,interaction,prior RTH,4.9001873707465494e-05,0.002067971965398707,1783,0.0022764122446290946,0.06426598953071083,799
ETF,SPY,prev_ret_pct,rest1_eff_mfe,main,prior RTH,0.0335632264331783,1.4483213312133192,1862,0.0446730405488063,1.2624333613143892,799
ETF,SPY,fc_vol x prev_ret_pct,rest1_eff_mfe,interaction,prior RTH,0.04373395940960932,1.8474235846708233,1783,0.04864560493850395,1.374951041291746,799
ETF,SPY,prev_ret_pct,rest1_eff_vol,main,prior RTH,-0.0137083541948396,-0.5912655820625823,1862,0.04027675571908495,1.1379840831671841,799
ETF,SPY,fc_vol x prev_ret_pct,rest1_eff_vol,interaction,prior RTH,-0.011110425663301482,-0.46890996731833623,1783,0.040891927879774526,1.155394121281733,799
ETF,SPY,prev_ret_pct,rest5_eff_range,main,prior RTH,-0.016513851606351427,-0.7123018552855517,1862,0.0038648992859077803,0.109111514918538,799
ETF,SPY,fc_vol x prev_ret_pct,rest5_eff_range,interaction,prior RTH,-0.012731973561483692,-0.5373569755898746,1783,0.0022752006871559417,0.06423178555766777,799
ETF,SPY,prev_ret_pct,rest5_eff_mfe,main,prior RTH,0.015920996428346317,0.6867232733673986,1862,0.0535976717466245,1.5153040505654158,799
ETF,SPY,fc_vol x prev_ret_pct,rest5_eff_mfe,interaction,prior RTH,0.02762113566352244,1.1661091992177424,1783,0.05603154116536379,1.5843259739050666,799
ETF,SPY,prev_ret_pct,rest5_eff_vol,main,prior RTH,-0.028495163653347776,-1.2294305970390353,1862,0.04024350245280463,1.1370430168377292,799
ETF,SPY,fc_vol x prev_ret_pct,rest5_eff_vol,interaction,prior RTH,-0.023151137568394584,-0.9772838278485614,1783,0.040052333038786345,1.1316330020950913,799
ETF,SPY,prev_ret_pct,rest15_eff_range,main,prior RTH,-0.006217764183878293,-0.2681631597190638,1862,0.011966508887989686,0.33785295791767567,799
ETF,SPY,fc_vol x prev_ret_pct,rest15_eff_range,interaction,prior RTH,-0.006360043726717709,-0.2684113306466411,1783,0.010341851186163155,0.29197836404826777,799
ETF,SPY,prev_ret_pct,rest15_eff_mfe,main,prior RTH,0.012947379904485868,0.5584377490891843,1862,0.05715312642420229,1.61614238859017,799
ETF,SPY,fc_vol x prev_ret_pct,rest15_eff_mfe,interaction,prior RTH,0.022265654197464197,0.9398858234340898,1783,0.058011930197120996,1.6405085294508563,799
ETF,SPY,prev_ret_pct,rest15_eff_vol,main,prior RTH,-0.020847167750959,-0.8992861954948138,1862,0.04724335870966528,1.3352270639901445,799
ETF,SPY,fc_vol x prev_ret_pct,rest15_eff_vol,interaction,prior RTH,-0.019332140411746343,-0.8160054709463324,1783,0.04782251310378575,1.3516328504549446,799
ETF,SPY,prev_ret_pct,rest30_eff_range,main,prior RTH,0.004942519096684581,0.21316217001122004,1862,0.03478047062340891,0.982488448442003,799
ETF,SPY,fc_vol x prev_ret_pct,rest30_eff_range,interaction,prior RTH,0.004123889915104721,0.17403745193008924,1783,0.03352293064593742,0.9469243918613265,799
ETF,SPY,prev_ret_pct,rest30_eff_mfe,main,prior RTH,0.017069473245598304,0.7362746875505078,1862,0.12108743919899215,3.443782196006008,799
ETF,SPY,fc_vol x prev_ret_pct,rest30_eff_mfe,interaction,prior RTH,0.017401507142692084,0.7344878037657055,1783,0.12130042865259712,3.4499300930316084,799
ETF,SPY,prev_ret_pct,rest30_eff_vol,main,prior RTH,-0.008491600427327762,-0.366236547100978,1862,0.0607338120018444,1.7177586761583117,799
ETF,SPY,fc_vol x prev_ret_pct,rest30_eff_vol,interaction,prior RTH,-0.0070474725819902806,-0.297424088950976,1783,0.06154163569123058,1.74069296703891,799
ETF,SPY,prev_range_pct,eff_range,main,prior RTH,0.04933240335062841,2.130187628656515,1862,-0.014551977565942389,-0.41086312515083084,799
ETF,SPY,fc_vol x prev_range_pct,eff_range,interaction,prior RTH,0.06391046689446814,2.702668093783974,1783,-0.013876485644649796,-0.3917874034293865,799
ETF,SPY,prev_range_pct,eff_mfe,main,prior RTH,-0.0508486080452981,-2.195824972088688,1862,-0.048286862337320144,-1.3647875214001712,799
ETF,SPY,fc_vol x prev_range_pct,eff_mfe,interaction,prior RTH,-0.04292067778280295,-1.8130046812512068,1783,-0.044244638504898036,-1.2503031152315252,799
ETF,SPY,prev_range_pct,rest1_eff_range,main,prior RTH,0.046796864682304574,2.0204555081473883,1862,-0.02316455249513019,-0.65413837404538,799
ETF,SPY,fc_vol x prev_range_pct,rest1_eff_range,interaction,prior RTH,0.06582646520537405,2.784039961214474,1783,-0.0201786772939859,-0.5697840547604247,799
ETF,SPY,prev_range_pct,rest1_eff_mfe,main,prior RTH,-0.0498943121536751,-2.154511226615454,1862,-0.03816582288010388,-1.0782521306031563,799
ETF,SPY,fc_vol x prev_range_pct,rest1_eff_mfe,interaction,prior RTH,-0.03817842569626818,-1.6123774618306002,1783,-0.03448100068694891,-0.9740188244354339,799
ETF,SPY,prev_range_pct,rest1_eff_vol,main,prior RTH,0.052077363615691714,2.2490296290451965,1862,-0.029739829862516113,-0.8399622782657565,799
ETF,SPY,fc_vol x prev_range_pct,rest1_eff_vol,interaction,prior RTH,0.07256282694232982,3.0703828637512505,1783,-0.02591307743702184,-0.7318027113239856,799
ETF,SPY,prev_range_pct,rest5_eff_range,main,prior RTH,0.049237318149344934,2.126071834199168,1862,-0.03877491388892433,-1.0954857381018595,799
ETF,SPY,fc_vol x prev_range_pct,rest5_eff_range,interaction,prior RTH,0.06860270476878831,2.9020011336550153,1783,-0.03368677502003665,-0.9515577596556103,799
ETF,SPY,prev_range_pct,rest5_eff_mfe,main,prior RTH,-0.07232949985719149,-3.127598053801151,1862,-0.042695721876827485,-1.2064511056657987,799
ETF,SPY,fc_vol x prev_range_pct,rest5_eff_mfe,interaction,prior RTH,-0.0594830931828703,-2.514752132482314,1783,-0.03912251709798501,-1.1053213624532783,799
ETF,SPY,prev_range_pct,rest5_eff_vol,main,prior RTH,0.060321446325554993,2.606272297219623,1862,-0.04352798871902843,-1.2300126475906061,799
ETF,SPY,fc_vol x prev_range_pct,rest5_eff_vol,interaction,prior RTH,0.08108830319158858,3.4333865249648543,1783,-0.03888817812025475,-1.0986905680219876,799
ETF,SPY,prev_range_pct,rest15_eff_range,main,prior RTH,0.058376386281127346,2.5219410906071023,1862,-0.03385778275475924,-0.956393782606162,799
ETF,SPY,fc_vol x prev_range_pct,rest15_eff_range,interaction,prior RTH,0.0727303796829567,3.077510255072522,1783,-0.031593909680333494,-0.8923791038403192,799
ETF,SPY,prev_range_pct,rest15_eff_mfe,main,prior RTH,-0.04757115864123015,-2.0539608703935808,1862,-0.04111335151736518,-1.161660971007524,799
ETF,SPY,fc_vol x prev_range_pct,rest15_eff_mfe,interaction,prior RTH,-0.04818556113760885,-2.03588690879512,1783,-0.04272200002541947,-1.2071950034584338,799
ETF,SPY,prev_range_pct,rest15_eff_vol,main,prior RTH,0.066313208558953,2.866246331360501,1862,-0.033221602190708306,-0.9384033003164376,799
ETF,SPY,fc_vol x prev_range_pct,rest15_eff_vol,interaction,prior RTH,0.08318207993329692,3.5226496771212594,1783,-0.03053497322781296,-0.8624407397982712,799
ETF,SPY,prev_range_pct,rest30_eff_range,main,prior RTH,0.05347609806995089,2.3096067877616395,1862,-0.05589336327301375,-1.5804066504204624,799
ETF,SPY,fc_vol x prev_range_pct,rest30_eff_range,interaction,prior RTH,0.06731401445647281,2.847237007351849,1783,-0.0540457529974366,-1.5280090825733894,799
ETF,SPY,prev_range_pct,rest30_eff_mfe,main,prior RTH,-0.02661869483942358,-1.1484104741196397,1862,-0.03658704062158338,-1.0335876556194945,799
ETF,SPY,fc_vol x prev_range_pct,rest30_eff_mfe,interaction,prior RTH,-0.022283039190879383,-0.9406200494705894,1783,-0.034417011330152014,-0.9722091083238956,799
ETF,SPY,prev_range_pct,rest30_eff_vol,main,prior RTH,0.06103573845425466,2.6372490100042922,1862,-0.05641560879671017,-1.5952202757427187,799
ETF,SPY,fc_vol x prev_range_pct,rest30_eff_vol,interaction,prior RTH,0.07679558109094024,3.250518342312241,1783,-0.054865527397969266,-1.5512556169182659,799
ETF,SPY,prev_rv_pct,eff_range,main,prior RTH,0.08719283018873696,3.7748042521363354,1862,0.010936414879501633,0.30876645476328807,799
ETF,SPY,fc_vol x prev_rv_pct,eff_range,interaction,prior RTH,0.08567533715530201,3.6290050998802377,1783,0.0016800370764207138,0.04742951020428257,799
ETF,SPY,prev_rv_pct,eff_mfe,main,prior RTH,-0.029348772718218827,-1.2662910507371858,1862,-0.05990418003707641,-1.694208769443892,799
ETF,SPY,fc_vol x prev_rv_pct,eff_mfe,interaction,prior RTH,-0.030968431015718344,-1.3075536464294868,1783,-0.0532462100181618,-1.50533924066558,799
ETF,SPY,prev_rv_pct,rest1_eff_range,main,prior RTH,0.09206800904669683,3.9876195993853143,1862,0.012443773702090018,0.3513297224448644,799
ETF,SPY,fc_vol x prev_rv_pct,rest1_eff_range,interaction,prior RTH,0.09169645886832554,3.886136666631156,1783,0.0007435045686807757,0.020990023376385315,799
ETF,SPY,prev_rv_pct,rest1_eff_mfe,main,prior RTH,-0.016609653621592627,-0.7164352780493373,1862,-0.04462469534286279,-1.2610644272371654,799
ETF,SPY,fc_vol x prev_rv_pct,rest1_eff_mfe,interaction,prior RTH,-0.020160488573654878,-0.8509837926429104,1783,-0.04020624935304469,-1.1359887598480671,799
ETF,SPY,prev_rv_pct,rest1_eff_vol,main,prior RTH,0.1085034486373939,4.707297602645117,1862,0.01292127377266696,0.3648133703594822,799
ETF,SPY,fc_vol x prev_rv_pct,rest1_eff_vol,interaction,prior RTH,0.10537077363393128,4.471740558295038,1783,-0.001691917528489559,-0.047764910915315394,799
ETF,SPY,prev_rv_pct,rest5_eff_range,main,prior RTH,0.0986183210239103,4.274017485755556,1862,-0.0019373723847559239,-0.05469442749273403,799
ETF,SPY,fc_vol x prev_rv_pct,rest5_eff_range,interaction,prior RTH,0.0967382918325121,4.101777240766725,1783,-0.011503477158380996,-0.32477832089018843,799
ETF,SPY,prev_rv_pct,rest5_eff_mfe,main,prior RTH,-0.03107478016062088,-1.3408318722240724,1862,-0.048459505587691305,-1.3696786029426347,799
ETF,SPY,fc_vol x prev_rv_pct,rest5_eff_mfe,interaction,prior RTH,-0.03745356537126748,-1.5817212436277037,1783,-0.04290932299602254,-1.212497928708547,799
ETF,SPY,prev_rv_pct,rest5_eff_vol,main,prior RTH,0.11874837261918171,5.157841170004742,1862,-0.004398225721521178,-0.1241683400748567,799
ETF,SPY,fc_vol x prev_rv_pct,rest5_eff_vol,interaction,prior RTH,0.11483665027544662,4.878599252790325,1783,-0.01623827256014492,-0.4584861835207588,799
ETF,SPY,prev_rv_pct,rest15_eff_range,main,prior RTH,0.10990847287393003,4.768993481822419,1862,0.0036768940498931933,0.10380379044123078,799
ETF,SPY,fc_vol x prev_rv_pct,rest15_eff_range,interaction,prior RTH,0.10297750994106869,4.3690735058385375,1783,-0.009066784608580274,-0.255976626409881,799
ETF,SPY,prev_rv_pct,rest15_eff_mfe,main,prior RTH,-0.003727770801891824,-0.16077136238984185,1862,-0.035727154453682436,-1.0092643624548105,799
ETF,SPY,fc_vol x prev_rv_pct,rest15_eff_mfe,interaction,prior RTH,-0.024178325584846557,-1.0206695552899314,1783,-0.041116398088755196,-1.1617471978872016,799
ETF,SPY,prev_rv_pct,rest15_eff_vol,main,prior RTH,0.12730886663951851,5.535583176767088,1862,0.006629692190426003,0.18716820277106042,799
ETF,SPY,fc_vol x prev_rv_pct,rest15_eff_vol,interaction,prior RTH,0.11920063846160661,5.066616943257265,1783,-0.0073204757826982976,-0.2066712689618418,799
ETF,SPY,prev_rv_pct,rest30_eff_range,main,prior RTH,0.0966609639300636,4.188379376669036,1862,-0.025269615833640825,-0.7136191644630059,799
ETF,SPY,fc_vol x prev_rv_pct,rest30_eff_range,interaction,prior RTH,0.09204318460151077,3.9009563725533405,1783,-0.03562324166735229,-1.0063251716363604,799
ETF,SPY,prev_rv_pct,rest30_eff_mfe,main,prior RTH,0.009609118143656925,0.4144384649175861,1862,-0.045030666211414015,-1.2725601013453345,799
ETF,SPY,fc_vol x prev_rv_pct,rest30_eff_mfe,interaction,prior RTH,-0.002101706483397069,-0.08869619368086742,1783,-0.03868712816169564,-1.0930018557112984,799
ETF,SPY,prev_rv_pct,rest30_eff_vol,main,prior RTH,0.11260464834152328,4.887466357668149,1862,-0.02532679477166006,-0.7152349447358368,799
ETF,SPY,fc_vol x prev_rv_pct,rest30_eff_vol,interaction,prior RTH,0.10670669434474618,4.529083397014815,1783,-0.03678056216887651,-1.039062045533454,799
ETF,SPY,prev_eff_range,eff_range,main,prior RTH,-0.07799588731331425,-3.374063052280295,1862,-0.043793581262292144,-1.237532131725671,799
ETF,SPY,fc_vol x prev_eff_range,eff_range,interaction,prior RTH,-0.015838384082676463,-0.6684936855409166,1783,-0.040896091919410536,-1.1555119725733005,799
ETF,SPY,prev_eff_range,eff_mfe,main,prior RTH,-0.057106174682348326,-2.466884640325894,1862,-0.010553040925216672,-0.2979414776749425,799
ETF,SPY,fc_vol x prev_eff_range,eff_mfe,interaction,prior RTH,-0.05316739716670649,-2.2469429948456012,1783,-0.02217614593429757,-0.62621295334791,799
ETF,SPY,prev_eff_range,rest1_eff_range,main,prior RTH,-0.07460581136533373,-3.226570461277925,1862,-0.03163324456322282,-0.8934912411500011,799
ETF,SPY,fc_vol x prev_eff_range,rest1_eff_range,interaction,prior RTH,-0.012568276163674437,-0.530446976459923,1783,-0.03147159983814354,-0.8889209952428657,799
ETF,SPY,prev_eff_range,rest1_eff_mfe,main,prior RTH,-0.06259953608075776,-2.7050805003073024,1862,0.0005929874749451852,0.016740744083329165,799
ETF,SPY,fc_vol x prev_eff_range,rest1_eff_mfe,interaction,prior RTH,-0.057006178370708864,-2.409687365325587,1783,-0.013817177486896213,-0.39011258199275006,799
ETF,SPY,prev_eff_range,rest1_eff_vol,main,prior RTH,-0.07203931612095335,-3.1149846350483936,1862,-0.034196175670716214,-0.9659636325700877,799
ETF,SPY,fc_vol x prev_eff_range,rest1_eff_vol,interaction,prior RTH,-0.006948227080184204,-0.29323543295735055,1783,-0.03397988086612024,-0.9598467145175212,799
ETF,SPY,prev_eff_range,rest5_eff_range,main,prior RTH,-0.07348669226017156,-3.177905718135927,1862,-0.04418658922917386,-1.248659497587048,799
ETF,SPY,fc_vol x prev_eff_range,rest5_eff_range,interaction,prior RTH,-0.007043559178054572,-0.2972589235883948,1783,-0.0493735240559953,-1.3955753271655191,799
ETF,SPY,prev_eff_range,rest5_eff_mfe,main,prior RTH,-0.07856368219492683,-3.3987775677072873,1862,-0.020726907346159364,-0.5852709578768924,799
ETF,SPY,fc_vol x prev_eff_range,rest5_eff_mfe,interaction,prior RTH,-0.07242073117836896,-3.0643385711126157,1783,-0.03461936698727831,-0.9779320744088797,799
ETF,SPY,prev_eff_range,rest5_eff_vol,main,prior RTH,-0.06707632306893035,-2.8993785423013705,1862,-0.04589608042652047,-1.2970677190246818,799
ETF,SPY,fc_vol x prev_eff_range,rest5_eff_vol,interaction,prior RTH,0.0028593889460950244,0.12067212736102165,1783,-0.05160159110778506,-1.458717617581188,799
ETF,SPY,prev_eff_range,rest15_eff_range,main,prior RTH,-0.08280314869151507,-3.5834165176055284,1862,-0.0222987145586118,-0.629675779533596,799
ETF,SPY,fc_vol x prev_eff_range,rest15_eff_range,interaction,prior RTH,-0.01679445464171853,-0.708857798028952,1783,-0.023719428420864427,-0.6698161026885208,799
ETF,SPY,prev_eff_range,rest15_eff_mfe,main,prior RTH,-0.08662803766437513,-3.7501674280215065,1862,0.00495004331630494,0.13974731770412668,799
ETF,SPY,fc_vol x prev_eff_range,rest15_eff_mfe,interaction,prior RTH,-0.08823051219450234,-3.7380730445376127,1783,-0.010597422121857105,-0.29919462181338763,799
ETF,SPY,prev_eff_range,rest15_eff_vol,main,prior RTH,-0.06946172287898421,-3.002978890578574,1862,-0.029833556042797853,-0.842611805119925,799
ETF,SPY,fc_vol x prev_eff_range,rest15_eff_vol,interaction,prior RTH,-0.001204446001702359,-0.050829941399773114,1783,-0.029017192543310713,-0.8195349261344549,799
ETF,SPY,prev_eff_range,rest30_eff_range,main,prior RTH,-0.05315994379869044,-2.295913425602939,1862,-0.07790238313577112,-2.2059808516333432,799
ETF,SPY,fc_vol x prev_eff_range,rest30_eff_range,interaction,prior RTH,-6.955719387793976e-05,-0.0029354454477674547,1783,-0.07501982079937693,-2.1238837101341472,799
ETF,SPY,prev_eff_range,rest30_eff_mfe,main,prior RTH,-0.04634515580594283,-2.00091078478521,1862,-0.040782204738797144,-1.1522887417451084,799
ETF,SPY,fc_vol x prev_eff_range,rest30_eff_mfe,interaction,prior RTH,-0.039562465631876154,-1.6709192119204181,1783,-0.04239531136659678,-1.1979470803293064,799
ETF,SPY,prev_eff_range,rest30_eff_vol,main,prior RTH,-0.041639994925065406,-1.7973968492525825,1862,-0.08127812491177881,-2.3021949635313423,799
ETF,SPY,fc_vol x prev_eff_range,rest30_eff_vol,interaction,prior RTH,0.014002024408392197,0.5909699082011374,1783,-0.07874436560738517,-2.229971437929762,799
ETF,SPY,prev_eff_vol,eff_range,main,prior RTH,-0.07691401996841916,-3.326981530141332,1862,-0.04748456717513433,-1.3420596445326936,799
ETF,SPY,fc_vol x prev_eff_vol,eff_range,interaction,prior RTH,-0.029522641858353738,-1.2464547671719453,1783,-0.042523102186003185,-1.2015645448906496,799
ETF,SPY,prev_eff_vol,eff_mfe,main,prior RTH,-0.06141310962372631,-2.653616107505654,1862,-0.011106293581262291,-0.31356320638711815,799
ETF,SPY,fc_vol x prev_eff_vol,eff_mfe,interaction,prior RTH,-0.060202890222168064,-2.545292844946406,1783,-0.017057176734075488,-0.481614437713816,799
ETF,SPY,prev_eff_vol,rest1_eff_range,main,prior RTH,-0.07954426022398979,-3.441467224581327,1862,-0.044193634900768816,-1.2488589893251039,799
ETF,SPY,fc_vol x prev_eff_vol,rest1_eff_range,interaction,prior RTH,-0.030089642202667424,-1.2704151802998869,1783,-0.039060150375939844,-1.103556632204409,799
ETF,SPY,prev_eff_vol,rest1_eff_mfe,main,prior RTH,-0.07303405362273277,-3.1582262270218107,1862,-0.005045451551281207,-0.14244090648425034,799
ETF,SPY,fc_vol x prev_eff_vol,rest1_eff_mfe,interaction,prior RTH,-0.06682433627182131,-2.826431433265687,1783,-0.010781569066596403,-0.30439420010235385,799
ETF,SPY,prev_eff_vol,rest1_eff_vol,main,prior RTH,-0.0845417727289443,-3.6591938232087164,1862,-0.05276301674085087,-1.4916404303832411,799
ETF,SPY,fc_vol x prev_eff_vol,rest1_eff_vol,interaction,prior RTH,-0.03182425952742052,-1.3437247045275618,1783,-0.04671391400905267,-1.3202305921104005,799
ETF,SPY,prev_eff_vol,rest5_eff_range,main,prior RTH,-0.07938101502094355,-3.4343596185192267,1862,-0.05795813880342757,-1.6389822432871635,799
ETF,SPY,fc_vol x prev_eff_vol,rest5_eff_range,interaction,prior RTH,-0.02672325071773143,-1.1281747442019674,1783,-0.055518905536989994,-1.5697858644902503,799
ETF,SPY,prev_eff_vol,rest5_eff_mfe,main,prior RTH,-0.08990214023764061,-3.893038544892581,1862,-0.02360037701967907,-0.6664523160122642,799
ETF,SPY,fc_vol x prev_eff_vol,rest5_eff_mfe,interaction,prior RTH,-0.08483742259454731,-3.5932544342878057,1783,-0.02851753148036039,-0.8054113715450839,799
ETF,SPY,prev_eff_vol,rest5_eff_vol,main,prior RTH,-0.0800474336182723,-3.463376872220347,1862,-0.06379612240745082,-1.804716645943865,799
ETF,SPY,fc_vol x prev_eff_vol,rest5_eff_vol,interaction,prior RTH,-0.02352936644777487,-0.9932588560832613,1783,-0.06123580263178952,-1.7320098982891918,799
ETF,SPY,prev_eff_vol,rest15_eff_range,main,prior RTH,-0.08980672109262376,-3.888872989025753,1862,-0.03787570459314745,-1.0700439545809637,799
ETF,SPY,fc_vol x prev_eff_vol,rest15_eff_range,interaction,prior RTH,-0.03715384878796282,-1.5690461874285315,1783,-0.03432956609295454,-0.9697360436739954,799
ETF,SPY,prev_eff_vol,rest15_eff_mfe,main,prior RTH,-0.09946425856905991,-4.311044310326691,1862,-0.013542950854586507,-0.38236866444980544,799
ETF,SPY,fc_vol x prev_eff_vol,rest15_eff_mfe,interaction,prior RTH,-0.09821278973369449,-4.164901384140881,1783,-0.017946434558390862,-0.5067307847175379,799
ETF,SPY,prev_eff_vol,rest15_eff_vol,main,prior RTH,-0.0849797779220494,-3.6782894028841557,1862,-0.048935417392040804,-1.3831620936947446,799
ETF,SPY,fc_vol x prev_eff_vol,rest15_eff_vol,interaction,prior RTH,-0.029174449269811775,-1.231741373952007,1783,-0.042991356677049314,-1.2148202601700853,799
ETF,SPY,prev_eff_vol,rest30_eff_range,main,prior RTH,-0.06338745662836094,-2.7392649910018365,1862,-0.08308200148612695,-2.3536408481601505,799
ETF,SPY,fc_vol x prev_eff_vol,rest30_eff_range,interaction,prior RTH,-0.018034020365095625,-0.7611936363603731,1783,-0.07972043343488827,-2.257788528631593,799
ETF,SPY,prev_eff_vol,rest30_eff_mfe,main,prior RTH,-0.0657517237514138,-2.8418715245226815,1862,-0.04452297096609215,-1.258184047226988,799
ETF,SPY,fc_vol x prev_eff_vol,rest30_eff_mfe,interaction,prior RTH,-0.05436485169869438,-2.2976977787859445,1783,-0.04473801891389165,-1.2642732909087082,799
ETF,SPY,prev_eff_vol,rest30_eff_vol,main,prior RTH,-0.058538856289789935,-2.528984122535142,1862,-0.08905730377257284,-2.524223515678075,799
ETF,SPY,fc_vol x prev_eff_vol,rest30_eff_vol,interaction,prior RTH,-0.010481968047757974,-0.4423832255545133,1783,-0.08537521055454655,-2.4190760139214107,799
ETF,SPY,prev_closeloc,eff_range,main,prior RTH,0.00013791955292996952,0.005948155546263975,1862,-0.010429460943412842,-0.29445209183609855,799
ETF,SPY,fc_vol x prev_closeloc,eff_range,interaction,prior RTH,0.04624880543907061,1.9538780072591113,1783,-0.006927432787224632,-0.1955743531283216,799
ETF,SPY,prev_closeloc,eff_mfe,main,prior RTH,0.03630338190856364,1.5667147471030844,1862,0.017261073928432017,0.4873732410650958,799
ETF,SPY,fc_vol x prev_closeloc,eff_mfe,interaction,prior RTH,0.024961262020322287,1.0537409016002932,1783,0.002243311658369955,0.06333151348434635,799
ETF,SPY,prev_closeloc,rest1_eff_range,main,prior RTH,-0.005311227682207359,-0.22906435690140758,1862,-0.0014667771148799045,-0.04140890565487638,799
ETF,SPY,fc_vol x prev_closeloc,rest1_eff_range,interaction,prior RTH,0.044472903748411424,1.8786996475433417,1783,-0.002589797397122343,-0.07311330349360191,799
ETF,SPY,prev_closeloc,rest1_eff_mfe,main,prior RTH,0.020410159006994832,0.8804269686720483,1862,0.01890452866140309,0.533792703026467,799
ETF,SPY,fc_vol x prev_closeloc,rest1_eff_mfe,interaction,prior RTH,0.012893490499579418,0.5441749754439168,1783,0.0033210215777240344,0.09375690296332187,799
ETF,SPY,prev_closeloc,rest1_eff_vol,main,prior RTH,-0.016510453694794744,-0.7121552511629103,1862,0.02296152669599986,0.6484021383452993,799
ETF,SPY,fc_vol x prev_closeloc,rest1_eff_vol,interaction,prior RTH,0.041004446764701746,1.731921994015584,1783,0.01966894708611328,0.5553851919754906,799
ETF,SPY,prev_closeloc,rest5_eff_range,main,prior RTH,-0.01803902584385843,-0.7781086181478122,1862,-0.0003867381332733273,-0.010918077928828955,799
ETF,SPY,fc_vol x prev_closeloc,rest5_eff_range,interaction,prior RTH,0.03669389846517647,1.5495956474308767,1783,-0.008743989248449598,-0.24686264548850975,799
ETF,SPY,prev_closeloc,rest5_eff_mfe,main,prior RTH,0.008826867204080786,0.3806974645134643,1862,0.031234250497398378,0.8822104489057255,799
ETF,SPY,fc_vol x prev_closeloc,rest5_eff_mfe,interaction,prior RTH,-0.003951252284207062,-0.1667516384522275,1783,0.013087259056711273,0.36950052112807347,799
ETF,SPY,prev_closeloc,rest5_eff_vol,main,prior RTH,-0.026822099594617413,-1.1571922602915161,1862,0.024780647589934073,0.6998020318398196,799
ETF,SPY,fc_vol x prev_closeloc,rest5_eff_vol,interaction,prior RTH,0.03531309195447577,1.49120949317152,1783,0.01431439213440198,0.4041537096010943,799
ETF,SPY,prev_closeloc,rest15_eff_range,main,prior RTH,0.00033313743851953986,0.014367458069668524,1862,0.008031068159237303,0.2267339105395074,799
ETF,SPY,fc_vol x prev_closeloc,rest15_eff_range,interaction,prior RTH,0.05099499994322915,2.154889376516995,1783,-0.004159946173318151,-0.11744124043872933,799
ETF,SPY,prev_closeloc,rest15_eff_mfe,main,prior RTH,0.02092117348197555,0.9024799829642594,1862,0.032430694395681824,0.9160388929567912,799
ETF,SPY,fc_vol x prev_closeloc,rest15_eff_mfe,interaction,prior RTH,0.008905519264254555,0.3758446991659137,1783,0.008366814300105009,0.2362133790758384,799
ETF,SPY,prev_closeloc,rest15_eff_vol,main,prior RTH,-0.013375498463229515,-0.5769063242659708,1862,0.030806789285638757,0.8701252709568005,799
ETF,SPY,fc_vol x prev_closeloc,rest15_eff_vol,interaction,prior RTH,0.0437797259727645,1.8493605807692588,1783,0.01976074416328681,0.5579782441964466,799
ETF,SPY,prev_closeloc,rest30_eff_range,main,prior RTH,0.010890584131533614,0.4697138897109755,1862,0.026276373023738947,0.7420694623521474,799
ETF,SPY,fc_vol x prev_closeloc,rest30_eff_range,interaction,prior RTH,0.060749085697135885,2.568470366247729,1783,0.014605263243794306,0.41236792287369495,799
ETF,SPY,prev_closeloc,rest30_eff_mfe,main,prior RTH,0.0031384098863678368,0.13535312095848842,1862,0.06396296818260731,1.8094558792110067,799
ETF,SPY,fc_vol x prev_closeloc,rest30_eff_mfe,interaction,prior RTH,0.008269822272464207,0.3490141116687636,1783,0.05414937203164402,1.5309472596822997,799
ETF,SPY,prev_closeloc,rest30_eff_vol,main,prior RTH,0.0020638683157146996,0.08901011884816143,1862,0.04350772214110972,1.229438868846022,799
ETF,SPY,fc_vol x prev_closeloc,rest30_eff_vol,interaction,prior RTH,0.05454934864245338,2.3055186639308163,1783,0.03195140542219127,0.9024869356003474,799
ETF,SPY,prev_streak,eff_range,main,prior RTH,-0.035348399413373525,-1.525859118316674,1863,0.0034765857052707176,0.09814873927449644,799
ETF,SPY,fc_vol x prev_streak,eff_range,interaction,prior RTH,-0.016909680441885355,-0.7137226174455759,1783,-0.004861857396934137,-0.13725763451203732,799
ETF,SPY,prev_streak,eff_mfe,main,prior RTH,0.027611559073064014,1.1915979075628167,1863,0.046934038917116526,1.3264654734860277,799
ETF,SPY,fc_vol x prev_streak,eff_mfe,interaction,prior RTH,0.04522159625810321,1.9103914563457733,1783,0.052639859975345114,1.4881490328991982,799
ETF,SPY,prev_streak,rest1_eff_range,main,prior RTH,-0.034230996470366995,-1.477567473451273,1863,0.017284150441481957,0.48802501010775995,799
ETF,SPY,fc_vol x prev_streak,rest1_eff_range,interaction,prior RTH,-0.016990023902102688,-0.7171147254871276,1783,0.007058353016458543,0.19927065792034718,799
ETF,SPY,prev_streak,rest1_eff_mfe,main,prior RTH,0.011824639512221949,0.5101424461764011,1863,0.06671523171749652,1.8876558671222445,799
ETF,SPY,fc_vol x prev_streak,rest1_eff_mfe,interaction,prior RTH,0.03121213926976007,1.3178535271003249,1783,0.06771892967713401,1.9161845833831663,799
ETF,SPY,prev_streak,rest1_eff_vol,main,prior RTH,-0.055171918949008615,-2.3837091714409655,1863,0.04124559390351671,1.1654038471676296,799
ETF,SPY,fc_vol x prev_streak,rest1_eff_vol,interaction,prior RTH,-0.03005959931068602,-1.2691455912133411,1783,0.03990286260080739,1.1274031377303286,799
ETF,SPY,prev_streak,rest5_eff_range,main,prior RTH,-0.03949394227257888,-1.705071668035328,1863,0.03012186036640339,0.8507619627879182,799
ETF,SPY,fc_vol x prev_streak,rest5_eff_range,interaction,prior RTH,-0.022557811991187973,-0.9522247316220983,1783,0.017419754118280808,0.4918549926930753,799
ETF,SPY,prev_streak,rest5_eff_mfe,main,prior RTH,-0.006380406422639263,-0.27525192837014173,1863,0.08673904764981813,2.4580104765122486,799
ETF,SPY,fc_vol x prev_streak,rest5_eff_mfe,interaction,prior RTH,0.018026110867492517,0.7608596777342417,1783,0.0802439967266649,2.2727123185205103,799
ETF,SPY,prev_streak,rest5_eff_vol,main,prior RTH,-0.05796259269132709,-2.504677183724773,1863,0.05393422555999016,1.5248467134737929,799
ETF,SPY,fc_vol x prev_streak,rest5_eff_vol,interaction,prior RTH,-0.035669485657002946,-1.5062784462974101,1783,0.04986722153789054,1.4095646287148003,799
ETF,SPY,prev_streak,rest15_eff_range,main,prior RTH,-0.04648862019714966,-2.0076576019152035,1863,0.0454829195450196,1.2853670770349017,799
ETF,SPY,fc_vol x prev_streak,rest15_eff_range,interaction,prior RTH,-0.024779492719335678,-1.0460627697923313,1783,0.03249992942305702,0.9179965743297576,799
ETF,SPY,prev_streak,rest15_eff_mfe,main,prior RTH,-0.016366341923631716,-0.7061272619987745,1863,0.1087592464750909,3.0887247262335302,799
ETF,SPY,fc_vol x prev_streak,rest15_eff_mfe,interaction,prior RTH,0.012892252964905385,0.5441227361099149,1783,0.10626242216693814,3.016996332962522,799
ETF,SPY,prev_streak,rest15_eff_vol,main,prior RTH,-0.06287448495094514,-2.7177390520927154,1863,0.05976351116253526,1.6902160979532719,799
ETF,SPY,fc_vol x prev_streak,rest15_eff_vol,interaction,prior RTH,-0.03764135440947526,-1.5896630858984877,1783,0.05721202254698071,1.61781328478958,799
ETF,SPY,prev_streak,rest30_eff_range,main,prior RTH,-0.04316934548166732,-1.8640334528203029,1863,0.05468232746937014,1.5460603023947335,799
ETF,SPY,fc_vol x prev_streak,rest30_eff_range,interaction,prior RTH,-0.019196359689454396,-0.8102720757582024,1783,0.04697059086411228,1.3275008000988122,799
ETF,SPY,prev_streak,rest30_eff_mfe,main,prior RTH,-0.023055502165669844,-0.9948628850572407,1863,0.13782740279736744,3.9285241841099094,799
ETF,SPY,fc_vol x prev_streak,rest30_eff_mfe,interaction,prior RTH,0.003405737667433991,0.14372941936013767,1783,0.14146053268489434,4.034166954711879,799
ETF,SPY,prev_streak,rest30_eff_vol,main,prior RTH,-0.05417112890627125,-2.340341482744381,1863,0.0679331230574451,1.9222734855407457,799
ETF,SPY,fc_vol x prev_streak,rest30_eff_vol,interaction,prior RTH,-0.027500565751583366,-1.1610151172628267,1783,0.068870016091543,1.9489098115284849,799
ETF,SPY,trail_eff_5,eff_range,main,prior RTH,-0.03996032988363625,-1.7229198502547476,1858,-0.06800801283559335,-1.9244024496419256,799
ETF,SPY,fc_vol x trail_eff_5,eff_range,interaction,prior RTH,0.05034674552163663,2.1274261080455164,1783,-0.04400107747466287,-1.243406969245942,799
ETF,SPY,trail_eff_5,eff_mfe,main,prior RTH,-0.050401052014299515,-2.1741069333160046,1858,-0.014890582212728317,-0.42042544516804276,799
ETF,SPY,fc_vol x trail_eff_5,eff_mfe,interaction,prior RTH,-0.04218482394759875,-1.7818657139245817,1783,-0.039539579549625,-1.1171229050411333,799
ETF,SPY,trail_eff_5,rest1_eff_range,main,prior RTH,-0.037969969223278256,-1.6369767914516231,1858,-0.06649484317803268,-1.8813924037016232,799
ETF,SPY,fc_vol x trail_eff_5,rest1_eff_range,interaction,prior RTH,0.052799605077056465,2.231355881843311,1783,-0.04815323665860521,-1.36100191406618,799
ETF,SPY,trail_eff_5,rest1_eff_mfe,main,prior RTH,-0.05605367222988407,-2.4186688393196727,1858,-0.012098605399606652,-0.34158300947540216,799
ETF,SPY,fc_vol x trail_eff_5,rest1_eff_mfe,interaction,prior RTH,-0.03958627294210045,-1.6719262904416343,1783,-0.032404697601324965,-0.9153038141119598,799
ETF,SPY,trail_eff_5,rest1_eff_vol,main,prior RTH,-0.03150880720772276,-1.358115296714065,1858,-0.09806438028738931,-2.781882468818738,799
ETF,SPY,fc_vol x trail_eff_5,rest1_eff_vol,interaction,prior RTH,0.06303047481266762,2.6653052089821454,1783,-0.06267679524217301,-1.7729262077435441,799
ETF,SPY,trail_eff_5,rest5_eff_range,main,prior RTH,-0.033951949221191276,-1.463538515800216,1858,-0.0901892878915214,-2.556569717660658,799
ETF,SPY,fc_vol x trail_eff_5,rest5_eff_range,interaction,prior RTH,0.05511695257828715,2.3295810671118105,1783,-0.07017776020647144,-1.9860982938488392,799
ETF,SPY,trail_eff_5,rest5_eff_mfe,main,prior RTH,-0.046536536489029674,-2.007029787534798,1858,-0.03369004508508077,-0.9516502348597733,799
ETF,SPY,fc_vol x trail_eff_5,rest5_eff_mfe,interaction,prior RTH,-0.05527040126847119,-2.3360865972012514,1783,-0.0438846493024919,-1.2401105201418687,799
ETF,SPY,trail_eff_5,rest5_eff_vol,main,prior RTH,-0.027597418578786222,-1.1893861933351892,1858,-0.11322169695920241,-3.217069624087203,799
ETF,SPY,fc_vol x trail_eff_5,rest5_eff_vol,interaction,prior RTH,0.0692256718174813,2.9284799295108668,1783,-0.0800956557544655,-2.2684837756018035,799
ETF,SPY,trail_eff_5,rest15_eff_range,main,prior RTH,-0.04151222910436945,-1.7899445014220234,1858,-0.06836355594869527,-1.9345102638362328,799
ETF,SPY,fc_vol x trail_eff_5,rest15_eff_range,interaction,prior RTH,0.05132373023455674,2.168817061369384,1783,-0.05623530823303565,-1.5901058571704463,799
ETF,SPY,trail_eff_5,rest15_eff_mfe,main,prior RTH,-0.062018392866045706,-2.6769873159765396,1858,-0.025923664130937076,-0.7321018876870392,799
ETF,SPY,fc_vol x trail_eff_5,rest15_eff_mfe,interaction,prior RTH,-0.059797362395842595,-2.528085967708227,1783,-0.03523022219521478,-0.9952088438383224,799
ETF,SPY,trail_eff_5,rest15_eff_vol,main,prior RTH,-0.03166079592808593,-1.3646729816659007,1858,-0.09303172668843573,-2.6378361192303608,799
ETF,SPY,fc_vol x trail_eff_5,rest15_eff_vol,interaction,prior RTH,0.06691263656606727,2.8301830070779186,1783,-0.06340714897381125,-1.7936684938249945,799
ETF,SPY,trail_eff_5,rest30_eff_range,main,prior RTH,-0.048143311779235934,-2.076485158638836,1858,-0.09695498189086794,-2.7501107728773726,799
ETF,SPY,fc_vol x trail_eff_5,rest30_eff_range,interaction,prior RTH,0.04188929883702431,1.7693608622862222,1783,-0.09225245191506096,-2.615549972821198,799
ETF,SPY,trail_eff_5,rest30_eff_mfe,main,prior RTH,-0.05494112449328657,-2.3705165188881034,1858,-0.03405306955655413,-0.9619165096937473,799
ETF,SPY,fc_vol x trail_eff_5,rest30_eff_mfe,interaction,prior RTH,-0.03562845438870206,-1.5045435428424117,1783,-0.03429461914675557,-0.9687477049786487,799
ETF,SPY,trail_eff_5,rest30_eff_vol,main,prior RTH,-0.033829885365597556,-1.4582707708094036,1858,-0.11886258198688208,-3.379590833906522,799
ETF,SPY,fc_vol x trail_eff_5,rest30_eff_vol,interaction,prior RTH,0.059009018530168364,2.494639479859293,1783,-0.09968280369258564,-2.8282507803086863,799
ETF,SPY,trail_eff_20,eff_range,main,prior RTH,0.021436915564845064,0.9200024898287344,1843,-0.07032474804031355,-1.990278844904686,799
ETF,SPY,fc_vol x trail_eff_20,eff_range,interaction,prior RTH,0.07235456527880055,3.061524152512702,1783,-0.02772158807531971,-0.782914263767526,799
ETF,SPY,trail_eff_20,eff_mfe,main,prior RTH,-0.03894706400811058,-1.6723657075114682,1843,-0.011418502451372487,-0.32237891117933265,799
ETF,SPY,fc_vol x trail_eff_20,eff_mfe,interaction,prior RTH,-0.034150001863252996,-1.4420359292829883,1783,-0.03551495290165338,-1.003262240271245,799
ETF,SPY,trail_eff_20,rest1_eff_range,main,prior RTH,0.022273132424861317,0.9559076676803204,1843,-0.08103470503542963,-2.295254475241334,799
ETF,SPY,fc_vol x trail_eff_20,rest1_eff_range,interaction,prior RTH,0.07697071151991751,3.257975197043388,1783,-0.03578681528602482,-1.0109518940409792,799
ETF,SPY,trail_eff_20,rest1_eff_mfe,main,prior RTH,-0.034740092582902046,-1.49148913288116,1843,-0.024828286297721776,-0.7011481713269266,799
ETF,SPY,fc_vol x trail_eff_20,rest1_eff_mfe,interaction,prior RTH,-0.027452004060001044,-1.1589633988523762,1783,-0.033926148286862336,-0.9583271530626324,799
ETF,SPY,trail_eff_20,rest1_eff_vol,main,prior RTH,0.02581016384540481,1.1078025480940785,1843,-0.09218322715424355,-2.613570478498535,799
ETF,SPY,fc_vol x trail_eff_20,rest1_eff_vol,interaction,prior RTH,0.08600690739587573,3.643154093837883,1783,-0.04442729163333866,-1.255474871653119,799
ETF,SPY,trail_eff_20,rest5_eff_range,main,prior RTH,0.02498600941067331,1.0724064094469141,1843,-0.08440683657912873,-2.3914394576004163,799
ETF,SPY,fc_vol x trail_eff_20,rest5_eff_range,interaction,prior RTH,0.07820408383540292,3.310499420948134,1783,-0.04610054183154544,-1.3028582756591325,799
ETF,SPY,trail_eff_20,rest5_eff_mfe,main,prior RTH,-0.022457863739413032,-0.9638398622693582,1843,-0.017940411992554205,-0.5065606783804041,799
ETF,SPY,fc_vol x trail_eff_20,rest5_eff_mfe,interaction,prior RTH,-0.04602946591806479,-1.944591826494344,1783,-0.03707399779020062,-1.047363055334883,799
ETF,SPY,trail_eff_20,rest5_eff_vol,main,prior RTH,0.028184688073745266,1.2097975265393597,1843,-0.09103224714064719,-2.5806635785302,799
ETF,SPY,fc_vol x trail_eff_20,rest5_eff_vol,interaction,prior RTH,0.09190582906665624,3.89508536940267,1783,-0.0531318874458433,-1.5020980338871643,799
ETF,SPY,trail_eff_20,rest15_eff_range,main,prior RTH,0.01257807450109038,0.5397285781197636,1843,-0.07116931879134633,-2.0143022178520393,799
ETF,SPY,fc_vol x trail_eff_20,rest15_eff_range,interaction,prior RTH,0.07883797583727699,3.3375001931886827,1783,-0.0433420770323807,-1.224749251838472,799
ETF,SPY,trail_eff_20,rest15_eff_mfe,main,prior RTH,-0.057911795436350263,-2.48899148563449,1843,-0.015934191799513206,-0.4498982889927946,799
ETF,SPY,fc_vol x trail_eff_20,rest15_eff_mfe,interaction,prior RTH,-0.05035153011981442,-2.1276287974072217,1783,-0.0429152279336202,-1.2126650936440433,799
ETF,SPY,trail_eff_20,rest15_eff_vol,main,prior RTH,0.021052262197378793,0.9034870355363807,1843,-0.07923200523210405,-2.2438679345633785,799
ETF,SPY,fc_vol x trail_eff_20,rest15_eff_vol,interaction,prior RTH,0.09252782946750218,3.92167339937251,1783,-0.04476916634514948,-1.2651552683302143,799
ETF,SPY,trail_eff_20,rest30_eff_range,main,prior RTH,0.0121994491781785,0.523479207262165,1843,-0.09120307863214286,-2.585547045115209,799
ETF,SPY,fc_vol x trail_eff_20,rest30_eff_range,interaction,prior RTH,0.07305013620960828,3.091112848375073,1783,-0.06868282291705577,-1.9435874063882639,799
ETF,SPY,trail_eff_20,rest30_eff_mfe,main,prior RTH,-0.020951058224989987,-0.8991418147453109,1843,-0.021343232392737544,-0.6026821019211955,799
ETF,SPY,fc_vol x trail_eff_20,rest30_eff_mfe,interaction,prior RTH,-0.01571507120486526,-0.6632877047520653,1783,-0.02805948728273461,-0.792464701602614,799
ETF,SPY,trail_eff_20,rest30_eff_vol,main,prior RTH,0.025033779437137617,1.0744579966297219,1843,-0.0945298399314933,-2.680693793305374,799
ETF,SPY,fc_vol x trail_eff_20,rest30_eff_vol,interaction,prior RTH,0.08605527345470099,3.645218105459751,1783,-0.07159567410390809,-2.026431322168881,799
ETF,SPY,eff_state,eff_range,main,prior RTH,-0.05146283609100494,-2.2110393473423953,1843,-0.050950106806440375,-1.4402526659813688,799
ETF,SPY,fc_vol x eff_state,eff_range,interaction,prior RTH,-0.06243637244766118,-2.6400842232716,1783,-0.037570153481325336,-1.0613994380617011,799
ETF,SPY,eff_state,eff_mfe,main,prior RTH,-0.029772879935213832,-1.278027827833881,1843,-0.017119613802967993,-0.48337788273899424,799
ETF,SPY,fc_vol x eff_state,eff_mfe,interaction,prior RTH,-0.02695905834377532,-1.138137037134512,1783,-0.005884258518637018,-0.16612248697152046,799
ETF,SPY,eff_state,rest1_eff_range,main,prior RTH,-0.051306994840581426,-2.2043261151643128,1843,-0.04508302201059595,-1.2740426802033784,799
ETF,SPY,fc_vol x eff_state,rest1_eff_range,interaction,prior RTH,-0.06502385509924216,-2.749949641891054,1783,-0.029443242022452878,-0.8315782410498833,799
ETF,SPY,eff_state,rest1_eff_mfe,main,prior RTH,-0.03891516149815711,-1.6709937525905472,1843,-0.009758273970282403,-0.27550078862074967,799
ETF,SPY,fc_vol x eff_state,rest1_eff_mfe,interaction,prior RTH,-0.03721154239127855,-1.5714860249159268,1783,0.002992156549069796,0.08447251348191757,799
ETF,SPY,eff_state,rest1_eff_vol,main,prior RTH,-0.047437058215747695,-2.0376699197544554,1843,-0.06859246050043757,-1.9410182338325044,799
ETF,SPY,fc_vol x eff_state,rest1_eff_vol,interaction,prior RTH,-0.06070092280627003,-2.5664265061979874,1783,-0.0542708931276878,-1.5343931232215118,799
ETF,SPY,eff_state,rest5_eff_range,main,prior RTH,-0.047521277678481647,-2.0412957673486214,1843,-0.06693918424192827,-1.8940209036322462,799
ETF,SPY,fc_vol x eff_state,rest5_eff_range,interaction,prior RTH,-0.06484165614981782,-2.7422116140824153,1783,-0.0522895986776798,-1.4782197721282064,799
ETF,SPY,eff_state,rest5_eff_mfe,main,prior RTH,-0.03534706303891475,-1.5175803875049443,1843,-0.02719389619539636,-0.7680000311550691,799
ETF,SPY,fc_vol x eff_state,rest5_eff_mfe,interaction,prior RTH,-0.03610832405655346,-1.5248340974574623,1783,-0.010710556962124633,-0.30238909669156955,799
ETF,SPY,eff_state,rest5_eff_vol,main,prior RTH,-0.04335403643232492,-1.8619369069029026,1843,-0.08450830269808773,-2.3943348914626026,799
ETF,SPY,fc_vol x eff_state,rest5_eff_vol,interaction,prior RTH,-0.059761642620709966,-2.5265704087690093,1783,-0.07066832877720935,-2.0000512971297457,799
ETF,SPY,eff_state,rest15_eff_range,main,prior RTH,-0.043906560689017465,-1.8857118523014351,1843,-0.05004890982148739,-1.4147131675230575,799
ETF,SPY,fc_vol x eff_state,rest15_eff_range,interaction,prior RTH,-0.06632391369916785,-2.805171468211452,1783,-0.035821492090677254,-1.0119327469307613,799
ETF,SPY,eff_state,rest15_eff_mfe,main,prior RTH,-0.027312673677578527,-1.172338853645955,1843,-0.024127092748260828,-0.6813348386009264,799
ETF,SPY,fc_vol x eff_state,rest15_eff_mfe,interaction,prior RTH,-0.04219027138384152,-1.7820962211682418,1783,-0.014308981235408108,-0.4040009065477574,799
ETF,SPY,eff_state,rest15_eff_vol,main,prior RTH,-0.0390531978652975,-1.6769299892756793,1843,-0.06779371771104858,-1.9183105619405338,799
ETF,SPY,fc_vol x eff_state,rest15_eff_vol,interaction,prior RTH,-0.05922630748109658,-2.503857768779241,1783,-0.054402589703294535,-1.5381276008209541,799
ETF,SPY,eff_state,rest30_eff_range,main,prior RTH,-0.054316825432622645,-2.3340108682873653,1843,-0.0733117881921939,-2.0752632939964704,799
ETF,SPY,fc_vol x eff_state,rest30_eff_range,interaction,prior RTH,-0.07469140102918481,-3.1609482044846366,1783,-0.06795421007905918,-1.9228729433805323,799
ETF,SPY,eff_state,rest30_eff_mfe,main,prior RTH,-0.038098193210262796,-1.6358620836930278,1843,-0.03131097884704305,-0.8843797629326335,799
ETF,SPY,fc_vol x eff_state,rest30_eff_mfe,interaction,prior RTH,-0.05095915626401186,-2.1533707897106655,1783,-0.032238501042639076,-0.9106045257354269,799
ETF,SPY,eff_state,rest30_eff_vol,main,prior RTH,-0.04629663835667583,-1.988576396179789,1843,-0.08956618705712968,-2.5387635180864483,799
ETF,SPY,fc_vol x eff_state,rest30_eff_vol,interaction,prior RTH,-0.06451012540352126,-2.728132139309144,1783,-0.0824164604251555,-2.3346571820091784,799
ETF,SPY,trail_rv_5,eff_range,main,prior RTH,0.08646964134561051,3.7392314991386786,1858,0.042665079469637796,1.2055836649576093,799
ETF,SPY,fc_vol x trail_rv_5,eff_range,interaction,prior RTH,0.08346244946321887,3.5346060995212882,1783,0.01654034178060922,0.4670173938130482,799
ETF,SPY,trail_rv_5,eff_mfe,main,prior RTH,-0.024942823083081066,-1.074904129288789,1858,-0.010997299255648508,-0.3104856031980333,799
ETF,SPY,fc_vol x trail_rv_5,eff_mfe,interaction,prior RTH,-0.029140854512310622,-1.2303218015708346,1783,-0.02891295039852447,-0.8165883391059257,799
ETF,SPY,trail_rv_5,rest1_eff_range,main,prior RTH,0.09539048178670197,4.128373391658138,1858,0.0419710963892836,1.1859389500521722,799
ETF,SPY,fc_vol x trail_rv_5,rest1_eff_range,interaction,prior RTH,0.09111583541077563,3.8613229240851967,1783,0.013977293044877525,0.39463414432681837,799
ETF,SPY,trail_rv_5,rest1_eff_mfe,main,prior RTH,-0.008902156981253607,-0.38353185730818157,1858,0.004389862327909887,0.12393222469571817,799
ETF,SPY,fc_vol x trail_rv_5,rest1_eff_mfe,interaction,prior RTH,-0.01700664801935755,-0.7178165989301133,1783,-0.014769848588931652,-0.4170158667108631,799
ETF,SPY,trail_rv_5,rest1_eff_vol,main,prior RTH,0.10187620686433173,4.4119161398855775,1858,0.04384369089181025,1.238950870279115,799
ETF,SPY,fc_vol x trail_rv_5,rest1_eff_vol,interaction,prior RTH,0.10022814170574167,4.251224701955284,1783,0.009800267251357428,0.2766864789363402,799
ETF,SPY,trail_rv_5,rest5_eff_range,main,prior RTH,0.09790659714824121,4.238307782685203,1858,0.040346509501694494,1.1399581252029316,799
ETF,SPY,fc_vol x trail_rv_5,rest5_eff_range,interaction,prior RTH,0.09407801712241673,3.9879579450400415,1783,0.01029963447201174,0.2907863455844412,799
ETF,SPY,trail_rv_5,rest5_eff_mfe,main,prior RTH,-0.027520292850253626,-1.1860597263499468,1858,-0.0029425056869871744,-0.0830707921251613,799
ETF,SPY,fc_vol x trail_rv_5,rest5_eff_mfe,interaction,prior RTH,-0.03609125337164551,-1.5241122716339373,1783,-0.015865826267008023,-0.44796751662920403,799
ETF,SPY,trail_rv_5,rest5_eff_vol,main,prior RTH,0.10878092862721186,4.714402283646292,1858,0.03752832510050348,1.0602160713195554,799
ETF,SPY,fc_vol x trail_rv_5,rest5_eff_vol,interaction,prior RTH,0.10796322638501793,4.583041206673082,1783,0.0026878640752059915,0.0758818712823502,799
ETF,SPY,trail_rv_5,rest15_eff_range,main,prior RTH,0.09495174426859905,4.109212261747352,1858,0.04580638862487883,1.2945276068282814,799
ETF,SPY,fc_vol x trail_rv_5,rest15_eff_range,interaction,prior RTH,0.09311754077352859,3.9468854754509675,1783,0.010680244102120132,0.30153318176891675,799
ETF,SPY,trail_rv_5,rest15_eff_mfe,main,prior RTH,-0.0297731491691986,-1.2832354027854302,1858,0.03101235585254804,0.87593698626651,799
ETF,SPY,fc_vol x trail_rv_5,rest15_eff_mfe,interaction,prior RTH,-0.03826721374215986,-1.6161327122200104,1783,-0.007143280646527618,-0.20166844719791752,799
ETF,SPY,trail_rv_5,rest15_eff_vol,main,prior RTH,0.10767530693515676,4.6659213250381635,1858,0.048355345497661545,1.3667276736136305,799
ETF,SPY,fc_vol x trail_rv_5,rest15_eff_vol,interaction,prior RTH,0.10718982022022637,4.5498271034074875,1783,0.00981466494772601,0.2770930016669679,799
ETF,SPY,trail_rv_5,rest30_eff_range,main,prior RTH,0.08561464524956518,3.701984277252216,1858,0.014724279496011695,0.4157289772835331,799
ETF,SPY,fc_vol x trail_rv_5,rest30_eff_range,interaction,prior RTH,0.08367686477393504,3.543750459475958,1783,-0.021997221750385952,-0.6211580125646414,799
ETF,SPY,trail_rv_5,rest30_eff_mfe,main,prior RTH,-0.009734482921081795,-0.4193942301405599,1858,0.004871232424826527,0.13752231209356458,799
ETF,SPY,fc_vol x trail_rv_5,rest30_eff_mfe,interaction,prior RTH,-0.013224268060180892,-0.5581379873517939,1783,-0.016577124325721112,-0.4680562360085812,799
ETF,SPY,trail_rv_5,rest30_eff_vol,main,prior RTH,0.0982438630557384,4.253049830697493,1858,0.0124324813912127,0.35101085309457875,799
ETF,SPY,fc_vol x trail_rv_5,rest30_eff_vol,interaction,prior RTH,0.09694149821009232,4.110474998772268,1783,-0.02567276294616391,-0.7250115717686074,799
ETF,SPY,trail_rv_20,eff_range,main,prior RTH,0.07510028026288652,3.2314440475886026,1843,0.026261280548053482,0.7416429424224763,799
ETF,SPY,fc_vol x trail_rv_20,eff_range,interaction,prior RTH,0.07575089802221012,3.2060431867325048,1783,0.0029935210366341383,0.08451103510501379,799
ETF,SPY,trail_rv_20,eff_mfe,main,prior RTH,-0.04051601835140674,-1.7398443769298122,1843,-0.010678644358079177,-0.3014880113661194,799
ETF,SPY,fc_vol x trail_rv_20,eff_mfe,interaction,prior RTH,-0.03648191994133648,-1.5406317582505655,1783,-0.033436438405149295,-0.9444785019067254,799
ETF,SPY,trail_rv_20,rest1_eff_range,main,prior RTH,0.088756372745945,3.8233480297063287,1843,0.030663188007565845,0.8660654850139848,799
ETF,SPY,fc_vol x trail_rv_20,rest1_eff_range,interaction,prior RTH,0.08603291963715275,3.6442641576631596,1783,0.003289097273847949,0.09285562715760295,799
ETF,SPY,trail_rv_20,rest1_eff_mfe,main,prior RTH,-0.01828173203930169,-0.7845431245894906,1843,0.0037335438094610743,0.10540311341327521,799
ETF,SPY,fc_vol x trail_rv_20,rest1_eff_mfe,interaction,prior RTH,-0.02027032547044123,-0.8556219607900816,1783,-0.017284528593072165,-0.4880356905623525,799
ETF,SPY,trail_rv_20,rest1_eff_vol,main,prior RTH,0.09455607538949047,4.075365316272882,1843,0.030357589844448418,0.8574260248940435,799
ETF,SPY,fc_vol x trail_rv_20,rest1_eff_vol,interaction,prior RTH,0.09475633887496081,4.016971511351032,1783,-0.0011552269283973387,-0.03261345085364932,799
ETF,SPY,trail_rv_20,rest5_eff_range,main,prior RTH,0.09341432215773465,4.025719905307029,1843,0.03106532384856849,0.8774344992995853,799
ETF,SPY,fc_vol x trail_rv_20,rest5_eff_range,interaction,prior RTH,0.0889897029018712,3.7704934185607715,1783,-0.002083925407722561,-0.058831818599134486,799
ETF,SPY,trail_rv_20,rest5_eff_mfe,main,prior RTH,-0.0272755274704561,-1.170743243260578,1843,0.0004364360551513879,0.012321109682749926,799
ETF,SPY,fc_vol x trail_rv_20,rest5_eff_mfe,interaction,prior RTH,-0.036107198854218425,-1.5247865187686898,1783,-0.018432474441927377,-0.5204590812342653,799
ETF,SPY,trail_rv_20,rest5_eff_vol,main,prior RTH,0.10261245790968226,4.426143796375288,1843,0.02614660493230851,0.7384021761823554,799
ETF,SPY,fc_vol x trail_rv_20,rest5_eff_vol,interaction,prior RTH,0.1022905077045139,4.339616496446666,1783,-0.009294559983899988,-0.2624078090500218,799
ETF,SPY,trail_rv_20,rest15_eff_range,main,prior RTH,0.08989028333052898,3.8725887336247027,1843,0.022648046900731172,0.63954532287572,799
ETF,SPY,fc_vol x trail_rv_20,rest15_eff_range,interaction,prior RTH,0.08821467748252716,3.737396911307339,1783,-0.0076421184375205856,-0.21575238586561543,799
ETF,SPY,trail_rv_20,rest15_eff_mfe,main,prior RTH,-0.03732727072481686,-1.6027135126089225,1843,-0.003943075013545333,-0.11131855907410729,799
ETF,SPY,fc_vol x trail_rv_20,rest15_eff_mfe,interaction,prior RTH,-0.04334228592686685,-1.8308471104749313,1783,-0.02691931659710515,-0.760239802835338,799
ETF,SPY,trail_rv_20,rest15_eff_vol,main,prior RTH,0.10241475625321263,4.417525539031093,1843,0.021868524565481287,0.6175221148176138,799
ETF,SPY,fc_vol x trail_rv_20,rest15_eff_vol,interaction,prior RTH,0.10270459649337617,4.357370877171396,1783,-0.008783865169808124,-0.24798851984738368,799
ETF,SPY,trail_rv_20,rest30_eff_range,main,prior RTH,0.09067325113922155,3.9065983993318083,1843,0.013581991667109683,0.3834711371549922,799
ETF,SPY,fc_vol x trail_rv_20,rest30_eff_range,interaction,prior RTH,0.0838070167076693,3.5493014061207715,1783,-0.03199703360401768,-0.9037770513197486,799
ETF,SPY,trail_rv_20,rest30_eff_mfe,main,prior RTH,-0.010010090349169734,-0.42952322448075564,1843,0.017531418708670362,0.49500886144851886,799
ETF,SPY,fc_vol x trail_rv_20,rest30_eff_mfe,interaction,prior RTH,-0.012524378446711153,-0.5285939720812494,1783,-0.014197563850931664,-0.40085450260115957,799
ETF,SPY,trail_rv_20,rest30_eff_vol,main,prior RTH,0.10561434819355567,4.557068665745972,1843,0.00940734188412207,0.2655921937875354,799
ETF,SPY,fc_vol x trail_rv_20,rest30_eff_vol,interaction,prior RTH,0.09868750846127954,4.18523025189037,1783,-0.03512802657457159,-0.9923183759342179,799
ETF,SPY,vol_state,eff_range,main,prior RTH,0.035541882087606926,1.5259552414605209,1843,0.054541367498847235,1.5420629654267175,799
ETF,SPY,fc_vol x vol_state,eff_range,interaction,prior RTH,0.03691616956332799,1.55899500141534,1783,0.05588811672485343,1.5802578373879776,799
ETF,SPY,vol_state,eff_mfe,main,prior RTH,0.022488103735042397,0.9651383495574495,1843,0.013003731167719046,0.36714182745736473,799
ETF,SPY,fc_vol x vol_state,eff_mfe,interaction,prior RTH,0.036070272609619446,1.523225111881859,1783,0.009697836581441086,0.2737943270766526,799
ETF,SPY,vol_state,rest1_eff_range,main,prior RTH,0.023992788619851903,1.0297520370051574,1843,0.044212573047135995,1.24939520651949,799
ETF,SPY,fc_vol x vol_state,rest1_eff_range,interaction,prior RTH,0.022087161858531903,0.9323475481109378,1783,0.04336727300102572,1.2254625742024552,799
ETF,SPY,vol_state,rest1_eff_mfe,main,prior RTH,0.0017765409906789857,0.0762259441170845,1843,0.008718699125786931,0.24614859361669214,799
ETF,SPY,fc_vol x vol_state,rest1_eff_mfe,interaction,prior RTH,0.009633527312360416,0.40657198114573,1783,0.0025774229064526146,0.07276395341792664,799
ETF,SPY,vol_state,rest1_eff_vol,main,prior RTH,0.026965803826986136,1.1574392936733007,1843,0.04115934391673803,1.1629626938639317,799
ETF,SPY,fc_vol x vol_state,rest1_eff_vol,interaction,prior RTH,0.021681535345714056,0.915217035108522,1783,0.03901963921066747,1.1024103342306315,799
ETF,SPY,vol_state,rest5_eff_range,main,prior RTH,0.027665144631173623,1.1874794393570134,1843,0.036968167663574816,1.0443691922880916,799
ETF,SPY,fc_vol x vol_state,rest5_eff_range,interaction,prior RTH,0.022545984087441472,0.9517251906194653,1783,0.03511882825288441,0.9920582151068423,799
ETF,SPY,vol_state,rest5_eff_mfe,main,prior RTH,-0.0009866226962029255,-0.042332918195825534,1843,-0.0011366063849584443,-0.032087769747763076,799
ETF,SPY,fc_vol x vol_state,rest5_eff_mfe,interaction,prior RTH,0.004865755962404304,0.20534655645211508,1783,-0.0038419147280077228,-0.10846261908062751,799
ETF,SPY,vol_state,rest5_eff_vol,main,prior RTH,0.030703726411077797,1.3180223877073287,1843,0.03498041510405638,0.9881434358095339,799
ETF,SPY,fc_vol x vol_state,rest5_eff_vol,interaction,prior RTH,0.022151642409207913,0.935070747903244,1783,0.03134498498678438,0.8853412117341448,799
ETF,SPY,vol_state,rest15_eff_range,main,prior RTH,0.026700634571596306,1.1460494100081116,1843,0.042408532281893715,1.198321331338168,799
ETF,SPY,fc_vol x vol_state,rest15_eff_range,interaction,prior RTH,0.02421279610188333,1.0221255548355994,1783,0.04111603319939398,1.1617368704494921,799
ETF,SPY,vol_state,rest15_eff_mfe,main,prior RTH,0.011621403804934994,0.4986718066128654,1843,0.02981175970557511,0.8419956467910968,799
ETF,SPY,fc_vol x vol_state,rest15_eff_mfe,interaction,prior RTH,0.014014976230341447,0.5915166605726313,1783,0.028246421915119595,0.7977483688749788,799
ETF,SPY,vol_state,rest15_eff_vol,main,prior RTH,0.026676475424118305,1.1450117079626425,1843,0.045890610443505515,1.2969128057439552,799
ETF,SPY,fc_vol x vol_state,rest15_eff_vol,interaction,prior RTH,0.02080099198091323,0.8780312682618044,1783,0.043070567532724174,1.2170627022526794,799
ETF,SPY,vol_state,rest30_eff_range,main,prior RTH,0.007866484952804668,0.3375367375010403,1843,0.013695279424087908,0.3866702777519732,799
ETF,SPY,fc_vol x vol_state,rest30_eff_range,interaction,prior RTH,-0.00046520607370807476,-0.019632580322330735,1783,0.014688967498664728,0.41473175412375646,799
ETF,SPY,vol_state,rest30_eff_mfe,main,prior RTH,0.00213818921590636,0.09174322906864449,1843,-0.011805511257087235,-0.3333068400882201,799
ETF,SPY,fc_vol x vol_state,rest30_eff_mfe,interaction,prior RTH,0.0025052465932918133,0.10572648719689344,1783,-0.009088063663791014,-0.2565774336850327,799
ETF,SPY,vol_state,rest30_eff_vol,main,prior RTH,0.0025785924698034286,0.1106397149436548,1843,0.012998908409948525,0.3670056407451246,799
ETF,SPY,fc_vol x vol_state,rest30_eff_vol,interaction,prior RTH,-0.0086954917719438,-0.3669801109851328,1783,0.013389387109827133,0.37803219792928916,799
ETF,SPY,fc_vol,eff_range,main,prior RTH,0.0761236639007565,3.221911673419357,1783,-0.011250035288471492,-0.31762196631624284,799
ETF,SPY,fc_vol,eff_mfe,main,prior RTH,-0.03012754064141635,-1.2720167435566847,1783,-0.04061133748012083,-1.1474529471657688,799
ETF,SPY,fc_vol,rest1_eff_range,main,prior RTH,0.08162732485974541,3.4563619993769095,1783,-0.015033241740145104,-0.4244542459258121,799
ETF,SPY,fc_vol,rest1_eff_mfe,main,prior RTH,-0.022437785916376806,-0.9471555555580069,1783,-0.03061773645628464,-0.86478052457553,799
ETF,SPY,fc_vol,rest1_eff_vol,main,prior RTH,0.09062857805475957,3.8405023759063006,1783,-0.019338458787770425,-0.5460497882276242,799
ETF,SPY,fc_vol,rest5_eff_range,main,prior RTH,0.08221103203499112,3.4812456107011633,1783,-0.024549766299449535,-0.6932780259478662,799
ETF,SPY,fc_vol,rest5_eff_mfe,main,prior RTH,-0.04660768548676282,-1.9690725289150872,1783,-0.032249828452446595,-0.9109248113410133,799
ETF,SPY,fc_vol,rest5_eff_vol,main,prior RTH,0.09677992612869905,4.103559254006775,1783,-0.029826239741795667,-0.8424049812542721,799
ETF,SPY,fc_vol,rest15_eff_range,main,prior RTH,0.0849693515498694,3.598882835718716,1783,-0.025338275287718672,-0.7155593655872816,799
ETF,SPY,fc_vol,rest15_eff_mfe,main,prior RTH,-0.04328266396372107,-1.8283238536020823,1783,-0.03978404655128148,-1.1240408160876603,799
ETF,SPY,fc_vol,rest15_eff_vol,main,prior RTH,0.09836869230224377,4.171577278478278,1783,-0.023900317125730465,-0.6749271514621312,799
ETF,SPY,fc_vol,rest30_eff_range,main,prior RTH,0.07915868829748611,3.351162562282183,1783,-0.04987187961615483,-1.4096966238962079,799
ETF,SPY,fc_vol,rest30_eff_mfe,main,prior RTH,-0.012255178815861145,-0.5172306208128225,1783,-0.029781799968261552,-0.8411487201387562,799
ETF,SPY,fc_vol,rest30_eff_vol,main,prior RTH,0.09097461260718746,3.8552881745893846,1783,-0.0505205049545014,-1.4280775155738648,799
ETF,SPY,open1_ret_pct,rest1_eff_range,main,opening,-0.005761006962924419,-0.24852998508365035,1863,0.012081831897057223,0.34110936971783584,799
ETF,SPY,fc_vol x open1_ret_pct,rest1_eff_range,interaction,opening,-0.0017476562161501134,-0.07375451797385572,1783,0.014681980640320624,0.4145344429836591,799
ETF,SPY,open1_ret_pct,rest1_eff_mfe,main,opening,0.012239713280341907,0.5280523313626593,1863,0.011470023889589996,0.32383370840552456,799
ETF,SPY,fc_vol x open1_ret_pct,rest1_eff_mfe,interaction,opening,0.01879998314842082,0.7935351735190046,1783,0.012320405495600836,0.34784609024006574,799
ETF,SPY,open1_ret_pct,rest1_eff_vol,main,opening,-0.0018981873052881493,-0.0818866366443901,1863,0.020522881527729252,0.5795073892994911,799
ETF,SPY,fc_vol x open1_ret_pct,rest1_eff_vol,interaction,opening,0.0008085647429936383,0.03412297609847051,1783,0.02513386152648192,0.7097830049329431,799
ETF,SPY,open1_absret_pct,rest1_eff_range,main,opening,0.014584914591608425,0.6292500710315758,1863,0.05384336279944298,1.5222703351967004,799
ETF,SPY,fc_vol x open1_absret_pct,rest1_eff_range,interaction,opening,0.0456953284584589,1.9304459848697602,1783,0.05028132087763184,1.421299253450086,799
ETF,SPY,open1_absret_pct,rest1_eff_mfe,main,opening,-0.008274702098260735,-0.35697715396837704,1863,-0.019917966535188878,-0.5624194404406689,799
ETF,SPY,fc_vol x open1_absret_pct,rest1_eff_mfe,interaction,opening,-0.013125095266485916,-0.553951617542581,1783,-0.031445393006422344,-0.8881800456038148,799
ETF,SPY,open1_absret_pct,rest1_eff_vol,main,opening,0.03175924652250012,1.370763440840443,1863,0.06670925750019428,1.8874860756384717,799
ETF,SPY,fc_vol x open1_absret_pct,rest1_eff_vol,interaction,opening,0.06023303163907245,2.5465718203043832,1783,0.061068701032980635,1.7272658351113035,799
ETF,SPY,open1_range_pct,rest1_eff_range,main,opening,0.06126011230134623,2.6476917278607037,1863,0.004270563793737496,0.1205641905631614,799
ETF,SPY,fc_vol x open1_range_pct,rest1_eff_range,interaction,opening,0.07990972202115566,3.3831607467005296,1783,-0.0002855778369578514,-0.008062202054483495,799
ETF,SPY,open1_range_pct,rest1_eff_mfe,main,opening,-0.024791431114096513,-1.069814025278365,1863,-0.03976701398227469,-1.1235588230385447,799
ETF,SPY,fc_vol x open1_range_pct,rest1_eff_mfe,interaction,opening,-0.022271301485562427,-0.9401243270809692,1783,-0.04041936819520642,-1.142020054487452,799
ETF,SPY,open1_range_pct,rest1_eff_vol,main,opening,0.08207647136163612,3.552708994990418,1863,0.02940827132016684,0.8305896929031226,799
ETF,SPY,fc_vol x open1_range_pct,rest1_eff_vol,interaction,opening,0.09654488767327425,4.0934995239562415,1783,0.014444159522711658,0.4078183337072744,799
ETF,SPY,open1_closeloc,rest1_eff_range,main,opening,-0.011577254971817337,-0.49946825584512233,1863,-0.034191514590712416,-0.9658318136219803,799
ETF,SPY,fc_vol x open1_closeloc,rest1_eff_range,interaction,opening,0.03342577632777281,1.411419823721427,1783,-0.042871208291531425,-1.2114189293234485,799
ETF,SPY,open1_closeloc,rest1_eff_mfe,main,opening,0.014915812945781683,0.6435294576132814,1863,-0.0044698793534994384,-0.1261912669203247,799
ETF,SPY,fc_vol x open1_closeloc,rest1_eff_mfe,interaction,opening,0.009569820153689033,0.40388304643989004,1783,-0.024284061898701782,-0.6857701617570227,799
ETF,SPY,open1_closeloc,rest1_eff_vol,main,opening,-0.011674570976932398,-0.503667252374291,1863,-0.01171016193231142,-0.3306144570306278,799
ETF,SPY,fc_vol x open1_closeloc,rest1_eff_vol,interaction,opening,0.03354519549583813,1.416468027281872,1783,-0.023500091118102077,-0.6636187688662235,799
ETF,SPY,open1_vol_rel,rest1_eff_range,main,opening,-0.01851419177669134,-0.794522312041441,1843,-0.03448307094394309,-0.9740773746449286,799
ETF,SPY,fc_vol x open1_vol_rel,rest1_eff_range,interaction,opening,0.05783598531897388,2.4448807093395124,1783,-0.03031566714031637,-0.8562408614320378,799
ETF,SPY,open1_vol_rel,rest1_eff_mfe,main,opening,0.03152712217619992,1.3534030999923732,1843,0.012871281771387166,0.36340168459109334,799
ETF,SPY,fc_vol x open1_vol_rel,rest1_eff_mfe,interaction,opening,0.0012303457820900963,0.051922963660108325,1783,-0.01733564982543969,-0.4894795526142768,799
ETF,SPY,open1_vol_rel,rest1_eff_vol,main,opening,-0.014204508613622099,-0.6095325835953169,1843,-0.028323821129795698,-0.799936065558926,799
ETF,SPY,fc_vol x open1_vol_rel,rest1_eff_vol,interaction,opening,0.06527622412058191,2.7606682638572564,1783,-0.02795613878250068,-0.7895436141729095,799
ETF,SPY,open5_ret_pct,rest5_eff_range,main,opening,-0.008949281697746416,-0.3860812913241179,1863,-0.0020516247053603744,-0.05791992553584781,799
ETF,SPY,fc_vol x open5_ret_pct,rest5_eff_range,interaction,opening,-0.008614919759936798,-0.3635794372132094,1783,0.003309552863418946,0.09343312219069445,799
ETF,SPY,open5_ret_pct,rest5_eff_mfe,main,opening,0.0028359475271319133,0.12234130927733242,1863,-0.013139474309280802,-0.3709750000742312,799
ETF,SPY,fc_vol x open5_ret_pct,rest5_eff_mfe,interaction,opening,0.007537016634046566,0.31808542462623285,1783,-0.009243180023468953,-0.2609571047600045,799
ETF,SPY,open5_ret_pct,rest5_eff_vol,main,opening,0.009015569871285626,0.38894126346553326,1863,-1.4856446672725855e-05,-0.00041941514541948133,799
ETF,SPY,fc_vol x open5_ret_pct,rest5_eff_vol,interaction,opening,0.010016760606565235,0.4227474951113762,1783,0.008823458938610518,0.24910642895710167,799
ETF,SPY,open5_absret_pct,rest5_eff_range,main,opening,0.03576368529161331,1.5438082917449056,1863,0.001964403365630951,0.055457548563865144,799
ETF,SPY,fc_vol x open5_absret_pct,rest5_eff_range,interaction,opening,0.05039845036208445,2.1296164818160226,1783,-0.009867821264689667,-0.2785938857035812,799
ETF,SPY,open5_absret_pct,rest5_eff_mfe,main,opening,0.011650052776865254,0.5026093383377621,1863,-0.026727500384967826,-0.7548187536059269,799
ETF,SPY,fc_vol x open5_absret_pct,rest5_eff_mfe,interaction,opening,-0.009981846512885278,-0.421273833158509,1783,-0.034492763916511765,-0.9743515077220612,799
ETF,SPY,open5_absret_pct,rest5_eff_vol,main,opening,0.050144968166319505,2.1659441541756532,1863,0.027600478365820046,0.7794912649107336,799
ETF,SPY,fc_vol x open5_absret_pct,rest5_eff_vol,interaction,opening,0.06907508679032047,2.922079099820452,1783,0.009804478457617118,0.27680538343102845,799
ETF,SPY,open5_range_pct,rest5_eff_range,main,opening,0.061422062186071914,2.654717752251233,1863,-0.011672791245593594,-0.3295592217783115,799
ETF,SPY,fc_vol x open5_range_pct,rest5_eff_range,interaction,opening,0.07943688113236333,3.3630144408623015,1783,-0.01389615316782346,-0.3923428016203152,799
ETF,SPY,open5_range_pct,rest5_eff_mfe,main,opening,-0.03970315104429927,-1.7141180593583494,1863,-0.021868383540212293,-0.6175181306489944,799
ETF,SPY,fc_vol x open5_range_pct,rest5_eff_mfe,interaction,opening,-0.04426475383031842,-1.8698893232577773,1783,-0.02882043595860213,-0.813973278558558,799
ETF,SPY,open5_range_pct,rest5_eff_vol,main,opening,0.08255839493703185,3.573711962906908,1863,0.013862605594061456,0.3913954400116306,799
ETF,SPY,fc_vol x open5_range_pct,rest5_eff_vol,interaction,opening,0.09915998416710119,4.2054659317911405,1783,-0.0013854724502048638,-0.039113571342063065,799
ETF,SPY,open5_closeloc,rest5_eff_range,main,opening,-0.005923115416712378,-0.2555235898529751,1863,-0.01118901484227184,-0.31589896127914047,799
ETF,SPY,fc_vol x open5_closeloc,rest5_eff_range,interaction,opening,0.035506968261378405,1.49940685369689,1783,-0.00999065830908272,-0.28206223435927263,799
ETF,SPY,open5_closeloc,rest5_eff_mfe,main,opening,-0.007182789857610364,-0.3098685862774953,1863,-0.012692223651343214,-0.3583454220083661,799
ETF,SPY,fc_vol x open5_closeloc,rest5_eff_mfe,interaction,opening,-0.022764433125144607,-0.9609512563009246,1783,-0.018246451326095845,-0.5152047769828766,799
ETF,SPY,open5_closeloc,rest5_eff_vol,main,opening,0.013824495267448195,0.5964361733271603,1863,-0.005924978572814461,-0.1672721226157179,799
ETF,SPY,fc_vol x open5_closeloc,rest5_eff_vol,interaction,opening,0.0563684711008015,2.382644662345569,1783,-0.011728887772052344,-0.3311432186730363,799
ETF,SPY,open5_vol_rel,rest5_eff_range,main,opening,-0.024641004884254872,-1.0575896606968525,1843,-0.02063165199821941,-0.5825800603086916,799
ETF,SPY,fc_vol x open5_vol_rel,rest5_eff_range,interaction,opening,0.05391241236166299,2.278519726330535,1783,-0.03282633621459588,-0.9272261924947395,799
ETF,SPY,open5_vol_rel,rest5_eff_mfe,main,opening,-0.013609341471891669,-0.5839884096650274,1843,0.011717936963720728,0.33083400059412854,799
ETF,SPY,fc_vol x open5_vol_rel,rest5_eff_mfe,interaction,opening,-0.040623304806733755,-1.7157968060092128,1783,-0.022575505698944086,-0.6374958269012742,799
ETF,SPY,open5_vol_rel,rest5_eff_vol,main,opening,-0.015431783209222385,-0.6622084609981963,1843,-0.007308207200425621,-0.20632488450719497,799
ETF,SPY,fc_vol x open5_vol_rel,rest5_eff_vol,interaction,opening,0.06826283734477616,2.88755673712958,1783,-0.027482014803996157,-0.7761430890028355,799
ETF,SPY,open15_ret_pct,rest15_eff_range,main,opening,0.01559516709837817,0.6728465620232936,1863,0.038273218362078976,1.0812906880395252,799
ETF,SPY,fc_vol x open15_ret_pct,rest15_eff_range,interaction,opening,0.02253178186399148,0.9511253728626192,1783,0.03914526709009541,1.1059650999898696,799
ETF,SPY,open15_ret_pct,rest15_eff_mfe,main,opening,0.013629035769100382,0.5880018018016951,1863,-0.010189087692707042,-0.28766498727053813,799
ETF,SPY,fc_vol x open15_ret_pct,rest15_eff_mfe,interaction,opening,0.016433625846841764,0.6936238315880806,1783,-0.012178957607340403,-0.3438519492682897,799
ETF,SPY,open15_ret_pct,rest15_eff_vol,main,opening,0.02516882245720712,1.0861096779325519,1863,0.049573669379338596,1.4012464761535297,799
ETF,SPY,fc_vol x open15_ret_pct,rest15_eff_vol,interaction,opening,0.03124734955893761,1.3193416445554045,1783,0.04950598608942537,1.399328640662955,799
ETF,SPY,open15_absret_pct,rest15_eff_range,main,opening,0.0010512349875020025,0.04534957624679219,1863,0.019515630899423885,0.5510544004346304,799
ETF,SPY,fc_vol x open15_absret_pct,rest15_eff_range,interaction,opening,0.029517248911417396,1.2462268767679334,1783,0.012758217808873354,0.36020896813688036,799
ETF,SPY,open15_absret_pct,rest15_eff_mfe,main,opening,-0.00613618877218409,-0.2647159285735957,1863,0.00559042334374804,0.1578267610899594,799
ETF,SPY,fc_vol x open15_absret_pct,rest15_eff_mfe,interaction,opening,-0.01994655215624877,-0.8419498213352494,1783,-0.0037569754650131127,-0.1060646308149445,799
ETF,SPY,open15_absret_pct,rest15_eff_vol,main,opening,0.009374840098241606,0.404441898998278,1863,0.02734938944708587,0.7723946922886604,799
ETF,SPY,fc_vol x open15_absret_pct,rest15_eff_vol,interaction,opening,0.042609305510574486,1.7998280504547384,1783,0.01916239329148262,0.5410764857618056,799
ETF,SPY,open15_range_pct,rest15_eff_range,main,opening,0.05612274249027541,2.4249183125733875,1863,0.003281404387062776,0.09263844430519072,799
ETF,SPY,fc_vol x open15_range_pct,rest15_eff_range,interaction,opening,0.07602066395874782,3.2175268736394527,1783,-0.007943082048048783,-0.22424972034468146,799
ETF,SPY,open15_range_pct,rest15_eff_mfe,main,opening,-0.020691374438009724,-0.8928027396806973,1863,-0.014414976041568503,-0.40699419197065145,799
ETF,SPY,fc_vol x open15_range_pct,rest15_eff_mfe,interaction,opening,-0.034972631885096896,-1.4768147741969306,1783,-0.03109724815263233,-0.8783370679118633,799
ETF,SPY,open15_range_pct,rest15_eff_vol,main,opening,0.07093783190291945,3.0679380034684334,1863,0.021461624963535247,0.60602676274126,799
ETF,SPY,fc_vol x open15_range_pct,rest15_eff_vol,interaction,opening,0.09176834541718511,3.8892091147806043,1783,0.004547107756876547,0.12837158300660562,799
ETF,SPY,open15_closeloc,rest15_eff_range,main,opening,0.027422669718178742,1.183440087442555,1863,0.02970678366570212,0.8390281071548634,799
ETF,SPY,fc_vol x open15_closeloc,rest15_eff_range,interaction,opening,0.08308046948221098,3.518316684423565,1783,0.017499318167900624,0.4941022078394749,799
ETF,SPY,open15_closeloc,rest15_eff_mfe,main,opening,0.019488099552321485,0.8408628418436841,1863,0.007807517477928768,0.2204222153435471,799
ETF,SPY,fc_vol x open15_closeloc,rest15_eff_mfe,interaction,opening,-0.0030041016553546303,-0.1267793567769742,1783,-0.017159901979209857,-0.48451576721396505,799
ETF,SPY,open15_closeloc,rest15_eff_vol,main,opening,0.03045720919530137,1.314512805298522,1863,0.049695860940052045,1.404708876255858,799
ETF,SPY,fc_vol x open15_closeloc,rest15_eff_vol,interaction,opening,0.09051857836961279,3.8358024653448566,1783,0.03341230187669507,0.9437959555439898,799
ETF,SPY,open15_vol_rel,rest15_eff_range,main,opening,-0.0025945767284288744,-0.11132555642780546,1843,0.004420069259506714,0.12478502709471927,799
ETF,SPY,fc_vol x open15_vol_rel,rest15_eff_range,interaction,opening,0.06996890451481494,2.9600750420796684,1783,-0.019793915326488942,-0.5589152552591719,799
ETF,SPY,open15_vol_rel,rest15_eff_mfe,main,opening,0.010480479099948292,0.4497093149885872,1843,-0.008463304744554428,-0.23893770837036438,799
ETF,SPY,fc_vol x open15_vol_rel,rest15_eff_mfe,interaction,opening,-0.017702255819987755,-0.7471858355625138,1783,-0.03789481940474712,-1.0705847523159928,799
ETF,SPY,open15_vol_rel,rest15_eff_vol,main,opening,-0.0033651474582192384,-0.14438878194199303,1843,0.02158247621557021,0.6094409090826514,799
ETF,SPY,fc_vol x open15_vol_rel,rest15_eff_vol,interaction,opening,0.07742427142621294,3.2772886745663916,1783,-0.008233012129823934,-0.23243559442374645,799
ETF,SPY,open30_ret_pct,rest30_eff_range,main,opening,0.0048713764392962836,0.2101503080236273,1863,0.01290145356627003,0.3642536824310871,799
ETF,SPY,fc_vol x open30_ret_pct,rest30_eff_range,interaction,opening,0.0062001571411249715,0.2616634144179756,1783,0.014643892443607762,0.4134588210530367,799
ETF,SPY,open30_ret_pct,rest30_eff_mfe,main,opening,0.024960169485997587,1.077100044002826,1863,0.011907706741763203,0.3361925485606609,799
ETF,SPY,fc_vol x open30_ret_pct,rest30_eff_mfe,interaction,opening,0.026797673950599097,1.1313189225344988,1783,0.010788826919260452,0.3045991336644097,799
ETF,SPY,open30_ret_pct,rest30_eff_vol,main,opening,0.01607311206991455,0.6934725350592584,1863,0.018914926664174478,0.5340864085217383,799
ETF,SPY,fc_vol x open30_ret_pct,rest30_eff_vol,interaction,opening,0.017834307012583442,0.752761286375828,1783,0.020625758823445653,0.58241358272735,799
ETF,SPY,open30_absret_pct,rest30_eff_range,main,opening,0.04202387695666312,1.8144839256264345,1863,-0.03613843004105732,-1.020897684848301,799
ETF,SPY,fc_vol x open30_absret_pct,rest30_eff_range,interaction,opening,0.061229168155182534,2.5888443276163327,1783,-0.04494179807632895,-1.270043612985537,799
ETF,SPY,open30_absret_pct,rest30_eff_mfe,main,opening,0.03559900630993692,1.5366905655456953,1863,-0.04428068057841359,-1.251323623374363,799
ETF,SPY,fc_vol x open30_absret_pct,rest30_eff_mfe,interaction,opening,0.02677530751082698,1.1303739995624762,1783,-0.0449480444002144,-1.2702204898103417,799
ETF,SPY,open30_absret_pct,rest30_eff_vol,main,opening,0.057683336719772,2.492569602219259,1863,-0.025471265923753764,-0.719317486964111,799
ETF,SPY,fc_vol x open30_absret_pct,rest30_eff_vol,interaction,opening,0.07681513863633825,3.251351065354658,1783,-0.03770862566523842,-1.0653169945802343,799
ETF,SPY,open30_range_pct,rest30_eff_range,main,opening,0.06172551561918232,2.6678833254568803,1863,-0.016873935563685903,-0.47643908741165103,799
ETF,SPY,fc_vol x open30_range_pct,rest30_eff_range,interaction,opening,0.07374198852220777,3.1205478574948518,1783,-0.03465237347114094,-0.9788655659559682,799
ETF,SPY,open30_range_pct,rest30_eff_mfe,main,opening,-0.0007232264980630522,-0.031199499695770315,1863,-0.023448001536789425,-0.6621470017645804,799
ETF,SPY,fc_vol x open30_range_pct,rest30_eff_mfe,interaction,opening,-0.009159998058787805,-0.3865855012936149,1783,-0.02949824533366715,-0.8331330750712883,799
ETF,SPY,open30_range_pct,rest30_eff_vol,main,opening,0.07458851218897507,3.2266851550168374,1863,-0.006577888714276304,-0.18570563340117643,799
ETF,SPY,fc_vol x open30_range_pct,rest30_eff_vol,interaction,opening,0.08731971721243094,3.6991872404197874,1783,-0.028088399973651274,-0.7932819071538245,799
ETF,SPY,open30_closeloc,rest30_eff_range,main,opening,0.0035988891298788126,0.15525459645547685,1863,0.014739349200685911,0.4161545514894523,799
ETF,SPY,fc_vol x open30_closeloc,rest30_eff_range,interaction,opening,0.03924911374860284,1.657664306603402,1783,-0.00115286261436832,-0.03254670332545206,799
ETF,SPY,open30_closeloc,rest30_eff_mfe,main,opening,0.019911449968717666,0.8591365232493757,1863,0.021729348735059714,0.6135902134261368,799
ETF,SPY,fc_vol x open30_closeloc,rest30_eff_mfe,interaction,opening,0.0008113809713563861,0.03424182639103887,1783,0.00557053234254047,0.15726518825451663,799
ETF,SPY,open30_closeloc,rest30_eff_vol,main,opening,0.011748721254320275,0.506866702366503,1863,0.014067137877976593,0.39717131900354974,799
ETF,SPY,fc_vol x open30_closeloc,rest30_eff_vol,interaction,opening,0.0487076196510502,2.0579965622208682,1783,-0.008177750431564778,-0.2308753334349158,799
ETF,SPY,open30_vol_rel,rest30_eff_range,main,opening,-0.0023270591804475257,-0.09984710982765238,1843,-0.005886834611678805,-0.16619521691856676,799
ETF,SPY,fc_vol x open30_vol_rel,rest30_eff_range,interaction,opening,0.06332306673162116,2.677727439858842,1783,-0.03704042669079081,-1.0464133477129263,799
ETF,SPY,open30_vol_rel,rest30_eff_mfe,main,opening,0.010492379372176156,0.45022000272682466,1843,-0.01746101820721647,-0.49302045866745253,799
ETF,SPY,fc_vol x open30_vol_rel,rest30_eff_mfe,interaction,opening,-0.003027399753912533,-0.12776259411562346,1783,-0.031011591451386503,-0.8759153751442796,799
ETF,SPY,open30_vol_rel,rest30_eff_vol,main,opening,-0.01297336973212462,-0.5566936152325577,1843,0.013927818607846271,0.3932370142151269,799
ETF,SPY,fc_vol x open30_vol_rel,rest30_eff_vol,interaction,opening,0.06534638150508648,2.7636480840666726,1783,-0.026361217499317757,-0.7444672136077524,799
FUTURES,ES,gap_pct,eff_range,main,prior RTH,0.01791257073971307,0.2633021947479705,218,0.14311827189455395,1.3870207968241626,94
FUTURES,ES,fc_vol x gap_pct,eff_range,interaction,prior RTH,-0.04952641450634921,-0.5782819404414921,138,0.13056137570833887,1.263112678294248,94
FUTURES,ES,gap_pct,eff_mfe,main,prior RTH,-0.039255420561945024,-0.577379539089939,218,0.20088143933344327,1.9668808409522849,94
FUTURES,ES,fc_vol x gap_pct,eff_mfe,interaction,prior RTH,-0.1470790362315035,-1.734080137263126,138,0.20419044880023646,2.0006778992058516,94
FUTURES,ES,gap_pct,rest1_eff_range,main,prior RTH,0.03986234751694807,0.5863204870021206,218,0.12781590933851047,1.236105785876786,94
FUTURES,ES,fc_vol x gap_pct,rest1_eff_range,interaction,prior RTH,-0.015345134238531101,-0.17897455222057176,138,0.118192327221112,1.1416632123495196,94
FUTURES,ES,gap_pct,rest1_eff_mfe,main,prior RTH,-0.010010042474921552,-0.14712434938733432,218,0.2438768876672557,2.412012764738664,94
FUTURES,ES,fc_vol x gap_pct,rest1_eff_mfe,interaction,prior RTH,-0.07581697257237052,-0.8867224476058907,138,0.24981576491988447,2.4746101467245856,94
FUTURES,ES,gap_pct,rest1_eff_vol,main,prior RTH,0.05625809724750931,0.8281333415569059,218,0.08687233587056978,0.836412270177894,94
FUTURES,ES,fc_vol x gap_pct,rest1_eff_vol,interaction,prior RTH,0.0007968236645212551,0.00929248386302492,138,0.07872263569907918,0.7574316412101887,94
FUTURES,ES,gap_pct,rest5_eff_range,main,prior RTH,0.038260428403530694,0.5627231865048702,218,0.1556968428152677,1.511828575277445,94
FUTURES,ES,fc_vol x gap_pct,rest5_eff_range,interaction,prior RTH,-0.029062373712581822,-0.33906582753960696,138,0.1403511307902269,1.3596589406825645,94
FUTURES,ES,gap_pct,rest5_eff_mfe,main,prior RTH,0.008067570682461075,0.11857244856320152,218,0.20220505900401992,1.980391329049678,94
FUTURES,ES,fc_vol x gap_pct,rest5_eff_mfe,interaction,prior RTH,-0.07696312007835812,-0.9002065681145759,138,0.20039881807962626,1.9619574131056208,94
FUTURES,ES,gap_pct,rest5_eff_vol,main,prior RTH,0.05477315544923453,0.8062079547845661,218,0.10138718307316247,0.9775087578103412,94
FUTURES,ES,fc_vol x gap_pct,rest5_eff_vol,interaction,prior RTH,-0.0009018491331974089,-0.010517282101185218,138,0.08787659856900698,0.8461561895979527,94
FUTURES,ES,gap_pct,rest15_eff_range,main,prior RTH,0.02310638626879478,0.3396838285178892,218,0.04524617171010567,0.4344309480246149,94
FUTURES,ES,fc_vol x gap_pct,rest15_eff_range,interaction,prior RTH,-0.04867251080796388,-0.5682876779237868,138,0.039148324377039134,0.37578560955975665,94
FUTURES,ES,gap_pct,rest15_eff_mfe,main,prior RTH,0.010629163916904974,0.15622499326376116,218,-0.12010692876849234,-1.160425556184171,94
FUTURES,ES,fc_vol x gap_pct,rest15_eff_mfe,interaction,prior RTH,-0.05529134293327001,-0.6457902104489035,138,-0.11705801611568291,-1.130553514540609,94
FUTURES,ES,gap_pct,rest15_eff_vol,main,prior RTH,0.032503661678851596,0.4779568598805305,218,0.020424824809223283,0.1959489139640716,94
FUTURES,ES,fc_vol x gap_pct,rest15_eff_vol,interaction,prior RTH,-0.018126025996086658,-0.2114187052147443,138,0.016480023130469864,0.15809229856146892,94
FUTURES,ES,gap_pct,rest30_eff_range,main,prior RTH,0.03835254667234235,0.5640800284562543,218,0.14267032738158192,1.3825892282705947,94
FUTURES,ES,fc_vol x gap_pct,rest30_eff_range,interaction,prior RTH,-0.02367867686174767,-0.27621589661414475,138,0.14803121171424685,1.4356828669056423,94
FUTURES,ES,gap_pct,rest30_eff_mfe,main,prior RTH,0.03630005606186873,0.5338515323586428,218,0.19250484984110344,1.881635727778625,94
FUTURES,ES,fc_vol x gap_pct,rest30_eff_mfe,interaction,prior RTH,0.03392554827354983,0.3958643541842563,138,0.2300745253528878,2.2676310315224124,94
FUTURES,ES,gap_pct,rest30_eff_vol,main,prior RTH,0.03924497311875738,0.5772256381528023,218,0.11970955863601718,1.1565304118745714,94
FUTURES,ES,fc_vol x gap_pct,rest30_eff_vol,interaction,prior RTH,0.014157889810018056,0.16512449891862713,138,0.11531681244429175,1.1135084868288594,94
FUTURES,ES,abs_gap_pct,eff_range,main,prior RTH,-0.040477463919599284,-0.5953827410660324,218,0.1056787805038942,1.0193432503294495,94
FUTURES,ES,fc_vol x abs_gap_pct,eff_range,interaction,prior RTH,0.030592127418890516,0.3569295070602583,138,0.09039086777084983,0.8705625099221839,94
FUTURES,ES,abs_gap_pct,eff_mfe,main,prior RTH,-0.11001780309569532,-1.6268001818552789,218,-0.0044071960147245145,-0.042272749695432564,94
FUTURES,ES,fc_vol x abs_gap_pct,eff_mfe,interaction,prior RTH,-0.0710816938324935,-0.831050018023027,138,-0.04813236040999133,-0.46220509398960696,94
FUTURES,ES,abs_gap_pct,rest1_eff_range,main,prior RTH,0.001139188969269303,0.016742601035772787,218,0.11353948421540286,1.096120555255314,94
FUTURES,ES,fc_vol x abs_gap_pct,rest1_eff_range,interaction,prior RTH,0.02792992518076938,0.3258432171123717,138,0.0954627556435328,0.9198475270753728,94
FUTURES,ES,abs_gap_pct,rest1_eff_mfe,main,prior RTH,-0.04425522944218095,-0.651054249090876,218,0.03147893940353231,0.3020850885461391,94
FUTURES,ES,fc_vol x abs_gap_pct,rest1_eff_mfe,interaction,prior RTH,-0.0537798894492784,-0.6280848518224212,138,-0.01591648003350509,-0.15268485475295732,94
FUTURES,ES,abs_gap_pct,rest1_eff_vol,main,prior RTH,-0.017567371126001912,-0.258226421313932,218,0.1645690341367131,1.6003100423942322,94
FUTURES,ES,fc_vol x abs_gap_pct,rest1_eff_vol,interaction,prior RTH,0.05626397009970569,0.6571860360006657,138,0.1458420635298837,1.4139864361420351,94
FUTURES,ES,abs_gap_pct,rest5_eff_range,main,prior RTH,-0.01697548426404929,-0.2495236023340232,218,0.017151939899927863,0.16453983280431694,94
FUTURES,ES,fc_vol x abs_gap_pct,rest5_eff_range,interaction,prior RTH,-0.0008287879375966062,-0.009665248509786884,138,0.014406473530099478,0.13819638162127806,94
FUTURES,ES,abs_gap_pct,rest5_eff_mfe,main,prior RTH,-0.09080389606329556,-1.3400754012257234,218,0.017982934643263143,0.17251414626772796,94
FUTURES,ES,fc_vol x abs_gap_pct,rest5_eff_mfe,interaction,prior RTH,-0.09728783142955644,-1.1399690152793422,138,0.0028394107331468125,0.027234780790388016,94
FUTURES,ES,abs_gap_pct,rest5_eff_vol,main,prior RTH,-0.030264665972092507,-0.4450017795847949,218,0.08124412981242157,0.7818509357680091,94
FUTURES,ES,fc_vol x abs_gap_pct,rest5_eff_vol,interaction,prior RTH,0.02370607481009797,0.27653567806783086,138,0.07820966698261125,0.7524656254587669,94
FUTURES,ES,abs_gap_pct,rest15_eff_range,main,prior RTH,-0.02520059617801006,-0.3704892731043865,218,0.07165331863233101,0.6890456130740968,94
FUTURES,ES,fc_vol x abs_gap_pct,rest15_eff_range,interaction,prior RTH,0.01898908304671337,0.22148879594485282,138,0.07068517699414271,0.6796885223095441,94
FUTURES,ES,abs_gap_pct,rest15_eff_mfe,main,prior RTH,-0.04293132800263347,-0.6315413505276363,218,0.08885196162144604,0.8556221971778327,94
FUTURES,ES,fc_vol x abs_gap_pct,rest15_eff_mfe,interaction,prior RTH,-0.005993301201628351,-0.0698945573016419,138,0.08918430755042527,0.8588482168993444,94
FUTURES,ES,abs_gap_pct,rest15_eff_vol,main,prior RTH,-0.041442269991867564,-0.6095981973251348,218,0.15160031799502374,1.4711023503443648,94
FUTURES,ES,fc_vol x abs_gap_pct,rest15_eff_vol,interaction,prior RTH,0.03273369879152216,0.38194192526893894,138,0.1451412471144275,1.4070452154489494,94
FUTURES,ES,abs_gap_pct,rest30_eff_range,main,prior RTH,-0.08494699319207837,-1.252989697663929,218,0.02421067843498664,0.23228875849286976,94
FUTURES,ES,fc_vol x abs_gap_pct,rest30_eff_range,interaction,prior RTH,-0.009061871416862065,-0.10568301192016069,138,-0.0007441658844534836,-0.00713779039086509,94
FUTURES,ES,abs_gap_pct,rest30_eff_mfe,main,prior RTH,-0.07469606130667092,-1.1008788896342667,218,-0.05945762396619794,-0.5713082357449216,94
FUTURES,ES,fc_vol x abs_gap_pct,rest30_eff_mfe,interaction,prior RTH,-0.005303792222858621,-0.06185318460120079,138,-0.12069619505040644,-1.166202768026947,94
FUTURES,ES,abs_gap_pct,rest30_eff_vol,main,prior RTH,-0.06415770962210682,-0.9448685546066057,218,0.1132360379324218,1.0931529543596805,94
FUTURES,ES,fc_vol x abs_gap_pct,rest30_eff_vol,interaction,prior RTH,0.03310813741897627,0.3863157010285748,138,0.10174842864813988,0.981028020182219,94
FUTURES,ES,prev_ret_pct,eff_range,main,prior RTH,-0.07065769003013168,-1.0386410664308676,217,0.12844706137340606,1.242311787032951,94
FUTURES,ES,fc_vol x prev_ret_pct,eff_range,interaction,prior RTH,-0.08140168063778667,-0.9524594220770116,138,0.14312755120471046,1.3871126073373004,94
FUTURES,ES,prev_ret_pct,eff_mfe,main,prior RTH,-0.06745565952150734,-0.9913521557090017,217,0.026088212982696958,0.2503145443127672,94
FUTURES,ES,fc_vol x prev_ret_pct,eff_mfe,interaction,prior RTH,-0.06812728173538604,-0.7963440006518392,138,0.021233247841635664,0.20370808483742475,94
FUTURES,ES,prev_ret_pct,rest1_eff_range,main,prior RTH,-0.0582836567595372,-0.8560614165244005,217,0.1427663186793339,1.3835388085317837,94
FUTURES,ES,fc_vol x prev_ret_pct,rest1_eff_range,interaction,prior RTH,-0.04917246780170278,-0.5741391232550274,138,0.15643535743958387,1.5191790671128858,94
FUTURES,ES,prev_ret_pct,rest1_eff_mfe,main,prior RTH,-0.04420278153745738,-0.6487741313599062,217,0.08648629122566195,0.8326673340637948,94
FUTURES,ES,fc_vol x prev_ret_pct,rest1_eff_mfe,interaction,prior RTH,-0.03042770480537182,-0.3550093458906764,138,0.089000469602283,0.8570637006827565,94
FUTURES,ES,prev_ret_pct,rest1_eff_vol,main,prior RTH,0.004661142349807635,0.06834650546834732,217,0.22271430119567967,2.191236151969247,94
FUTURES,ES,fc_vol x prev_ret_pct,rest1_eff_vol,interaction,prior RTH,0.014646486555598427,0.1708242406223159,138,0.23576202001228191,2.326944512810554,94
FUTURES,ES,prev_ret_pct,rest5_eff_range,main,prior RTH,-0.06903812678158541,-1.0147187474893455,217,0.11909836361666006,1.1505403902280433,94
FUTURES,ES,fc_vol x prev_ret_pct,rest5_eff_range,interaction,prior RTH,-0.09047487493978158,-1.0594543866003114,138,0.12934291803634002,1.2511232172069957,94
FUTURES,ES,prev_ret_pct,rest5_eff_mfe,main,prior RTH,-0.09164452456380415,-1.3494512901896958,217,0.10808877714964132,1.0428609959629918,94
FUTURES,ES,fc_vol x prev_ret_pct,rest5_eff_mfe,interaction,prior RTH,-0.1343115923002632,-1.5806509103026727,138,0.1033493721760323,0.9966291874379628,94
FUTURES,ES,prev_ret_pct,rest5_eff_vol,main,prior RTH,0.0045953766729144065,0.06738216036593514,217,0.19823718527616227,1.9399238603636033,94
FUTURES,ES,fc_vol x prev_ret_pct,rest5_eff_vol,interaction,prior RTH,-0.007212509903216747,-0.08411378441406976,138,0.21064913484810174,2.066852101661725,94
FUTURES,ES,prev_ret_pct,rest15_eff_range,main,prior RTH,-0.0514675594365368,-0.7556640669383343,217,0.07820712425411086,0.7524410109757658,94
FUTURES,ES,fc_vol x prev_ret_pct,rest15_eff_range,interaction,prior RTH,-0.044759166051192595,-0.5225007351245177,138,0.09676009377693366,0.9324655929853528,94
FUTURES,ES,prev_ret_pct,rest15_eff_mfe,main,prior RTH,0.016325178866773492,0.239406015276419,217,0.07541812664812339,0.7254513456426624,94
FUTURES,ES,fc_vol x prev_ret_pct,rest15_eff_mfe,interaction,prior RTH,0.022783677215637836,0.265770040693819,138,0.09032980529566882,0.8699695720812531,94
FUTURES,ES,prev_ret_pct,rest15_eff_vol,main,prior RTH,0.023201191298261443,0.34028784438775733,217,0.17110139796987323,1.6657104805461482,94
FUTURES,ES,fc_vol x prev_ret_pct,rest15_eff_vol,interaction,prior RTH,0.0350762233754729,0.40930741374397206,138,0.19065130224325397,1.8628314348960087,94
FUTURES,ES,prev_ret_pct,rest30_eff_range,main,prior RTH,0.025319815339174975,0.3713804346550952,217,0.17691001697792869,1.7240547366690298,94
FUTURES,ES,fc_vol x prev_ret_pct,rest30_eff_range,interaction,prior RTH,0.023573651393071514,0.27499007347083937,138,0.17705450998807934,1.7255084276107784,94
FUTURES,ES,prev_ret_pct,rest30_eff_mfe,main,prior RTH,0.18367505121833208,2.739817389214795,217,0.205672093604252,2.015834009102417,94
FUTURES,ES,fc_vol x prev_ret_pct,rest30_eff_mfe,interaction,prior RTH,0.19927235532452758,2.3714566246308735,138,0.18491559771676377,1.804772479535628,94
FUTURES,ES,prev_ret_pct,rest30_eff_vol,main,prior RTH,0.0686382277089587,1.008813148458027,217,0.22556081349564716,2.2207336469639833,94
FUTURES,ES,fc_vol x prev_ret_pct,rest30_eff_vol,interaction,prior RTH,0.0644376913575455,0.7530311573215619,138,0.23489506195137808,2.317887061161663,94
FUTURES,ES,prev_range_pct,eff_range,main,prior RTH,-0.013549510911114247,-0.19869306928800365,217,0.09261279485604884,0.892144983157517,94
FUTURES,ES,fc_vol x prev_range_pct,eff_range,interaction,prior RTH,-0.0240280281331744,-0.28029347720515996,138,0.04738648267890041,0.4550263379176205,94
FUTURES,ES,prev_range_pct,eff_mfe,main,prior RTH,-0.060947202461527294,-0.8953258308438607,217,0.029714987537477873,0.2851420631339828,94
FUTURES,ES,fc_vol x prev_range_pct,eff_mfe,interaction,prior RTH,-0.12173136768274999,-1.4302561944311256,138,-0.011465520355452806,-0.10998063706724784,94
FUTURES,ES,prev_range_pct,rest1_eff_range,main,prior RTH,-0.018612860947871308,-0.27296540183837636,217,0.0673265180796879,0.6472418700499084,94
FUTURES,ES,fc_vol x prev_range_pct,rest1_eff_range,interaction,prior RTH,-0.04388923009481973,-0.5123256539857888,138,0.024773326590326192,0.23769034978121237,94
FUTURES,ES,prev_range_pct,rest1_eff_mfe,main,prior RTH,-0.052953144863677394,-0.7775364037812131,217,0.022938265361413142,0.2200740173532472,94
FUTURES,ES,fc_vol x prev_range_pct,rest1_eff_mfe,interaction,prior RTH,-0.14526163899093356,-1.7121879619715823,138,-0.026651735722284433,-0.2557253075528787,94
FUTURES,ES,prev_range_pct,rest1_eff_vol,main,prior RTH,-0.021463098408940375,-0.31478331299694357,217,0.07690640465267493,0.739851525479915,94
FUTURES,ES,fc_vol x prev_range_pct,rest1_eff_vol,interaction,prior RTH,-0.02636367580007717,-0.30755755222527636,138,0.039237076906404655,0.3766388591354286,94
FUTURES,ES,prev_range_pct,rest5_eff_range,main,prior RTH,-0.04108946747695662,-0.60299911107507,217,0.11276956977206228,1.0885916592246625,94
FUTURES,ES,fc_vol x prev_range_pct,rest5_eff_range,interaction,prior RTH,-0.07177120886597609,-0.8391530063263402,138,0.06790449012029043,0.6528238193718416,94
FUTURES,ES,prev_range_pct,rest5_eff_mfe,main,prior RTH,-0.058293673279458565,-0.8562090392349936,217,-0.022671117084123685,-0.217509620894446,94
FUTURES,ES,fc_vol x prev_range_pct,rest5_eff_mfe,interaction,prior RTH,-0.14680049042327545,-1.730723645207791,138,-0.03738783649150417,-0.3588624353662605,94
FUTURES,ES,prev_range_pct,rest5_eff_vol,main,prior RTH,-0.04129027560516167,-0.6059510454502316,217,0.13039771701043962,1.2615019613043863,94
FUTURES,ES,fc_vol x prev_range_pct,rest5_eff_vol,interaction,prior RTH,-0.057291393162841986,-0.6692259191296472,138,0.09372539103420871,0.9029571082388718,94
FUTURES,ES,prev_range_pct,rest15_eff_range,main,prior RTH,-0.04271601915311245,-0.6269120014760879,217,0.20461729081985475,2.005042694555516,94
FUTURES,ES,fc_vol x prev_range_pct,rest15_eff_range,interaction,prior RTH,-0.028667419350070108,-0.3344541453154384,138,0.15672490960225655,1.5220617136926557,94
FUTURES,ES,prev_range_pct,rest15_eff_mfe,main,prior RTH,-0.07480856728389837,-1.0999911884728677,217,0.14052667702199906,1.361393792016888,94
FUTURES,ES,fc_vol x prev_range_pct,rest15_eff_mfe,interaction,prior RTH,-0.10755749573619429,-1.2616441338446815,138,0.12408337246685691,1.1994353799701452,94
FUTURES,ES,prev_range_pct,rest15_eff_vol,main,prior RTH,-0.0452773197668137,-0.6645773825845093,217,0.2015316259075967,1.973516035409062,94
FUTURES,ES,fc_vol x prev_range_pct,rest15_eff_vol,interaction,prior RTH,-0.019820132469080272,-0.23118589167515563,138,0.1626919047791063,1.5815571436782245,94
FUTURES,ES,prev_range_pct,rest30_eff_range,main,prior RTH,-0.05725848407591907,-0.8409538632444488,217,0.2055918794928295,2.015013109725306,94
FUTURES,ES,fc_vol x prev_range_pct,rest30_eff_range,interaction,prior RTH,-0.036838824719342265,-0.42990263886146035,138,0.16548061987501356,1.6094233992052396,94
FUTURES,ES,prev_range_pct,rest30_eff_mfe,main,prior RTH,-0.04654632700990715,-0.6832436739183412,217,0.010035075804984757,0.09625791260886471,94
FUTURES,ES,fc_vol x prev_range_pct,rest30_eff_mfe,interaction,prior RTH,0.008963705668077034,0.10453807289813134,138,-0.031463466616780865,-0.30193645803024854,94
FUTURES,ES,prev_range_pct,rest30_eff_vol,main,prior RTH,-0.051420538620893755,-0.7549718603829475,217,0.2358487158183723,2.327850581062188,94
FUTURES,ES,fc_vol x prev_range_pct,rest30_eff_vol,interaction,prior RTH,-0.011208044037635647,-0.1307153417424112,138,0.2070946067983961,2.03039886523971,94
FUTURES,ES,prev_rv_pct,eff_range,main,prior RTH,0.06797362440175884,0.9989995497134049,217,-0.103131885995015,-0.9945093316006174,94
FUTURES,ES,fc_vol x prev_rv_pct,eff_range,interaction,prior RTH,0.006004723868324655,0.07002777453297622,138,-0.0855615359606979,-0.8236980156247192,94
FUTURES,ES,prev_rv_pct,eff_mfe,main,prior RTH,-0.028449543897152027,-0.41732111896509744,217,-0.13778130982913703,-1.3342773345201835,94
FUTURES,ES,fc_vol x prev_rv_pct,eff_mfe,interaction,prior RTH,-0.0951918883807584,-1.1151827538813592,138,-0.1330130404941661,-1.2872544379656898,94
FUTURES,ES,prev_rv_pct,rest1_eff_range,main,prior RTH,0.05444223659672017,0.7994655595638821,217,-0.11198930751724885,-1.0809635994470335,94
FUTURES,ES,fc_vol x prev_rv_pct,rest1_eff_range,interaction,prior RTH,-0.013637328791362337,-0.15905200698755922,138,-0.09619622150778456,-0.9269807183239998,94
FUTURES,ES,prev_rv_pct,rest1_eff_mfe,main,prior RTH,-0.035136507899231846,-0.5155206616942919,217,-0.14973088176859445,-1.4525429893816995,94
FUTURES,ES,fc_vol x prev_rv_pct,rest1_eff_mfe,interaction,prior RTH,-0.11627460963631504,-1.3652436165888142,138,-0.14801141494780193,-1.4354865669727863,94
FUTURES,ES,prev_rv_pct,rest1_eff_vol,main,prior RTH,0.04033432451603508,0.5918989553114284,217,-0.09583498898240798,-0.9234674262035465,94
FUTURES,ES,fc_vol x prev_rv_pct,rest1_eff_vol,interaction,prior RTH,0.0014178438271280783,0.016534774920555623,138,-0.07791785572372936,-0.7496408888278111,94
FUTURES,ES,prev_rv_pct,rest5_eff_range,main,prior RTH,0.020086135446213776,0.29457999009868346,217,-0.044800057797204064,-0.43013892979768215,94
FUTURES,ES,fc_vol x prev_rv_pct,rest5_eff_range,interaction,prior RTH,-0.042925735577834134,-0.5010576403658817,138,-0.035321316331322475,-0.3390016990893121,94
FUTURES,ES,prev_rv_pct,rest5_eff_mfe,main,prior RTH,-0.05586914971389941,-0.8204840575354984,217,-0.12940887482817828,-1.2517720751648256,94
FUTURES,ES,fc_vol x prev_rv_pct,rest5_eff_mfe,interaction,prior RTH,-0.126101340444623,-1.4824152805100734,138,-0.11356510179902493,-1.09637110067635,94
FUTURES,ES,prev_rv_pct,rest5_eff_vol,main,prior RTH,-0.0001949482565049301,-0.0028585026139774485,217,-0.03443990896940361,-0.330532083615186,94
FUTURES,ES,fc_vol x prev_rv_pct,rest5_eff_vol,interaction,prior RTH,-0.03958775220382247,-0.46203074442063896,138,-0.016277137593468913,-0.15614550553213227,94
FUTURES,ES,prev_rv_pct,rest15_eff_range,main,prior RTH,0.02186475805109965,0.32067694813205827,217,0.03907827575893632,0.37511218204393953,94
FUTURES,ES,fc_vol x prev_rv_pct,rest15_eff_range,interaction,prior RTH,0.003461278092920219,0.04036533390707588,138,0.04269061406166662,0.40984762694943044,94
FUTURES,ES,prev_rv_pct,rest15_eff_mfe,main,prior RTH,-0.08146441587230488,-1.1984862834063132,217,-0.03055304699635155,-0.2931914092184462,94
FUTURES,ES,fc_vol x prev_rv_pct,rest15_eff_mfe,interaction,prior RTH,-0.08744283532234827,-1.0236710646556713,138,0.012101289600115594,0.11607999203237579,94
FUTURES,ES,prev_rv_pct,rest15_eff_vol,main,prior RTH,0.0011144933459227631,0.016341690444854468,217,0.03574034606075931,0.34302851416072755,94
FUTURES,ES,fc_vol x prev_rv_pct,rest15_eff_vol,interaction,prior RTH,-0.0014954713474539312,-0.01744006247603676,138,0.045724813062168114,0.4390361992458317,94
FUTURES,ES,prev_rv_pct,rest30_eff_range,main,prior RTH,-0.023817185296203067,-0.3493275829568164,217,0.020077303760430588,0.19261355754983414,94
FUTURES,ES,fc_vol x prev_rv_pct,rest30_eff_range,interaction,prior RTH,-0.007253606825742198,-0.08459309038409468,138,0.01595925297113752,0.15309527472801207,94
FUTURES,ES,prev_rv_pct,rest30_eff_mfe,main,prior RTH,-0.07489431965592624,-1.1012592066903741,217,-0.15424684552658355,-1.4974041881379134,94
FUTURES,ES,fc_vol x prev_rv_pct,rest30_eff_mfe,interaction,prior RTH,0.01268298140248801,0.1479196063880203,138,-0.1654017462054147,-1.6086347116368322,94
FUTURES,ES,prev_rv_pct,rest30_eff_vol,main,prior RTH,-0.02988580259962326,-0.43840771449052907,217,0.04852797745909042,0.46601305367948226,94
FUTURES,ES,fc_vol x prev_rv_pct,rest30_eff_vol,interaction,prior RTH,-0.0011621296425252687,-0.013552653234016408,138,0.05735650037929415,0.5510513875228281,94
FUTURES,ES,prev_eff_range,eff_range,main,prior RTH,-0.0587946877618524,-0.8635932846814023,217,0.17329831773518312,1.687755865131431,94
FUTURES,ES,fc_vol x prev_eff_range,eff_range,interaction,prior RTH,0.025824878963733908,0.30126773200780715,138,0.10519813604016907,1.014655109148166,94
FUTURES,ES,prev_eff_range,eff_mfe,main,prior RTH,0.03457343971346238,0.5072493928971813,217,0.0795725881325429,0.7656613082935608,94
FUTURES,ES,fc_vol x prev_eff_range,eff_mfe,interaction,prior RTH,0.0021073588606106545,0.02457587085310056,138,0.007376368168189863,0.07075356288255492,94
FUTURES,ES,prev_eff_range,rest1_eff_range,main,prior RTH,-0.0344366031156319,-0.5052393859194207,217,0.15301142582704977,1.485122214806498,94
FUTURES,ES,fc_vol x prev_eff_range,rest1_eff_range,interaction,prior RTH,0.033085305795351024,0.3860490027413542,138,0.07931943792219051,0.7632100056981004,94
FUTURES,ES,prev_eff_range,rest1_eff_mfe,main,prior RTH,0.0713658883889855,1.0491043378938583,217,0.05138912469464116,0.49355930526952324,94
FUTURES,ES,fc_vol x prev_eff_range,rest1_eff_mfe,interaction,prior RTH,0.0006598339227697498,0.007694921399625682,138,-0.04003178846223314,-0.38427946193309925,94
FUTURES,ES,prev_eff_range,rest1_eff_vol,main,prior RTH,-0.029079628552594185,-0.42657145227973026,217,0.09419533358199515,0.9075249969779671,94
FUTURES,ES,fc_vol x prev_eff_range,rest1_eff_vol,interaction,prior RTH,0.06288970727575349,0.7348684000171134,138,0.025755879059350503,0.24712369364723635,94
FUTURES,ES,prev_eff_range,rest5_eff_range,main,prior RTH,-0.058000144449906206,-0.8518831410361709,217,0.10307446113010621,0.993949630753735,94
FUTURES,ES,fc_vol x prev_eff_range,rest5_eff_range,interaction,prior RTH,-0.012431819063949094,-0.14498988238978894,138,0.03568254885669905,0.3424730806702168,94
FUTURES,ES,prev_eff_range,rest5_eff_mfe,main,prior RTH,0.014592083146782328,0.21398472228215246,217,0.016732471904945045,0.16051470412393615,94
FUTURES,ES,fc_vol x prev_eff_range,rest5_eff_mfe,interaction,prior RTH,-0.07496306984878615,-0.8766788101831094,138,-0.04189605097859569,-0.40220595085405064,94
FUTURES,ES,prev_eff_range,rest5_eff_vol,main,prior RTH,-0.05342177264014526,-0.7844370974259866,217,0.05492199155471139,0.5275895550074399,94
FUTURES,ES,fc_vol x prev_eff_range,rest5_eff_vol,interaction,prior RTH,0.021368116550872278,0.24924982916807434,138,-0.004963334898674277,-0.04760722233391286,94
FUTURES,ES,prev_eff_range,rest15_eff_range,main,prior RTH,-0.07611484828058894,-1.1193098107912436,217,0.16352392099065127,1.5898669621768287,94
FUTURES,ES,fc_vol x prev_eff_range,rest15_eff_range,interaction,prior RTH,0.04349429265839722,0.5077067116890368,138,0.14615520772846768,1.4170886682771753,94
FUTURES,ES,prev_eff_range,rest15_eff_mfe,main,prior RTH,0.0020111437917899534,0.02948921629759887,217,0.11082653912776541,1.0695998062450487,94
FUTURES,ES,fc_vol x prev_eff_range,rest15_eff_mfe,interaction,prior RTH,0.011879293772218021,0.13854495697330987,138,0.14649423834122025,1.4204478406557275,94
FUTURES,ES,prev_eff_range,rest15_eff_vol,main,prior RTH,-0.06226609477852892,-0.9147752142257677,217,0.10433877953606181,1.0062748516725215,94
FUTURES,ES,fc_vol x prev_eff_range,rest15_eff_vol,interaction,prior RTH,0.07363426935379655,0.8610532554028129,138,0.08407325795614638,0.8092675113850728,94
FUTURES,ES,prev_eff_range,rest30_eff_range,main,prior RTH,-0.074762853920837,-1.0993152361266052,217,0.10319728063239904,0.9951467233804517,94
FUTURES,ES,fc_vol x prev_eff_range,rest30_eff_range,interaction,prior RTH,-0.0365328809627639,-0.42632753725863104,138,0.05748654408842972,0.5523049176193965,94
FUTURES,ES,prev_eff_range,rest30_eff_mfe,main,prior RTH,-0.07024266732354567,-1.0325100511035177,217,-0.0465559842212493,-0.4470340403793341,94
FUTURES,ES,fc_vol x prev_eff_range,rest30_eff_mfe,interaction,prior RTH,-0.06847896691355947,-0.8004741886456456,138,-0.13228382864598337,-1.2800713329050981,94
FUTURES,ES,prev_eff_range,rest30_eff_vol,main,prior RTH,-0.03923515579886595,-0.575743634324465,217,0.07833716843300915,0.753699902135755,94
FUTURES,ES,fc_vol x prev_eff_range,rest30_eff_vol,interaction,prior RTH,0.036884487966592765,0.4304362464726215,138,0.045724813062168114,0.4390361992458317,94
FUTURES,ES,prev_eff_vol,eff_range,main,prior RTH,-0.0946939058323224,-1.3947526269767574,217,0.22522847957230072,2.2172867056684193,94
FUTURES,ES,fc_vol x prev_eff_vol,eff_range,interaction,prior RTH,-0.021203753066589764,-0.24733173456185287,138,0.19121482498284145,1.8685461906206016,94
FUTURES,ES,prev_eff_vol,eff_mfe,main,prior RTH,-0.0012166657369432198,-0.017839834834833625,217,0.11354983202687569,1.0962217587876006,94
FUTURES,ES,fc_vol x prev_eff_vol,eff_mfe,interaction,prior RTH,-0.03923157887526855,-0.4578673897361344,138,0.058512444460499226,0.5621948714734559,94
FUTURES,ES,prev_eff_vol,rest1_eff_range,main,prior RTH,-0.07164818181391132,-1.0532755236504858,217,0.20536069067658852,2.0126473946618764,94
FUTURES,ES,fc_vol x prev_eff_vol,rest1_eff_range,interaction,prior RTH,-0.01580633303576117,-0.1843549662069659,138,0.17170826861250588,1.6717976579007052,94
FUTURES,ES,prev_eff_vol,rest1_eff_mfe,main,prior RTH,0.03217117876237699,0.47196638114620015,217,0.09300292598345555,0.8959358618909464,94
FUTURES,ES,fc_vol x prev_eff_vol,rest1_eff_mfe,interaction,prior RTH,-0.04691670338752799,-0.5477412508757944,138,0.034425459668388544,0.3303932439472913,94
FUTURES,ES,prev_eff_vol,rest1_eff_vol,main,prior RTH,-0.06286963833575257,-0.9236771221282937,217,0.15327096051728495,1.4877017953397358,94
FUTURES,ES,fc_vol x prev_eff_vol,rest1_eff_vol,interaction,prior RTH,0.006952229393888886,0.08107818973514798,138,0.11918505942275041,1.1513899722453849,94
FUTURES,ES,prev_eff_vol,rest5_eff_range,main,prior RTH,-0.08393405697129952,-1.2350730508989682,217,0.17699671278401904,1.7249269374179685,94
FUTURES,ES,fc_vol x prev_eff_vol,rest5_eff_range,interaction,prior RTH,-0.04334583745253876,-0.5059705338417883,138,0.15171043600765813,1.4721960800369644,94
FUTURES,ES,prev_eff_vol,rest5_eff_mfe,main,prior RTH,0.002463278362199231,0.036118860420637965,217,0.044655887411398504,0.42875193590214733,94
FUTURES,ES,fc_vol x prev_eff_vol,rest5_eff_mfe,interaction,prior RTH,-0.080593348234773,-0.9429391928061251,138,0.004219226378944625,0.04046975796458372,94
FUTURES,ES,prev_eff_vol,rest5_eff_vol,main,prior RTH,-0.07130995833274614,-1.0482779419016057,217,0.13466026080988333,1.3034882429962977,94
FUTURES,ES,fc_vol x prev_eff_vol,rest5_eff_vol,interaction,prior RTH,-0.012116742657920631,-0.14131466108985524,138,0.11193151031318858,1.0803986387127351,94
FUTURES,ES,prev_eff_vol,rest15_eff_range,main,prior RTH,-0.09957343287450918,-1.4673254178733925,217,0.22347369676010692,2.1990997181147334,94
FUTURES,ES,fc_vol x prev_eff_vol,rest15_eff_range,interaction,prior RTH,0.0008516205334163867,0.009931520327482509,138,0.24652763980813164,2.439916210326828,94
FUTURES,ES,prev_eff_vol,rest15_eff_mfe,main,prior RTH,-0.007722193629125178,-0.11323296160205892,217,0.12914062782212912,1.2491332679236251,94
FUTURES,ES,fc_vol x prev_eff_vol,rest15_eff_mfe,interaction,prior RTH,-0.0057695512901008925,-0.06728507194754951,138,0.1709135570566774,1.6638267504149897,94
FUTURES,ES,prev_eff_vol,rest15_eff_vol,main,prior RTH,-0.08241261385682813,-1.2125307996533767,217,0.16904959722573423,1.6451444413321408,94
FUTURES,ES,fc_vol x prev_eff_vol,rest15_eff_vol,interaction,prior RTH,0.028724465682928104,0.3351202367382415,138,0.1873424123108045,1.8293138977479024,94
FUTURES,ES,prev_eff_vol,rest30_eff_range,main,prior RTH,-0.09586415613736152,-1.412148207528581,217,0.20096810316800925,1.9677650940890041,94
FUTURES,ES,fc_vol x prev_eff_vol,rest30_eff_range,interaction,prior RTH,-0.08513684133619794,-0.9964755884107345,138,0.1920673337427302,1.8771952376854708,94
FUTURES,ES,prev_eff_vol,rest30_eff_mfe,main,prior RTH,-0.06307174402084227,-0.9266582874759809,217,0.005136745066482478,0.04927057786882964,94
FUTURES,ES,fc_vol x prev_eff_vol,rest30_eff_mfe,interaction,prior RTH,-0.06759538207057784,-0.7900979412638132,138,-0.05773239075423556,-0.5546747840724027,94
FUTURES,ES,prev_eff_vol,rest30_eff_vol,main,prior RTH,-0.06148268718555787,-0.9032219200268584,217,0.1666510132572337,1.6211303447448506,94
FUTURES,ES,fc_vol x prev_eff_vol,rest30_eff_vol,interaction,prior RTH,-0.014331410149569963,-0.167148692494246,138,0.16880395910847812,1.6426837916844044,94
FUTURES,ES,prev_closeloc,eff_range,main,prior RTH,-0.07699177868876539,-1.1322820022250981,217,0.1534588014304808,1.4895689900257305,94
FUTURES,ES,fc_vol x prev_closeloc,eff_range,interaction,prior RTH,-0.10080629970884798,-1.1816124184676102,138,0.1339233464581151,1.296224399536923,94
FUTURES,ES,prev_closeloc,eff_mfe,main,prior RTH,-0.08742262617259361,-1.2867940600690233,217,0.028717985767438496,0.2755668994372471,94
FUTURES,ES,fc_vol x prev_closeloc,eff_mfe,interaction,prior RTH,-0.16860925731011506,-1.9948654847800626,138,-0.05160567857529892,-0.49564470730835153,94
FUTURES,ES,prev_closeloc,rest1_eff_range,main,prior RTH,-0.07987302523083663,-1.1749222708464258,217,0.1406278221291045,1.3623934270472886,94
FUTURES,ES,fc_vol x prev_closeloc,rest1_eff_range,interaction,prior RTH,-0.09138813988479162,-1.0702382692596164,138,0.11755228840804827,1.1353939741900634,94
FUTURES,ES,prev_closeloc,rest1_eff_mfe,main,prior RTH,-0.08684893757510953,-1.2782854130976944,217,0.06291948127009356,0.6047006132889929,94
FUTURES,ES,fc_vol x prev_closeloc,rest1_eff_mfe,interaction,prior RTH,-0.14691921486612675,-1.7321542296605181,138,-0.0032872159809269226,-0.03153003840446315,94
FUTURES,ES,prev_closeloc,rest1_eff_vol,main,prior RTH,-0.023070841105087822,-0.33837499972292584,217,0.21728136401401585,2.135099254538594,94
FUTURES,ES,fc_vol x prev_closeloc,rest1_eff_vol,interaction,prior RTH,-0.022573626278285526,-0.2633185558250071,138,0.18767474623415095,1.832677350148706,94
FUTURES,ES,prev_closeloc,rest5_eff_range,main,prior RTH,-0.09254880315205677,-1.362881119277076,217,0.10264060976050284,0.9897213515759894,94
FUTURES,ES,fc_vol x prev_closeloc,rest5_eff_range,interaction,prior RTH,-0.1448598024151291,-1.7073498797303317,138,0.07641512841816277,0.7350975228554851,94
FUTURES,ES,prev_closeloc,rest5_eff_mfe,main,prior RTH,-0.10588283305867788,-1.5613239011906925,217,0.05742193708878747,0.5516821479598026,94
FUTURES,ES,fc_vol x prev_closeloc,rest5_eff_mfe,interaction,prior RTH,-0.22449193929527908,-2.6865757010868068,138,0.004349271027610726,0.04171713676114336,94
FUTURES,ES,prev_closeloc,rest5_eff_vol,main,prior RTH,-0.025963357350536096,-0.38082592729567155,217,0.16225842574865443,1.57722911676366,94
FUTURES,ES,fc_vol x prev_closeloc,rest5_eff_vol,interaction,prior RTH,-0.06132345789506128,-0.7164967518220063,138,0.1360907416103746,1.3175949448251558,94
FUTURES,ES,prev_closeloc,rest15_eff_range,main,prior RTH,-0.07693418844473537,-1.1314300047501709,217,0.09493947527235758,0.9147593821524431,94
FUTURES,ES,fc_vol x prev_closeloc,rest15_eff_range,interaction,prior RTH,-0.07804542813343791,-0.9129429292393487,138,0.1075320865956754,1.0374269426270224,94
FUTURES,ES,prev_closeloc,rest15_eff_mfe,main,prior RTH,-0.05733544018751903,-0.8420878409326323,217,0.050175197774807646,0.4818705393024009,94
FUTURES,ES,fc_vol x prev_closeloc,rest15_eff_mfe,interaction,prior RTH,-0.1240601932925256,-1.4580418577555905,138,0.09726546978289927,0.9373822352613025,94
FUTURES,ES,prev_closeloc,rest15_eff_vol,main,prior RTH,-0.01352424566893313,-0.1983225062644691,217,0.17230068995412345,1.6777417939819845,94
FUTURES,ES,fc_vol x prev_closeloc,rest15_eff_vol,interaction,prior RTH,-0.013861078702889799,-0.16166209702960868,138,0.16805259545569481,1.6351590521007067,94
FUTURES,ES,prev_closeloc,rest30_eff_range,main,prior RTH,-0.00898671678175536,-0.13177645578678857,217,0.20905971173644475,2.0505413765264615,94
FUTURES,ES,fc_vol x prev_closeloc,rest30_eff_range,interaction,prior RTH,0.04721808081938131,0.5512675971192621,138,0.1876458476321208,1.8323848501485973,94
FUTURES,ES,prev_closeloc,rest30_eff_mfe,main,prior RTH,0.08699466386779875,1.2804466269263701,217,0.21018029180605943,2.0620390387046195,94
FUTURES,ES,fc_vol x prev_closeloc,rest30_eff_mfe,interaction,prior RTH,0.13000341333171325,1.529063626254566,138,0.11193913932500636,1.0804732107515802,94
FUTURES,ES,prev_closeloc,rest30_eff_vol,main,prior RTH,0.038091256362612555,0.5589330937356755,217,0.23385471227829352,2.3070258449933077,94
FUTURES,ES,fc_vol x prev_closeloc,rest30_eff_vol,interaction,prior RTH,0.0875021975437739,1.024371363216657,138,0.22762706354080123,2.242183016016953,94
FUTURES,ES,prev_streak,eff_range,main,prior RTH,-0.08598195937654331,-1.2683687227258622,218,0.1989955632215864,1.9476506420429793,94
FUTURES,ES,fc_vol x prev_streak,eff_range,interaction,prior RTH,-0.15407253843432867,-1.8184927614835678,138,0.2067044756709894,2.026403048683084,94
FUTURES,ES,prev_streak,eff_mfe,main,prior RTH,-0.044035612968244375,-0.6478171009616908,218,0.05311538468849217,0.5101850591298223,94
FUTURES,ES,fc_vol x prev_streak,eff_mfe,interaction,prior RTH,-0.07947916500186077,-0.9298198351211783,138,0.048137846331683706,0.46225789650986215,94
FUTURES,ES,prev_streak,rest1_eff_range,main,prior RTH,-0.062437488293761036,-0.9194338517596109,218,0.22270595392737783,2.1911497390834596,94
FUTURES,ES,fc_vol x prev_streak,rest1_eff_range,interaction,prior RTH,-0.12261723467940974,-1.440822790561489,138,0.22694794639309326,2.2351297173798685,94
FUTURES,ES,prev_streak,rest1_eff_mfe,main,prior RTH,-0.023614930119899152,-0.34716398872053594,218,0.11453050688495404,1.1058145874635033,94
FUTURES,ES,fc_vol x prev_streak,rest1_eff_mfe,interaction,prior RTH,-0.07635123256520139,-0.8930074310964272,138,0.11691651916338548,1.1291679772537284,94
FUTURES,ES,prev_streak,rest1_eff_vol,main,prior RTH,-0.03957639959692216,-0.582107963211837,218,0.3131664881985913,3.162886167172487,94
FUTURES,ES,fc_vol x prev_streak,rest1_eff_vol,interaction,prior RTH,-0.09608232170214318,-1.1257110163308761,138,0.3218509554600297,3.260580257873699,94
FUTURES,ES,prev_streak,rest5_eff_range,main,prior RTH,-0.0500727199062335,-0.736839993648043,218,0.22283070683421732,2.192441263387175,94
FUTURES,ES,fc_vol x prev_streak,rest5_eff_range,interaction,prior RTH,-0.12279988766841173,-1.4430019040618698,138,0.23219304266156124,2.2896954364463884,94
FUTURES,ES,prev_streak,rest5_eff_mfe,main,prior RTH,-0.028070872583850017,-0.41271852454571406,218,0.09795742400172053,0.9441152256561968,94
FUTURES,ES,fc_vol x prev_streak,rest5_eff_mfe,interaction,prior RTH,-0.11215121840959474,-1.3162004283257347,138,0.10735908217657043,1.0357383866441916,94
FUTURES,ES,prev_streak,rest5_eff_vol,main,prior RTH,-0.022000667994439255,-0.32342074556784345,218,0.3087854596466391,3.113938937041335,94
FUTURES,ES,fc_vol x prev_streak,rest5_eff_vol,interaction,prior RTH,-0.0915251296265431,-1.0718560858419657,138,0.32001589423111654,3.239861922057321,94
FUTURES,ES,prev_streak,rest15_eff_range,main,prior RTH,-0.023646235748072737,-0.3476244712606075,218,0.18133267432815078,1.7686021292829848,94
FUTURES,ES,fc_vol x prev_streak,rest15_eff_range,interaction,prior RTH,-0.07782396113145026,-0.9103364919142214,138,0.19539860347128704,1.911034845794216,94
FUTURES,ES,prev_streak,rest15_eff_mfe,main,prior RTH,0.06547710633273546,0.9643824977221439,218,0.17099220483925892,1.6646154333531893,94
FUTURES,ES,fc_vol x prev_streak,rest15_eff_mfe,interaction,prior RTH,0.05368856295477739,0.6270151815787791,138,0.18831051547881372,1.8391135997767962,94
FUTURES,ES,prev_streak,rest15_eff_vol,main,prior RTH,-0.0013121858618613347,-0.0192851314584095,218,0.2517733812209834,2.4953087684952853,94
FUTURES,ES,fc_vol x prev_streak,rest15_eff_vol,interaction,prior RTH,-0.05014966129286351,-0.5855773488075909,138,0.26799841057688834,2.6681532193048336,94
FUTURES,ES,prev_streak,rest30_eff_range,main,prior RTH,0.005499139918553845,0.08082174300357174,218,0.2587522055977112,2.569367016776198,94
FUTURES,ES,fc_vol x prev_streak,rest30_eff_range,interaction,prior RTH,-0.01107562062060919,-0.1291707449787313,138,0.2601090922226637,2.5838156788018796,94
FUTURES,ES,prev_streak,rest30_eff_mfe,main,prior RTH,0.14607098868379037,2.1700722859271995,218,0.2989090445461043,3.004390758005778,94
FUTURES,ES,fc_vol x prev_streak,rest30_eff_mfe,interaction,prior RTH,0.20064225430589447,2.3884406131661033,138,0.2847389543744127,2.84905653151254,94
FUTURES,ES,prev_streak,rest30_eff_vol,main,prior RTH,0.012319311100040187,0.1810698976626524,218,0.2917676954724731,2.9258431657839994,94
FUTURES,ES,fc_vol x prev_streak,rest30_eff_vol,interaction,prior RTH,-0.024180972581503184,-0.28207865628164813,138,0.2965213307806235,2.9780676184723105,94
FUTURES,ES,trail_eff_5,eff_range,main,prior RTH,-0.12252745393469157,-1.7933265673139451,213,0.007419716071235054,0.0711693754987502,94
FUTURES,ES,fc_vol x trail_eff_5,eff_range,interaction,prior RTH,-0.0271513978106908,-0.31675376573489505,138,-0.06034750568941228,-0.5798898310172494,94
FUTURES,ES,trail_eff_5,eff_mfe,main,prior RTH,-0.12251554270155098,-1.7931495762970553,213,-0.07401654444966224,-0.7118944710987088,94
FUTURES,ES,fc_vol x trail_eff_5,eff_mfe,interaction,prior RTH,-0.10732917949994177,-1.25893475155577,138,-0.16855832099122203,-1.6402234570845053,94
FUTURES,ES,trail_eff_5,rest1_eff_range,main,prior RTH,-0.0896269878129649,-1.3071680238999066,213,0.03455550337752412,0.3316428084364107,94
FUTURES,ES,fc_vol x trail_eff_5,rest1_eff_range,interaction,prior RTH,-0.02936831746916018,-0.3426382870962166,138,-0.04050861539573023,-0.3888641732844033,94
FUTURES,ES,trail_eff_5,rest1_eff_mfe,main,prior RTH,-0.09091789641263845,-1.326151128379701,213,-0.06635841491167864,-0.6378935684529414,94
FUTURES,ES,fc_vol x trail_eff_5,rest1_eff_mfe,interaction,prior RTH,-0.12912424741260622,-1.5185471853699417,138,-0.16588520030343532,-1.6134694510232834,94
FUTURES,ES,trail_eff_5,rest1_eff_vol,main,prior RTH,-0.11053643319979833,-1.6155343142097283,213,-0.04393309973630025,-0.4217987463915318,94
FUTURES,ES,fc_vol x trail_eff_5,rest1_eff_vol,interaction,prior RTH,-0.0032398073924230974,-0.03778252039740251,138,-0.10514033883610881,-1.0140914115253772,94
FUTURES,ES,trail_eff_5,rest5_eff_range,main,prior RTH,-0.1193631918269657,-1.7463356640193586,213,-0.018169996026442224,-0.17430925581142143,94
FUTURES,ES,fc_vol x trail_eff_5,rest5_eff_range,interaction,prior RTH,-0.06457468109929701,-0.7546387419239869,138,-0.07027417548676082,-0.6757167772559498,94
FUTURES,ES,trail_eff_5,rest5_eff_mfe,main,prior RTH,-0.12508979779123128,-1.8314192909476759,213,-0.06652506249541457,-0.6395026390360412,94
FUTURES,ES,fc_vol x trail_eff_5,rest5_eff_mfe,interaction,prior RTH,-0.15330750315647196,-1.809245288826419,138,-0.11623101709668002,-1.122456530598418,94
FUTURES,ES,trail_eff_5,rest5_eff_vol,main,prior RTH,-0.12212864561731168,-1.7874010347342917,213,-0.06621392190152801,-0.6364984554019042,94
FUTURES,ES,fc_vol x trail_eff_5,rest5_eff_vol,interaction,prior RTH,-0.0391722166538429,-0.45717351432557596,138,-0.1043167286782502,-1.0060598465800297,94
FUTURES,ES,trail_eff_5,rest15_eff_range,main,prior RTH,-0.07331599984480652,-1.067850253837532,213,0.07028887869452606,0.6758588568714265,94
FUTURES,ES,fc_vol x trail_eff_5,rest15_eff_range,interaction,prior RTH,0.013584831565221177,0.15843961921692756,138,0.005483529543544586,0.05259695846534341,94
FUTURES,ES,trail_eff_5,rest15_eff_mfe,main,prior RTH,-0.08095872153913841,-1.179866322591822,213,0.006364917097135427,0.06105137678982059,94
FUTURES,ES,fc_vol x trail_eff_5,rest15_eff_mfe,interaction,prior RTH,-0.029263292000484026,-0.34141190956962186,138,-0.0017555900733302028,-0.01683905438119908,94
FUTURES,ES,trail_eff_5,rest15_eff_vol,main,prior RTH,-0.07783112003000191,-1.1340022529915623,213,0.004457609363147057,0.04275631179686936,94
FUTURES,ES,fc_vol x trail_eff_5,rest15_eff_vol,interaction,prior RTH,0.02538648230891643,0.296150160088556,138,-0.0435574179099086,-0.41818496454219095,94
FUTURES,ES,trail_eff_5,rest30_eff_range,main,prior RTH,-0.06926774628985782,-1.0085946720952998,213,0.05685077484376693,0.5461768151870007,94
FUTURES,ES,fc_vol x trail_eff_5,rest30_eff_range,interaction,prior RTH,-0.0040845774665573785,-0.04763434679850412,138,0.001625546364194632,0.015591713591815251,94
FUTURES,ES,trail_eff_5,rest30_eff_mfe,main,prior RTH,0.0312251445304383,0.4537927037312033,213,-0.044316166297895254,-0.4254837485591106,94
FUTURES,ES,fc_vol x trail_eff_5,rest30_eff_mfe,interaction,prior RTH,0.06620265143952156,0.7737463980377157,138,-0.18010396309752696,-1.7562148901402344,94
FUTURES,ES,trail_eff_5,rest30_eff_vol,main,prior RTH,-0.08699188607220824,-1.2684387612517423,213,0.025076761911642525,0.24060351349031356,94
FUTURES,ES,fc_vol x trail_eff_5,rest30_eff_vol,interaction,prior RTH,0.00544077590989728,0.06345074434525404,138,0.00885019687172633,0.08489143095746056,94
FUTURES,ES,trail_eff_20,eff_range,main,prior RTH,-0.09700265866084844,-1.364471903799714,198,-0.13567171188093777,-1.313461813378386,94
FUTURES,ES,fc_vol x trail_eff_20,eff_range,interaction,prior RTH,-0.013278887459382582,-0.1548707626793125,138,-0.08462233139471877,-0.8145907464777224,94
FUTURES,ES,trail_eff_20,eff_mfe,main,prior RTH,-0.07831113663655602,-1.0997332296008422,198,-0.07551927175522885,-0.7264298431001891,94
FUTURES,ES,fc_vol x trail_eff_20,eff_mfe,interaction,prior RTH,-0.10796389863672373,-1.2664673342696473,138,-0.16339992052884442,-1.5886282785861199,94
FUTURES,ES,trail_eff_20,rest1_eff_range,main,prior RTH,-0.08240170240527356,-1.1575604688006162,198,-0.13369215764187406,-1.2939459985181854,94
FUTURES,ES,fc_vol x trail_eff_20,rest1_eff_range,interaction,prior RTH,-0.03205788273221473,-0.3740481996672559,138,-0.08170357258967596,-0.7863020017552552,94
FUTURES,ES,trail_eff_20,rest1_eff_mfe,main,prior RTH,-0.09758610680928317,-1.3727575497129507,198,-0.13309973630025648,-1.288108576747798,94
FUTURES,ES,fc_vol x trail_eff_20,rest1_eff_mfe,interaction,prior RTH,-0.13982314624339878,-1.646781245754337,138,-0.1806957338438753,-1.7621797557918821,94
FUTURES,ES,trail_eff_20,rest1_eff_vol,main,prior RTH,-0.10919618860337683,-1.5379432066330219,198,-0.1663764765379475,-1.61838364046682,94
FUTURES,ES,fc_vol x trail_eff_20,rest1_eff_vol,interaction,prior RTH,-0.014573425359997623,-0.16997193511449743,138,-0.08891377379619261,-0.8562221745492297,94
FUTURES,ES,trail_eff_20,rest5_eff_range,main,prior RTH,-0.09231981021853926,-1.2980206605653848,198,-0.12304302279377236,-1.1892237246748167,94
FUTURES,ES,fc_vol x trail_eff_20,rest5_eff_range,interaction,prior RTH,-0.053044711168545325,-0.6194744525732498,138,-0.05205360690676589,-0.49995845547297146,94
FUTURES,ES,trail_eff_20,rest5_eff_mfe,main,prior RTH,-0.03966149750561207,-0.5556982032844796,198,-0.1208259280162156,-1.167474847780693,94
FUTURES,ES,fc_vol x trail_eff_20,rest5_eff_mfe,interaction,prior RTH,-0.11088634646075586,-1.301170098067689,138,-0.14169086942442122,-1.372902350806864,94
FUTURES,ES,trail_eff_20,rest5_eff_vol,main,prior RTH,-0.10663144981947115,-1.5014003603868573,198,-0.13698659827330853,-1.3264337146885545,94
FUTURES,ES,fc_vol x trail_eff_20,rest5_eff_vol,interaction,prior RTH,-0.04416320957832273,-0.515530088649101,138,-0.03636166600440704,-0.3489996430016726,94
FUTURES,ES,trail_eff_20,rest15_eff_range,main,prior RTH,-0.0841834802249308,-1.1827672268195943,198,-0.03727210660757117,-0.3577500689549424,94
FUTURES,ES,fc_vol x trail_eff_20,rest15_eff_range,interaction,prior RTH,0.005513843400001537,0.06430288873295996,138,0.023971476976918232,0.2299924198568277,94
FUTURES,ES,trail_eff_20,rest15_eff_mfe,main,prior RTH,-0.09500141648387353,-1.3360626587524194,198,0.10269840696456309,0.9902846052814386,94
FUTURES,ES,fc_vol x trail_eff_20,rest15_eff_mfe,interaction,prior RTH,-0.06907251095347143,-0.8074454460518263,138,0.08914496261243363,0.8584662878825133,94
FUTURES,ES,trail_eff_20,rest15_eff_vol,main,prior RTH,-0.0874075036001419,-1.2284066049336841,198,-0.09609507640067912,-0.9259969593277457,94
FUTURES,ES,fc_vol x trail_eff_20,rest15_eff_vol,interaction,prior RTH,0.007217076227941796,0.08416704061186818,138,0.008344471336199111,0.08004014401324898,94
FUTURES,ES,trail_eff_20,rest30_eff_range,main,prior RTH,-0.06903545844377068,-0.96880779332217,198,-0.08517140483329119,-0.8199147289892366,94
FUTURES,ES,fc_vol x trail_eff_20,rest30_eff_range,interaction,prior RTH,0.012984344355680164,0.15143494063673338,138,-0.03446880757143373,-0.330809763573622,94
FUTURES,ES,trail_eff_20,rest30_eff_mfe,main,prior RTH,0.008318028346712778,0.11645642571016743,198,-0.0970057327815193,-0.9348552454816537,94
FUTURES,ES,fc_vol x trail_eff_20,rest30_eff_mfe,interaction,prior RTH,0.0560836642971585,0.655073335028064,138,-0.21450064841612485,-2.1064479492274004,94
FUTURES,ES,trail_eff_20,rest30_eff_vol,main,prior RTH,-0.07594424978298663,-1.0662988984667487,198,-0.11118014666040531,-1.0730551573900144,94
FUTURES,ES,fc_vol x trail_eff_20,rest30_eff_vol,interaction,prior RTH,0.012148706930995982,0.14168750769039862,138,0.008344471336199111,0.08004014401324898,94
FUTURES,ES,eff_state,eff_range,main,prior RTH,-0.10320581372852852,-1.4526384490865922,198,0.04091319582415201,0.392754439963504,94
FUTURES,ES,fc_vol x eff_state,eff_range,interaction,prior RTH,-0.07990620758312787,-0.9348477868162631,138,0.046606220424086985,0.44751746164659617,94
FUTURES,ES,eff_state,eff_mfe,main,prior RTH,-0.12024440006694885,-1.6957252412017279,198,-0.04436657876675215,-0.42596871755863774,94
FUTURES,ES,fc_vol x eff_state,eff_mfe,interaction,prior RTH,-0.04297139882508464,-0.501591637581045,138,-0.03178123758263194,-0.3049889876260318,94
FUTURES,ES,eff_state,rest1_eff_range,main,prior RTH,-0.07843169083380293,-1.1014366581300763,198,0.06673409673807029,0.641521051253252,94
FUTURES,ES,fc_vol x eff_state,rest1_eff_range,interaction,prior RTH,-0.07341051944226909,-0.8584226041504032,138,0.06940721742585702,0.6673399922007771,94
FUTURES,ES,eff_state,rest1_eff_mfe,main,prior RTH,-0.07421744710997746,-1.0419177831221917,198,-0.012361377018386735,-0.11857522286170706,94
FUTURES,ES,fc_vol x eff_state,rest1_eff_mfe,interaction,prior RTH,-0.06154720780658874,-0.7191209444886718,138,-0.006668352418451757,-0.06396201158670183,94
FUTURES,ES,eff_state,rest1_eff_vol,main,prior RTH,-0.08502827937565074,-1.1947225531545997,198,-0.01055521439150381,-0.10124770011756917,94
FUTURES,ES,fc_vol x eff_state,rest1_eff_vol,interaction,prior RTH,-0.05786218375347326,-0.675915662390363,138,-0.008387819239244301,-0.08045596614894578,94
FUTURES,ES,eff_state,rest5_eff_range,main,prior RTH,-0.11042140034947144,-1.5554111623715794,198,0.010439619983383303,0.10013877420958735,94
FUTURES,ES,fc_vol x eff_state,rest5_eff_range,interaction,prior RTH,-0.09776272920096164,-1.1455871898808925,138,0.010771953906729763,0.10332694717173423,94
FUTURES,ES,eff_state,rest5_eff_mfe,main,prior RTH,-0.13526959151212437,-1.9113417480986579,198,-0.00505006718986694,-0.04843916052824216,94
FUTURES,ES,fc_vol x eff_state,rest5_eff_mfe,interaction,prior RTH,-0.12320629056894121,-1.4478509661071337,138,-0.006877916973896034,-0.06597222252719695,94
FUTURES,ES,eff_state,rest5_eff_vol,main,prior RTH,-0.1043109718721279,-1.468363927021584,198,-0.039410468518585415,-0.3783058381880459,94
FUTURES,ES,fc_vol x eff_state,rest5_eff_vol,interaction,prior RTH,-0.08324638290002716,-0.9741927351662378,138,-0.041635660874905174,-0.39970182731585374,94
FUTURES,ES,eff_state,rest15_eff_range,main,prior RTH,-0.05708905787905837,-0.8005524394449803,198,0.06938579411884349,0.6671330136861516,94
FUTURES,ES,fc_vol x eff_state,rest15_eff_range,interaction,prior RTH,-0.04316095057293129,-0.5038083359276516,138,0.07905241141694976,0.7606244972735784,94
FUTURES,ES,eff_state,rest15_eff_mfe,main,prior RTH,-0.04936474667753932,-0.6919500667663702,198,-0.027677636094353936,-0.265576301400116,94
FUTURES,ES,fc_vol x eff_state,rest15_eff_mfe,interaction,prior RTH,0.004573174212137747,0.05333247537398546,138,-0.013257233681320668,-0.127170094234615,94
FUTURES,ES,eff_state,rest15_eff_vol,main,prior RTH,-0.06080316982543853,-0.8528222901624818,198,0.016739515225950945,0.16058228967917607,94
FUTURES,ES,fc_vol x eff_state,rest15_eff_vol,interaction,prior RTH,-0.036952982837468513,-0.43123666295270985,138,0.023024961167503525,0.2209062335346857,94
FUTURES,ES,eff_state,rest30_eff_range,main,prior RTH,-0.07336490949396114,-1.0298841017130487,198,0.0706065094101073,0.6789282851295466,94
FUTURES,ES,fc_vol x eff_state,rest30_eff_range,interaction,prior RTH,-0.09432428668299889,-1.104927045414147,138,0.06713867716649208,0.6454278777331102,94
FUTURES,ES,eff_state,rest30_eff_mfe,main,prior RTH,0.043027882903054246,0.6029487685066333,198,-0.021825748025096434,-0.20939510080642315,94
FUTURES,ES,fc_vol x eff_state,rest30_eff_mfe,interaction,prior RTH,0.014477549068078572,0.1688534810662523,138,-0.013372876396707548,-0.1282795952394801,94
FUTURES,ES,eff_state,rest30_eff_vol,main,prior RTH,-0.08689888451641378,-1.2212040308856456,198,0.04623053859769533,0.4439023704157285,94
FUTURES,ES,fc_vol x eff_state,rest30_eff_vol,interaction,prior RTH,-0.0935799757528157,-1.096130752359833,138,0.035985984178015386,0.34538914501294826,94
FUTURES,ES,trail_rv_5,eff_range,main,prior RTH,0.09602117025657592,1.401262890893922,213,0.016956254741176895,0.162662067548753,94
FUTURES,ES,fc_vol x trail_rv_5,eff_range,interaction,prior RTH,0.051811862640262885,0.6050376054052446,138,0.00033955857385398983,0.003256931612762303,94
FUTURES,ES,trail_rv_5,eff_mfe,main,prior RTH,-0.026707430879765827,-0.38808627541181434,213,-0.001654444966224759,-0.015868900363311338,94
FUTURES,ES,fc_vol x trail_rv_5,eff_mfe,interaction,prior RTH,-0.09173061423917038,-1.074282925810025,138,-0.04854242676010548,-0.4661521376696506,94
FUTURES,ES,trail_rv_5,rest1_eff_range,main,prior RTH,0.09063036302810693,1.3219223045915773,213,-0.023891919228407325,-0.2292286727067365,94
FUTURES,ES,fc_vol x trail_rv_5,rest1_eff_range,interaction,prior RTH,0.03744157958304889,0.436946477735678,138,-0.030668641404472056,-0.294301712037666,94
FUTURES,ES,trail_rv_5,rest1_eff_mfe,main,prior RTH,-0.01460358893132683,-0.21215200580010976,213,-0.010974244120940651,-0.10526759089065083,94
FUTURES,ES,fc_vol x trail_rv_5,rest1_eff_mfe,interaction,prior RTH,-0.09479005180495399,-1.110432424189356,138,-0.06371419282592206,-0.6123692889498104,94
FUTURES,ES,trail_rv_5,rest1_eff_vol,main,prior RTH,0.07782242742294004,1.1338748296290777,213,-0.003128273669761225,-0.0300054937766629,94
FUTURES,ES,fc_vol x trail_rv_5,rest1_eff_vol,interaction,prior RTH,0.03965168074997317,0.4627780318351338,138,-0.017967705812231335,-0.17236800562787266,94
FUTURES,ES,trail_rv_5,rest5_eff_range,main,prior RTH,0.07265221147753914,1.0581306137008084,213,0.015222338619369287,0.14602446216328976,94
FUTURES,ES,fc_vol x trail_rv_5,rest5_eff_range,interaction,prior RTH,-0.010180620974499358,-0.11873157545300408,138,0.012144637503160785,0.11649586218720508,94
FUTURES,ES,trail_rv_5,rest5_eff_mfe,main,prior RTH,-0.08070221407049898,-1.1761035198848417,213,0.08125623130820239,0.7819681682008807,94
FUTURES,ES,fc_vol x trail_rv_5,rest5_eff_mfe,interaction,prior RTH,-0.16481920778832343,-1.948757348758449,138,0.02139956940827736,0.2053044732166,94
FUTURES,ES,trail_rv_5,rest5_eff_vol,main,prior RTH,0.05436977357000404,0.7909364777769098,213,0.037633204493732614,0.3612208985075161,94
FUTURES,ES,fc_vol x trail_rv_5,rest5_eff_vol,interaction,prior RTH,-0.012632737351851303,-0.14733352425459428,138,0.03627497019831666,0.34816643806378555,94
FUTURES,ES,trail_rv_5,rest15_eff_range,main,prior RTH,0.08769668982114091,1.278794912412676,213,0.10869525952915454,1.048782214862265,94
FUTURES,ES,fc_vol x trail_rv_5,rest15_eff_range,interaction,prior RTH,0.05570694207728261,0.6506593670902987,138,0.09931762929526672,0.9573546050359019,94
FUTURES,ES,trail_rv_5,rest15_eff_mfe,main,prior RTH,-0.011187402654305165,-0.16251658074453487,213,0.14819925586099775,1.4373492229765927,94
FUTURES,ES,fc_vol x trail_rv_5,rest15_eff_mfe,interaction,prior RTH,-0.05315430296194652,-0.6207579259385961,138,0.13177040060687062,1.2750150771839452,94
FUTURES,ES,trail_rv_5,rest15_eff_vol,main,prior RTH,0.0703939737880643,1.0250744689249638,213,0.12347650182422425,1.1934780951623518,94
FUTURES,ES,fc_vol x trail_rv_5,rest15_eff_vol,interaction,prior RTH,0.04662902492984983,0.5443753329559536,138,0.10638297872340426,1.0262132103581367,94
FUTURES,ES,trail_rv_5,rest30_eff_range,main,prior RTH,0.094659503949626,1.3812107584817928,213,0.04046526749268504,0.38844737039439403,94
FUTURES,ES,fc_vol x trail_rv_5,rest30_eff_range,interaction,prior RTH,0.04898524848797572,0.5719478771962182,138,0.03003287215980927,0.28819519160024126,94
FUTURES,ES,trail_rv_5,rest30_eff_mfe,main,prior RTH,-0.0009344569997675413,-0.013573777900723234,213,-0.020554204942535372,-0.19719066649748676,94
FUTURES,ES,fc_vol x trail_rv_5,rest30_eff_mfe,interaction,prior RTH,0.020945755425099005,0.24432098527138574,138,-0.10368855864157035,-0.9999355545545291,94
FUTURES,ES,trail_rv_5,rest30_eff_vol,main,prior RTH,0.07206171254293527,1.0494853157021493,213,0.0606942889137738,0.583234417793176,94
FUTURES,ES,fc_vol x trail_rv_5,rest30_eff_vol,interaction,prior RTH,0.04101244551803812,0.478685943070209,138,0.06543365964671459,0.6289655376338084,94
FUTURES,ES,trail_rv_20,eff_range,main,prior RTH,0.040293840170470684,0.564572266515094,198,-0.03220026731206878,-0.3090143574998446,94
FUTURES,ES,fc_vol x trail_rv_20,eff_range,interaction,prior RTH,0.043918961342620945,0.5126733818571018,138,-0.045522522847957235,-0.43708982570646865,94
FUTURES,ES,trail_rv_20,eff_mfe,main,prior RTH,-0.04988179239599089,-0.6992155269969758,198,-0.047502077087020915,-0.45613883469577243,94
FUTURES,ES,fc_vol x trail_rv_20,eff_mfe,interaction,prior RTH,-0.09488594462418004,-1.111565975745473,138,-0.10966297005382365,-1.0582326394679908,94
FUTURES,ES,trail_rv_20,rest1_eff_range,main,prior RTH,0.046447434836078556,0.6509666529090623,198,-0.051562330672253735,-0.49522726376809484,94
FUTURES,ES,fc_vol x trail_rv_20,rest1_eff_range,interaction,prior RTH,0.03683425839461721,0.42984927824870856,138,-0.06489903550915724,-0.6238047637650945,94
FUTURES,ES,trail_rv_20,rest1_eff_mfe,main,prior RTH,-0.04742449651136226,-0.6646908443098791,198,-0.021840118484268322,-0.20953303602268697,94
FUTURES,ES,fc_vol x trail_rv_20,rest1_eff_mfe,interaction,prior RTH,-0.09426949078629827,-1.1042794019956035,138,-0.10587725318787704,-1.0212793366559303,94
FUTURES,ES,trail_rv_20,rest1_eff_vol,main,prior RTH,0.020855701364846078,0.2920433396421304,198,-0.01438427916049561,-0.13798343451738213,94
FUTURES,ES,fc_vol x trail_rv_20,rest1_eff_vol,interaction,prior RTH,0.03780231923632785,0.44116233652620906,138,-0.037994437019109206,-0.3646931639772172,94
FUTURES,ES,trail_rv_20,rest5_eff_range,main,prior RTH,0.016109626779347398,0.2255640460091616,198,-0.05651844092042047,-0.5429737546924772,94
FUTURES,ES,fc_vol x trail_rv_20,rest5_eff_range,interaction,prior RTH,-0.013970670496291,-0.16294051731647086,138,-0.05225589712097678,-0.5019066988254485,94
FUTURES,ES,trail_rv_20,rest5_eff_mfe,main,prior RTH,-0.09768276676630694,-1.3741303718648907,198,0.02368980016534148,0.22728836764813568,94
FUTURES,ES,fc_vol x trail_rv_20,rest5_eff_mfe,interaction,prior RTH,-0.15133941719997532,-1.7854710344081293,138,-0.04983599924993155,-0.47860481976815084,94
FUTURES,ES,trail_rv_20,rest5_eff_vol,main,prior RTH,-0.01039113425920558,-0.14548373419283286,198,-0.02091536321930427,-0.2006570102454513,94
FUTURES,ES,fc_vol x trail_rv_20,rest5_eff_vol,interaction,prior RTH,-0.016212735936290634,-0.1890962205261511,138,-0.012982696962034461,-0.12453615044882387,94
FUTURES,ES,trail_rv_20,rest15_eff_range,main,prior RTH,0.04386881636983048,0.6147552540117375,198,0.03532866860070227,0.3390723517850562,94
FUTURES,ES,fc_vol x trail_rv_20,rest15_eff_range,interaction,prior RTH,0.05159724513318209,0.6025246865005606,138,0.040046382424068036,0.38441977958307705,94
FUTURES,ES,trail_rv_20,rest15_eff_mfe,main,prior RTH,-0.049128988136026244,-0.6886374033967251,198,0.12565834627749883,1.2149023477309302,94
FUTURES,ES,fc_vol x trail_rv_20,rest15_eff_mfe,interaction,prior RTH,-0.0685154193370153,-0.8009023027447031,138,0.12743561030235162,1.232367113452439,94
FUTURES,ES,trail_rv_20,rest15_eff_vol,main,prior RTH,0.02053723470451782,0.2875819401286931,198,0.05237149152909728,0.5030200085416212,94
FUTURES,ES,fc_vol x trail_rv_20,rest15_eff_vol,interaction,prior RTH,0.041638032005369995,0.48600020152191253,138,0.05281941986056425,0.5073342756083603,94
FUTURES,ES,trail_rv_20,rest30_eff_range,main,prior RTH,0.101871573532521,1.4336605645953133,198,0.00847451504533468,0.08128761178349617,94
FUTURES,ES,fc_vol x trail_rv_20,rest30_eff_range,interaction,prior RTH,0.08214589864129007,0.961226208922856,138,-0.004529855868222374,-0.043449296921025046,94
FUTURES,ES,trail_rv_20,rest30_eff_mfe,main,prior RTH,0.028442539823960913,0.39835672106250186,198,-0.017902748628331338,-0.1717446574604771,94
FUTURES,ES,fc_vol x trail_rv_20,rest30_eff_mfe,interaction,prior RTH,0.050483060628337066,0.5894802320573121,138,-0.1052924368479826,-1.015574849684195,94
FUTURES,ES,trail_rv_20,rest30_eff_vol,main,prior RTH,0.0675203428309058,0.9474469705846462,198,0.029469349420221797,0.28278288685912967,94
FUTURES,ES,fc_vol x trail_rv_20,rest30_eff_vol,interaction,prior RTH,0.06924603129302333,0.8094836290240429,138,0.04331177979265253,0.41582220337501913,94
FUTURES,ES,vol_state,eff_range,main,prior RTH,0.08525415350525098,1.1979194899363463,198,0.07417548676082796,0.7134316338464805,94
FUTURES,ES,fc_vol x vol_state,eff_range,interaction,prior RTH,0.039955386956532876,0.4663282581437372,138,0.07297619477657769,0.7018343837585499,94
FUTURES,ES,vol_state,eff_mfe,main,prior RTH,-0.020506323536745214,-0.2871489102571075,198,0.07287504966947224,0.7008564431050399,94
FUTURES,ES,fc_vol x vol_state,eff_mfe,interaction,prior RTH,-0.04086632312683651,-0.4769775847000133,138,0.07427663186793339,0.7144098567790059,94
FUTURES,ES,vol_state,rest1_eff_range,main,prior RTH,0.06910030849525275,0.9697222295357841,198,0.03389083553083119,0.3252563213212066,94
FUTURES,ES,fc_vol x vol_state,rest1_eff_range,interaction,prior RTH,0.021103269716819365,0.246159120424627,138,0.03139110645522523,0.30124137422180125,94
FUTURES,ES,vol_state,rest1_eff_mfe,main,prior RTH,-0.010513268740746795,-0.14719389717909892,198,0.042618213343929484,0.4091512841366207,94
FUTURES,ES,fc_vol x vol_state,rest1_eff_mfe,interaction,prior RTH,-0.047387034834208155,-0.5532445541359577,138,0.04215583571144746,0.40470433446649773,94
FUTURES,ES,vol_state,rest1_eff_vol,main,prior RTH,0.07683008180419094,1.0788098905722296,198,0.02399306433551277,0.2301996572895336,94
FUTURES,ES,fc_vol x vol_state,rest1_eff_vol,interaction,prior RTH,0.027911659881869177,0.3256299596285914,138,0.01799660441426146,0.17264532578071323,94
FUTURES,ES,vol_state,rest5_eff_range,main,prior RTH,0.062319002456914054,0.8741651650098093,198,0.11172922009897772,1.078421363544767,94
FUTURES,ES,fc_vol x vol_state,rest5_eff_range,interaction,prior RTH,0.015906792179712276,0.18552695306221179,138,0.10294404508181917,0.9926785466918653,94
FUTURES,ES,vol_state,rest5_eff_mfe,main,prior RTH,-0.05745931430675645,-0.8057616403573117,198,0.12152672417847181,1.1743474650318322,94
FUTURES,ES,fc_vol x vol_state,rest5_eff_mfe,interaction,prior RTH,-0.09426949078629827,-1.1042794019956035,138,0.112813732717843,1.0890234692589038,94
FUTURES,ES,vol_state,rest5_eff_vol,main,prior RTH,0.06635005515193257,0.9309522117365929,198,0.09200592421341616,0.8862488837735462,94
FUTURES,ES,fc_vol x vol_state,rest5_eff_vol,interaction,prior RTH,0.015628246371484213,0.1822773668472288,138,0.07812014593794026,0.7515990399705917,94
FUTURES,ES,vol_state,rest15_eff_range,main,prior RTH,0.05710065254798421,0.8007155617843686,198,0.15877671775820734,1.5425001368848479,94
FUTURES,ES,fc_vol x vol_state,rest15_eff_range,interaction,prior RTH,0.03560367452572421,0.4154700397884496,138,0.1523612049325583,1.4786608862639623,94
FUTURES,ES,vol_state,rest15_eff_mfe,main,prior RTH,0.007736745055752016,0.10831767262664083,198,0.0813423400642994,0.7828023510845581,94
FUTURES,ES,fc_vol x vol_state,rest15_eff_mfe,interaction,prior RTH,0.01981099981963017,0.23107932483581517,138,0.08229599393129357,0.792042104849642,94
FUTURES,ES,vol_state,rest15_eff_vol,main,prior RTH,0.05522381945104696,0.7743150766993493,198,0.15071343423761877,1.4622955582628798,94
FUTURES,ES,fc_vol x vol_state,rest15_eff_vol,interaction,prior RTH,0.030674286340524527,0.3578889867377876,138,0.14012209659357727,1.3573956863804448,94
FUTURES,ES,vol_state,rest30_eff_range,main,prior RTH,0.016453614542823427,0.2303817903544425,198,0.09615287360473937,0.9265591037784161,94
FUTURES,ES,fc_vol x vol_state,rest30_eff_range,interaction,prior RTH,-0.05698544940626362,-0.6656404882039573,138,0.08274392226276053,0.7963827436756007,94
FUTURES,ES,vol_state,rest30_eff_mfe,main,prior RTH,-0.018937988522856896,-0.2651793965362297,198,0.012411994408181292,0.11906083956702898,94
FUTURES,ES,fc_vol x vol_state,rest30_eff_mfe,interaction,prior RTH,-0.025411626104354906,-0.29644366858483917,138,0.011812346249928062,0.11330795031063855,94
FUTURES,ES,vol_state,rest30_eff_vol,main,prior RTH,0.01769422408149036,0.24775792489212783,198,0.08579272477693892,0.8259401432490237,94
FUTURES,ES,fc_vol x vol_state,rest30_eff_vol,interaction,prior RTH,-0.05348764466687519,-0.6246619625491561,138,0.06907488350251056,0.6641292951624687,94
FUTURES,ES,fc_vol,eff_range,main,prior RTH,0.014584857821618972,0.17010530190068715,138,-0.05929270671531264,-0.5697180031206981,94
FUTURES,ES,fc_vol,eff_mfe,main,prior RTH,-0.08523273415542398,-0.9976061648463412,138,-0.13003648448506303,-1.25794710819035,94
FUTURES,ES,fc_vol,rest1_eff_range,main,prior RTH,-0.007376897593318553,-0.08603101087589125,138,-0.06553480475382004,-0.6299419613108693,94
FUTURES,ES,fc_vol,rest1_eff_mfe,main,prior RTH,-0.11008267330914702,-1.2916234717916235,138,-0.1392840371347036,-1.349116099815307,94
FUTURES,ES,fc_vol,rest1_eff_vol,main,prior RTH,0.011408962325537854,0.13305888102857086,138,-0.05263157894736842,-0.5055250296034367,94
FUTURES,ES,fc_vol,rest5_eff_range,main,prior RTH,-0.029336353196084828,-0.3422650405615704,138,-0.025929270671531262,-0.2487884750022527,94
FUTURES,ES,fc_vol,rest5_eff_mfe,main,prior RTH,-0.10052992198434206,-1.1783397054076825,138,-0.08545378357903599,-0.8226530515841352,94
FUTURES,ES,fc_vol,rest5_eff_vol,main,prior RTH,-0.023660411562847466,-0.2760027093243544,138,0.0008163855073510819,0.007830497312116031,94
FUTURES,ES,fc_vol,rest15_eff_range,main,prior RTH,0.015710458151308726,0.18323646592243004,138,0.04376709087588024,0.42020184168238667,94
FUTURES,ES,fc_vol,rest15_eff_mfe,main,prior RTH,-0.06671172107062048,-0.7797226673547433,138,0.09021421088754833,0.8688471373150604,94
FUTURES,ES,fc_vol,rest15_eff_vol,main,prior RTH,0.01339531358093468,0.15622887526168283,138,0.04994400895856663,0.47964469246808505,94
FUTURES,ES,fc_vol,rest30_eff_range,main,prior RTH,0.009098402014662468,0.10610908092944453,138,-0.002579200231188816,-0.02473890183245306,94
FUTURES,ES,fc_vol,rest30_eff_mfe,main,prior RTH,0.021735730504353887,0.25353989646131525,138,-0.18221356866632146,-1.7774881231353934,94
FUTURES,ES,fc_vol,rest30_eff_vol,main,prior RTH,0.012349625218898189,0.1440311248873132,138,0.05581042517068237,0.5361504456149866,94
FUTURES,ES,on_ret_pct,eff_range,main,overnight,0.01586699454325178,0.2332256027586675,218,0.2434634974533107,2.40766636711136,94
FUTURES,ES,fc_vol x on_ret_pct,eff_range,interaction,overnight,0.028907151671809305,0.3372533594819831,138,0.23363797276306758,2.304764148332925,94
FUTURES,ES,on_ret_pct,eff_mfe,main,overnight,0.07026888500536732,1.0352966418599896,218,0.16757576852219774,1.6303852586575065,94
FUTURES,ES,fc_vol x on_ret_pct,eff_mfe,interaction,overnight,0.10335191066442308,1.2117692417005004,138,0.1593396669436116,1.5481113446700903,94
FUTURES,ES,on_ret_pct,rest1_eff_range,main,overnight,0.03198876912389514,0.47037769708025456,218,0.20693566448723044,2.0287708179411017,94
FUTURES,ES,fc_vol x on_ret_pct,rest1_eff_range,interaction,overnight,0.07141503553742216,0.8349672064940389,138,0.20530289347252825,2.0120560208776497,94
FUTURES,ES,on_ret_pct,rest1_eff_mfe,main,overnight,0.0999294884510233,1.4760458579348967,218,0.1719394574287469,1.67411709800927,94
FUTURES,ES,fc_vol x on_ret_pct,rest1_eff_mfe,interaction,overnight,0.15007911157586148,1.7702581196242668,138,0.17306650290792183,1.685428458579097,94
FUTURES,ES,on_ret_pct,rest1_eff_vol,main,overnight,0.03627274140925292,0.5334492964139599,218,0.25999349781454323,2.582584146007483,94
FUTURES,ES,fc_vol x on_ret_pct,rest1_eff_vol,interaction,overnight,0.041195098507040125,0.4808214343102625,138,0.253332370046599,2.511815925776866,94
FUTURES,ES,on_ret_pct,rest5_eff_range,main,overnight,-0.03141078655537718,-0.4618703023928097,218,0.1764765379474768,1.7196943538633502,94
FUTURES,ES,fc_vol x on_ret_pct,rest5_eff_range,interaction,overnight,-0.03727719189294708,-0.4350253837320351,138,0.16829823357295093,1.6376187397271198,94
FUTURES,ES,on_ret_pct,rest5_eff_mfe,main,overnight,0.02603280596872408,0.38273225932102767,218,-0.013900328001865513,-0.13334014498642674,94
FUTURES,ES,fc_vol x on_ret_pct,rest5_eff_mfe,interaction,overnight,0.018418270778489867,0.2148285433152485,138,-0.016139985840003927,-0.1548294735407095,94
FUTURES,ES,on_ret_pct,rest5_eff_vol,main,overnight,-0.01744863012211161,-0.25648048937490897,218,0.21457934472419896,2.107258060038452,94
FUTURES,ES,fc_vol x on_ret_pct,rest5_eff_vol,interaction,overnight,-0.0457614232320903,-0.5342249705141198,138,0.20525954556948306,2.0116125049626614,94
FUTURES,ES,on_ret_pct,rest15_eff_range,main,overnight,-0.04064825470111595,-0.5978990504225988,218,0.1767444884759878,1.7223895568125271,94
FUTURES,ES,fc_vol x on_ret_pct,rest15_eff_range,interaction,overnight,-0.08852743850586318,-1.036467914619097,138,0.17178836032464187,1.6726011590329706,94
FUTURES,ES,on_ret_pct,rest15_eff_mfe,main,overnight,0.0280445088975126,0.41233060108043584,218,-0.08515695553227613,-0.8197746145682875,94
FUTURES,ES,fc_vol x on_ret_pct,rest15_eff_mfe,interaction,overnight,-0.009842712944845646,-0.11479033191318436,138,-0.07397319654661705,-0.7114752543670335,94
FUTURES,ES,on_ret_pct,rest15_eff_vol,main,overnight,-0.017973339989697676,-0.26419574815954183,218,0.25301448542426763,2.508448352675714,94
FUTURES,ES,fc_vol x on_ret_pct,rest15_eff_vol,interaction,overnight,-0.07193103023135283,-0.8410313546240697,138,0.2463100097532782,2.4376231170137634,94
FUTURES,ES,on_ret_pct,rest30_eff_range,main,overnight,-0.061873558095926644,-0.9110975420877967,218,0.1064841238305097,1.027200081631111,94
FUTURES,ES,fc_vol x on_ret_pct,rest30_eff_range,interaction,overnight,-0.1203934345383103,-1.4143039341341261,138,0.11170032149694759,1.0781389067521445,94
FUTURES,ES,on_ret_pct,rest30_eff_mfe,main,overnight,0.008841318715186007,0.12994539597781815,218,0.009796661477004557,0.09397078538063192,94
FUTURES,ES,fc_vol x on_ret_pct,rest30_eff_mfe,interaction,overnight,-0.056595093250202115,-0.6610660804087547,138,0.02523579538287383,0.24213035810376315,94
FUTURES,ES,on_ret_pct,rest30_eff_vol,main,overnight,-0.019877005922098793,-0.2921888596750007,218,0.18971209767727487,1.8533110855380475,94
FUTURES,ES,fc_vol x on_ret_pct,rest30_eff_vol,interaction,overnight,-0.07279406560438731,-0.8511755644544396,138,0.19078134595238957,1.8641500548122054,94
FUTURES,ES,on_abs_ret_pct,eff_range,main,overnight,-0.016555604847734988,-0.24335005751768402,218,-0.11794241953545498,-1.1392151726620119,94
FUTURES,ES,fc_vol x on_abs_ret_pct,eff_range,interaction,overnight,-0.030352395097151316,-0.35412987323747375,138,-0.11989307517248854,-1.158329227234326,94
FUTURES,ES,on_abs_ret_pct,eff_mfe,main,overnight,-0.05425711667127801,-0.7985898291489275,218,-0.15087237654878444,-1.463873595527369,94
FUTURES,ES,fc_vol x on_abs_ret_pct,eff_mfe,interaction,overnight,-0.0977490302267865,-1.1454251161041413,138,-0.1812014593794025,-1.7672788799139691,94
FUTURES,ES,on_abs_ret_pct,rest1_eff_range,main,overnight,-0.007830107516295436,-0.11508213620687964,218,-0.12818697395513493,-1.239754210121314,94
FUTURES,ES,fc_vol x on_abs_ret_pct,rest1_eff_range,interaction,overnight,-0.031656046156410315,-0.36935487725759986,138,-0.12867825018964707,-1.2445854075230816,94
FUTURES,ES,on_abs_ret_pct,rest1_eff_mfe,main,overnight,-0.04350171645670238,-0.6399478547142294,218,-0.13418343387638623,-1.2987878582976886,94
FUTURES,ES,fc_vol x on_abs_ret_pct,rest1_eff_mfe,interaction,overnight,-0.08673048866524044,-1.0152683368717685,138,-0.1621861792435791,-1.5765078701998516,94
FUTURES,ES,on_abs_ret_pct,rest1_eff_vol,main,overnight,-0.020831445063138356,-0.3062249162807703,218,-0.13531047935556118,-1.3098993454498213,94
FUTURES,ES,fc_vol x on_abs_ret_pct,rest1_eff_vol,interaction,overnight,-0.03917678297856795,-0.4572268891849471,138,-0.13442907199364232,-1.3012091536430028,94
FUTURES,ES,on_abs_ret_pct,rest5_eff_range,main,overnight,-0.03411947172241566,-0.5017439107898601,218,-0.16006213199436478,-1.5553148013786928,94
FUTURES,ES,fc_vol x on_abs_ret_pct,rest5_eff_range,interaction,overnight,-0.06642404261294231,-0.7763453650378289,138,-0.1532998591193151,-1.4879890453058868,94
FUTURES,ES,on_abs_ret_pct,rest5_eff_mfe,main,overnight,-0.11150380718928693,-1.6490480445306703,218,-0.12602771396285967,-1.2185310548556845,94
FUTURES,ES,fc_vol x on_abs_ret_pct,rest5_eff_mfe,interaction,overnight,-0.1403619725609547,-1.653254617444041,138,-0.14585229818173645,-1.4140878211101546,94
FUTURES,ES,on_abs_ret_pct,rest5_eff_vol,main,overnight,-0.049262495956811383,-0.7248879823116254,218,-0.15704222808221652,-1.5252212509152978,94
FUTURES,ES,fc_vol x on_abs_ret_pct,rest5_eff_vol,interaction,overnight,-0.0781275328832459,-0.913909251670911,138,-0.1477802261315609,-1.4331942852951047,94
FUTURES,ES,on_abs_ret_pct,rest15_eff_range,main,overnight,0.010575287533730049,0.1554330418478845,218,-0.11573209454287314,-1.1175728241625043,94
FUTURES,ES,fc_vol x on_abs_ret_pct,rest15_eff_range,interaction,overnight,0.003931610076522835,0.045850412820059847,138,-0.0879532129948772,-0.8468996520457005,94
FUTURES,ES,on_abs_ret_pct,rest15_eff_mfe,main,overnight,-0.06981807714988358,-1.0286220877363976,218,-0.0026947946393093233,-0.02584765601205909,94
FUTURES,ES,fc_vol x on_abs_ret_pct,rest15_eff_mfe,interaction,overnight,-0.09997739669261099,-1.171797830004002,138,0.022027959397464148,0.21133604376601345,94
FUTURES,ES,on_abs_ret_pct,rest15_eff_vol,main,overnight,0.001970268178286766,0.028956966364372443,218,-0.100169779286927,-0.9656516514990592,94
FUTURES,ES,fc_vol x on_abs_ret_pct,rest15_eff_vol,interaction,overnight,-0.00994317208879675,-0.11596204879645151,138,-0.07485460390853592,-0.7200001283433357,94
FUTURES,ES,on_abs_ret_pct,rest30_eff_range,main,overnight,-0.02581795616004412,-0.37957143872102106,218,-0.16967091716938196,-1.651369847313401,94
FUTURES,ES,fc_vol x on_abs_ret_pct,rest30_eff_range,interaction,overnight,0.010253682170100161,0.11958374152060865,138,-0.1443701910920059,-1.3994108071505313,94
FUTURES,ES,on_abs_ret_pct,rest30_eff_mfe,main,overnight,-0.005380891666631284,-0.07908377857060202,218,-0.29094495157850336,-2.916828541600248,94
FUTURES,ES,fc_vol x on_abs_ret_pct,rest30_eff_mfe,interaction,overnight,-0.0647551248492106,-0.7567563278752637,138,-0.29441279634912443,-2.9548732000856277,94
FUTURES,ES,on_abs_ret_pct,rest30_eff_vol,main,overnight,-0.03807273949805812,-0.5599586958992193,218,-0.11918505942275041,-1.1513899722453849,94
FUTURES,ES,fc_vol x on_abs_ret_pct,rest30_eff_vol,interaction,overnight,0.0003630228156414887,0.004233537428433199,138,-0.09163024238702451,-0.8825994170465066,94
FUTURES,ES,on_range_pct,eff_range,main,overnight,0.043816799596262106,0.644591884145085,218,-0.19459596142036625,-1.902875234508353,94
FUTURES,ES,fc_vol x on_range_pct,eff_range,interaction,overnight,0.012194384099133834,0.14222030882531278,138,-0.1742946934942022,-1.6977627147019794,94
FUTURES,ES,on_range_pct,eff_mfe,main,overnight,-0.03134070938941885,-0.4608388598856528,218,-0.23151392551385327,-2.282618684674227,94
FUTURES,ES,fc_vol x on_range_pct,eff_mfe,interaction,overnight,-0.07088534186931635,-0.8287427640914665,138,-0.22642777155655094,-2.229729516324758,94
FUTURES,ES,on_range_pct,rest1_eff_range,main,overnight,0.038753808633849335,0.5699905236060604,218,-0.19817938807210203,-1.9393351388309967,94
FUTURES,ES,fc_vol x on_range_pct,rest1_eff_range,interaction,overnight,-0.010025365933847652,-0.11692072885671262,138,-0.17823935267131452,-1.7374330480136972,94
FUTURES,ES,on_range_pct,rest1_eff_mfe,main,overnight,-0.05674281332602239,-0.8352914329537816,218,-0.24899757974208,-2.4659687729158235,94
FUTURES,ES,fc_vol x on_range_pct,rest1_eff_mfe,interaction,overnight,-0.10762142428234497,-1.2624027970550702,138,-0.23751038543510455,-2.3452282965819107,94
FUTURES,ES,on_range_pct,rest1_eff_vol,main,overnight,0.03989589203257833,0.5868146670897897,218,-0.20930534985370083,-2.0530610107578924,94
FUTURES,ES,fc_vol x on_range_pct,rest1_eff_vol,interaction,overnight,0.007746769896047616,0.09034479615525395,138,-0.17875952750785679,-1.7426707092349667,94
FUTURES,ES,on_range_pct,rest5_eff_range,main,overnight,-0.002071040272061574,-0.030438016697393693,218,-0.20445038471263954,-2.003335806374194,94
FUTURES,ES,fc_vol x on_range_pct,rest5_eff_range,interaction,overnight,-0.04176132277294634,-0.4874417649815377,138,-0.17136148538814436,-1.668319031222624,94
FUTURES,ES,on_range_pct,rest5_eff_mfe,main,overnight,-0.09826498203477939,-1.4512178739881725,218,-0.1263528255845249,-1.2217254118003622,94
FUTURES,ES,fc_vol x on_range_pct,rest5_eff_mfe,interaction,overnight,-0.10752096513839388,-1.2612106191193673,138,-0.1353764792614116,-1.3105501954262728,94
FUTURES,ES,on_range_pct,rest5_eff_vol,main,overnight,-0.002376251615103995,-0.03492372234460616,218,-0.1970234439908969,-1.9275651202502835,94
FUTURES,ES,fc_vol x on_range_pct,rest5_eff_vol,interaction,overnight,-0.035697243538079716,-0.4165633162051172,138,-0.15435465809341473,-1.4984763513848616,94
FUTURES,ES,on_range_pct,rest15_eff_range,main,overnight,0.036519480444279974,0.5370828223346341,218,-0.1314385414831445,-1.2717474738374408,94
FUTURES,ES,fc_vol x on_range_pct,rest15_eff_range,interaction,overnight,0.02948935873889021,0.3440516944793847,138,-0.08837946891459937,-0.8510362945093065,94
FUTURES,ES,on_range_pct,rest15_eff_mfe,main,overnight,-0.05879826822383269,-0.8656522071602065,218,0.03208467290394827,0.3079038944367491,94
FUTURES,ES,fc_vol x on_range_pct,rest15_eff_mfe,interaction,overnight,-0.04178872072129665,-0.4877621154438781,138,0.047068598056569017,0.45196706611700116,94
FUTURES,ES,on_range_pct,rest15_eff_vol,main,overnight,0.038764233330186616,0.5701440806208088,218,-0.13244951775457864,-1.2817032681424865,94
FUTURES,ES,fc_vol x on_range_pct,rest15_eff_vol,interaction,overnight,0.023468625924395355,0.27376425943736576,138,-0.08642849402160172,-0.83210668837944,94
FUTURES,ES,on_range_pct,rest30_eff_range,main,overnight,-0.019780884212197782,-0.29077533122890387,218,-0.19329552432901057,-1.889663492796772,94
FUTURES,ES,fc_vol x on_range_pct,rest30_eff_range,interaction,overnight,0.002915598336944535,0.03400157181394925,138,-0.15082902864573924,-1.4634432102124644,94
FUTURES,ES,on_range_pct,rest30_eff_mfe,main,overnight,0.009939965227800806,0.14609427466264052,218,-0.27675568672537876,-2.7624476261594197,94
FUTURES,ES,fc_vol x on_range_pct,rest30_eff_mfe,interaction,overnight,0.011813095549320063,0.13777279713362284,138,-0.2652540015694855,-2.6387508333560934,94
FUTURES,ES,on_range_pct,rest30_eff_vol,main,overnight,-0.016554996933401827,-0.2433411193637675,218,-0.154412455297475,-1.4990511496078471,94
FUTURES,ES,fc_vol x on_range_pct,rest30_eff_vol,interaction,overnight,0.0032991696138487494,0.03847480801305595,138,-0.10018422858794207,-0.9657923570645478,94
FUTURES,ES,on_atr_pct,eff_range,main,overnight,0.09447452649377919,1.3947245148036906,218,-0.034685547086659684,-0.3328923897913839,94
FUTURES,ES,fc_vol x on_atr_pct,eff_range,interaction,overnight,0.00959385919950578,0.11188781227148975,138,-0.03429541595925297,-0.3291436962601767,94
FUTURES,ES,on_atr_pct,eff_mfe,main,overnight,-0.007290921010873029,-0.10715706552972482,218,-0.1426796228732435,-1.3826811808579098,94
FUTURES,ES,fc_vol x on_atr_pct,eff_mfe,interaction,overnight,-0.08868944197228697,-1.038379654119869,138,-0.13983311057327602,-1.354540321374854,94
FUTURES,ES,on_atr_pct,rest1_eff_range,main,overnight,0.09118076481363828,1.3456837258487568,218,-0.03387638622981613,-0.32511748947416974,94
FUTURES,ES,fc_vol x on_atr_pct,rest1_eff_range,interaction,overnight,-0.009450009018491332,-0.11021001711964404,138,-0.03738756637647654,-0.3588598390720277,94
FUTURES,ES,on_atr_pct,rest1_eff_mfe,main,overnight,-0.019444965679566443,-0.28583550715301387,218,-0.13866271719105588,-1.3429796949992021,94
FUTURES,ES,fc_vol x on_atr_pct,rest1_eff_mfe,interaction,overnight,-0.11481795204902404,-1.3479102470354143,138,-0.1410613011595564,-1.3666780705064148,94
FUTURES,ES,on_atr_pct,rest1_eff_vol,main,overnight,0.09437419679162594,1.3932300328491558,218,-0.0322725138171441,-0.30970840321488186,94
FUTURES,ES,fc_vol x on_atr_pct,rest1_eff_vol,interaction,overnight,0.01178340095299197,0.137426429289739,138,-0.028905826680634322,-0.2773708519864526,94
FUTURES,ES,on_atr_pct,rest5_eff_range,main,overnight,0.06650842359144493,0.9796392633315804,218,-0.019932810750279955,-0.1912267968863029,94
FUTURES,ES,fc_vol x on_atr_pct,rest5_eff_range,interaction,overnight,-0.02679747664895693,-0.3126218622681098,138,-0.014225336849329915,-0.1364584453618043,94
FUTURES,ES,on_atr_pct,rest5_eff_mfe,main,overnight,-0.05006347485446797,-0.7367036071693718,218,-0.04657043362787166,-0.4471730861782425,94
FUTURES,ES,fc_vol x on_atr_pct,rest5_eff_mfe,interaction,overnight,-0.0979590811641388,-1.1479103196419935,138,-0.05841894606189424,-0.561293448372191,94
FUTURES,ES,on_atr_pct,rest5_eff_vol,main,overnight,0.06563562558892296,0.9667273451849052,218,0.011162085034136474,0.1070696287702009,94
FUTURES,ES,fc_vol x on_atr_pct,rest5_eff_vol,interaction,overnight,-0.017377148741178426,-0.2026812404198703,138,0.018531228551818803,0.17777582741135525,94
FUTURES,ES,on_atr_pct,rest15_eff_range,main,overnight,0.07882351408134534,1.1620800470959975,218,0.03377536313052825,0.32414684451816417,94
FUTURES,ES,fc_vol x on_atr_pct,rest15_eff_range,interaction,overnight,0.023918436214665054,0.2790143242276475,138,0.04852815275887877,0.46601474105305274,94
FUTURES,ES,on_atr_pct,rest15_eff_mfe,main,overnight,-0.03608745522083466,-0.5307208010490527,218,0.13058555792363544,1.2633506868006612,94
FUTURES,ES,fc_vol x on_atr_pct,rest15_eff_mfe,interaction,overnight,-0.05118165068072485,-0.5976588013112668,138,0.12288408048260666,1.1876639621393192,94
FUTURES,ES,on_atr_pct,rest15_eff_vol,main,overnight,0.07927691989605418,1.1688066774565418,218,0.04165011017592024,0.3998407814324445,94
FUTURES,ES,fc_vol x on_atr_pct,rest15_eff_vol,interaction,overnight,0.025034875305087564,0.29204584067162753,138,0.05809341473106239,0.5581550987418985,94
FUTURES,ES,on_atr_pct,rest30_eff_range,main,overnight,0.06309728511639655,0.9291884346324467,218,-0.040378571686594665,-0.3876137712027451,94
FUTURES,ES,fc_vol x on_atr_pct,rest30_eff_range,interaction,overnight,0.011719472406841267,0.13668074627600885,138,-0.01892135967922552,-0.1815198030009777,94
FUTURES,ES,on_atr_pct,rest30_eff_mfe,main,overnight,0.020577807172929584,0.3024948175083577,218,-0.21341694692530577,-2.095296539317119,94
FUTURES,ES,fc_vol x on_atr_pct,rest30_eff_mfe,interaction,overnight,0.020393229502614383,0.23787334940181018,138,-0.20579491310654485,-2.0170910079780264,94
FUTURES,ES,on_atr_pct,rest30_eff_vol,main,overnight,0.054712860426636485,0.805317804146098,218,0.027749882599429253,0.26627006464991204,94
FUTURES,ES,fc_vol x on_atr_pct,rest30_eff_vol,interaction,overnight,0.017240158999426925,0.20108296103985496,138,0.04995845825958169,0.47978380562700806,94
FUTURES,ES,on_rv_pct,eff_range,main,overnight,0.09142414009895106,1.3493057940364,218,-0.06692193765126611,-0.6433348953282201,94
FUTURES,ES,fc_vol x on_rv_pct,eff_range,interaction,overnight,0.0022945807937894596,0.026759250900016886,138,-0.05719755806812846,-0.5495193333935202,94
FUTURES,ES,on_rv_pct,eff_mfe,main,overnight,-0.0023339750316799038,-0.0343023808302703,218,-0.1686161181952823,-1.640802331027717,94
FUTURES,ES,fc_vol x on_rv_pct,eff_mfe,interaction,overnight,-0.07766633408601585,-0.9084814674003163,138,-0.15841491167864755,-1.5388946423035765,94
FUTURES,ES,on_rv_pct,rest1_eff_range,main,overnight,0.08696571259459687,1.2829905854607084,218,-0.05802116822598707,-0.5574586161800021,94
FUTURES,ES,fc_vol x on_rv_pct,rest1_eff_range,interaction,overnight,-0.016468450120893444,-0.19207952957160587,138,-0.05572372936459198,-0.5353149943476464,94
FUTURES,ES,on_rv_pct,rest1_eff_mfe,main,overnight,-0.005750381659937906,-0.08451440268438601,218,-0.16201278763139831,-1.5747769846559556,94
FUTURES,ES,fc_vol x on_rv_pct,rest1_eff_mfe,interaction,overnight,-0.1044660938973353,-1.2249760556748404,138,-0.16053895892786188,-1.5600704871948141,94
FUTURES,ES,on_rv_pct,rest1_eff_vol,main,overnight,0.07872209439099213,1.160575506028057,218,-0.04493010150633964,-0.4313900408340568,94
FUTURES,ES,fc_vol x on_rv_pct,rest1_eff_vol,interaction,overnight,-0.0005274105057432949,-0.006150611431083128,138,-0.039670555936856554,-0.38080637099028575,94
FUTURES,ES,on_rv_pct,rest5_eff_range,main,overnight,0.049476202293609675,0.7280403291609142,218,-0.045305783332731275,-0.435004485271837,94
FUTURES,ES,fc_vol x on_rv_pct,rest5_eff_range,interaction,overnight,-0.040880022101011666,-0.4771377419932588,138,-0.031347758552180034,-0.3008249812713562,94
FUTURES,ES,on_rv_pct,rest5_eff_mfe,main,overnight,-0.05851443357959778,-0.861459085365488,218,-0.05879463060248521,-0.5649155333941078,94
FUTURES,ES,fc_vol x on_rv_pct,rest5_eff_mfe,interaction,overnight,-0.09986323857448473,-1.170446339552576,138,-0.07525972806415437,-0.7239190121415311,94
FUTURES,ES,on_rv_pct,rest5_eff_vol,main,overnight,0.04294106166265798,0.6316848020299852,218,-0.00429866705198136,-0.04123174686520516,94
FUTURES,ES,fc_vol x on_rv_pct,rest5_eff_vol,interaction,overnight,-0.03498033055624684,-0.40818705956480095,138,0.007434165372250118,0.07130797979319609,94
FUTURES,ES,on_rv_pct,rest15_eff_range,main,overnight,0.06906598983304255,1.0174882689032418,218,-0.006733398596289268,-0.06458595463103399,94
FUTURES,ES,fc_vol x on_rv_pct,rest15_eff_range,interaction,overnight,0.015235559837768226,0.17769625783764276,138,0.021262223249870513,0.20398619550499947,94
FUTURES,ES,on_rv_pct,rest15_eff_mfe,main,overnight,-0.0400471081126972,-0.5890424173707555,218,0.0833507929053932,0.8022643849534784,94
FUTURES,ES,fc_vol x on_rv_pct,rest15_eff_mfe,interaction,overnight,-0.050679354960969335,-0.5917782109728216,138,0.08742549579164108,0.8417790178657784,94
FUTURES,ES,on_rv_pct,rest15_eff_vol,main,overnight,0.06179238753924463,0.909897708979379,218,0.020294043275656537,0.19469372121113368,94
FUTURES,ES,fc_vol x on_rv_pct,rest15_eff_vol,interaction,overnight,0.010564192251403573,0.1232054688415857,138,0.041722356680995554,0.40053555578681,94
FUTURES,ES,on_rv_pct,rest30_eff_range,main,overnight,0.032272580642380595,0.4745553252242983,218,-0.07433442907199364,-0.7149688512637205,94
FUTURES,ES,fc_vol x on_rv_pct,rest30_eff_range,interaction,overnight,-0.010303911742075712,-0.12016960680234019,138,-0.043846403930209873,-0.42096478087744493,94
FUTURES,ES,on_rv_pct,rest30_eff_mfe,main,overnight,0.011624135762232125,0.17085075102198533,218,-0.21809131268903875,-2.143454841001776,94
FUTURES,ES,fc_vol x on_rv_pct,rest30_eff_mfe,interaction,overnight,0.0046690723614919855,0.05445086619094399,138,-0.2144211769734648,-2.1056299027122662,94
FUTURES,ES,on_rv_pct,rest30_eff_vol,main,overnight,0.019976613931216695,0.2936536648323187,218,0.008199978326048478,0.07865407347351255,94
FUTURES,ES,fc_vol x on_rv_pct,rest30_eff_vol,interaction,overnight,-0.009020774494336614,-0.10520368479044767,138,0.0351912726221869,0.3377520343598008,94
FUTURES,ES,on_closeloc,eff_range,main,overnight,-0.020620126979078675,-0.30311718517513353,218,0.1894953581620489,1.851114832435977,94
FUTURES,ES,fc_vol x on_closeloc,eff_range,interaction,overnight,0.01594790730807898,0.18600661624382242,138,0.1608712928512083,1.5633857188886142,94
FUTURES,ES,on_closeloc,eff_mfe,main,overnight,0.04856619469689909,0.7146176475672209,218,0.13978976267023083,1.3541120470929728,94
FUTURES,ES,fc_vol x on_closeloc,eff_mfe,interaction,overnight,0.051117722134574155,0.5969103373797808,138,0.04650507531698154,0.4465441491969361,94
FUTURES,ES,on_closeloc,rest1_eff_range,main,overnight,-0.00480174208663652,-0.07057172151338914,218,0.15306867030307408,1.4856911549757756,94
FUTURES,ES,fc_vol x on_closeloc,rest1_eff_range,interaction,overnight,0.02541388025726673,0.296469981785022,138,0.13409673807029585,1.2979333417031826,94
FUTURES,ES,on_closeloc,rest1_eff_mfe,main,overnight,0.10779456802266157,1.5935353604580407,218,0.1656540114871943,1.6111573189775694,94
FUTURES,ES,fc_vol x on_closeloc,rest1_eff_mfe,interaction,overnight,0.0627709828329022,0.7334756077400492,138,0.07858252357042228,0.7560751651611443,94
FUTURES,ES,on_closeloc,rest1_eff_vol,main,overnight,0.018344033150660372,0.2696464985825209,218,0.19761586533251455,1.9335962062590455,94
FUTURES,ES,fc_vol x on_closeloc,rest1_eff_vol,interaction,overnight,0.03151905641465881,0.36775492207368643,138,0.17238738576021384,1.6786118247524662,94
FUTURES,ES,on_closeloc,rest5_eff_range,main,overnight,-0.03738711255147287,-0.5498605230993695,218,0.101080085250876,0.9745173113285657,94
FUTURES,ES,fc_vol x on_closeloc,rest5_eff_range,interaction,overnight,-0.06581672142451066,-0.769216142143357,138,0.10632518151934399,1.0256492983849446,94
FUTURES,ES,on_closeloc,rest5_eff_mfe,main,overnight,0.08514105813303682,1.2558730826066342,218,-0.02082881789468725,-0.19982635390592648,94
FUTURES,ES,fc_vol x on_closeloc,rest5_eff_mfe,interaction,overnight,-0.012975211706230063,-0.15132840963697675,138,-0.07391593336127134,-0.7109214694254476,94
FUTURES,ES,on_closeloc,rest5_eff_vol,main,overnight,-0.009626650218800173,-0.1414888420166609,218,0.1334031716215728,1.291098299678729,94
FUTURES,ES,fc_vol x on_closeloc,rest5_eff_vol,interaction,overnight,-0.045195198966184076,-0.52760117820938,138,0.13880721020120654,1.3444066213064376,94
FUTURES,ES,on_closeloc,rest15_eff_range,main,overnight,-0.03909476281862144,-0.5750129161658023,218,0.1004374541691131,0.9682583377742352,94
FUTURES,ES,fc_vol x on_closeloc,rest15_eff_range,interaction,overnight,-0.06710678476722368,-0.7843609748784578,138,0.14416842166196603,1.39741347061693,94
FUTURES,ES,on_closeloc,rest15_eff_mfe,main,overnight,0.10212621169456483,1.508831650461626,218,-0.0573420510782791,-0.5509121081393311,94
FUTURES,ES,fc_vol x on_closeloc,rest15_eff_mfe,interaction,overnight,0.009230825431688922,0.10765358466224809,138,-0.02954159592529711,-0.2834767568920169,94
FUTURES,ES,on_closeloc,rest15_eff_vol,main,overnight,-0.024178980867807027,-0.3554609142842979,218,0.16403568977350722,1.5949800178190319,94
FUTURES,ES,fc_vol x on_closeloc,rest15_eff_vol,interaction,overnight,-0.043277342581663,-0.5051695003237109,138,0.1924285662681068,1.8808614177356833,94
FUTURES,ES,on_closeloc,rest30_eff_range,main,overnight,-0.0485557980914957,-0.7144643072133238,218,0.05687967344579706,0.5464553507789186,94
FUTURES,ES,fc_vol x on_closeloc,rest30_eff_range,interaction,overnight,-0.09174431321334553,-1.0744447200585672,138,0.07401654444966224,0.7118944710987088,94
FUTURES,ES,on_closeloc,rest30_eff_mfe,main,overnight,0.0003729739810108221,0.00548157602613601,218,0.09205682930677882,0.8867434178420254,94
FUTURES,ES,fc_vol x on_closeloc,rest30_eff_mfe,interaction,overnight,-0.02320380557938535,-0.27067342556424484,138,0.020994910215468468,0.20142050106798695,94
FUTURES,ES,on_closeloc,rest30_eff_vol,main,overnight,-0.005994214280145698,-0.0880981810962511,218,0.11487916772026154,1.1092259283665935,94
FUTURES,ES,fc_vol x on_closeloc,rest30_eff_vol,interaction,overnight,-0.03866535460936233,-0.4512490824794984,138,0.13935628363977892,1.3498297405604969,94
FUTURES,ES,on_upper_wick,eff_range,main,overnight,0.07985419244527846,1.177372024767188,218,0.033298414189213595,0.31956438202511966,94
FUTURES,ES,fc_vol x on_upper_wick,eff_range,interaction,overnight,0.0886371316109117,1.0377623509468763,138,0.02407976014160315,0.2310319354176293,94
FUTURES,ES,on_upper_wick,eff_mfe,main,overnight,0.042641549209974934,0.6272707676678171,218,-0.04453997037893292,-0.42763677339241774,94
FUTURES,ES,fc_vol x on_upper_wick,eff_mfe,interaction,overnight,0.029135468168703778,0.3399193318791353,138,-0.094245565870751,-0.9080132960205707,94
FUTURES,ES,on_upper_wick,rest1_eff_range,main,overnight,0.08360987848298415,1.2331269534411466,218,0.05083986562150056,0.48827028278058004,94
FUTURES,ES,fc_vol x on_upper_wick,rest1_eff_range,interaction,overnight,0.09738155225543087,1.141077696700666,138,0.029079218292815085,0.279036065053742,94
FUTURES,ES,on_upper_wick,rest1_eff_mfe,main,overnight,0.008901573615256729,0.13083106309061668,218,-0.06991294296138424,-0.6722262642588501,94
FUTURES,ES,fc_vol x on_upper_wick,rest1_eff_mfe,interaction,overnight,0.008637213077517936,0.1007301052970935,138,-0.1304121663114547,-1.261644166048933,94
FUTURES,ES,on_upper_wick,rest1_eff_vol,main,overnight,0.06454766480116889,0.9506354885026032,218,0.0571397608640682,0.548962233200859,94
FUTURES,ES,fc_vol x on_upper_wick,rest1_eff_vol,interaction,overnight,0.07977378401492907,0.9332885912215432,138,0.035668099555683994,0.34233422283544385,94
FUTURES,ES,on_upper_wick,rest5_eff_range,main,overnight,0.07039133032204704,1.0371096480736564,218,0.0901853122855182,0.8685665341570277,94
FUTURES,ES,fc_vol x on_upper_wick,rest5_eff_range,interaction,overnight,0.08272819948474357,0.9680867617910821,138,0.07228262832785465,0.6951289405649929,94
FUTURES,ES,on_upper_wick,rest5_eff_mfe,main,overnight,-0.018209133118886587,-0.2676628873073197,218,-0.018430216597068047,-0.17680645820554108,94
FUTURES,ES,fc_vol x on_upper_wick,rest5_eff_mfe,interaction,overnight,-0.023397874601745652,-0.27293848424142825,138,-0.07151733206365213,-0.6877311850821524,94
FUTURES,ES,on_upper_wick,rest5_eff_vol,main,overnight,0.05974475606739925,0.8796363091562042,218,0.09161579308600946,0.8824590605419153,94
FUTURES,ES,fc_vol x on_upper_wick,rest5_eff_vol,interaction,overnight,0.058599712092935595,0.6845605805731954,138,0.07453671928620452,0.7169253890521249,94
FUTURES,ES,on_upper_wick,rest15_eff_range,main,overnight,0.04965770630673198,0.7307177435601937,218,0.09158722532742386,0.8821815629084876,94
FUTURES,ES,fc_vol x on_upper_wick,rest15_eff_range,interaction,overnight,0.07384220572253121,0.8634981023640809,138,0.10359463784569936,0.9990199856259727,94
FUTURES,ES,on_upper_wick,rest15_eff_mfe,main,overnight,-0.03314347733307832,-0.48737540868716606,218,-0.06358414911678648,-0.6111143351012697,94
FUTURES,ES,fc_vol x on_upper_wick,rest15_eff_mfe,interaction,overnight,0.011349613060624281,0.13236662115599257,138,-0.03676624643282882,-0.35288803734470064,94
FUTURES,ES,on_upper_wick,rest15_eff_vol,main,overnight,0.05664107972539136,0.8337890232423018,218,0.09220821442762707,0.8882141392314237,94
FUTURES,ES,fc_vol x on_upper_wick,rest15_eff_vol,interaction,overnight,0.06432360667008005,0.7516923978291303,138,0.0908066322291659,0.8745999907286783,94
FUTURES,ES,on_upper_wick,rest30_eff_range,main,overnight,0.033627929065504186,0.49450728671320066,218,0.08206480511505257,0.7898019643882326,94
FUTURES,ES,fc_vol x on_upper_wick,rest30_eff_range,interaction,overnight,0.008646345737393715,0.10083662142968045,138,0.06241375573456635,0.5998211491849583,94
FUTURES,ES,on_upper_wick,rest30_eff_mfe,main,overnight,0.03356018762254475,0.4935100071349996,218,0.006422737502254463,0.061606004643460825,94
FUTURES,ES,fc_vol x on_upper_wick,rest30_eff_mfe,interaction,overnight,0.10961259212581165,1.2860406885308344,138,-0.06619248705922991,-0.6362915005263154,94
FUTURES,ES,on_upper_wick,rest30_eff_vol,main,overnight,0.033313989651983254,0.48988557399934296,218,0.08245493624245927,0.7935822760722019,94
FUTURES,ES,fc_vol x on_upper_wick,rest30_eff_vol,interaction,overnight,-0.006970502650188279,-0.08129130618348891,138,0.07460896579127985,0.717624174103673,94
FUTURES,ES,on_lower_wick,eff_range,main,overnight,0.01417299075761448,0.2083204970139276,218,-0.023010511866488458,-0.22076753049201073,94
FUTURES,ES,fc_vol x on_lower_wick,eff_range,interaction,overnight,0.06695837904424227,0.7826185507862967,138,-0.02153668316295199,-0.2066205318673057,94
FUTURES,ES,on_lower_wick,eff_mfe,main,overnight,0.007551547317201002,0.11098779080636334,218,-0.04819564353574396,-0.46281420266806433,94
FUTURES,ES,fc_vol x on_lower_wick,eff_mfe,interaction,overnight,0.004632536433563399,0.05402477389002449,138,-0.08238268973738395,-0.7928821906927784,94
FUTURES,ES,on_lower_wick,rest1_eff_range,main,overnight,0.007205210964249821,0.10589729097716463,218,0.0002673120687786728,0.0025639673836264916,94
FUTURES,ES,fc_vol x on_lower_wick,rest1_eff_range,interaction,overnight,0.05318626723502187,0.6211322765717884,138,-0.0018422858794205832,-0.01767061537817051,94
FUTURES,ES,on_lower_wick,rest1_eff_mfe,main,overnight,0.006862357861915382,0.1008580259932067,218,-0.014167539645269659,-0.13590390642191857,94
FUTURES,ES,fc_vol x on_lower_wick,rest1_eff_mfe,interaction,overnight,-0.026865971519832686,-0.3134215062526118,138,-0.043586316511938734,-0.41846294143143287,94
FUTURES,ES,on_lower_wick,rest1_eff_vol,main,overnight,0.04636620726524205,0.6821749676371253,218,0.01952823032185818,0.187343930521108,94
FUTURES,ES,fc_vol x on_lower_wick,rest1_eff_vol,interaction,overnight,0.10869451059273179,1.2751398736515427,138,0.02587147346747101,0.24823354539475656,94
FUTURES,ES,on_lower_wick,rest5_eff_range,main,overnight,0.01984170075692841,0.2916696747204126,218,0.02173897337716288,0.2085621949071503,94
FUTURES,ES,fc_vol x on_lower_wick,rest5_eff_range,interaction,overnight,0.05856996408585603,0.6842118684521082,138,0.026406097605028357,0.2533667400399778,94
FUTURES,ES,on_lower_wick,rest5_eff_mfe,main,overnight,0.07954925851324056,1.1728473847736018,218,0.033349227680151354,0.3200525808832094,94
FUTURES,ES,fc_vol x on_lower_wick,rest5_eff_mfe,interaction,overnight,0.06251983497302444,0.7305294193227555,138,0.01715866892122172,0.16460440381240857,94
FUTURES,ES,on_lower_wick,rest5_eff_vol,main,overnight,0.05749110859248864,0.8463431207496787,218,0.039237076906404655,0.3766388591354286,94
FUTURES,ES,fc_vol x on_lower_wick,rest5_eff_vol,interaction,overnight,0.11000047946409611,1.2906472571737035,138,0.052776071957519065,0.5069167525134061,94
FUTURES,ES,on_lower_wick,rest15_eff_range,main,overnight,0.026005036875991257,0.3823237238862207,218,-0.028790336272760442,-0.2762617226494606,94
FUTURES,ES,fc_vol x on_lower_wick,rest15_eff_range,interaction,overnight,0.0983884280067355,1.1529905902071924,138,0.003973572133003323,0.038113465884422805,94
FUTURES,ES,on_lower_wick,rest15_eff_mfe,main,overnight,0.09020976570723875,1.3312351035250336,218,0.09264169345807897,0.892425774754691,94
FUTURES,ES,fc_vol x on_lower_wick,rest15_eff_mfe,interaction,overnight,0.11985004189602932,1.4078272680847348,138,0.13195824152006647,1.276864819122887,94
FUTURES,ES,on_lower_wick,rest15_eff_vol,main,overnight,0.04205501118631949,0.6186272127580994,218,-0.02740309937506773,-0.26294003894235246,94
FUTURES,ES,fc_vol x on_lower_wick,rest15_eff_vol,interaction,overnight,0.12422914730735245,1.4600586264806998,138,0.010584112993533939,0.10152493222713023,94
FUTURES,ES,on_lower_wick,rest30_eff_range,main,overnight,0.05388248444255255,0.7930596483903166,218,0.033023877469927396,0.31692676876813497,94
FUTURES,ES,fc_vol x on_lower_wick,rest30_eff_range,interaction,overnight,0.07254291774450955,0.8482233484574978,138,0.020163999566520967,0.19344561973791136,94
FUTURES,ES,on_lower_wick,rest30_eff_mfe,main,overnight,-0.05173212622723065,-0.7613232894931278,218,0.2784245870212401,2.7805011386928693,94
FUTURES,ES,fc_vol x on_lower_wick,rest30_eff_mfe,interaction,overnight,0.016954783059383607,0.1977534744250884,138,0.21157465439091333,2.0763577129574755,94
FUTURES,ES,on_lower_wick,rest30_eff_vol,main,overnight,0.0835534587735196,1.232288990918825,218,-0.001437705450998808,-0.013790000498229173,94
FUTURES,ES,fc_vol x on_lower_wick,rest30_eff_vol,interaction,overnight,0.11400971257269016,1.3382964804556179,138,0.009601560524509627,0.0920991786807316,94
FUTURES,ES,on_eff,eff_range,main,overnight,-0.06860634316205089,-1.0106845690560626,218,-0.05959678788907434,-0.5726501756044609,94
FUTURES,ES,fc_vol x on_eff,eff_range,interaction,overnight,-0.09275814319331778,-1.0864204591280566,138,-0.05897482209298126,-0.5666528978593378,94
FUTURES,ES,on_eff,eff_mfe,main,overnight,-0.04527545602393864,-0.6660936426649972,218,-0.03469314770800522,-0.33296542417959535,94
FUTURES,ES,fc_vol x on_eff,eff_mfe,interaction,overnight,-0.13565409176942797,-1.5967448607021515,138,-0.10068995412346929,-0.9707174413917368,94
FUTURES,ES,on_eff,rest1_eff_range,main,overnight,-0.06301396043835483,-0.9279564768569137,218,-0.06453850238975646,-0.620324810644328,94
FUTURES,ES,fc_vol x on_eff,rest1_eff_range,interaction,overnight,-0.09157992552324372,-1.0725032296525274,138,-0.07171910558826718,-0.6896815148516842,94
FUTURES,ES,on_eff,rest1_eff_mfe,main,overnight,-0.023693955511936166,-0.3483263955151037,218,0.0014232715740268695,0.013651555188904093,94
FUTURES,ES,fc_vol x on_eff,rest1_eff_mfe,interaction,overnight,-0.1097630305783935,-1.2878272320950728,138,-0.07148791677202615,-0.6874468658794081,94
FUTURES,ES,on_eff,rest1_eff_vol,main,overnight,-0.08439911621558961,-1.244850205776024,218,-0.07718900252235063,-0.7425864258569355,94
FUTURES,ES,fc_vol x on_eff,rest1_eff_vol,interaction,overnight,-0.11020139775199832,-1.2930336069348218,138,-0.07979626485568761,-0.7678273374375929,94
FUTURES,ES,on_eff,rest5_eff_range,main,overnight,-0.06469872983444641,-0.9528696627801435,218,-0.10683928952644337,-1.0306656836157866,94
FUTURES,ES,fc_vol x on_eff,rest5_eff_range,interaction,overnight,-0.1069501745477626,-1.254437621594151,138,-0.1052125853411841,-1.0147960351782004,94
FUTURES,ES,on_eff,rest5_eff_mfe,main,overnight,-0.0634590748403658,-0.9345377327575232,218,-0.0798446672090462,-0.7682960690078738,94
FUTURES,ES,fc_vol x on_eff,rest5_eff_mfe,interaction,overnight,-0.14791923998091275,-1.7442071958121,138,-0.11239469996103002,-1.0849265745311227,94
FUTURES,ES,on_eff,rest5_eff_vol,main,overnight,-0.09311418254289709,-1.3744648596033067,218,-0.11246735326333136,-1.0856368657813567,94
FUTURES,ES,fc_vol x on_eff,rest5_eff_vol,interaction,overnight,-0.12875437510987717,-1.5141239224173229,138,-0.10707654517212731,-1.0329809764063942,94
FUTURES,ES,on_eff,rest15_eff_range,main,overnight,-0.05085646392600066,-0.7484027740029181,218,-0.09609646492993532,-0.9260104642649063,94
FUTURES,ES,fc_vol x on_eff,rest15_eff_range,interaction,overnight,-0.06056551713119701,-0.7076082439668938,138,-0.06239230716475764,-0.5996142141576003,94
FUTURES,ES,on_eff,rest15_eff_mfe,main,overnight,-0.0626155951148767,-0.9220669027967593,218,-0.06366431020469428,-0.6118879056596284,94
FUTURES,ES,fc_vol x on_eff,rest15_eff_mfe,interaction,overnight,-0.15916609777871132,-1.8801481890594078,138,-0.00523787161796048,-0.05024058882847718,94
FUTURES,ES,on_eff,rest15_eff_vol,main,overnight,-0.0731189894972903,-1.07750954020226,218,-0.08239803198871293,-0.7930308596112218,94
FUTURES,ES,fc_vol x on_eff,rest15_eff_vol,interaction,overnight,-0.07478498318450919,-0.8745843930063395,138,-0.04835458584690965,-0.46434406864689937,94
FUTURES,ES,on_eff,rest30_eff_range,main,overnight,-0.057433616171810316,-0.8454939558387793,218,-0.11348604002443687,-1.0955978668203394,94
FUTURES,ES,fc_vol x on_eff,rest30_eff_range,interaction,overnight,-0.03325425981017788,-0.38802258442211957,138,-0.11144023407867644,-1.0755969201700666,94
FUTURES,ES,on_eff,rest30_eff_mfe,main,overnight,-0.0020374572440932793,-0.029944445877830416,218,-0.22660443745037376,-2.2315633495407092,94
FUTURES,ES,fc_vol x on_eff,rest30_eff_mfe,interaction,overnight,-0.13241215237394996,-1.5578954487412484,138,-0.29030918003722284,-2.9098673761074685,94
FUTURES,ES,on_eff,rest30_eff_vol,main,overnight,-0.08168463483094779,-1.2045393486540459,218,-0.07564291055868692,-0.7276259795903571,94
FUTURES,ES,fc_vol x on_eff,rest30_eff_vol,interaction,overnight,-0.04153300653669384,-0.4847722205633404,138,-0.05682187624173681,-0.5458982809723559,94
FUTURES,ES,on_range_over_prev,eff_range,main,overnight,0.10151240727110282,1.4961929978550688,217,-0.23018458982046744,-2.2687765136083495,94
FUTURES,ES,fc_vol x on_range_over_prev,eff_range,interaction,overnight,0.05602658517293488,0.6544045340134543,138,-0.2419174222446989,-2.391423222050867,94
FUTURES,ES,on_range_over_prev,eff_mfe,main,overnight,0.054306039582749384,0.7974596299598306,217,-0.15295307589495358,-1.4845423035087382,94
FUTURES,ES,fc_vol x on_range_over_prev,eff_mfe,interaction,overnight,0.022897835333764088,0.26710238417608484,138,-0.23453382942600154,-2.3141148525396393,94
FUTURES,ES,on_range_over_prev,rest1_eff_range,main,overnight,0.10062031125955365,1.4829092940668984,217,-0.21163168731712603,-2.0769436644480055,94
FUTURES,ES,fc_vol x on_range_over_prev,rest1_eff_range,interaction,overnight,0.03958775220382247,0.46203074442063896,138,-0.2230610844200412,-2.1948265819426385,94
FUTURES,ES,on_range_over_prev,rest1_eff_mfe,main,overnight,0.03209366916909682,0.47082810497451544,217,-0.17649098724849185,-1.7198396833019698,94
FUTURES,ES,fc_vol x on_range_over_prev,rest1_eff_mfe,interaction,overnight,-0.0064590663235834685,-0.07532658134832768,138,-0.24561644330455512,-2.430317861685012,94
FUTURES,ES,on_range_over_prev,rest1_eff_vol,main,overnight,0.10369368226722475,1.5286885751915187,217,-0.2260520897301593,-2.225830622050944,94
FUTURES,ES,fc_vol x on_range_over_prev,rest1_eff_vol,interaction,overnight,0.04965649822255809,0.5798045777343915,138,-0.2436657876675216,-2.4097930782807326,94
FUTURES,ES,on_range_over_prev,rest5_eff_range,main,overnight,0.07165172601189199,1.053327894562183,217,-0.25528302568363254,-2.532499671818673,94
FUTURES,ES,fc_vol x on_range_over_prev,rest5_eff_range,interaction,overnight,0.007436259814744205,0.08672334435985396,138,-0.26152512372213993,-2.598911647529717,94
FUTURES,ES,on_range_over_prev,rest5_eff_mfe,main,overnight,-0.021114905036072027,-0.3096743230052911,217,-0.03035097605812735,-0.2912505137221304,94
FUTURES,ES,fc_vol x on_range_over_prev,rest5_eff_mfe,interaction,overnight,-0.023016559776615392,-0.2684880324876176,138,-0.11670062277241872,-1.1270540554277184,94
FUTURES,ES,on_range_over_prev,rest5_eff_vol,main,overnight,0.07223772413177564,1.0619874604155235,217,-0.2561355344435213,-2.541549602631416,94
FUTURES,ES,fc_vol x on_range_over_prev,rest5_eff_vol,interaction,overnight,0.004554908913237547,0.053119460559747395,138,-0.25974785969728714,-2.5799675341150365,94
FUTURES,ES,on_range_over_prev,rest15_eff_range,main,overnight,0.10924158308697442,1.6114401373107927,217,-0.32641811371131485,-3.312323475208484,94
FUTURES,ES,fc_vol x on_range_over_prev,rest15_eff_range,interaction,overnight,0.07730796584846876,0.9042642869312387,138,-0.26346228177133124,-2.6195924239105945,94
FUTURES,ES,on_range_over_prev,rest15_eff_mfe,main,overnight,0.0070733438108464665,0.10371817411899441,217,-0.09623956941082976,-0.9274023381931564,94
FUTURES,ES,fc_vol x on_range_over_prev,rest15_eff_mfe,interaction,overnight,0.025943573925372554,0.30265333351527296,138,-0.07027417548676082,-0.6757167772559498,94
FUTURES,ES,on_range_over_prev,rest15_eff_vol,main,overnight,0.11412458837732586,1.684400069918577,217,-0.3089766282556081,-3.1160701704849263,94
FUTURES,ES,fc_vol x on_range_over_prev,rest15_eff_vol,interaction,overnight,0.06293537052300399,0.7354040976914027,138,-0.2566268106780335,-2.5467676977722165,94
FUTURES,ES,on_range_over_prev,rest30_eff_range,main,overnight,0.06879978673110192,1.0111989484807629,217,-0.33432070223602933,-3.402471894590962,94
FUTURES,ES,fc_vol x on_range_over_prev,rest30_eff_range,interaction,overnight,0.0631362888109062,0.7377612225908918,138,-0.31232886609110283,-3.153510635664715,94
FUTURES,ES,on_range_over_prev,rest30_eff_mfe,main,overnight,0.04900960826495717,0.7194865232870655,217,-0.22738947148026653,-2.2397149973351005,94
FUTURES,ES,fc_vol x on_range_over_prev,rest30_eff_mfe,interaction,overnight,0.022183230838267055,0.2587623795460595,138,-0.3196269177021818,-3.2354755028690207,94
FUTURES,ES,on_range_over_prev,rest30_eff_vol,main,overnight,0.06717611578517173,0.987225220314651,217,-0.3169815410179533,-3.205692208857989,94
FUTURES,ES,fc_vol x on_range_over_prev,rest30_eff_vol,interaction,overnight,0.04101701184276317,0.47873932976443984,138,-0.27630675866054977,-2.757595927324253,94
FUTURES,ES,on_vol_ratio,eff_range,main,overnight,-0.03771827472679343,-0.528431871585126,198,-0.059653939240689235,-0.5732012884597435,94
FUTURES,ES,fc_vol x on_vol_ratio,eff_range,interaction,overnight,-0.0653624467309499,-0.7638840634125342,138,-0.07830798685113609,-0.7534174068056851,94
FUTURES,ES,on_vol_ratio,eff_mfe,main,overnight,-0.0733578959858167,-1.0297851145674737,198,-0.07251381714409565,-0.6973639751689139,94
FUTURES,ES,fc_vol x on_vol_ratio,eff_mfe,interaction,overnight,-0.10459395098963671,-1.2264918889852698,138,-0.09363869522811834,-0.9021144829218325,94
FUTURES,ES,on_vol_ratio,rest1_eff_range,main,overnight,-0.039857030112877875,-0.5584421637024413,198,-0.050175197774807646,-0.4818705393024009,94
FUTURES,ES,fc_vol x on_vol_ratio,rest1_eff_range,interaction,overnight,-0.08448842322524082,-0.9888314685442137,138,-0.080114149478019,-0.7709058530968201,94
FUTURES,ES,on_vol_ratio,rest1_eff_mfe,main,overnight,-0.07360602180493145,-1.0332872025408382,198,-0.08566268106780334,-0.8246789299461227,94
FUTURES,ES,fc_vol x on_vol_ratio,rest1_eff_mfe,interaction,overnight,-0.13280927146572172,-1.5626515177934868,138,-0.11759563631109346,-1.1358185254395206,94
FUTURES,ES,on_vol_ratio,rest1_eff_vol,main,overnight,-0.01089356952428656,-0.15251902331385134,198,-0.06884369468626955,-0.6618958978852085,94
FUTURES,ES,fc_vol x on_vol_ratio,rest1_eff_vol,interaction,overnight,-0.047108489025980096,-0.5499852719878946,138,-0.07862587147346747,-0.756494827023739,94
FUTURES,ES,on_vol_ratio,rest5_eff_range,main,overnight,-0.03364230537486381,-0.471259037349385,198,-0.026492793411118733,-0.254199170366427,94
FUTURES,ES,fc_vol x on_vol_ratio,rest5_eff_range,interaction,overnight,-0.06938302103477482,-0.8110927729828646,138,-0.0541776541559802,-0.520418134996293,94
FUTURES,ES,on_vol_ratio,rest5_eff_mfe,main,overnight,-0.016082578778050378,-0.2251852267812052,198,-0.013531868163978224,-0.12980500475603798,94
FUTURES,ES,fc_vol x on_vol_ratio,rest5_eff_mfe,interaction,overnight,-0.05347394569270003,-0.6245015185710392,138,-0.03819700319431546,-0.36664034782098337,94
FUTURES,ES,on_vol_ratio,rest5_eff_vol,main,overnight,-0.009840774399609184,-0.13777751300114874,198,-0.02527905212585341,-0.24254565954814816,94
FUTURES,ES,fc_vol x on_vol_ratio,rest5_eff_vol,interaction,overnight,-0.05229126758891204,-0.6106511783268223,138,-0.031044323230863712,-0.2979102780615207,94
FUTURES,ES,on_vol_ratio,rest15_eff_range,main,overnight,-0.005492781159128423,-0.07690009629929566,198,-0.046216256245131385,-0.44376493868230044,94
FUTURES,ES,fc_vol x on_vol_ratio,rest15_eff_range,interaction,overnight,-0.03749870144994834,-0.4376140328409338,138,-0.050319872557033,-0.4832634831250376,94
FUTURES,ES,on_vol_ratio,rest15_eff_mfe,main,overnight,-0.016027715928765916,-0.22441684981586965,198,-0.020337391178701727,-0.19510975722924012,94
FUTURES,ES,fc_vol x on_vol_ratio,rest15_eff_mfe,interaction,overnight,-0.08244727607314338,-0.9647768537637603,138,0.016147093884333344,0.1548976781677096,94
FUTURES,ES,on_vol_ratio,rest15_eff_vol,main,overnight,0.005521377074574533,0.07730045732862019,198,-0.05108550373875663,-0.4906355695322943,94
FUTURES,ES,fc_vol x on_vol_ratio,rest15_eff_vol,interaction,overnight,-0.03097566377237784,-0.3614086366473646,138,-0.03678069573384388,-0.3530269117734163,94
FUTURES,ES,on_vol_ratio,rest30_eff_range,main,overnight,-0.07445017092486052,-1.0452031085775744,198,-0.06856915796698335,-0.6592438777512215,94
FUTURES,ES,fc_vol x on_vol_ratio,rest30_eff_range,interaction,overnight,-0.0684240928425143,-0.7998297282816168,138,-0.07390095004154174,-0.7107765688239884,94
FUTURES,ES,on_vol_ratio,rest30_eff_mfe,main,overnight,0.02210101909573569,0.30948986251501004,198,-0.12293509711851736,-1.1881645980529711,94
FUTURES,ES,fc_vol x on_vol_ratio,rest30_eff_mfe,interaction,overnight,-0.03763797451305397,-0.4392416665056624,138,-0.16539452152880924,-1.6085624709575879,94
FUTURES,ES,on_vol_ratio,rest30_eff_vol,main,overnight,-0.05914436047334041,-0.8294730889693032,198,-0.04313838818047176,-0.4141544174770527,94
FUTURES,ES,fc_vol x on_vol_ratio,rest30_eff_vol,interaction,overnight,-0.0472454787677316,-0.5515881815177178,138,-0.016855109634071455,-0.1616915017064513,94
FUTURES,ES,open1_ret_pct,rest1_eff_range,main,opening,0.12595653939071394,1.8660370737457999,218,-0.0971502263136285,-0.9362610039492842,94
FUTURES,ES,fc_vol x open1_ret_pct,rest1_eff_range,interaction,opening,0.12522003977268834,1.4718893052528237,138,-0.11073261833189443,-1.0686821084119515,94
FUTURES,ES,open1_ret_pct,rest1_eff_mfe,main,opening,0.06589925324296597,0.9706271392435637,218,0.03496743477042924,0.3356010880105761,94
FUTURES,ES,fc_vol x open1_ret_pct,rest1_eff_mfe,interaction,opening,0.05183920144113208,0.6053577166778384,138,0.04003915774746257,0.38435031591693947,94
FUTURES,ES,open1_ret_pct,rest1_eff_vol,main,opening,0.13438549529246557,1.9931348226946195,218,-0.08434809936875236,-0.8119319898020808,94
FUTURES,ES,fc_vol x open1_ret_pct,rest1_eff_vol,interaction,opening,0.11761710910547979,1.3812264768441744,138,-0.09007004324027715,-0.8674473027729909,94
FUTURES,ES,open1_absret_pct,rest1_eff_range,main,opening,0.021907524728291775,0.32205083442599763,218,0.09865295904756433,0.9508844522287749,94
FUTURES,ES,fc_vol x open1_absret_pct,rest1_eff_range,interaction,opening,-0.009294753977839625,-0.10839920917625703,138,0.09059021995587031,0.872498357823488,94
FUTURES,ES,open1_absret_pct,rest1_eff_mfe,main,opening,0.07638477852695433,1.1259118361991598,218,-0.04291457903643589,-0.41200174052845995,94
FUTURES,ES,fc_vol x open1_absret_pct,rest1_eff_mfe,interaction,opening,0.012171538554621232,0.141953826956692,138,-0.08279479389857833,-0.7968757447312459,94
FUTURES,ES,open1_absret_pct,rest1_eff_vol,main,opening,0.05506504728477685,0.810517352878975,218,0.08796043767148266,0.8469697607171514,94
FUTURES,ES,fc_vol x open1_absret_pct,rest1_eff_vol,interaction,opening,0.032409489736043594,0.3781550056405758,138,0.07799038395594703,0.7503429448897256,94
FUTURES,ES,open1_range_pct,rest1_eff_range,main,opening,0.013204036210761877,0.19407582653462327,218,0.04040747028862479,0.3878916366247269,94
FUTURES,ES,fc_vol x open1_range_pct,rest1_eff_range,interaction,opening,9.360965686352851e-05,0.0010916668169114313,138,0.004891088393598959,0.04691423296464972,94
FUTURES,ES,open1_range_pct,rest1_eff_mfe,main,opening,-0.05448354866136152,-0.8019324972919049,218,-0.14332984141892136,-1.3891141817782107,94
FUTURES,ES,fc_vol x open1_range_pct,rest1_eff_mfe,interaction,opening,-0.12025187847183376,-1.4126166114189773,138,-0.15188382761983887,-1.4739183784684826,94
FUTURES,ES,open1_range_pct,rest1_eff_vol,main,opening,0.016572371427297297,0.24359657635316045,218,0.029772784741538126,0.28569717093241875,94
FUTURES,ES,fc_vol x open1_range_pct,rest1_eff_vol,interaction,opening,0.030998495396003092,0.3616752808004712,138,0.0033305638839721124,0.031945823712825075,94
FUTURES,ES,open1_closeloc,rest1_eff_range,main,opening,0.08431373971600221,1.2435819190209645,218,-0.00682749203744371,-0.06548852945682505,94
FUTURES,ES,fc_vol x open1_closeloc,rest1_eff_range,interaction,opening,0.07688127729898618,0.8992435912133424,138,-0.05080392588959886,-0.4879242211023101,94
FUTURES,ES,open1_closeloc,rest1_eff_mfe,main,opening,0.003467465221577964,0.05096142932585704,218,0.10348888459718909,0.9979891026264638,94
FUTURES,ES,fc_vol x open1_closeloc,rest1_eff_mfe,interaction,opening,-0.05127321130589292,-0.5987307894913758,138,0.06350490736199857,0.6103496479647657,94
FUTURES,ES,open1_closeloc,rest1_eff_vol,main,opening,0.11545256712008019,1.7082221648991676,218,-0.00913222215378714,-0.0875968505205724,94
FUTURES,ES,fc_vol x open1_closeloc,rest1_eff_vol,interaction,opening,0.1035852662304429,1.214534905552734,138,-0.04291457903643589,-0.41200174052845995,94
FUTURES,ES,open1_vol_rel,rest1_eff_range,main,opening,0.012184441666879237,0.17059484711462256,198,-0.03685294223891919,-0.3537212872445003,94
FUTURES,ES,fc_vol x open1_vol_rel,rest1_eff_range,interaction,opening,0.0001758035019144316,0.002050203556899478,138,-0.07299064407759275,-0.7019740913427178,94
FUTURES,ES,open1_vol_rel,rest1_eff_mfe,main,opening,0.007668711063668035,0.10736511196214936,198,-0.02863128996134812,-0.2747343158190904,94
FUTURES,ES,fc_vol x open1_vol_rel,rest1_eff_mfe,interaction,opening,-0.0847258721109434,-0.9916305763446384,138,-0.10775566231983527,-1.0396092253971372,94
FUTURES,ES,open1_vol_rel,rest1_eff_vol,main,opening,0.04748631636879985,0.6655592541710595,198,-0.044886753603294444,-0.4309730013834581,94
FUTURES,ES,fc_vol x open1_vol_rel,rest1_eff_vol,interaction,opening,0.044715734870053814,0.5219927204910467,138,-0.07236932413394502,-0.695967065322282,94
FUTURES,ES,open5_ret_pct,rest5_eff_range,main,opening,-0.037103832352253015,-0.5456884930969096,218,0.045276884730701156,0.43472644453800363,94
FUTURES,ES,fc_vol x open5_ret_pct,rest5_eff_range,interaction,opening,-0.04086175680211146,-0.47692419899547606,138,0.0450601452154752,0.432641173845249,94
FUTURES,ES,open5_ret_pct,rest5_eff_mfe,main,opening,-0.10995631758865443,-1.6258798842766364,218,0.06531853714390129,0.6278542041783575,94
FUTURES,ES,fc_vol x open5_ret_pct,rest5_eff_mfe,interaction,opening,-0.1009408912095966,-1.1832062770321896,138,0.07633620876700155,0.7343338801367376,94
FUTURES,ES,open5_ret_pct,rest5_eff_vol,main,opening,-0.02996116509915028,-0.44053517186215657,218,0.12638081132825202,1.2220004020614725,94
FUTURES,ES,fc_vol x open5_ret_pct,rest5_eff_vol,interaction,opening,-0.056697770948585455,-0.6622692844968558,138,0.12639526062926706,1.2221423832637404,94
FUTURES,ES,open5_absret_pct,rest5_eff_range,main,opening,-0.012827596272126433,-0.1885419056207809,218,0.06854025936495323,0.6589647265011586,94
FUTURES,ES,fc_vol x open5_absret_pct,rest5_eff_range,interaction,opening,-0.06385776811746413,-0.7462261882689425,138,0.05232814362605209,0.5026025150244896,94
FUTURES,ES,open5_absret_pct,rest5_eff_mfe,main,opening,-0.07885768394899755,-1.162586958506263,218,0.09530105336414134,0.9182751242793357,94
FUTURES,ES,fc_vol x open5_absret_pct,rest5_eff_mfe,interaction,opening,-0.126827386075906,-1.49108961721901,138,0.07098270406358037,0.682563915269606,94
FUTURES,ES,open5_absret_pct,rest5_eff_vol,main,opening,0.012112921501724782,0.17803592329137136,218,0.11896831990752449,1.1492660672484192,94
FUTURES,ES,fc_vol x open5_absret_pct,rest5_eff_vol,interaction,opening,-0.026843139896207433,-0.3131549577674837,138,0.11165697359390239,1.0777152267564283,94
FUTURES,ES,open5_range_pct,rest5_eff_range,main,opening,0.016146701002538223,0.23733801183285527,218,-0.03360184951052993,-0.32247972306051814,94
FUTURES,ES,fc_vol x open5_range_pct,rest5_eff_range,interaction,opening,-0.03729089086712223,-0.43518547354606596,138,-0.03339955929631904,-0.3205361525006844,94
FUTURES,ES,open5_range_pct,rest5_eff_mfe,main,opening,-0.03870402416678319,-0.5692571950650231,218,-0.07214588119887162,-0.6938069808425243,94
FUTURES,ES,fc_vol x open5_range_pct,rest5_eff_mfe,interaction,opening,-0.0696889647913532,-0.8146866944316503,138,-0.08246998136241933,-0.7937280683561923,94
FUTURES,ES,open5_range_pct,rest5_eff_vol,main,opening,0.02053028113668572,0.30179588741100866,218,-0.014817758190947512,-0.14214254936310713,94
FUTURES,ES,fc_vol x open5_range_pct,rest5_eff_vol,interaction,opening,-0.022906967983214187,-0.26720897210557176,138,-0.0033883610880323664,-0.03250020440451402,94
FUTURES,ES,open5_closeloc,rest5_eff_range,main,opening,-0.08199046012413169,-1.209079579269282,218,0.055060453809376686,0.5289236854093603,94
FUTURES,ES,fc_vol x open5_closeloc,rest5_eff_range,interaction,opening,-0.09275803730230667,-1.0864192081265074,138,0.02438354779068679,0.23394833248666178,94
FUTURES,ES,open5_closeloc,rest5_eff_mfe,main,opening,-0.09806963850606704,-1.4483049162862704,218,0.04935680458573856,0.4739915346940906,94
FUTURES,ES,fc_vol x open5_closeloc,rest5_eff_mfe,interaction,opening,-0.13179554737676058,-1.5505122344540165,138,-0.015872901193952398,-0.15226670275428697,94
FUTURES,ES,open5_closeloc,rest5_eff_vol,main,opening,-0.04456963252555394,-0.6556887171339971,218,0.11559733118357524,1.1162538394400414,94
FUTURES,ES,fc_vol x open5_closeloc,rest5_eff_vol,interaction,opening,-0.07404523857905106,-0.8658854047142122,138,0.08366988650783516,0.8053573219387047,94
FUTURES,ES,open5_vol_rel,rest5_eff_range,main,opening,-0.04273870612047871,-0.598889100203152,198,-0.08017194668207925,-0.7714656086221392,94
FUTURES,ES,fc_vol x open5_vol_rel,rest5_eff_range,interaction,opening,-0.06639664466459202,-0.7760237273536029,138,-0.06315067008633457,-0.6069313809816256,94
FUTURES,ES,open5_vol_rel,rest5_eff_mfe,main,opening,-0.02023656216520998,-0.28336989885512,198,-0.005606369298049708,-0.053775250343555174,94
FUTURES,ES,fc_vol x open5_vol_rel,rest5_eff_mfe,interaction,opening,-0.054976266527241545,-0.6420990020143961,138,-0.05893912465655865,-0.5663087070659165,94
FUTURES,ES,open5_vol_rel,rest5_eff_vol,main,opening,-0.004640182917355583,-0.06496326021838417,198,-0.0740309937506773,-0.7120342109107847,94
FUTURES,ES,fc_vol x open5_vol_rel,rest5_eff_vol,interaction,opening,-0.03599405464520798,-0.4200313809003693,138,-0.0390203373911787,-0.37455518322039194,94
FUTURES,ES,open15_ret_pct,rest15_eff_range,main,opening,0.09793327080433765,1.4462715048167258,218,-0.04349255316487274,-0.4175610316132201,94
FUTURES,ES,fc_vol x open15_ret_pct,rest15_eff_range,interaction,opening,0.1026807781483516,1.2038162954965632,138,-0.03174522900439382,-0.3046430821311525,94
FUTURES,ES,open15_ret_pct,rest15_eff_mfe,main,opening,-0.05118828817063402,-0.7532986802683024,218,0.006769497525557202,0.06493222707241468,94
FUTURES,ES,fc_vol x open15_ret_pct,rest15_eff_mfe,interaction,opening,-0.002034297665009852,-0.02372383273795106,138,0.004009681031680093,0.03845981855123717,94
FUTURES,ES,open15_ret_pct,rest15_eff_vol,main,opening,0.10016117757512943,1.479502749062063,218,0.025669183253260123,0.24629131134864934,94
FUTURES,ES,fc_vol x open15_ret_pct,rest15_eff_vol,interaction,opening,0.10051622301016692,1.1781774968616123,138,0.03667955062673843,0.35205479542354856,94
FUTURES,ES,open15_absret_pct,rest15_eff_range,main,opening,0.028940173994327273,0.4255101829991304,218,-0.10380415346725773,-1.001062445743099,94
FUTURES,ES,fc_vol x open15_absret_pct,rest15_eff_range,interaction,opening,0.010701194209443978,0.12480344347787709,138,-0.10240256620579838,-0.9874016416826125,94
FUTURES,ES,open15_absret_pct,rest15_eff_mfe,main,opening,0.0409280436355777,0.6020213742329529,218,0.022273597514720227,0.21369385693934356,94
FUTURES,ES,fc_vol x open15_absret_pct,rest15_eff_mfe,interaction,opening,-0.020249366993234985,-0.2361945988884592,138,0.021305494346710974,0.20440151946796595,94
FUTURES,ES,open15_absret_pct,rest15_eff_vol,main,opening,0.03333532174996025,0.49019961351192803,218,-0.07465231369432504,-0.718043450588212,94
FUTURES,ES,fc_vol x open15_absret_pct,rest15_eff_vol,interaction,opening,0.028847756450504462,0.33655983079812857,138,-0.0796806704475671,-0.7667079357020343,94
FUTURES,ES,open15_range_pct,rest15_eff_range,main,opening,0.05424090046290634,0.7983504445632816,218,-0.07101857103167758,-0.6829105570146033,94
FUTURES,ES,fc_vol x open15_range_pct,rest15_eff_range,interaction,opening,0.03484566375603456,0.4066137125001575,138,-0.03895545625664349,-0.37393144360128383,94
FUTURES,ES,open15_range_pct,rest15_eff_mfe,main,opening,-0.027769693800192605,-0.40828693754371326,218,0.04370191092005924,0.4195748595195119,94
FUTURES,ES,fc_vol x open15_range_pct,rest15_eff_mfe,interaction,opening,-0.06630531817009103,-0.7749516144686353,138,0.0720225409095835,0.6926146612502677,94
FUTURES,ES,open15_range_pct,rest15_eff_vol,main,opening,0.052791241401797334,0.7769530323977839,218,-0.04949608062709967,-0.4753323338592888,94
FUTURES,ES,fc_vol x open15_range_pct,rest15_eff_vol,interaction,opening,0.046432672966672674,0.542078038403928,138,-0.01727413936350829,-0.16571244999693996,94
FUTURES,ES,open15_closeloc,rest15_eff_range,main,opening,0.08356880871966087,1.2325169717612563,218,-0.08087361420723439,-0.7782617587865728,94
FUTURES,ES,fc_vol x open15_closeloc,rest15_eff_range,interaction,opening,0.06277797565230096,0.7335576417482357,138,-0.027504343836988458,-0.2639122406331327,94
FUTURES,ES,open15_closeloc,rest15_eff_mfe,main,opening,-0.03593841941302696,-0.5285261628887737,218,-0.05224904995295809,-0.5018407532023452,94
FUTURES,ES,fc_vol x open15_closeloc,rest15_eff_mfe,interaction,opening,-0.0529351798049837,-0.6181917093538685,138,-0.014861106093992703,-0.14255846521789212,94
FUTURES,ES,open15_closeloc,rest15_eff_vol,main,opening,0.07937217173241859,1.170219905690941,218,-0.02167410811101691,-0.20793958914897226,94
FUTURES,ES,fc_vol x open15_closeloc,rest15_eff_vol,interaction,opening,0.07320055206933718,0.8559541141964948,138,0.018112198822381968,0.1737546107272748,94
FUTURES,ES,open15_vol_rel,rest15_eff_range,main,opening,0.01046071030488108,0.1464579576754905,198,-0.09527181039620877,-0.9179907717178691,94
FUTURES,ES,fc_vol x open15_vol_rel,rest15_eff_range,interaction,opening,-0.027213043264852306,-0.31747346659480497,138,-0.02642786702277483,-0.2535757637245058,94
FUTURES,ES,open15_vol_rel,rest15_eff_mfe,main,opening,-0.06695387983206395,-0.9394624042252531,198,-0.08402991005310119,-0.8088472876673443,94
FUTURES,ES,fc_vol x open15_vol_rel,rest15_eff_mfe,interaction,opening,-0.11242519789309774,-1.3194569465901589,138,0.013112740671170032,0.12578380448375037,94
FUTURES,ES,open15_vol_rel,rest15_eff_vol,main,opening,0.042378482166253506,0.5938322322278855,198,-0.09626846801285986,-0.9276834210647081,94
FUTURES,ES,fc_vol x open15_vol_rel,rest15_eff_vol,interaction,opening,-0.004527510964887245,-0.05279993843801276,138,-0.01403749593613409,-0.13465619878039412,94
FUTURES,ES,open30_ret_pct,rest30_eff_range,main,opening,0.022010613511479336,0.3235670204568725,218,-0.025365747931943794,-0.24337801697141737,94
FUTURES,ES,fc_vol x open30_ret_pct,rest30_eff_range,interaction,opening,0.09928331533440336,1.1635814878723159,138,-0.022490337029946177,-0.21577431246869078,94
FUTURES,ES,open30_ret_pct,rest30_eff_mfe,main,opening,0.020174718214207372,0.29656695234803954,218,-0.020005129520520366,-0.19192086927367707,94
FUTURES,ES,fc_vol x open30_ret_pct,rest30_eff_mfe,interaction,opening,0.10679504142239003,1.2525970300449258,138,-0.031210602935589738,-0.2995074977685764,94
FUTURES,ES,open30_ret_pct,rest30_eff_vol,main,opening,0.03925998555600407,0.5774467859246972,218,-0.0012354152367879203,-0.011849695716743991,94
FUTURES,ES,fc_vol x open30_ret_pct,rest30_eff_vol,interaction,opening,0.08611860115208372,1.0080518624197499,138,0.005454611133186432,0.05231957037208732,94
FUTURES,ES,open30_absret_pct,rest30_eff_range,main,opening,-0.04170057110030382,-0.6134042950372018,218,0.08489686811400499,0.8172526439920614,94
FUTURES,ES,fc_vol x open30_absret_pct,rest30_eff_range,interaction,opening,-0.03174280632618627,-0.3703681929784683,138,0.08155907957952534,0.7849021041313337,94
FUTURES,ES,open30_absret_pct,rest30_eff_mfe,main,opening,0.01173185781154582,0.17243425927028477,218,0.003597888949519373,0.034509961846051325,94
FUTURES,ES,fc_vol x open30_absret_pct,rest30_eff_mfe,interaction,opening,-0.033318226391810535,-0.38876979803908135,138,-0.019441604745294442,-0.1865125737717853,94
FUTURES,ES,open30_absret_pct,rest30_eff_vol,main,opening,-0.046582755583148824,-0.6853679038958718,218,0.11613625690857206,1.1215289037836007,94
FUTURES,ES,fc_vol x open30_absret_pct,rest30_eff_vol,interaction,opening,-0.01976533657237967,-0.23054649150655546,138,0.11382436874616192,1.0989069113642447,94
FUTURES,ES,open30_range_pct,rest30_eff_range,main,opening,-0.0033121615227509624,-0.048678901073097657,218,-0.0056857999494274464,-0.05453715881994303,94
FUTURES,ES,fc_vol x open30_range_pct,rest30_eff_range,interaction,opening,0.017774418992257793,0.20731631551106694,138,-0.0021168225987067877,-0.020303894586574018,94
FUTURES,ES,open30_range_pct,rest30_eff_mfe,main,opening,-0.006620272826370157,-0.0972998745491318,218,-0.03575492452042445,-0.3431686142973313,94
FUTURES,ES,fc_vol x open30_range_pct,rest30_eff_mfe,interaction,opening,-0.0002442986516770867,-0.002848987456825717,138,-0.07338826495826865,-0.7058187878279798,94
FUTURES,ES,open30_range_pct,rest30_eff_vol,main,opening,-0.008562729741484905,-0.12585052581823347,218,0.03423761875519272,0.32858834710910784,94
FUTURES,ES,fc_vol x open30_range_pct,rest30_eff_vol,interaction,opening,0.03822698743575752,0.44612553100709773,138,0.04796445471950294,0.460589005937156,94
FUTURES,ES,open30_closeloc,rest30_eff_range,main,opening,0.016073783961850732,0.23626593723057218,218,0.037274665029917955,0.357774659708316,94
FUTURES,ES,fc_vol x open30_closeloc,rest30_eff_range,interaction,opening,0.09436994993024937,1.1054667560027194,138,0.022735975147202252,0.2181321988823209,94
FUTURES,ES,open30_closeloc,rest30_eff_mfe,main,opening,-0.0030408392148675244,-0.04469123342138676,218,0.041335361303114146,0.3968140030613248,94
FUTURES,ES,fc_vol x open30_closeloc,rest30_eff_mfe,interaction,opening,0.07968245741617129,0.9322133128942856,138,-0.021529536284272552,-0.20655193370985112,94
FUTURES,ES,open30_closeloc,rest30_eff_vol,main,opening,0.019187861915335905,0.28205475308501265,218,0.01885047510429462,0.18083953812191678,94
FUTURES,ES,fc_vol x open30_closeloc,rest30_eff_vol,interaction,opening,0.07811383390907077,0.913748021866377,138,0.018964707582270708,0.18193580537729168,94
FUTURES,ES,open30_vol_rel,rest30_eff_range,main,opening,0.006600461081516923,0.09240846810081814,198,0.025365747931943794,0.24337801697141737,94
FUTURES,ES,fc_vol x open30_vol_rel,rest30_eff_range,interaction,opening,-0.021619264410750037,-0.2521807221508514,138,0.023602933208106056,0.2264544697496002,94
FUTURES,ES,open30_vol_rel,rest30_eff_mfe,main,opening,0.018707640744089087,0.2619528130041031,198,-0.03201976671540133,-0.3072803755397205,94
FUTURES,ES,fc_vol x open30_vol_rel,rest30_eff_mfe,interaction,opening,-0.02367185439801902,-0.27613626675693814,138,-0.07086685282296291,-0.6814442715813337,94
FUTURES,ES,open30_vol_rel,rest30_eff_vol,main,opening,0.036561054773946645,0.5121972110637144,198,0.048210092836759026,0.46295327993547813,94
FUTURES,ES,fc_vol x open30_vol_rel,rest30_eff_vol,interaction,opening,0.010422636184927017,0.12155438291093668,138,0.08072102012065167,0.7767836775392128,94
FUTURES,MES,gap_pct,eff_range,main,prior RTH,0.026188998090576253,0.3445806770934766,175,0.15103625531975728,1.3143408188821388,76
FUTURES,MES,gap_pct,eff_mfe,main,prior RTH,-0.009022625417185926,-0.11867893963427058,175,0.10346147540368603,0.8948113031720936,76
FUTURES,MES,gap_pct,rest1_eff_range,main,prior RTH,0.03564039408866995,0.4690742070117964,175,0.13988078968426473,1.215247941855464,76
FUTURES,MES,gap_pct,rest1_eff_mfe,main,prior RTH,0.021752163712800008,0.28617275450217705,175,0.164408656556302,1.4338075458037292,76
FUTURES,MES,gap_pct,rest1_eff_vol,main,prior RTH,0.04188087774294671,0.5513406819035803,175,0.11078908518386252,0.9589470818243654,76
FUTURES,MES,gap_pct,rest5_eff_range,main,prior RTH,0.030792690094835796,0.405206755506994,175,0.13799420358414466,1.1985373876464382,76
FUTURES,MES,gap_pct,rest5_eff_mfe,main,prior RTH,0.019143539601178323,0.25184010180035554,175,0.1307212774590441,1.1342396790616955,76
FUTURES,MES,gap_pct,rest5_eff_vol,main,prior RTH,0.03235109717868338,0.42573509251057373,175,0.10422704657474924,0.9015049766463701,76
FUTURES,MES,gap_pct,rest15_eff_range,main,prior RTH,-0.013962166346938117,-0.18366152867282332,175,0.04719199433053966,0.40641369627135837,76
FUTURES,MES,gap_pct,rest15_eff_mfe,main,prior RTH,-0.06879314195765854,-0.9069811992689297,175,-0.1052386941936542,-0.9103526750344559,76
FUTURES,MES,gap_pct,rest15_eff_vol,main,prior RTH,0.006442006269592477,0.08473312162398258,175,0.045906928436254976,0.3953231111912786,76
FUTURES,MES,gap_pct,rest30_eff_range,main,prior RTH,0.01625615763546798,0.21384462810865057,175,0.18123654264038278,1.58530914948275,76
FUTURES,MES,gap_pct,rest30_eff_mfe,main,prior RTH,0.01742176662880013,0.22918234644114227,175,0.20700497628998596,1.8201487608533289,76
FUTURES,MES,gap_pct,rest30_eff_vol,main,prior RTH,0.0372704881325571,0.4905575666571209,175,0.17178870242107805,1.5000827975206665,76
FUTURES,MES,abs_gap_pct,eff_range,main,prior RTH,0.004215183729951248,0.05544257837401985,175,0.12569038119205728,1.0898727585038535,76
FUTURES,MES,abs_gap_pct,eff_mfe,main,prior RTH,-0.10839577742480755,-1.4341742692099122,175,0.06285886150979762,0.5418038295914074,76
FUTURES,MES,abs_gap_pct,rest1_eff_range,main,prior RTH,0.025035826242722797,0.32939812993654677,175,0.14141193202639118,1.2288200452624858,76
FUTURES,MES,abs_gap_pct,rest1_eff_mfe,main,prior RTH,-0.04600769033989416,-0.6057781540068932,175,0.09374273723653442,0.8099722672700279,76
FUTURES,MES,abs_gap_pct,rest1_eff_vol,main,prior RTH,0.049059561128526656,0.6460557247270542,175,0.16722261722223672,1.4590479616390275,76
FUTURES,MES,abs_gap_pct,rest5_eff_range,main,prior RTH,0.004903722462746538,0.06449917439332224,175,0.02397878275080144,0.20633261603181127,76
FUTURES,MES,abs_gap_pct,rest5_eff_mfe,main,prior RTH,-0.0234505281294977,-0.30852838618214473,175,-0.02742385302058591,-0.2359976635618644,76
FUTURES,MES,abs_gap_pct,rest5_eff_vol,main,prior RTH,0.028383340797133904,0.37347502990913184,175,0.09085689290868094,0.7848266205645955,76
FUTURES,MES,abs_gap_pct,rest15_eff_range,main,prior RTH,0.018446047047722913,0.2426611558594392,175,0.06578443705636063,0.5671276040844483,76
FUTURES,MES,abs_gap_pct,rest15_eff_mfe,main,prior RTH,0.048266932527399255,0.6355931796606688,175,-0.013178760873302501,-0.11337783379250321,76
FUTURES,MES,abs_gap_pct,rest15_eff_vol,main,prior RTH,0.03182266009852217,0.41877383980060695,175,0.14611472636292236,1.2705625219759646,76
FUTURES,MES,abs_gap_pct,rest30_eff_range,main,prior RTH,-0.03457232422749664,-0.45499992843294307,175,0.059045080158694516,0.5088127016640382,76
FUTURES,MES,abs_gap_pct,rest30_eff_mfe,main,prior RTH,0.0015192685120031988,0.019982880425290155,175,-0.10884781542866652,-0.9419409252156853,76
FUTURES,MES,abs_gap_pct,rest30_eff_vol,main,prior RTH,0.004926108374384237,0.06479362575933659,175,0.14756384322243488,1.2834426233782734,76
FUTURES,MES,prev_ret_pct,eff_range,main,prior RTH,-0.06895986159052434,-0.9065582266516988,174,0.11472317156527684,0.9934452593461818,76
FUTURES,MES,prev_ret_pct,eff_mfe,main,prior RTH,-0.0640668174684404,-0.8419581433796323,174,0.026903622693096374,0.23151751519219851,76
FUTURES,MES,prev_ret_pct,rest1_eff_range,main,prior RTH,-0.02866254733904724,-0.3760602905814258,174,0.1307177033492823,1.1342081281789431,76
FUTURES,MES,prev_ret_pct,rest1_eff_mfe,main,prior RTH,-0.031231010958804588,-0.40979076763355493,174,0.1230365418644274,1.0665034960874211,76
FUTURES,MES,prev_ret_pct,rest1_eff_vol,main,prior RTH,0.029088527577664513,0.38165396368382615,174,0.23166097060833904,2.048550593956208,76
FUTURES,MES,prev_ret_pct,rest5_eff_range,main,prior RTH,-0.06753389052527575,-0.8877253649704466,174,0.08814764183185236,0.7612378654454469,76
FUTURES,MES,prev_ret_pct,rest5_eff_mfe,main,prior RTH,-0.09590939144589467,-1.2636652869268734,174,0.15018455228981545,1.3067576409503479,76
FUTURES,MES,prev_ret_pct,rest5_eff_vol,main,prior RTH,0.014140493749822031,0.18546938049425224,174,0.18381408065618593,1.608638048157392,76
FUTURES,MES,prev_ret_pct,rest15_eff_range,main,prior RTH,-0.05074407058520176,-0.66636072600505,174,0.08385509227614492,0.7238983785624981,76
FUTURES,MES,prev_ret_pct,rest15_eff_mfe,main,prior RTH,0.01325891967311142,0.17390438808654346,174,0.09569377990430622,0.8269842001567991,76
FUTURES,MES,prev_ret_pct,rest15_eff_vol,main,prior RTH,0.024981349127253052,0.32772960101811915,174,0.17260423786739573,1.5074223101117414,76
FUTURES,MES,prev_ret_pct,rest30_eff_range,main,prior RTH,0.02235485065064495,0.2932544022618852,174,0.14628944832500543,1.272115048162638,76
FUTURES,MES,prev_ret_pct,rest30_eff_mfe,main,prior RTH,0.1460645490542662,1.9363862249822676,174,0.27469583048530416,2.457562421787872,76
FUTURES,MES,prev_ret_pct,rest30_eff_vol,main,prior RTH,0.07383695435519234,0.9710131267857187,174,0.19737525632262473,1.731957198355349,76
FUTURES,MES,prev_range_pct,eff_range,main,prior RTH,-0.0018838815933723222,-0.024706919313795202,174,0.09711551606288449,0.839386941888041,76
FUTURES,MES,prev_range_pct,eff_mfe,main,prior RTH,-0.050376207040332265,-0.6615176820229935,174,-0.0009569377990430621,-0.008231893976793091,76
FUTURES,MES,prev_range_pct,rest1_eff_range,main,prior RTH,-0.0039556934992454225,-0.05187883977351321,174,0.05744360902255639,0.4949659205230101,76
FUTURES,MES,prev_range_pct,rest1_eff_mfe,main,prior RTH,-0.0392551711413275,-0.5152238679541655,174,-0.0268903197608143,-0.23140295474656053,76
FUTURES,MES,prev_range_pct,rest1_eff_vol,main,prior RTH,-0.011283920384976793,-0.14799665074950372,174,0.09197539302802461,0.7945702078910414,76
FUTURES,MES,prev_range_pct,rest5_eff_range,main,prior RTH,-0.0333255882292858,-0.4373038933811676,174,0.10537252221462748,0.9115233256117939,76
FUTURES,MES,prev_range_pct,rest5_eff_mfe,main,prior RTH,-0.0826584371186313,-1.0877776845579123,174,-0.022939166097060835,-0.1973821067145324,76
FUTURES,MES,prev_range_pct,rest5_eff_vol,main,prior RTH,-0.030252569833992996,-0.3969404188614795,174,0.15108680792891319,1.3147910103971479,76
FUTURES,MES,prev_range_pct,rest15_eff_range,main,prior RTH,0.0011856836388758087,0.015550106072926274,174,0.22761449077238552,2.01079457780866,76
FUTURES,MES,prev_range_pct,rest15_eff_mfe,main,prior RTH,-0.06289359036419032,-0.8264779340341325,174,0.16196855775803146,1.4119497148833338,76
FUTURES,MES,prev_range_pct,rest15_eff_vol,main,prior RTH,0.0032836925880577465,0.04306545673800939,174,0.23814080656185918,2.1092463446279726,76
FUTURES,MES,prev_range_pct,rest30_eff_range,main,prior RTH,0.011737236253879665,0.1539430145290857,174,0.18415710292366583,1.6117452668033323,76
FUTURES,MES,prev_range_pct,rest30_eff_mfe,main,prior RTH,0.04737985894852905,0.6220796550691793,174,-0.02736842105263158,-0.23552028239755296,76
FUTURES,MES,prev_range_pct,rest30_eff_vol,main,prior RTH,0.02265098664540562,0.29714114135003383,174,0.25161995898838,2.2364727391046264,76
FUTURES,MES,prev_rv_pct,eff_range,main,prior RTH,0.024820766434564476,0.32562161842251747,174,-0.09768967874231033,-0.8443972074304772,76
FUTURES,MES,prev_rv_pct,eff_mfe,main,prior RTH,-0.05492076075149296,-0.7213677734740206,174,-0.1498838004101162,-1.3040805945394078,76
FUTURES,MES,prev_rv_pct,rest1_eff_range,main,prior RTH,0.00803553631937128,0.10538847336171113,174,-0.11825017088174984,-1.0244138894189225,76
FUTURES,MES,prev_rv_pct,rest1_eff_mfe,main,prior RTH,-0.048495768949816984,-0.6367652728225028,174,-0.18213509413997403,-1.5934379363074136,76
FUTURES,MES,prev_rv_pct,rest1_eff_vol,main,prior RTH,-0.003575272644437484,-0.04688956083264447,174,-0.08418318523581682,-0.7267508923557924,76
FUTURES,MES,prev_rv_pct,rest5_eff_range,main,prior RTH,-0.03146448528090572,-0.41285727366953157,174,-0.04360902255639098,-0.37549621589643,76
FUTURES,MES,prev_rv_pct,rest5_eff_mfe,main,prior RTH,-0.10734138633868667,-1.4159501295231138,174,-0.12103896103896104,-1.048928489759349,76
FUTURES,MES,prev_rv_pct,rest5_eff_vol,main,prior RTH,-0.04473817591617073,-0.5873237364346446,174,-0.00582365003417635,-0.05009778137322768,76
FUTURES,MES,prev_rv_pct,rest15_eff_range,main,prior RTH,0.019878709461382794,0.26075835660071484,174,0.04639781271360219,0.39955938549103515,76
FUTURES,MES,prev_rv_pct,rest15_eff_mfe,main,prior RTH,-0.08681226686409066,-1.142846808735018,174,-0.005386192754613808,-0.04633445413715255,76
FUTURES,MES,prev_rv_pct,rest15_eff_vol,main,prior RTH,0.003657279535294285,0.04796509222202132,174,0.06392344497607656,0.5510172034040967,76
FUTURES,MES,prev_rv_pct,rest30_eff_range,main,prior RTH,0.010946780944787722,0.14357428882464449,174,0.0013397220760536894,0.011524735408271971,76
FUTURES,MES,prev_rv_pct,rest30_eff_mfe,main,prior RTH,0.023917728209533185,0.31376782424219135,174,-0.20150375939849624,-1.769701455320273,76
FUTURES,MES,prev_rv_pct,rest30_eff_vol,main,prior RTH,0.0032107975739628113,0.04210943246876175,174,0.06933697881066302,0.5978982090307713,76
FUTURES,MES,prev_eff_range,eff_range,main,prior RTH,0.022058739780449078,0.2893680701493175,174,0.15067669172932333,1.3111390633079187,76
FUTURES,MES,prev_eff_range,eff_mfe,main,prior RTH,0.11969040067839978,1.5810909324603655,174,0.01900205058099795,0.16349133906030267,76
FUTURES,MES,prev_eff_range,rest1_eff_range,main,prior RTH,0.053768076407694806,0.706183240079186,174,0.14192754613807246,1.2333924882604261,76
FUTURES,MES,prev_eff_range,rest1_eff_mfe,main,prior RTH,0.14521289379067773,1.92485184534354,174,0.0014627677754993035,0.012583217657090353,76
FUTURES,MES,prev_eff_range,rest1_eff_vol,main,prior RTH,0.05540479820314585,0.7277449511533877,174,0.09662337662337664,0.8350931021333348,76
FUTURES,MES,prev_eff_range,rest5_eff_range,main,prior RTH,9.681385599908628e-05,0.0012697018239796781,174,0.10427887901572111,0.901958225371794,76
FUTURES,MES,prev_eff_range,rest5_eff_mfe,main,prior RTH,0.06523883395180267,0.8574258791687506,174,-0.04978810663021189,-0.4288253154579919,76
FUTURES,MES,prev_eff_range,rest5_eff_vol,main,prior RTH,0.016678160926088825,0.21876245765625113,174,0.06293916609706084,0.5424987556799046,76
FUTURES,MES,prev_eff_range,rest15_eff_range,main,prior RTH,-0.01868506356680266,-0.24509510028135476,174,0.2007928913192071,1.7631955053015171,76
FUTURES,MES,prev_eff_range,rest15_eff_mfe,main,prior RTH,0.061616823723250246,0.809635473199093,174,0.08355434039644566,0.7212837825565733,76
FUTURES,MES,prev_eff_range,rest15_eff_vol,main,prior RTH,-0.008779298259802818,-0.1151438547542064,174,0.1459466848940533,1.2690694712364505,76
FUTURES,MES,prev_eff_range,rest30_eff_range,main,prior RTH,-0.047942166885264696,-0.629479454260899,174,0.1517850429635114,1.3210101585274172,76
FUTURES,MES,prev_eff_range,rest30_eff_mfe,main,prior RTH,-0.06846608786959356,-0.9000363097920263,174,-0.07223513328776486,-0.6230176645805463,76
FUTURES,MES,prev_eff_range,rest30_eff_vol,main,prior RTH,0.008273588811521492,0.1085108139832358,174,0.13077238550922762,1.1346908464289538,76
FUTURES,MES,prev_eff_vol,eff_range,main,prior RTH,-0.017747668070089193,-0.23279515040199486,174,0.22206425153793574,1.9591858056275302,76
FUTURES,MES,prev_eff_vol,eff_mfe,main,prior RTH,0.07309897559613568,0.9612557332011177,174,0.05170198222829802,0.44535290169121655,76
FUTURES,MES,prev_eff_vol,rest1_eff_range,main,prior RTH,0.01690367037785814,0.22172123759489776,174,0.20754613807245384,1.8251209771522903,76
FUTURES,MES,prev_eff_vol,rest1_eff_mfe,main,prior RTH,0.09279665046851517,1.2222907462843475,174,0.05611833381705271,0.48351011262452803,76
FUTURES,MES,prev_eff_vol,rest1_eff_vol,main,prior RTH,0.021293317007887464,0.2793225648673178,174,0.17495557074504445,1.5286013709705724,76
FUTURES,MES,prev_eff_vol,rest5_eff_range,main,prior RTH,-0.013064168187221305,-0.17134958247163865,174,0.18619275461380724,1.6301975174679308,76
FUTURES,MES,prev_eff_vol,rest5_eff_mfe,main,prior RTH,0.044989917133135875,0.590635284677343,174,0.001995898838004101,0.017169405202783525,76
FUTURES,MES,prev_eff_vol,rest5_eff_vol,main,prior RTH,0.0065867479142344585,0.08638626301038556,174,0.1520710868079289,1.323558522138534,76
FUTURES,MES,prev_eff_vol,rest15_eff_range,main,prior RTH,-0.03169795933709294,-0.41592384386157283,174,0.27786739576213265,2.4882962154446737,76
FUTURES,MES,prev_eff_vol,rest15_eff_mfe,main,prior RTH,0.045123152709359605,0.5923879873921659,174,0.12054682159945317,1.0446005699366792,76
FUTURES,MES,prev_eff_vol,rest15_eff_vol,main,prior RTH,-0.0166599276744782,-0.2185232311039261,174,0.22766917293233083,2.0113040563389704,76
FUTURES,MES,prev_eff_vol,rest30_eff_range,main,prior RTH,-0.04403200546712605,-0.5780349619250467,174,0.23152584775556415,2.0472880194646423,76
FUTURES,MES,prev_eff_vol,rest30_eff_mfe,main,prior RTH,-0.049389043793598646,-0.6485226832776066,174,-0.03264524948735475,-0.28097481358403253,76
FUTURES,MES,prev_eff_vol,rest30_eff_vol,main,prior RTH,0.005828184173809049,0.0764372170665546,174,0.20771018455228982,1.8266285884426463,76
FUTURES,MES,prev_closeloc,eff_range,main,prior RTH,-0.10859199213646348,-1.4326426949920086,174,0.1374982911825017,1.1941470281145543,76
FUTURES,MES,prev_closeloc,eff_mfe,main,prior RTH,-0.11165023110031001,-1.473491963867469,174,0.052822966507177035,0.4550356180827668,76
FUTURES,MES,prev_closeloc,rest1_eff_range,main,prior RTH,-0.07865258122383895,-1.0347244183243725,174,0.12196855775803145,1.057105593954649,76
FUTURES,MES,prev_closeloc,rest1_eff_mfe,main,prior RTH,-0.09342309306615712,-1.2306144725837471,174,0.10536029201657131,0.9114163407931908,76
FUTURES,MES,prev_closeloc,rest1_eff_vol,main,prior RTH,-0.01543438025000712,-0.20244411386436129,174,0.19945317840054685,1.7509421709187287,76
FUTURES,MES,prev_closeloc,rest5_eff_range,main,prior RTH,-0.1078471572051808,-1.4227001248519833,174,0.040027341079972655,0.34460437871467053,76
FUTURES,MES,prev_closeloc,rest5_eff_mfe,main,prior RTH,-0.12054450328570723,-1.5925392564834295,174,0.08333561175666439,0.7193823828995927,76
FUTURES,MES,prev_closeloc,rest5_eff_vol,main,prior RTH,-0.02485833879096785,-0.3261148316581888,174,0.10818865345181136,0.9361689418097549,76
FUTURES,MES,prev_closeloc,rest15_eff_range,main,prior RTH,-0.09018599059541346,-1.187617791334076,174,0.07628161312371838,0.6581167943571224,76
FUTURES,MES,prev_closeloc,rest15_eff_mfe,main,prior RTH,-0.06338335374014066,-0.8329397217070315,174,0.050936431989063564,0.4387412871123667,76
FUTURES,MES,prev_closeloc,rest15_eff_vol,main,prior RTH,-0.017568837381474415,-0.2304487105056332,174,0.14337662337662335,1.2462483399740387,76
FUTURES,MES,prev_closeloc,rest30_eff_range,main,prior RTH,0.004559355334719097,0.059796006150316106,174,0.16181928790048491,1.410613458555839,76
FUTURES,MES,prev_closeloc,rest30_eff_mfe,main,prior RTH,0.06411167605401229,0.8425501016083271,174,0.27220779220779223,2.4335130898004778,76
FUTURES,MES,prev_closeloc,rest30_eff_vol,main,prior RTH,0.057506193228736575,0.755436788595957,174,0.19261790840738208,1.6885825744721301,76
FUTURES,MES,prev_streak,eff_range,main,prior RTH,-0.12807746412769005,-1.69858529016475,175,0.24927795059550856,2.2142701328064174,76
FUTURES,MES,prev_streak,eff_mfe,main,prior RTH,-0.09760567324922645,-1.2899615435470093,175,0.12337027879304559,1.0694410390921054,76
FUTURES,MES,prev_streak,rest1_eff_range,main,prior RTH,-0.08615866443040071,-1.1374700623070804,175,0.27311829150816624,2.442307807668595,76
FUTURES,MES,prev_streak,rest1_eff_mfe,main,prior RTH,-0.0915435215541076,-1.2091441396672582,175,0.24968567383195503,2.2181324202795683,76
FUTURES,MES,prev_streak,rest1_eff_vol,main,prior RTH,-0.051072269070433066,-0.6726286267436095,175,0.35582057355137414,3.2752343505456327,76
FUTURES,MES,prev_streak,rest5_eff_range,main,prior RTH,-0.08203355285277675,-1.0826318636518268,175,0.25680647930476885,2.285791818497231,76
FUTURES,MES,prev_streak,rest5_eff_mfe,main,prior RTH,-0.08721189621219717,-1.1514807905033304,175,0.20239194680061506,1.7778343505651502,76
FUTURES,MES,prev_streak,rest5_eff_vol,main,prior RTH,-0.03985726302425147,-0.5246573470623955,175,0.3458243604318562,3.1705168520596074,76
FUTURES,MES,prev_streak,rest15_eff_range,main,prior RTH,-0.06348770051872583,-0.8367383427263607,175,0.22658083070907187,2.0011676425791736,76
FUTURES,MES,prev_streak,rest15_eff_mfe,main,prior RTH,0.045532995505507184,0.5995148466772731,175,0.20580766815944615,1.8091540405631779,76
FUTURES,MES,prev_streak,rest15_eff_vol,main,prior RTH,-0.0357002310851793,-0.4698627443116522,175,0.2882032323663508,2.5890742727576317,76
FUTURES,MES,prev_streak,rest30_eff_range,main,prior RTH,0.01308834174090156,0.1721650048478063,175,0.24111672173741946,2.13722076434483,76
FUTURES,MES,prev_streak,rest30_eff_mfe,main,prior RTH,0.15805143383338285,2.1053038589095285,175,0.3387001415977228,3.0966374985825182,76
FUTURES,MES,prev_streak,rest30_eff_vol,main,prior RTH,0.022040112733571336,0.28996285795762705,175,0.2872133702582814,2.579380840574428,76
FUTURES,MES,trail_eff_5,eff_range,main,prior RTH,-0.11607044172329013,-1.5146826350831437,170,0.05115516062884484,0.4406302402089371,76
FUTURES,MES,trail_eff_5,eff_mfe,main,prior RTH,-0.09141626079019623,-1.189872436525707,170,-0.04987012987012987,-0.4295335421374333,76
FUTURES,MES,trail_eff_5,rest1_eff_range,main,prior RTH,-0.09789510322970672,-1.2749896678521684,170,0.08032809295967192,0.693248632363005,76
FUTURES,MES,trail_eff_5,rest1_eff_mfe,main,prior RTH,-0.08496666172056756,-1.1052907635271114,170,-0.0193167370727151,-0.16619986589458946,76
FUTURES,MES,trail_eff_5,rest1_eff_vol,main,prior RTH,-0.09576272738930515,-1.2469575906229327,170,-0.017388926862611072,-0.14960782544355433,76
FUTURES,MES,trail_eff_5,rest5_eff_range,main,prior RTH,-0.12125978866746383,-1.5833906424025648,170,0.010416951469583048,0.08961486714782992,76
FUTURES,MES,trail_eff_5,rest5_eff_mfe,main,prior RTH,-0.10340685719242601,-1.3475299732585952,170,-0.07644565960355433,-0.6595404098868876,76
FUTURES,MES,trail_eff_5,rest5_eff_vol,main,prior RTH,-0.10491264708935584,-1.3673692313259889,170,-0.062064251537935745,-0.5349281371581165,76
FUTURES,MES,trail_eff_5,rest15_eff_range,main,prior RTH,-0.08011680443868131,-1.041781294756318,170,0.13156527682843472,1.1416914474513642,76
FUTURES,MES,trail_eff_5,rest15_eff_mfe,main,prior RTH,-0.01113696179187963,-0.14436047601347454,170,0.0038277511961722485,0.032927802055465326,76
FUTURES,MES,trail_eff_5,rest15_eff_vol,main,prior RTH,-0.0797149504460769,-1.0365223725872807,170,0.057689678742310325,0.49709325827711737,76
FUTURES,MES,trail_eff_5,rest30_eff_range,main,prior RTH,-0.07796117512716703,-1.0135772490333321,170,0.0954483626021108,0.8248437824293875,76
FUTURES,MES,trail_eff_5,rest30_eff_mfe,main,prior RTH,0.03443095855269584,0.4465409923902994,170,-0.04215994531784006,-0.3629963122392986,76
FUTURES,MES,trail_eff_5,rest30_eff_vol,main,prior RTH,-0.07331538034086262,-0.9528402160314464,170,0.060642515379357484,0.5226285144589783,76
FUTURES,MES,trail_eff_20,eff_range,main,prior RTH,-0.11833820883814293,-1.474120939727929,155,-0.12393711551606289,-1.074431164863932,76
FUTURES,MES,trail_eff_20,eff_mfe,main,prior RTH,-0.10579429102698404,-1.315988387709394,155,-0.04489405331510595,-0.3865830200689607,76
FUTURES,MES,trail_eff_20,rest1_eff_range,main,prior RTH,-0.10382842963488124,-1.2912657506793446,155,-0.11283663704716336,-0.9768963503731198,76
FUTURES,MES,trail_eff_20,rest1_eff_mfe,main,prior RTH,-0.13143974000168523,-1.6400485896857597,155,-0.09378118635444131,-0.8103074291257899,76
FUTURES,MES,trail_eff_20,rest1_eff_vol,main,prior RTH,-0.1068866617253714,-1.329732746773844,155,-0.1673820915926179,-1.4604794924848383,76
FUTURES,MES,trail_eff_20,rest5_eff_range,main,prior RTH,-0.10543005381715058,-1.3114065785460878,155,-0.10479835953520164,-0.9065012332839212,76
FUTURES,MES,trail_eff_20,rest5_eff_mfe,main,prior RTH,-0.06684605716863781,-0.8286936013118062,155,-0.07371155160628845,-0.6358204266456248,76
FUTURES,MES,trail_eff_20,rest5_eff_vol,main,prior RTH,-0.09850472108536626,-1.2243908314792997,155,-0.13714285714285715,-1.1910009001666666,76
FUTURES,MES,trail_eff_20,rest15_eff_range,main,prior RTH,-0.09087049311215376,-1.1286755729771443,155,-0.029309637730690365,-0.2522394042404289,76
FUTURES,MES,trail_eff_20,rest15_eff_mfe,main,prior RTH,-0.09128291063774936,-1.1338410336627518,155,0.12188653451811347,1.0563839715079595,76
FUTURES,MES,trail_eff_20,rest15_eff_vol,main,prior RTH,-0.08324900905546068,-1.033320258203127,155,-0.08664388243335612,-0.74815240023678,76
FUTURES,MES,trail_eff_20,rest30_eff_range,main,prior RTH,-0.05535754568012632,-0.6857866123861291,155,-0.07889322551944737,-0.6807871519134985,76
FUTURES,MES,trail_eff_20,rest30_eff_mfe,main,prior RTH,0.008879879925989136,0.1098423793786802,155,-0.06616541353383458,-0.5704264022421608,76
FUTURES,MES,trail_eff_20,rest30_eff_vol,main,prior RTH,-0.047352647352647353,-0.5863776784795103,155,-0.11513328776486671,-0.9970442829321273,76
FUTURES,MES,eff_state,eff_range,main,prior RTH,-0.08764468406167976,-1.088292837839963,155,0.07934381408065617,0.6846999434127594,76
FUTURES,MES,eff_state,eff_mfe,main,prior RTH,-0.05756183942014647,-0.7131831302660616,155,-0.035789473684210524,-0.30807005836660206,76
FUTURES,MES,eff_state,rest1_eff_range,main,prior RTH,-0.08370339338081273,-1.0389999449563987,155,0.10031442241968558,0.8673121987208475,76
FUTURES,MES,eff_state,rest1_eff_mfe,main,prior RTH,-0.062279756178992556,-0.7718564195721342,155,0.010034313525387745,0.08632277469620923,76
FUTURES,MES,eff_state,rest1_eff_vol,main,prior RTH,-0.06187683284457478,-0.7668435839463015,155,0.012303485987696514,0.10584659999302189,76
FUTURES,MES,eff_state,rest5_eff_range,main,prior RTH,-0.09648738358415779,-1.1990776696547996,155,0.032016404647983596,0.2755567926417711,76
FUTURES,MES,eff_state,rest5_eff_mfe,main,prior RTH,-0.09294576391350585,-1.154673990019694,155,-0.04579630895420369,-0.39436851764250797,76
FUTURES,MES,eff_state,rest5_eff_vol,main,prior RTH,-0.0708839547549225,-0.8789971547316517,155,-0.03764866712235133,-0.3240958522244284,76
FUTURES,MES,eff_state,rest15_eff_range,main,prior RTH,-0.056356592082606745,-0.698202195292234,155,0.13347915242652084,1.1585986652853908,76
FUTURES,MES,eff_state,rest15_eff_mfe,main,prior RTH,0.03209693532274177,0.3972218281050701,155,-0.047928913192071085,-0.4127744823568677,76
FUTURES,MES,eff_state,rest15_eff_vol,main,prior RTH,-0.04759756372659599,-0.5894173977167261,155,0.07111414900888585,0.613299803204469,76
FUTURES,MES,eff_state,rest30_eff_range,main,prior RTH,-0.09696432599658404,-1.2050608925296846,155,0.11188046398391219,0.9685127829574985,76
FUTURES,MES,eff_state,rest30_eff_mfe,main,prior RTH,0.036926185495172036,0.45706340858582095,155,-0.03518796992481203,-0.302885936518905,76
FUTURES,MES,eff_state,rest30_eff_vol,main,prior RTH,-0.08590441816248268,-1.0665214908672844,155,0.08620642515379356,0.744346691037078,76
FUTURES,MES,trail_rv_5,eff_range,main,prior RTH,0.0884044970441827,1.1503572866100877,170,0.008174982911825017,0.07032621206182628,76
FUTURES,MES,trail_rv_5,eff_mfe,main,prior RTH,-0.0367255167293057,-0.4763384442380608,170,-0.008229665071770335,-0.0707966532629563,76
FUTURES,MES,trail_rv_5,rest1_eff_range,main,prior RTH,0.09002021238267964,1.1715518806666485,170,-0.03521531100478469,-0.3031215712283604,76
FUTURES,MES,trail_rv_5,rest1_eff_mfe,main,prior RTH,0.02047866185235913,0.26548947037071174,170,-0.04954271419074276,-0.42670653525246793,76
FUTURES,MES,trail_rv_5,rest1_eff_vol,main,prior RTH,0.057467895286423515,0.7461020976540665,170,0.01848257006151743,0.15902024284658778,76
FUTURES,MES,trail_rv_5,rest5_eff_range,main,prior RTH,0.04107576416337131,0.5328524620726101,170,0.02099794941900205,0.18067102541594457,76
FUTURES,MES,trail_rv_5,rest5_eff_mfe,main,prior RTH,-0.0935986551124405,-1.2185265465144357,170,0.06334928229665071,0.5460479143000027,76
FUTURES,MES,trail_rv_5,rest5_eff_vol,main,prior RTH,0.015267371352153444,0.19791081687969492,170,0.06632946001367054,0.5718469245760839,76
FUTURES,MES,trail_rv_5,rest15_eff_range,main,prior RTH,0.09598017597609032,1.249815355795689,170,0.11130553656869446,0.9634732274277695,76
FUTURES,MES,trail_rv_5,rest15_eff_mfe,main,prior RTH,-0.016197995859820104,-0.20997757024970137,170,0.16071086807928914,1.4006940430351682,76
FUTURES,MES,trail_rv_5,rest15_eff_vol,main,prior RTH,0.06609754459242433,0.8585997094938903,170,0.14367737525632265,1.248917558103469,76
FUTURES,MES,trail_rv_5,rest30_eff_range,main,prior RTH,0.09534260293964987,1.2414367171646608,170,0.06337705657739699,0.5462882838293921,76
FUTURES,MES,trail_rv_5,rest30_eff_mfe,main,prior RTH,0.012960461555093934,0.1680008917873167,170,-0.012850307587149693,-0.11055165374273716,76
FUTURES,MES,trail_rv_5,rest30_eff_vol,main,prior RTH,0.06892117170754943,0.895449766999529,170,0.09640464798359535,0.8331849275628556,76
FUTURES,MES,trail_rv_20,eff_range,main,prior RTH,0.05233158158905826,0.6481940942177918,155,-0.0044565960355434035,-0.03833746939844541,76
FUTURES,MES,trail_rv_20,eff_mfe,main,prior RTH,-0.04076249618326239,-0.5046236428285267,155,-0.030840738209159262,-0.2654283228064461,76
FUTURES,MES,trail_rv_20,rest1_eff_range,main,prior RTH,0.05677548258193419,0.7034085530351982,155,-0.01894736842105263,-0.16302069117903942,76
FUTURES,MES,trail_rv_20,rest1_eff_mfe,main,prior RTH,-0.024048570862347712,-0.2975504476102967,155,-0.010157350067252173,-0.08738133688916785,76
FUTURES,MES,trail_rv_20,rest1_eff_vol,main,prior RTH,0.02890979987754181,0.35774400380218263,155,0.020861244019138754,0.17949426796808443,76
FUTURES,MES,trail_rv_20,rest5_eff_range,main,prior RTH,-0.0075634043375978855,-0.09355682092073803,155,-0.031660970608339035,-0.2724945782940555,76
FUTURES,MES,trail_rv_20,rest5_eff_mfe,main,prior RTH,-0.12172021526860238,-1.5168747093525667,155,0.033684210526315796,0.2899270613896483,76
FUTURES,MES,trail_rv_20,rest5_eff_vol,main,prior RTH,-0.02031194611839773,-0.25129674266833385,155,0.021353383458646617,0.1837306423926342,76
FUTURES,MES,trail_rv_20,rest15_eff_range,main,prior RTH,0.08065650531447409,1.0009269357591914,155,-0.03633629528366371,-0.3127831871749877,76
FUTURES,MES,trail_rv_20,rest15_eff_mfe,main,prior RTH,-0.04921530082820406,-0.6094982454691892,155,0.0884483937115516,0.7638555849539321,76
FUTURES,MES,trail_rv_20,rest15_eff_vol,main,prior RTH,0.06206052012503625,0.7691288208542542,155,0.013369788106630212,0.11502154662580716,76
FUTURES,MES,trail_rv_20,rest30_eff_range,main,prior RTH,0.1245206406496729,1.5523169171206512,155,0.03319229796590161,0.2856883623595298,76
FUTURES,MES,trail_rv_20,rest30_eff_mfe,main,prior RTH,0.047029042895998,0.5823615039457155,155,-0.012877648667122352,-0.11078690899916221,76
FUTURES,MES,trail_rv_20,rest30_eff_vol,main,prior RTH,0.09299410267152203,1.155279744110145,155,0.06154477101845523,0.530433669276368,76
FUTURES,MES,vol_state,eff_range,main,prior RTH,0.05834815051736491,0.7229584706279194,155,0.02816131237183869,0.24234888657503723,76
FUTURES,MES,vol_state,eff_mfe,main,prior RTH,-0.01046534954187245,-0.12945631416153736,155,0.030457963089542035,0.26213092147142186,76
FUTURES,MES,vol_state,rest1_eff_range,main,prior RTH,0.050285198672295445,0.6227814379151329,155,-0.01673274094326726,-0.14396063499580766,76
FUTURES,MES,vol_state,rest1_eff_mfe,main,prior RTH,0.015888975361715966,0.19656058446094138,155,-0.022625052976180813,-0.19467789839223001,76
FUTURES,MES,vol_state,rest1_eff_vol,main,prior RTH,0.045170958074183885,0.5593047924876818,155,0.016404647983595352,0.14113711000259113,76
FUTURES,MES,vol_state,rest5_eff_range,main,prior RTH,0.03663111082465921,0.45340611829928096,155,0.09006151742993848,0.7778996923840152,76
FUTURES,MES,vol_state,rest5_eff_mfe,main,prior RTH,-0.054026618542747575,-0.6692498067552755,155,0.09460013670539985,0.8174471095850147,76
FUTURES,MES,vol_state,rest5_eff_vol,main,prior RTH,0.02810415391060552,0.34776655297618997,155,0.08946001367053999,0.7726621910365278,76
FUTURES,MES,vol_state,rest15_eff_range,main,prior RTH,0.045071094285643744,0.558065763746741,155,0.184688995215311,1.616564543747456,76
FUTURES,MES,vol_state,rest15_eff_mfe,main,prior RTH,0.027646547001385708,0.3420996641876363,155,0.09684210526315788,0.837001398831685,76
FUTURES,MES,vol_state,rest15_eff_vol,main,prior RTH,0.04038864361445006,0.49998789829753354,155,0.18094326725905674,1.5826569102189287,76
FUTURES,MES,vol_state,rest30_eff_range,main,prior RTH,-0.05117140923592537,-0.6337857078860903,155,0.10546893690565526,0.9123667369247548,76
FUTURES,MES,vol_state,rest30_eff_mfe,main,prior RTH,-0.0158874280657327,-0.19654143821730793,155,0.014764183185235816,0.1270201508125384,76
FUTURES,MES,vol_state,rest30_eff_vol,main,prior RTH,-0.046166736489317135,-0.5716605271160553,155,0.11226247436773754,0.9718618587173498,76
FUTURES,MES,on_ret_pct,eff_range,main,overnight,0.035959491692511066,0.4732793623838283,175,0.18025974025974023,1.5764771187229267,76
FUTURES,MES,on_ret_pct,eff_mfe,main,overnight,0.13439334347673387,1.7838514333193858,175,0.06518113465481887,0.5619042397489593,76
FUTURES,MES,on_ret_pct,rest1_eff_range,main,overnight,0.07300940438871473,0.9628584115364888,175,0.15890635680109363,1.3845568188100055,76
FUTURES,MES,on_ret_pct,rest1_eff_mfe,main,overnight,0.1827007098648622,2.4441918786642116,175,0.057198321240084914,0.492845432900153,76
FUTURES,MES,on_ret_pct,rest1_eff_vol,main,overnight,0.04618674429019256,0.6081407676983879,175,0.19792207792207792,1.7369508761858974,76
FUTURES,MES,on_ret_pct,rest5_eff_range,main,overnight,-0.017588465728252994,-0.23137593896873931,175,0.06258373205741627,0.5394230414628526,76
FUTURES,MES,on_ret_pct,rest5_eff_mfe,main,overnight,0.04694471951675585,0.6181428907542346,175,-0.11660970608339027,-1.0100050602400605,76
FUTURES,MES,on_ret_pct,rest5_eff_vol,main,overnight,-0.026386027765338108,-0.3471748864280273,175,0.11696514012303487,1.0131262577088136,76
FUTURES,MES,on_ret_pct,rest15_eff_range,main,overnight,-0.05294337939061476,-0.6973394409117241,175,0.0891866028708134,0.7702817906997765,76
FUTURES,MES,on_ret_pct,rest15_eff_mfe,main,overnight,-0.01823332861247969,-0.23986186949183053,175,-0.08582365003417636,-0.7410170513820679,76
FUTURES,MES,on_ret_pct,rest15_eff_vol,main,overnight,-0.043652037617554866,-0.5747007200004858,175,0.17049897470950104,1.4884822126409798,76
FUTURES,MES,on_ret_pct,rest30_eff_range,main,overnight,-0.0984885803851321,-1.3017438654517908,175,0.0026657735186782594,0.022931932377234968,76
FUTURES,MES,on_ret_pct,rest30_eff_mfe,main,overnight,-0.005501610514357936,-0.07236348356495308,175,-0.09930280246069718,-0.8584782402490027,76
FUTURES,MES,on_ret_pct,rest30_eff_vol,main,overnight,-0.06878414688759517,-0.9068620428450468,175,0.12473000683526998,1.0814131471243265,76
FUTURES,MES,on_abs_ret_pct,eff_range,main,overnight,-0.044534283774236585,-0.5863387812817958,175,-0.14485304169514696,-1.259355172328292,76
FUTURES,MES,on_abs_ret_pct,eff_mfe,main,overnight,-0.11265910508191687,-1.4912931975771047,175,-0.12330827067669174,-1.0688952175670938,76
FUTURES,MES,on_abs_ret_pct,rest1_eff_range,main,overnight,-0.05088446036721899,-0.6701487280846192,175,-0.13487354750512645,-1.1709250798883246,76
FUTURES,MES,on_abs_ret_pct,rest1_eff_mfe,main,overnight,-0.10196725587887623,-1.3481969871727428,175,-0.08745163981186023,-0.7551807247376651,76
FUTURES,MES,on_abs_ret_pct,rest1_eff_vol,main,overnight,-0.06809896999552172,-0.8977862522095523,175,-0.1463568010936432,-1.2727135568475247,76
FUTURES,MES,on_abs_ret_pct,rest5_eff_range,main,overnight,-0.09492173636563983,-1.2541633902780485,175,-0.14231032125768966,-1.2367875833973312,76
FUTURES,MES,on_abs_ret_pct,rest5_eff_mfe,main,overnight,-0.15646224611637366,-2.083601301156018,175,-0.07846889952153109,-0.677102801465014,76
FUTURES,MES,on_abs_ret_pct,rest5_eff_vol,main,overnight,-0.10597850425436632,-1.4018240730775027,175,-0.1355023923444976,-1.1764863646250803,76
FUTURES,MES,on_abs_ret_pct,rest15_eff_range,main,overnight,-0.011390512421918724,-0.14982851976051492,175,-0.10698564593301436,-0.9256379639384499,76
FUTURES,MES,on_abs_ret_pct,rest15_eff_mfe,main,overnight,-0.06367110595114407,-0.8391653659652473,175,-0.04114832535885167,-0.354271329388672,76
FUTURES,MES,on_abs_ret_pct,rest15_eff_vol,main,overnight,-0.030174652933273628,-0.39706640138265153,175,-0.07857826384142173,-0.6780523577458298,76
FUTURES,MES,on_abs_ret_pct,rest30_eff_range,main,overnight,-0.0024966412897447386,-0.032838291503096556,175,-0.15494295928563792,-1.349163011672541,76
FUTURES,MES,on_abs_ret_pct,rest30_eff_mfe,main,overnight,-0.06072371816803942,-0.800172440960356,175,-0.303485987696514,-2.739910593129075,76
FUTURES,MES,on_abs_ret_pct,rest30_eff_vol,main,overnight,-0.02059113300492611,-0.27089150388831473,175,-0.1084894053315106,-0.9388023345817359,76
FUTURES,MES,on_range_pct,eff_range,main,overnight,0.037292900410272535,0.4908529698136543,175,-0.2514012303485988,-2.234397389656156,76
FUTURES,MES,on_range_pct,eff_mfe,main,overnight,-0.06832408007626324,-0.9007678983983396,175,-0.2303485987696514,-2.036293209130361,76
FUTURES,MES,on_range_pct,rest1_eff_range,main,overnight,0.009498432601880878,0.1249380113518471,175,-0.24147641831852357,-2.140606326375077,76
FUTURES,MES,on_range_pct,rest1_eff_mfe,main,overnight,-0.09882461737242558,-1.3062290649234751,175,-0.2531955324301177,-2.2514329907018116,76
FUTURES,MES,on_range_pct,rest1_eff_vol,main,overnight,0.017091356918943125,0.22483454321852192,175,-0.2588926862611073,-2.3056890486420203,76
FUTURES,MES,on_range_pct,rest5_eff_range,main,overnight,-0.04430815529352899,-0.583355700301548,175,-0.201203007518797,-1.7669485830036515,76
FUTURES,MES,on_range_pct,rest5_eff_mfe,main,overnight,-0.1016950860362262,-1.3445607390656693,175,-0.1345727956254272,-1.168265844877755,76
FUTURES,MES,on_range_pct,rest5_eff_vol,main,overnight,-0.03978504254366323,-0.5237051710140398,175,-0.20270676691729325,-1.7807181712838618,76
FUTURES,MES,on_range_pct,rest15_eff_range,main,overnight,0.04866102141795513,0.6407949255226925,175,-0.14668489405331508,-1.2756293080793328,76
FUTURES,MES,on_range_pct,rest15_eff_mfe,main,overnight,0.019972021927915088,0.26274334165243596,175,-0.05525632262474368,-0.47606018392221783,76
FUTURES,MES,on_range_pct,rest15_eff_vol,main,overnight,0.03796462158531124,0.49970688098806326,175,-0.14531784005468218,-1.2634831710170062,76
FUTURES,MES,on_range_pct,rest30_eff_range,main,overnight,0.008280340349305868,0.10891460697908475,175,-0.18914688412529437,-1.657014104722105,76
FUTURES,MES,on_range_pct,rest30_eff_mfe,main,overnight,0.040463819131038775,0.5326546876081945,175,-0.3499658236500342,-3.213749428284609,76
FUTURES,MES,on_range_pct,rest30_eff_vol,main,overnight,0.010868786386027765,0.14296500969580256,175,-0.1554066985645933,-1.3533007965938268,76
FUTURES,MES,on_atr_pct,eff_range,main,overnight,0.06232314281412912,0.82132960480238,175,-0.05030758714969242,-0.4333108985970341,76
FUTURES,MES,on_atr_pct,eff_mfe,main,overnight,-0.06466979922731239,-0.8523826830436578,175,-0.10272043745727956,-0.8883336640618977,76
FUTURES,MES,on_atr_pct,rest1_eff_range,main,overnight,0.04474025974025975,0.5890560893958938,175,-0.0464524948735475,-0.4000313040805935,76
FUTURES,MES,on_atr_pct,rest1_eff_mfe,main,overnight,-0.06733329713393474,-0.8876457286605612,175,-0.11240071635659132,-0.97307393033338,76
FUTURES,MES,on_atr_pct,rest1_eff_vol,main,overnight,0.04835647111509181,0.6367750111229987,175,-0.03319207108680793,-0.2856864074419988,76
FUTURES,MES,on_atr_pct,rest5_eff_range,main,overnight,0.018283719529478017,0.24052499009709788,175,0.01566643882433356,0.1347843441113008,76
FUTURES,MES,on_atr_pct,rest5_eff_mfe,main,overnight,-0.06139613826475339,-0.8090664400405023,175,-0.029528366370471633,-0.2541234244932899,76
FUTURES,MES,on_atr_pct,rest5_eff_vol,main,overnight,0.015147783251231528,0.19926084380097014,175,0.055939849624060144,0.48196747513088745,76
FUTURES,MES,on_atr_pct,rest15_eff_range,main,overnight,0.049514134300351634,0.6520565539421824,175,0.07444976076555024,0.6422233785727663,76
FUTURES,MES,on_atr_pct,rest15_eff_mfe,main,overnight,-0.02923199128526616,-0.3846511947879632,175,0.14028708133971293,1.2188484553243488,76
FUTURES,MES,on_atr_pct,rest15_eff_vol,main,overnight,0.04661442006269592,0.6137841800627115,175,0.08503075871496923,0.7341209905028071,76
FUTURES,MES,on_atr_pct,rest30_eff_range,main,overnight,0.05375727720555307,0.7080904637723724,175,-0.0070540468494255494,-0.06068271523961709,76
FUTURES,MES,on_atr_pct,rest30_eff_mfe,main,overnight,0.032042346951755014,0.42166779448559755,175,-0.2298291182501709,-2.0314445739103166,76
FUTURES,MES,on_atr_pct,rest30_eff_vol,main,overnight,0.06199955217196597,0.8170486456941747,175,0.06657552973342447,0.5739777954442814,76
FUTURES,MES,on_rv_pct,eff_range,main,overnight,0.049639526220073955,0.6537119264135879,175,-0.09528366370471635,-0.8234074389382321,76
FUTURES,MES,on_rv_pct,eff_mfe,main,overnight,-0.06221010099656944,-0.8198340827591241,175,-0.14671223513328774,-1.275872306755447,76
FUTURES,MES,on_rv_pct,rest1_eff_range,main,overnight,0.030257501119570086,0.3981575932049915,175,-0.08478468899521532,-0.7319811199531391,76
FUTURES,MES,on_rv_pct,rest1_eff_mfe,main,overnight,-0.06590248416234801,-0.8687003395211901,175,-0.1614102721992549,-1.4069524795669663,76
FUTURES,MES,on_rv_pct,rest1_eff_vol,main,overnight,0.03496417375727721,0.46016326398074797,175,-0.06094326725905674,-0.5252300889023185,76
FUTURES,MES,on_rv_pct,rest5_eff_range,main,overnight,-0.004897005034715378,-0.06441081723959075,175,-0.018127136021872863,-0.15596114620054158,76
FUTURES,MES,on_rv_pct,rest5_eff_mfe,main,overnight,-0.07550720751636175,-0.9959855398622324,175,-0.053670539986329466,-0.4623578395485965,76
FUTURES,MES,on_rv_pct,rest5_eff_vol,main,overnight,-0.004592476489028214,-0.060405234279739366,175,0.03125085440874914,0.2689613825604419,76
FUTURES,MES,on_rv_pct,rest15_eff_range,main,overnight,0.041770063686786485,0.5498793175331529,175,0.02154477101845523,0.18537815725168774,76
FUTURES,MES,on_rv_pct,rest15_eff_mfe,main,overnight,-0.0345577891613294,-0.45480840635917924,175,0.08164046479835953,0.7046500638475623,76
FUTURES,MES,on_rv_pct,rest15_eff_vol,main,overnight,0.03553291536050157,0.46765785538414084,175,0.047491455912508536,0.4089984469287616,76
FUTURES,MES,on_rv_pct,rest30_eff_range,main,overnight,0.03338110165696373,0.43930466850102035,175,-0.056405033528546145,-0.48598815340692175,76
FUTURES,MES,on_rv_pct,rest30_eff_mfe,main,overnight,0.024267991353118155,0.3192896247537823,175,-0.25249487354750516,-2.2447777996887734,76
FUTURES,MES,on_rv_pct,rest30_eff_vol,main,overnight,0.03925884460367219,0.5167678698701922,175,0.028243335611756664,0.2430553198121032,76
FUTURES,MES,on_closeloc,eff_range,main,overnight,0.0016916760804209909,0.022250556714153335,175,0.20281613123718387,1.7817201069374413,76
FUTURES,MES,on_closeloc,eff_mfe,main,overnight,0.11676489999697387,1.5463803613655256,175,0.09528366370471635,0.8234074389382321,76
FUTURES,MES,on_closeloc,rest1_eff_range,main,overnight,0.03174437904283327,0.41774265111389214,175,0.18217361585782638,1.5937865169033885,76
FUTURES,MES,on_closeloc,rest1_eff_mfe,main,overnight,0.176399133001154,2.3571311780760027,175,0.11353538668711884,0.9830246088229526,76
FUTURES,MES,on_closeloc,rest1_eff_vol,main,overnight,0.03428021238317386,0.45115095645984976,175,0.21347915242652085,1.8797498146539997,76
FUTURES,MES,on_closeloc,rest5_eff_range,main,overnight,-0.03384137756926121,-0.4453689265094358,175,0.08560492139439507,0.7391145486661547,76
FUTURES,MES,on_closeloc,rest5_eff_mfe,main,overnight,0.08552312647735213,1.1290176126936828,175,-0.07808612440191388,-0.6737795479559835,76
FUTURES,MES,on_closeloc,rest5_eff_vol,main,overnight,-0.016054679956063658,-0.2111935651558271,175,0.12820232399179768,1.1120143952879729,76
FUTURES,MES,on_closeloc,rest15_eff_range,main,overnight,-0.06686095004814134,-0.8813907802482366,175,0.10627477785372523,0.9194170495272542,76
FUTURES,MES,on_closeloc,rest15_eff_mfe,main,overnight,0.037844954696539215,0.49812951054335575,175,-0.035625427204374574,-0.3066561739448353,76
FUTURES,MES,on_closeloc,rest15_eff_vol,main,overnight,-0.05055544826332013,-0.6658044968387501,175,0.17161995898838006,1.4985645674023744,76
FUTURES,MES,on_closeloc,rest30_eff_range,main,overnight,-0.08413032951871713,-1.110498702987,175,0.023007676061207752,0.19797191858354982,76
FUTURES,MES,on_closeloc,rest30_eff_mfe,main,overnight,-0.005933784562271167,-0.07804812456347479,175,0.012221462747778536,0.1051408502256156,76
FUTURES,MES,on_closeloc,rest30_eff_vol,main,overnight,-0.038769700990134486,-0.5103194727422323,175,0.11064935064935065,0.9577225930058832,76
FUTURES,MES,on_upper_wick,eff_range,main,overnight,0.10347549308857026,1.3683529320247085,175,-0.043335611756664394,-0.3731375641835279,76
FUTURES,MES,on_upper_wick,eff_mfe,main,overnight,0.08050636114237059,1.0623441241700842,175,-0.13596719070403282,-1.180597809945111,76
FUTURES,MES,on_upper_wick,rest1_eff_range,main,overnight,0.11190358235484482,1.4811649194679015,175,-0.03376623376623377,-0.2906338574914025,76
FUTURES,MES,on_upper_wick,rest1_eff_mfe,main,overnight,0.056852023520069316,0.7489830135829392,175,-0.16490997827895418,-1.4383016029620026,76
FUTURES,MES,on_upper_wick,rest1_eff_vol,main,overnight,0.0820927062606951,1.0834178313572407,175,-0.012002734107997267,-0.10325886118497131,76
FUTURES,MES,on_upper_wick,rest5_eff_range,main,overnight,0.1257103000293422,1.6666826465203413,175,-0.0222282980177717,-0.1912623066079452,76
FUTURES,MES,on_upper_wick,rest5_eff_mfe,main,overnight,0.045394241136167766,0.5976841448910863,175,-0.10293916609706084,-0.890245481929199,76
FUTURES,MES,on_upper_wick,rest5_eff_vol,main,overnight,0.0909104649311245,1.2007125424389902,175,-0.012576896787423105,-0.10819911473165114,76
FUTURES,MES,on_upper_wick,rest15_eff_range,main,overnight,0.08729989017002461,1.152651514963255,175,-0.0052494873547505125,-0.04515841993301961,76
FUTURES,MES,on_upper_wick,rest15_eff_mfe,main,overnight,0.00974924904586763,0.12823744500267237,175,-0.061271360218728636,-0.5280683339002589,76
FUTURES,MES,on_upper_wick,rest15_eff_vol,main,overnight,0.07854365915743695,1.0362819538544819,175,-0.007136021872863979,-0.061387944306261474,76
FUTURES,MES,on_upper_wick,rest30_eff_range,main,overnight,0.01233993601643889,0.16231887641664067,175,-0.012700018455651812,-0.10925850118571655,76
FUTURES,MES,on_upper_wick,rest30_eff_mfe,main,overnight,0.08394737740823668,1.1080666242724526,175,-0.0028434723171565273,-0.024460572646171574,76
FUTURES,MES,on_upper_wick,rest30_eff_vol,main,overnight,-0.0049261221622510535,-0.06479380711701167,175,0.009186602870813397,0.0790294808583013,76
FUTURES,MES,on_lower_wick,eff_range,main,overnight,0.053617390973344115,0.7062425640230319,175,0.08396445659603555,0.7248491901023001,76
FUTURES,MES,on_lower_wick,eff_mfe,main,overnight,0.04357933874721699,0.5737417806277565,175,-0.003144224196855776,-0.027047772953303188,76
FUTURES,MES,on_lower_wick,rest1_eff_range,main,overnight,0.0520813099425238,0.6859536236681583,175,0.09153793574846206,0.7907590283241053,76
FUTURES,MES,on_lower_wick,rest1_eff_mfe,main,overnight,0.03030011262902174,0.39871883175006945,175,0.03950840066535502,0.34012967351115514,76
FUTURES,MES,on_lower_wick,rest1_eff_vol,main,overnight,0.10878084907124917,1.4393300171011771,175,0.10840738209159262,0.9380841107155172,76
FUTURES,MES,on_lower_wick,rest5_eff_range,main,overnight,0.07343272520051285,0.9684714067040283,175,0.13066302118933698,1.1337254204600697,76
FUTURES,MES,on_lower_wick,rest5_eff_mfe,main,overnight,0.12220121160010256,1.6194431552839152,175,0.04967874231032126,0.42788102674682205,76
FUTURES,MES,on_lower_wick,rest5_eff_vol,main,overnight,0.12406075014598347,1.6444685388113585,175,0.13161995898838003,1.1421743295466547,76
FUTURES,MES,on_lower_wick,rest15_eff_range,main,overnight,0.05057551564656923,0.6660694576105007,175,0.07029391660970608,0.6061906547876881,76
FUTURES,MES,on_lower_wick,rest15_eff_mfe,main,overnight,0.11052072382526178,1.4626335173104053,175,0.1297334244702666,1.1255209958655292,76
FUTURES,MES,on_lower_wick,rest15_eff_vol,main,overnight,0.08689324165543327,1.1472414459612328,175,0.06031442241968558,0.5197905961620913,76
FUTURES,MES,on_lower_wick,rest30_eff_range,main,overnight,0.06792995293885577,0.8955476644365007,175,0.08911885932442859,0.7696920212523845,76
FUTURES,MES,on_lower_wick,rest30_eff_mfe,main,overnight,0.02620039913078051,0.3447307888396334,175,0.2866985645933014,2.574343061206691,76
FUTURES,MES,on_lower_wick,rest30_eff_vol,main,overnight,0.12380996630653882,1.641092508224775,175,0.05818181818181818,0.5013482068840985,76
FUTURES,MES,on_eff,eff_range,main,overnight,-0.12145788422172338,-1.6094444292010532,175,-0.06406015037593984,-0.5522004482698394,76
FUTURES,MES,on_eff,eff_mfe,main,overnight,-0.11401503362076493,-1.5094768921784023,175,0.0025427204374572797,0.021873378976648677,76
FUTURES,MES,on_eff,rest1_eff_range,main,overnight,-0.1191828472715114,-1.5788592056188848,175,-0.05036226930963773,-0.4337830856896135,76
FUTURES,MES,on_eff,rest1_eff_mfe,main,overnight,-0.07979758116207351,-1.052931014786949,175,0.058360333024360056,0.5028917044147216,76
FUTURES,MES,on_eff,rest1_eff_vol,main,overnight,-0.1487932700328631,-1.979100617332835,175,-0.06857142857142857,-0.5912654476341055,76
FUTURES,MES,on_eff,rest5_eff_range,main,overnight,-0.14426476548312916,-1.917566155531589,175,-0.08552289815447711,-0.7384011379177323,76
FUTURES,MES,on_eff,rest5_eff_mfe,main,overnight,-0.14382581251538165,-1.9116081617232878,175,-0.008010936431989064,-0.06891489222718757,76
FUTURES,MES,on_eff,rest5_eff_vol,main,overnight,-0.16574022138414035,-2.210545317739919,175,-0.08516746411483254,-0.7353098659132283,76
FUTURES,MES,on_eff,rest15_eff_range,main,overnight,-0.10463855458782638,-1.3839024882206823,175,-0.08467532467532468,-0.7310301097000518,76
FUTURES,MES,on_eff,rest15_eff_mfe,main,overnight,-0.11695160706160655,-1.5488872849494266,175,-0.07756664388243335,-0.6692698974404668,76
FUTURES,MES,on_eff,rest15_eff_vol,main,overnight,-0.1308331066202193,-1.7357607365310854,175,-0.05738892686261107,-0.4944931911048719,76
FUTURES,MES,on_eff,rest30_eff_range,main,overnight,-0.05063261378486579,-0.6668233603697313,175,-0.0945187595289307,-0.8167375815921498,76
FUTURES,MES,on_eff,rest30_eff_mfe,main,overnight,-0.10876105025816599,-1.4390649136095635,175,-0.20196855775803144,-1.773956920896299,76
FUTURES,MES,on_eff,rest30_eff_vol,main,overnight,-0.0810804759074354,-1.069969970710165,175,-0.06460697197539303,-0.5569337405611614,76
FUTURES,MES,on_range_over_prev,eff_range,main,overnight,0.06502238960244204,0.8545690796121967,174,-0.27546138072453863,-2.464972926554301,76
FUTURES,MES,on_range_over_prev,eff_mfe,main,overnight,0.0028873292375419363,0.037867125792399176,174,-0.12248803827751195,-1.0616763806539822,76
FUTURES,MES,on_range_over_prev,rest1_eff_range,main,overnight,0.04477917936159913,0.5878631115952072,174,-0.24150375939849625,-2.140863706347514,76
FUTURES,MES,on_range_over_prev,rest1_eff_mfe,main,overnight,-0.03494069012338615,-0.4585228346611587,174,-0.1318678314249185,-1.1443633513649043,76
FUTURES,MES,on_range_over_prev,rest1_eff_vol,main,overnight,0.045879438480594545,0.6023374656356806,174,-0.2700751879699248,-2.4129413598203278,76
FUTURES,MES,on_range_over_prev,rest5_eff_range,main,overnight,0.00920414499746603,0.1207163434076748,174,-0.2523855092276145,-2.243739346062431,76
FUTURES,MES,on_range_over_prev,rest5_eff_mfe,main,overnight,-0.024323029882990295,-0.31908794810507113,174,-0.010252904989747095,-0.08820345984046436,76
FUTURES,MES,on_range_over_prev,rest5_eff_vol,main,overnight,0.0030308380079159427,0.03974925039636304,174,-0.27384825700615173,-2.4493638299536653,76
FUTURES,MES,on_range_over_prev,rest15_eff_range,main,overnight,0.06294146356187902,0.8271095318006761,174,-0.3658783321941217,-3.3818959857379225,76
FUTURES,MES,on_range_over_prev,rest15_eff_mfe,main,overnight,0.03196788063441442,0.41946921612935945,174,-0.16686261107313738,-1.4558167787515248,76
FUTURES,MES,on_range_over_prev,rest15_eff_vol,main,overnight,0.04704803667530397,0.617713254745737,174,-0.34764183185235814,-3.189463200025282,76
FUTURES,MES,on_range_over_prev,rest30_eff_range,main,overnight,0.02802016002733563,0.36762529868786453,174,-0.3260992898182113,-2.9674248864738106,76
FUTURES,MES,on_range_over_prev,rest30_eff_mfe,main,overnight,-0.019805961037933834,-0.25980370623163196,174,-0.2467805878332194,-2.190640367428708,76
FUTURES,MES,on_range_over_prev,rest30_eff_vol,main,overnight,0.018912839203849768,0.24808393401865422,174,-0.33367053998632945,-3.044843234285912,76
FUTURES,MES,on_vol_ratio,eff_range,main,overnight,-0.08055499384085776,-0.9996589707696484,155,-0.13101845522898156,-1.136863209005233,76
FUTURES,MES,on_vol_ratio,eff_mfe,main,overnight,-0.12737111869676293,-1.588431295151338,155,-0.0709501025290499,-0.61187787395703,76
FUTURES,MES,on_vol_ratio,rest1_eff_range,main,overnight,-0.08254004060455673,-1.0244596305414353,155,-0.12910457963089542,-1.1199726570503439,76
FUTURES,MES,on_vol_ratio,rest1_eff_mfe,main,overnight,-0.11520433631598907,-1.4345504441139862,155,-0.11588675170941677,-1.0036577436539296,76
FUTURES,MES,on_vol_ratio,rest1_eff_vol,main,overnight,-0.04412684090103445,-0.5463510584728838,155,-0.14690362269309637,-1.277573381202144,76
FUTURES,MES,on_vol_ratio,rest5_eff_range,main,overnight,-0.051303535174502916,-0.6354264724451868,155,-0.021845522898154477,-0.187967150438412,76
FUTURES,MES,on_vol_ratio,rest5_eff_mfe,main,overnight,0.026099706744868032,0.32294555625788385,155,-0.014217361585782639,-0.12231473136926709,76
FUTURES,MES,on_vol_ratio,rest5_eff_vol,main,overnight,-0.0322483967645258,-0.3990982152419539,155,-0.0272863978127136,-0.23481390068012278,76
FUTURES,MES,on_vol_ratio,rest15_eff_range,main,overnight,-0.05870908020133403,-0.7274459630981346,155,-0.07062200956937799,-0.6090341650448153,76
FUTURES,MES,on_vol_ratio,rest15_eff_mfe,main,overnight,-0.033514872224549644,-0.4147890953190133,155,-0.054846206425153796,-0.4725161319859548,76
FUTURES,MES,on_vol_ratio,rest15_eff_vol,main,overnight,-0.041403757532789784,-0.5125757321587495,155,-0.09468215994531785,-0.8181622873402861,76
FUTURES,MES,on_vol_ratio,rest30_eff_range,main,overnight,-0.07223743997937546,-0.8958682740794769,155,-0.06087533065986815,-0.5246424088242106,76
FUTURES,MES,on_vol_ratio,rest30_eff_mfe,main,overnight,0.01878132469920693,0.23235314009524624,155,-0.20035543403964456,-1.7591932871164162,76
FUTURES,MES,on_vol_ratio,rest30_eff_vol,main,overnight,-0.04550932938029712,-0.5635031538374667,155,-0.03576213260423787,-0.3078344092344497,76
FUTURES,MES,open1_ret_pct,rest1_eff_range,main,opening,0.11753826174339133,1.556765406800575,175,-0.12341763499658236,-1.0698578968834112,76
FUTURES,MES,open1_ret_pct,rest1_eff_mfe,main,opening,0.10090031388008344,1.3339441537613044,175,-0.0708280359332887,-0.6108198521698066,76
FUTURES,MES,open1_ret_pct,rest1_eff_vol,main,opening,0.11900715414039782,1.576498271923069,175,-0.08664388243335612,-0.74815240023678,76
FUTURES,MES,open1_absret_pct,rest1_eff_range,main,opening,0.03214097784547434,0.422967087996992,175,0.03655502392344498,0.31466851722985073,76
FUTURES,MES,open1_absret_pct,rest1_eff_mfe,main,opening,0.04691171012826223,0.617707281843527,175,-0.08920149285170985,-0.770411423028041,76
FUTURES,MES,open1_absret_pct,rest1_eff_vol,main,opening,0.07099049474800881,0.9360959525619569,175,-0.008967874231032126,-0.07714767336636988,76
FUTURES,MES,open1_range_pct,rest1_eff_range,main,opening,0.004805194805194805,0.06320319957861921,175,0.09208475734791524,0.7955230751905559,76
FUTURES,MES,open1_range_pct,rest1_eff_mfe,main,opening,-0.10825253289177753,-1.4322565262014262,175,-0.026138429782753908,-0.22492812550674435,76
FUTURES,MES,open1_range_pct,rest1_eff_vol,main,opening,0.039858934169279,0.524679380027174,175,0.0475187969924812,0.40923444220992017,76
FUTURES,MES,open1_closeloc,rest1_eff_range,main,opening,0.110747107035357,1.4656666403331307,175,-0.06019344478719816,-0.5187442139976575,76
FUTURES,MES,open1_closeloc,rest1_eff_mfe,main,opening,0.0714817940386598,0.9426074881270116,175,-0.03903809479059708,-0.33607457109523997,76
FUTURES,MES,open1_closeloc,rest1_eff_vol,main,opening,0.1287798719211311,1.7080574023022783,175,-0.04413001130435515,-0.3799908997371523,76
FUTURES,MES,open1_vol_rel,rest1_eff_range,main,opening,-0.07857626244723019,-0.9749491289759544,155,-0.010936431989063569,-0.09408437190533764,76
FUTURES,MES,open1_vol_rel,rest1_eff_mfe,main,opening,-0.18153810953281524,-2.283444317937915,155,0.108203803206327,0.9363015873023216,76
FUTURES,MES,open1_vol_rel,rest1_eff_vol,main,opening,-0.03821339950372208,-0.4730191399644075,155,-0.021845522898154477,-0.187967150438412,76
FUTURES,MES,open5_ret_pct,rest5_eff_range,main,opening,-0.045152312082778055,-0.5944922565421565,175,0.040874914559125085,0.35191341438460444,76
FUTURES,MES,open5_ret_pct,rest5_eff_mfe,main,opening,-0.08014446940466403,-1.0575377391252723,175,0.04885850991114149,0.4207993508426526,76
FUTURES,MES,open5_ret_pct,rest5_eff_vol,main,opening,-0.050463502015226154,-0.664590489950996,175,0.17588516746411484,1.536981906581545,76
FUTURES,MES,open5_absret_pct,rest5_eff_range,main,opening,-0.02135806242507208,-0.28098554654919433,175,0.08760082023239919,0.7564789124493747,76
FUTURES,MES,open5_absret_pct,rest5_eff_mfe,main,opening,-0.0828325586837113,-1.0932491817070846,175,0.13872863978127137,1.2050411102359724,76
FUTURES,MES,open5_absret_pct,rest5_eff_vol,main,opening,0.015091804746977161,0.19852430898016457,175,0.1265892002734108,1.0977929701852822,76
FUTURES,MES,open5_range_pct,rest5_eff_range,main,opening,-0.008416937323043031,-0.11071144751821617,175,-0.014982911825017087,-0.1289023502709437,76
FUTURES,MES,open5_range_pct,rest5_eff_mfe,main,opening,-0.042594067730676026,-0.5607463907207152,175,-0.055447710184552294,-0.47771415742563056,76
FUTURES,MES,open5_range_pct,rest5_eff_vol,main,opening,0.009261083743842366,0.12181576247947833,175,-0.0008475734791524265,-0.007291105374283681,76
FUTURES,MES,open5_closeloc,rest5_eff_range,main,opening,-0.0901753001342142,-1.190922821221472,175,0.09123780750594208,0.7881445427440041,76
FUTURES,MES,open5_closeloc,rest5_eff_mfe,main,opening,-0.0680375690197309,-0.8969730029868814,175,0.05630933909454232,0.48516102126721466,76
FUTURES,MES,open5_closeloc,rest5_eff_vol,main,opening,-0.07245095773829437,-0.9554545238287869,175,0.21062344924244075,1.8534288936955372,76
FUTURES,MES,open5_vol_rel,rest5_eff_range,main,opening,-0.08810866552802037,-1.0940990983877046,155,0.045522898154477104,0.3920091747011934,76
FUTURES,MES,open5_vol_rel,rest5_eff_mfe,main,opening,-0.05194482936418421,-0.6433906601931964,155,0.10490772385509227,0.9074577514735502,76
FUTURES,MES,open5_vol_rel,rest5_eff_vol,main,opening,-0.06162869388675841,-0.7637566336863931,155,0.029309637730690365,0.2522394042404289,76
FUTURES,MES,open15_ret_pct,rest15_eff_range,main,opening,0.10735003770156053,1.420176084661144,175,-0.0851948051948052,-0.735547646012667,76
FUTURES,MES,open15_ret_pct,rest15_eff_mfe,main,opening,-0.03876961417914523,-0.5103183283427132,175,0.005468215994531784,0.04704007590240209,76
FUTURES,MES,open15_ret_pct,rest15_eff_vol,main,opening,0.11019704433497539,1.458297201417108,175,0.006206425153793574,0.05339071622592801,76
FUTURES,MES,open15_absret_pct,rest15_eff_range,main,opening,-0.007025306216585415,-0.0924057567449035,175,-0.04833902939166097,-0.41631473174426165,76
FUTURES,MES,open15_absret_pct,rest15_eff_mfe,main,opening,0.023521061084341505,0.309456870457538,175,0.014600136705399863,0.1256085132026929,76
FUTURES,MES,open15_absret_pct,rest15_eff_vol,main,opening,0.004048365427675773,0.05324836998408057,175,-0.016541353383458645,-0.1423135731553634,76
FUTURES,MES,open15_range_pct,rest15_eff_range,main,opening,0.026742066022208636,0.3518627997787152,175,-0.019220779220779218,-0.16537394530411656,76
FUTURES,MES,open15_range_pct,rest15_eff_mfe,main,opening,-0.05740486867716343,-0.7562903001437616,175,0.05919343814080656,0.5100956454049029,76
FUTURES,MES,open15_range_pct,rest15_eff_vol,main,opening,0.03424317062248097,0.4506628890308401,175,-0.005714285714285714,-0.04915694695205158,76
FUTURES,MES,open15_closeloc,rest15_eff_range,main,opening,0.07751597772748908,1.0226405160725245,175,-0.11701982228298018,-1.0136064769352804,76
FUTURES,MES,open15_closeloc,rest15_eff_mfe,main,opening,-0.051349283164655986,-0.6762865585127764,175,-0.052112098427887894,-0.44889516114676703,76
FUTURES,MES,open15_closeloc,rest15_eff_vol,main,opening,0.09135722578609227,1.2066627379929669,175,-0.04133971291866028,-0.3559219172923994,76
FUTURES,MES,open15_vol_rel,rest15_eff_range,main,opening,-0.08520196352196018,-1.0577363305004244,155,0.052822966507177035,0.4550356180827668,76
FUTURES,MES,open15_vol_rel,rest15_eff_mfe,main,opening,-0.1456350101511392,-1.8208184507479188,155,0.03097744360902256,0.2666059943929548,76
FUTURES,MES,open15_vol_rel,rest15_eff_vol,main,opening,-0.060797267248880155,-0.7534143786264674,155,0.0009569377990430621,0.008231893976793091,76
FUTURES,MES,open30_ret_pct,rest30_eff_range,main,opening,0.08320537573074284,1.0982039596863151,175,-0.028229858031131316,-0.2429392424838024,76
FUTURES,MES,open30_ret_pct,rest30_eff_mfe,main,opening,0.10170036134697204,1.344631215458929,175,-0.008257006151742994,-0.07103187410144299,76
FUTURES,MES,open30_ret_pct,rest30_eff_vol,main,opening,0.07031351898429168,0.9271246367159266,175,0.021490088858509913,0.18490743664788883,76
FUTURES,MES,open30_absret_pct,rest30_eff_range,main,opening,0.005162340552139496,0.0679008935541159,175,0.021681624618583178,0.18655624181884006,76
FUTURES,MES,open30_absret_pct,rest30_eff_mfe,main,opening,0.04342400994301567,0.5716929360951404,175,-0.030348598769651403,-0.2611888280701412,76
FUTURES,MES,open30_absret_pct,rest30_eff_vol,main,opening,0.006701750280873351,0.08814974206199502,175,0.04637047163362953,0.39932342754640987,76
FUTURES,MES,open30_range_pct,rest30_eff_range,main,opening,0.05853336318853561,0.7712084641185616,175,-0.04616572909013581,-0.3975564948118278,76
FUTURES,MES,open30_range_pct,rest30_eff_mfe,main,opening,0.04959062599165047,0.65306636205989,175,-0.09227614490772384,-0.7971906628518428,76
FUTURES,MES,open30_range_pct,rest30_eff_vol,main,opening,0.0665293327362293,0.876999769634997,175,0.013615857826384144,0.11713889659848425,76
FUTURES,MES,open30_closeloc,rest30_eff_range,main,opening,0.08812267828655831,1.1635997016664419,175,0.02969281876717385,0.25553996009746405,76
FUTURES,MES,open30_closeloc,rest30_eff_mfe,main,opening,0.07514854045892949,0.9912275715629212,175,0.02315805302892806,0.1992665447397937,76
FUTURES,MES,open30_closeloc,rest30_eff_vol,main,opening,0.07202210484143635,0.9497694041884495,175,0.022419838823755617,0.19291123542713878,76
FUTURES,MES,open30_vol_rel,rest30_eff_range,main,opening,0.006777093873868067,0.0838299467650285,155,0.00991120923611148,0.08526363355314424,76
FUTURES,MES,open30_vol_rel,rest30_eff_mfe,main,opening,0.02713592049239395,0.335776447949334,155,-0.0318796992481203,-0.2743790055717572,76
FUTURES,MES,open30_vol_rel,rest30_eff_vol,main,opening,0.025277947858593018,0.3127708893616629,155,0.028817498291182502,0.24800049085266837,76
FUTURES,MNQ,gap_pct,eff_range,main,prior RTH,0.030862068965517242,0.4061205944371703,175,0.057689678742310325,0.49709325827711737,76
FUTURES,MNQ,gap_pct,eff_mfe,main,prior RTH,-0.10165024630541873,-1.3439616998342525,175,-0.10231032125768968,-0.8847493563507682,76
FUTURES,MNQ,gap_pct,rest1_eff_range,main,prior RTH,0.04007836990595612,0.5275725364626943,175,0.042105263157894736,0.3625246631942873,76
FUTURES,MNQ,gap_pct,rest1_eff_mfe,main,prior RTH,-0.06223914017017465,-0.8202182625535775,175,-0.00987012987012987,-0.08491020362479375,76
FUTURES,MNQ,gap_pct,rest1_eff_vol,main,prior RTH,0.04899238692342141,0.6451689909683256,175,0.020013670539986327,0.1721985940423349,76
FUTURES,MNQ,gap_pct,rest5_eff_range,main,prior RTH,0.08977608598298255,1.1856075640784836,175,0.06638414217361586,0.5723204423651942,76
FUTURES,MNQ,gap_pct,rest5_eff_mfe,main,prior RTH,0.009928347514554412,0.1305934596698295,175,-0.018537252221462748,-0.15949087842369,76
FUTURES,MNQ,gap_pct,rest5_eff_vol,main,prior RTH,0.07199059561128528,0.9493517207066411,175,0.024825700615174296,0.2136245918841742,76
FUTURES,MNQ,gap_pct,rest15_eff_range,main,prior RTH,0.005653828929690999,0.0743656976699703,175,-0.05681476418318523,-0.4895298009724908,76
FUTURES,MNQ,gap_pct,rest15_eff_mfe,main,prior RTH,0.019879086430810565,0.2615202376985744,175,-0.13435406698564595,-1.1663320623544833,76
FUTURES,MNQ,gap_pct,rest15_eff_vol,main,prior RTH,-0.01199731303179579,-0.15781137344647875,175,-0.05954887218045113,-0.5131694427430514,76
FUTURES,MNQ,gap_pct,rest30_eff_range,main,prior RTH,-0.03835423197492163,-0.5048426191326767,175,-0.011237183868762816,-0.09667201451290014,76
FUTURES,MNQ,gap_pct,rest30_eff_mfe,main,prior RTH,-0.06185848634124496,-0.8151824890380757,175,0.07075871496924128,0.6102190195618337,76
FUTURES,MNQ,gap_pct,rest30_eff_vol,main,prior RTH,-0.028755038065382894,-0.37836993585435175,175,-0.04587833219412167,-0.395076337819135,76
FUTURES,MNQ,abs_gap_pct,eff_range,main,prior RTH,-0.07362292879534259,-0.9709935702568186,175,0.005222146274777854,0.04492321339813739,76
FUTURES,MNQ,abs_gap_pct,eff_mfe,main,prior RTH,-0.194384236453202,-2.606442120941346,175,-0.10813397129186603,-0.9356901710896237,76
FUTURES,MNQ,abs_gap_pct,rest1_eff_range,main,prior RTH,-0.08650470219435737,-1.1420728404121239,175,-0.026192754613807243,-0.22539592570231548,76
FUTURES,MNQ,abs_gap_pct,rest1_eff_mfe,main,prior RTH,-0.16611061352440665,-2.2156254069316903,175,-0.12647983595352016,-1.0968291275318092,76
FUTURES,MNQ,abs_gap_pct,rest1_eff_vol,main,prior RTH,-0.03288401253918495,-0.43275570086242937,175,-0.04194121667805878,-0.36110973562349985,76
FUTURES,MNQ,abs_gap_pct,rest5_eff_range,main,prior RTH,-0.1156896551724138,-1.5319462303156999,175,0.06687628161312373,0.5765823360681677,76
FUTURES,MNQ,abs_gap_pct,rest5_eff_mfe,main,prior RTH,-0.16784146887595164,-2.2393776631675726,175,-0.20828434723171566,-1.8319064974000947,76
FUTURES,MNQ,abs_gap_pct,rest5_eff_vol,main,prior RTH,-0.043022839229735786,-0.566401537413703,175,0.049952153110047845,0.43024177752962117,76
FUTURES,MNQ,abs_gap_pct,rest15_eff_range,main,prior RTH,-0.026027765338110163,-0.34245782113977064,175,0.06416951469583049,0.5531470666338557,76
FUTURES,MNQ,abs_gap_pct,rest15_eff_mfe,main,prior RTH,0.00036721898790864307,0.004830012004629482,175,-0.00809295967190704,-0.06962055144182393,76
FUTURES,MNQ,abs_gap_pct,rest15_eff_vol,main,prior RTH,0.020734437975817286,0.2727775942720802,175,0.06597402597402596,0.5687691848960944,76
FUTURES,MNQ,abs_gap_pct,rest30_eff_range,main,prior RTH,-0.04529108822212271,-0.5963231851814624,175,0.02961038961038961,0.254829941493253,76
FUTURES,MNQ,abs_gap_pct,rest30_eff_mfe,main,prior RTH,-0.0005396327810120913,-0.007097762098269416,175,-0.06447026657552973,-0.5557503704280808,76
FUTURES,MNQ,abs_gap_pct,rest30_eff_vol,main,prior RTH,0.013652037617554858,0.17958125534200395,175,0.043253588516746405,0.3724299850730542,76
FUTURES,MNQ,prev_ret_pct,eff_range,main,prior RTH,-0.12879979498277283,-1.7033815926001437,174,0.16921394395078607,1.4769317113370368,76
FUTURES,MNQ,prev_ret_pct,eff_mfe,main,prior RTH,-0.08334519775620033,-1.0968783501166854,174,-0.02031442241968558,-0.17478733823648912,76
FUTURES,MNQ,prev_ret_pct,rest1_eff_range,main,prior RTH,-0.11222301318374667,-1.4811473601138607,174,0.20902255639097744,1.8386952903539306,76
FUTURES,MNQ,prev_ret_pct,rest1_eff_mfe,main,prior RTH,-0.04730772516301717,-0.6211304397232732,174,0.08194121667805877,0.7072634093745759,76
FUTURES,MNQ,prev_ret_pct,rest1_eff_vol,main,prior RTH,-0.08932942281955635,-1.176246872540145,174,0.1825563909774436,1.5972506375779147,76
FUTURES,MNQ,prev_ret_pct,rest5_eff_range,main,prior RTH,-0.16252512884763234,-2.160218472453271,174,0.08784688995215312,0.7586203557505865,76
FUTURES,MNQ,prev_ret_pct,rest5_eff_mfe,main,prior RTH,-0.1234055639397477,-1.6309149896955122,174,0.0338755980861244,0.2915762614419403,76
FUTURES,MNQ,prev_ret_pct,rest5_eff_vol,main,prior RTH,-0.12425980238617272,-1.642380946994772,174,0.08568694463431306,0.7398279745535179,76
FUTURES,MNQ,prev_ret_pct,rest15_eff_range,main,prior RTH,-0.16995814231612516,-2.261887705496873,174,0.04224196855775803,0.3637037919353414,76
FUTURES,MNQ,prev_ret_pct,rest15_eff_mfe,main,prior RTH,-0.11528460377573392,-1.5220919486776483,174,-0.04303485987696514,-0.37054314429316476,76
FUTURES,MNQ,prev_ret_pct,rest15_eff_vol,main,prior RTH,-0.12303197699251117,-1.625901703114398,174,0.06198222829801778,0.5342184554159543,76
FUTURES,MNQ,prev_ret_pct,rest30_eff_range,main,prior RTH,-0.0164754121700504,-0.21610233624913902,174,0.2327546138072454,2.0587741063542198,76
FUTURES,MNQ,prev_ret_pct,rest30_eff_mfe,main,prior RTH,0.15285287166491074,2.02848341567807,174,0.11510594668489406,0.9968043319729427,76
FUTURES,MNQ,prev_ret_pct,rest30_eff_vol,main,prior RTH,-0.0071448503658988,-0.09370622590921869,174,0.21634996582365004,1.906260894430947,76
FUTURES,MNQ,prev_range_pct,eff_range,main,prior RTH,-0.007390871038469204,-0.09693301246944465,174,0.1574846206425154,1.3718526774078674,76
FUTURES,MNQ,prev_range_pct,eff_mfe,main,prior RTH,-0.08490332868247956,-1.1175319082474746,174,-0.011209842788790158,-0.0964367732021489,76
FUTURES,MNQ,prev_range_pct,rest1_eff_range,main,prior RTH,-0.023582676044306496,-0.30936993566391885,174,0.12434723171565276,1.0780422731328843,76
FUTURES,MNQ,prev_range_pct,rest1_eff_mfe,main,prior RTH,-0.10090606224550813,-1.3301597916816703,174,-0.09347915242652086,-0.8076746907108414,76
FUTURES,MNQ,prev_range_pct,rest1_eff_vol,main,prior RTH,-0.02674221931148381,-0.350846393963445,174,0.14868079289131922,1.293376103823107,76
FUTURES,MNQ,prev_range_pct,rest5_eff_range,main,prior RTH,-0.051364788291238354,-0.6745332953430553,174,0.1781818181818182,1.5577050046333005,76
FUTURES,MNQ,prev_range_pct,rest5_eff_mfe,main,prior RTH,-0.12994561348557762,-1.7187941882224214,174,0.12470266575529734,1.0811723541640283,76
FUTURES,MNQ,prev_range_pct,rest5_eff_vol,main,prior RTH,-0.045606082177738545,-0.5987411498083374,174,0.18280246069719755,1.599477968921845,76
FUTURES,MNQ,prev_range_pct,rest15_eff_range,main,prior RTH,-0.028056607534383094,-0.3681038674916615,174,0.3002870813397129,2.708151391282795,76
FUTURES,MNQ,prev_range_pct,rest15_eff_mfe,main,prior RTH,-0.1327224579287565,-1.7561751740643812,174,0.2558304853041695,2.276495029443255,76
FUTURES,MNQ,prev_range_pct,rest15_eff_vol,main,prior RTH,-0.043897605284888515,-0.5762671971534871,174,0.26211893369788103,2.336527668406228,76
FUTURES,MNQ,prev_range_pct,rest30_eff_range,main,prior RTH,-0.04178364987613542,-0.548466416383572,174,0.19218045112781953,1.6846003669294414,76
FUTURES,MNQ,prev_range_pct,rest30_eff_mfe,main,prior RTH,-0.07443833822147555,-0.9789656779344196,174,-0.004073820915926179,-0.035044623400265366,76
FUTURES,MNQ,prev_range_pct,rest30_eff_vol,main,prior RTH,-0.03897491386428999,-0.5115398767366175,174,0.17960355434039646,1.5705467398214268,76
FUTURES,MNQ,prev_rv_pct,eff_range,main,prior RTH,0.03389959850793018,0.44484474386417433,174,0.011018455228981545,0.09479009005439318,76
FUTURES,MNQ,prev_rv_pct,eff_mfe,main,prior RTH,-0.04766308835672997,-0.625806792278971,174,-0.08546821599453178,-0.7379255391552123,76
FUTURES,MNQ,prev_rv_pct,rest1_eff_range,main,prior RTH,0.020252285087844185,0.26566071551011383,174,-0.024278879015721122,-0.20891639783329027,76
FUTURES,MNQ,prev_rv_pct,rest1_eff_mfe,main,prior RTH,-0.07600558102451664,-0.9996955773321461,174,-0.1768967874231032,-1.5461067231923062,76
FUTURES,MNQ,prev_rv_pct,rest1_eff_vol,main,prior RTH,0.006652809020757993,0.08725270325300893,174,0.06586466165413535,0.5678222318748861,76
FUTURES,MNQ,prev_rv_pct,rest5_eff_range,main,prior RTH,0.0006936416184971098,0.009097026730850326,174,0.12831168831168832,1.1129788831357592,76
FUTURES,MNQ,prev_rv_pct,rest5_eff_mfe,main,prior RTH,-0.09597881488652865,-1.2645884848653284,174,0.08415584415584415,0.7265131737938747,76
FUTURES,MNQ,prev_rv_pct,rest5_eff_vol,main,prior RTH,-0.006545744468806059,-0.08584847308459065,174,0.17172932330827068,1.4995485321413382,76
FUTURES,MNQ,prev_rv_pct,rest15_eff_range,main,prior RTH,-0.00032005467126057117,-0.004197477877398077,174,0.2425974025974026,2.1511633534991597,76
FUTURES,MNQ,prev_rv_pct,rest15_eff_mfe,main,prior RTH,-0.06857484552521427,-0.9014727574923522,174,0.25249487354750516,2.2447777996887734,76
FUTURES,MNQ,prev_rv_pct,rest15_eff_vol,main,prior RTH,-0.021764856630314074,-0.2855110512725816,174,0.23603554340396443,2.089494390058837,76
FUTURES,MNQ,prev_rv_pct,rest30_eff_range,main,prior RTH,-0.012944559924827015,-0.16978053681019173,174,0.04667122351332878,0.4019190145215519,76
FUTURES,MNQ,prev_rv_pct,rest30_eff_mfe,main,prior RTH,-0.021521113926934135,-0.28231214828617907,174,-0.11581681476418318,-1.003043804772882,76
FUTURES,MNQ,prev_rv_pct,rest30_eff_vol,main,prior RTH,-0.01853697428742276,-0.24315191808206196,174,0.07732057416267943,0.6671339388386995,76
FUTURES,MNQ,prev_eff_range,eff_range,main,prior RTH,-0.08657308009909165,-1.1396742048565014,174,0.1123444976076555,0.9725810113275732,76
FUTURES,MNQ,prev_eff_range,eff_mfe,main,prior RTH,-0.01704034852928614,-0.22351452952870368,174,0.007026657552973342,0.06044708608390502,76
FUTURES,MNQ,prev_eff_range,rest1_eff_range,main,prior RTH,-0.06189583985876591,-0.8133157695775686,174,0.18266575529733425,1.598240524258062,76
FUTURES,MNQ,prev_eff_range,rest1_eff_mfe,main,prior RTH,0.030241179988040656,0.3967908372067414,174,0.05030758714969242,0.4333108985970341,76
FUTURES,MNQ,prev_eff_range,rest1_eff_vol,main,prior RTH,-0.03202027392579515,-0.4201574040992415,174,0.14337662337662335,1.2462483399740387,76
FUTURES,MNQ,prev_eff_range,rest5_eff_range,main,prior RTH,-0.09557105840143511,-1.2591663757286398,174,0.09156527682843474,0.7909972134972569,76
FUTURES,MNQ,prev_eff_range,rest5_eff_mfe,main,prior RTH,-0.047881773399014775,-0.6286846659623819,174,0.06386876281613123,0.5505439141827269,76
FUTURES,MNQ,prev_eff_range,rest5_eff_vol,main,prior RTH,-0.07194168398872405,-0.9459574673352027,174,0.06474367737525633,0.5581171421810954,76
FUTURES,MNQ,prev_eff_range,rest15_eff_range,main,prior RTH,-0.05476579629260514,-0.7193262297847478,174,0.18616541353383462,1.6299495396345243,76
FUTURES,MNQ,prev_eff_range,rest15_eff_mfe,main,prior RTH,-0.040974970813519744,-0.5378333911697378,174,0.17807245386192755,1.5567175973733562,76
FUTURES,MNQ,prev_eff_range,rest15_eff_vol,main,prior RTH,-0.04918477177596173,-0.6458338893957968,174,0.13416267942583732,1.1646401450723465,76
FUTURES,MNQ,prev_eff_range,rest30_eff_range,main,prior RTH,-0.11622768302058713,-1.5347131430716339,174,0.04637047163362953,0.39932342754640987,76
FUTURES,MNQ,prev_eff_range,rest30_eff_mfe,main,prior RTH,-0.08226316239072864,-1.0825403770724211,174,0.058892686261107316,0.5074948920767696,76
FUTURES,MNQ,prev_eff_range,rest30_eff_vol,main,prior RTH,-0.08176884307639738,-1.0759914730521758,174,-0.008257006151742994,-0.07103187410144299,76
FUTURES,MNQ,prev_eff_vol,eff_range,main,prior RTH,-0.10548705828753667,-1.3912118213896905,174,0.13419002050580997,1.1648818394110483,76
FUTURES,MNQ,prev_eff_vol,eff_mfe,main,prior RTH,-0.04721205045701756,-0.6198714621881936,174,0.031852358168147646,0.27414345000960866,76
FUTURES,MNQ,prev_eff_vol,rest1_eff_range,main,prior RTH,-0.0856459466385717,-1.1273784593388303,174,0.18397812713602185,1.6101239640011056,76
FUTURES,MNQ,prev_eff_vol,rest1_eff_mfe,main,prior RTH,-0.011372761183404995,-0.1491620112200874,174,0.04508544087491456,0.38823440938975357,76
FUTURES,MNQ,prev_eff_vol,rest1_eff_vol,main,prior RTH,-0.06642899854779463,-0.8731367725800593,174,0.12976076555023924,1.1257622592704555,76
FUTURES,MNQ,prev_eff_vol,rest5_eff_range,main,prior RTH,-0.1061955067057718,-1.4006613766046039,174,0.07499658236500342,0.6469669898093333,76
FUTURES,MNQ,prev_eff_vol,rest5_eff_mfe,main,prior RTH,-0.05106637432728722,-0.6706041836934119,174,0.019658236500341764,0.1691392293219116,76
FUTURES,MNQ,prev_eff_vol,rest5_eff_vol,main,prior RTH,-0.09233178621259147,-1.216114905664079,174,0.03655502392344498,0.31466851722985073,76
FUTURES,MNQ,prev_eff_vol,rest15_eff_range,main,prior RTH,-0.06527179019903755,-0.8578608718041626,174,0.18343130553656867,1.6051714519323372,76
FUTURES,MNQ,prev_eff_vol,rest15_eff_mfe,main,prior RTH,-0.060453885361200485,-0.7942980517204995,174,0.16180451127819548,1.4104811843796885,76
FUTURES,MNQ,prev_eff_vol,rest15_eff_vol,main,prior RTH,-0.06820581451635867,-0.8965988061751419,174,0.11808612440191388,1.0229726257826874,76
FUTURES,MNQ,prev_eff_vol,rest30_eff_range,main,prior RTH,-0.13426008713232152,-1.7768922902659776,174,0.08762816131237185,0.7567168436952156,76
FUTURES,MNQ,prev_eff_vol,rest30_eff_mfe,main,prior RTH,-0.09402659529029869,-1.2386347777168467,174,0.06594668489405332,0.5685324447121037,76
FUTURES,MNQ,prev_eff_vol,rest30_eff_vol,main,prior RTH,-0.11283806486517269,-1.4893693666534946,174,0.02580997949419002,0.2220998275286872,76
FUTURES,MNQ,prev_closeloc,eff_range,main,prior RTH,-0.13279763091204191,-1.7571877094485853,174,0.1103485987696514,0.9550873098075929,76
FUTURES,MNQ,prev_closeloc,eff_mfe,main,prior RTH,-0.10520231213872833,-1.3874143730305897,174,-0.051811346548188655,-0.44629748204726777,76
FUTURES,MNQ,prev_closeloc,rest1_eff_range,main,prior RTH,-0.11826418747686437,-1.5619820084851026,174,0.14906356801093645,1.2967814386582415,76
FUTURES,MNQ,prev_closeloc,rest1_eff_mfe,main,prior RTH,-0.07537458355875737,-0.991348495050361,174,0.03226247436773752,0.27767684842416246,76
FUTURES,MNQ,prev_closeloc,rest1_eff_vol,main,prior RTH,-0.1069199009083402,-1.4103258536327605,174,0.10162679425837319,0.8787765223864868,76
FUTURES,MNQ,prev_closeloc,rest5_eff_range,main,prior RTH,-0.186079330277058,-2.483787574679257,174,-0.01219412166780588,-0.1049056007755704,76
FUTURES,MNQ,prev_closeloc,rest5_eff_mfe,main,prior RTH,-0.16099888949001961,-2.1393898641206057,174,-0.08442925495557074,-0.7288904338721065,76
FUTURES,MNQ,prev_closeloc,rest5_eff_vol,main,prior RTH,-0.1451988951849426,-1.9246622920366756,174,-0.018810663021189337,-0.16184407786906224,76
FUTURES,MNQ,prev_closeloc,rest15_eff_range,main,prior RTH,-0.1855872889319172,-2.4769852027628074,174,-0.0007382091592617909,-0.0063503170333916404,76
FUTURES,MNQ,prev_closeloc,rest15_eff_mfe,main,prior RTH,-0.13965431817534665,-1.849675441769934,174,-0.04760082023239918,-0.4099424335869984,76
FUTURES,MNQ,prev_closeloc,rest15_eff_vol,main,prior RTH,-0.12951963324696034,-1.713063442666608,174,0.022939166097060835,0.1973821067145324,76
FUTURES,MNQ,prev_closeloc,rest30_eff_range,main,prior RTH,-0.0639892935448048,-0.8409351422733539,174,0.2220915926179084,1.9594395398413298,76
FUTURES,MNQ,prev_closeloc,rest30_eff_mfe,main,prior RTH,0.0877530681397534,1.1553276548103852,174,0.09580314422419686,0.8279380748531431,76
FUTURES,MNQ,prev_closeloc,rest30_eff_vol,main,prior RTH,-0.037573962812152965,-0.4931261238505332,174,0.1944771018455229,1.7055186554675057,76
FUTURES,MNQ,prev_streak,eff_range,main,prior RTH,-0.18757407661181616,-2.51173390473232,175,0.30509285502782213,2.755902205201979,76
FUTURES,MNQ,prev_streak,eff_mfe,main,prior RTH,-0.09077349202814203,-1.1988884120144538,175,0.01435076692747094,0.12346267882677933,76
FUTURES,MNQ,prev_streak,rest1_eff_range,main,prior RTH,-0.17579266204823976,-2.348768334377502,175,0.3501753999685787,3.2159428598216566,76
FUTURES,MNQ,prev_streak,rest1_eff_mfe,main,prior RTH,-0.06310205652945453,-0.8316353529134054,175,0.06541279808800708,0.5639098975509775,76
FUTURES,MNQ,prev_streak,rest1_eff_vol,main,prior RTH,-0.1849713909712036,-2.4756386516073743,175,0.31752462405220105,2.8805167619372827,76
FUTURES,MNQ,prev_streak,rest5_eff_range,main,prior RTH,-0.1886515202743929,-2.526692390951663,175,0.1608620850939766,1.40204698541562,76
FUTURES,MNQ,prev_streak,rest5_eff_mfe,main,prior RTH,-0.055936146938160944,-0.7368788403803916,175,-0.0383382407161215,-0.33004065629260493,76
FUTURES,MNQ,prev_streak,rest5_eff_vol,main,prior RTH,-0.18792185905986308,-2.5165612467070217,175,0.17213967422011894,1.5032410212911862,76
FUTURES,MNQ,prev_streak,rest15_eff_range,main,prior RTH,-0.2204224697930322,-2.9723104052901155,175,0.11801837104016073,1.0223773896674122,76
FUTURES,MNQ,prev_streak,rest15_eff_mfe,main,prior RTH,-0.07989562990311891,-1.0542330766649841,175,-0.10576737718056586,-0.91497758194017,76
FUTURES,MNQ,prev_streak,rest15_eff_vol,main,prior RTH,-0.21048907568868547,-2.8319990514851074,175,0.12200933044731592,1.0574643112979438,76
FUTURES,MNQ,prev_streak,rest30_eff_range,main,prior RTH,-0.04147703483341282,-0.5460150867441848,175,0.32891345943359507,2.9961247426000446,76
FUTURES,MNQ,prev_streak,rest30_eff_mfe,main,prior RTH,0.07311500871015181,0.9642586161656284,175,0.1103980025554184,0.9555201831698907,76
FUTURES,MNQ,prev_streak,rest30_eff_vol,main,prior RTH,-0.0751926110468504,-0.9918121777159138,175,0.31096109499235,2.8145252099726092,76
FUTURES,MNQ,trail_eff_5,eff_range,main,prior RTH,-0.19329510689358273,-2.553549175159087,170,0.09583048530416952,0.8281765482540558,76
FUTURES,MNQ,trail_eff_5,eff_mfe,main,prior RTH,-0.14570135746606336,-1.908875776855156,170,0.09377990430622009,0.8102962534226633,76
FUTURES,MNQ,trail_eff_5,rest1_eff_range,main,prior RTH,-0.2010747369642345,-2.6605661225273387,170,0.12207792207792208,1.0580677914189716,76
FUTURES,MNQ,trail_eff_5,rest1_eff_mfe,main,prior RTH,-0.12308302953694715,-1.6075616916660584,170,0.047928913192071085,0.4127744823568677,76
FUTURES,MNQ,trail_eff_5,rest1_eff_vol,main,prior RTH,-0.18477537386801499,-2.4369245106558464,170,0.09845522898154477,0.8510788865909229,76
FUTURES,MNQ,trail_eff_5,rest5_eff_range,main,prior RTH,-0.18402061540904124,-2.4266206792241514,170,0.04716336295283663,0.4061665752685463,76
FUTURES,MNQ,trail_eff_5,rest5_eff_mfe,main,prior RTH,-0.1471864485439146,-1.9287610036589349,170,0.06805194805194806,0.5867652436446054,76
FUTURES,MNQ,trail_eff_5,rest5_eff_vol,main,prior RTH,-0.16425034043514639,-2.1582394580120794,170,0.030239234449760767,0.2602467440580379,76
FUTURES,MNQ,trail_eff_5,rest15_eff_range,main,prior RTH,-0.14331495288866095,-1.8769495999717236,170,0.06403280929596719,0.5519637968016792,76
FUTURES,MNQ,trail_eff_5,rest15_eff_mfe,main,prior RTH,-0.10888184610499446,-1.4197106304970064,170,0.19617224880382778,1.7209770204049517,76
FUTURES,MNQ,trail_eff_5,rest15_eff_vol,main,prior RTH,-0.1203058115180049,-1.570750085225525,170,0.05161995898838004,0.444644476969229,76
FUTURES,MNQ,trail_eff_5,rest30_eff_range,main,prior RTH,-0.1226677902553111,-1.6020553418886965,170,-0.00989747095010253,-0.08514543495650141,76
FUTURES,MNQ,trail_eff_5,rest30_eff_mfe,main,prior RTH,0.04419977894614713,0.573455043157124,170,0.0444565960355434,0.3828085757758404,76
FUTURES,MNQ,trail_eff_5,rest30_eff_vol,main,prior RTH,-0.11884026111223064,-1.5513395781843073,170,-0.017279562542720436,-0.14866661380438712,76
FUTURES,MNQ,trail_eff_20,eff_range,main,prior RTH,-0.17528922690213014,-2.2023063424148095,155,-0.05859193438140806,-0.5048942774202233,76
FUTURES,MNQ,trail_eff_20,eff_mfe,main,prior RTH,-0.21674454577680385,-2.746265208573863,155,-0.05963089542036911,-0.513878808363982,76
FUTURES,MNQ,trail_eff_20,rest1_eff_range,main,prior RTH,-0.1812896780638716,-2.280213201102997,155,-0.058236500341763496,-0.501821001533368,76
FUTURES,MNQ,trail_eff_20,rest1_eff_mfe,main,prior RTH,-0.1916438400309368,-2.4152715600114227,155,-0.0885850991114149,-0.7650455270188978,76
FUTURES,MNQ,trail_eff_20,rest1_eff_vol,main,prior RTH,-0.14494859978730948,-1.812051904169185,155,-0.1102118933697881,-0.9538895416551145,76
FUTURES,MNQ,trail_eff_20,rest5_eff_range,main,prior RTH,-0.14906383938642004,-1.864650533709141,155,-0.07928913192071088,-0.6842250755780855,76
FUTURES,MNQ,trail_eff_20,rest5_eff_mfe,main,prior RTH,-0.11578099320034804,-1.441828426155081,155,-0.07070403280929598,-0.6097450736119994,76
FUTURES,MNQ,trail_eff_20,rest5_eff_vol,main,prior RTH,-0.12296091005768425,-1.5325723627471672,155,-0.11890635680109365,-1.0301797958994483,76
FUTURES,MNQ,trail_eff_20,rest15_eff_range,main,prior RTH,-0.18120266829944248,-2.2790816528652607,155,-0.02354066985645933,-0.20256063270505462,76
FUTURES,MNQ,trail_eff_20,rest15_eff_mfe,main,prior RTH,-0.21372498469272663,-2.7061609705728618,155,0.0314149008885851,0.2703746444359103,76
FUTURES,MNQ,trail_eff_20,rest15_eff_vol,main,prior RTH,-0.13990203345042054,-1.7476804079745538,155,-0.05550239234449761,-0.47818673097712755,76
FUTURES,MNQ,trail_eff_20,rest30_eff_range,main,prior RTH,-0.052250974831619994,-0.647192940200178,155,-0.02384142173615858,-0.20514997788810319,76
FUTURES,MNQ,trail_eff_20,rest30_eff_mfe,main,prior RTH,0.02008636524765557,0.24850475283083062,155,-0.045304169514695826,-0.3901217639337578,76
FUTURES,MNQ,trail_eff_20,rest30_eff_vol,main,prior RTH,-0.03330218168927846,-0.4121538479912481,155,-0.052139439507860555,-0.44913131985451576,76
FUTURES,MNQ,eff_state,eff_range,main,prior RTH,-0.14616995907318486,-1.827652456977926,155,0.09312371838687628,0.8045767677404085,76
FUTURES,MNQ,eff_state,eff_mfe,main,prior RTH,-0.03273178434468756,-0.4050868695571731,155,0.09484620642515379,0.819592693306343,76
FUTURES,MNQ,eff_state,rest1_eff_range,main,prior RTH,-0.15355612129805676,-1.9221815338084474,155,0.11625427204374573,1.0068842561898892,76
FUTURES,MNQ,eff_state,rest1_eff_mfe,main,prior RTH,-0.020647094840643226,-0.2554449128801882,155,0.04779220779220779,0.41159444581504484,76
FUTURES,MNQ,eff_state,rest1_eff_vol,main,prior RTH,-0.14742032161387,-1.8436323187936614,155,0.10375939849624059,0.897415963810808,76
FUTURES,MNQ,eff_state,rest5_eff_range,main,prior RTH,-0.1435242177177661,-1.7938688017065745,155,0.05159261790840738,0.44440833740094443,76
FUTURES,MNQ,eff_state,rest5_eff_mfe,main,prior RTH,-0.08814089136669781,-1.0945023988984168,155,0.08101161995898837,0.6991864212584483,76
FUTURES,MNQ,eff_state,rest5_eff_vol,main,prior RTH,-0.13534207727756115,-1.6896354929920203,155,0.04328092959671907,0.3726658439374854,76
FUTURES,MNQ,eff_state,rest15_eff_range,main,prior RTH,-0.09865295994328252,-1.2262515012836193,155,0.055010252904989745,0.47393372387458627,76
FUTURES,MNQ,eff_state,rest15_eff_mfe,main,prior RTH,-0.039035158389997104,-0.48320652523211216,155,0.21487354750512647,1.8926201997510232,76
FUTURES,MNQ,eff_state,rest15_eff_vol,main,prior RTH,-0.0872256775482582,-1.0830500069737858,155,0.04623376623376623,0.3981436513033822,76
FUTURES,MNQ,eff_state,rest30_eff_range,main,prior RTH,-0.15735232509426056,-1.9708931150195454,155,0.02198222829801777,0.1891439823584806,76
FUTURES,MNQ,eff_state,rest30_eff_mfe,main,prior RTH,0.004453610905223808,0.05508867086788587,155,0.09681476418318524,0.8367628550556281,76
FUTURES,MNQ,eff_state,rest30_eff_vol,main,prior RTH,-0.15669491798524057,-1.9624511471942554,155,0.010799726589200273,0.09290817920409548,76
FUTURES,MNQ,trail_rv_5,eff_range,main,prior RTH,-0.006967470887451835,-0.09031093641874788,170,0.28292549555707447,2.5374943645657733,76
FUTURES,MNQ,trail_rv_5,eff_mfe,main,prior RTH,-0.11107040137761738,-1.4486000954088096,170,0.07193438140806563,0.6204102020878136,76
FUTURES,MNQ,trail_rv_5,rest1_eff_range,main,prior RTH,0.02244612575643774,0.29100835982044576,170,0.24276144907723857,2.1527090509195412,76
FUTURES,MNQ,trail_rv_5,rest1_eff_mfe,main,prior RTH,-0.07256062188188886,-0.9429788392644662,170,-0.05353383458646617,-0.461176768719146,76
FUTURES,MNQ,trail_rv_5,rest1_eff_vol,main,prior RTH,-0.001425247769615476,-0.01847334121447085,170,0.2917566643882433,2.623946894847857,76
FUTURES,MNQ,trail_rv_5,rest5_eff_range,main,prior RTH,-0.009077863471766784,-0.11766740695663677,170,0.2784688995215311,2.494134942676402,76
FUTURES,MNQ,trail_rv_5,rest5_eff_mfe,main,prior RTH,-0.19478508313945322,-2.5740058769509875,170,0.1926725905673274,1.6890804238736907,76
FUTURES,MNQ,trail_rv_5,rest5_eff_vol,main,prior RTH,-0.01052875837348331,-0.13647587049857304,170,0.32576896787423104,2.9640619639338257,76
FUTURES,MNQ,trail_rv_5,rest15_eff_range,main,prior RTH,-0.025137853335043144,-0.3259268131099444,170,0.32021872863978124,2.9077364895921933,76
FUTURES,MNQ,trail_rv_5,rest15_eff_mfe,main,prior RTH,-0.0875922838771136,-1.1397063225910578,170,0.27149692412850307,2.4266515641039423,76
FUTURES,MNQ,trail_rv_5,rest15_eff_vol,main,prior RTH,-0.04595843943307625,-0.5963195572060614,170,0.3276828434723172,2.9835635642005895,76
FUTURES,MNQ,trail_rv_5,rest30_eff_range,main,prior RTH,0.01659613705338878,0.2151401519328165,170,0.23245386192754616,2.0559618193673526,76
FUTURES,MNQ,trail_rv_5,rest30_eff_mfe,main,prior RTH,-0.026368915675893532,-0.3418990952472551,170,-0.044948735475051266,-0.3870548412288656,76
FUTURES,MNQ,trail_rv_5,rest30_eff_vol,main,prior RTH,-0.0016768339226067258,-0.021734282249361265,170,0.2251811346548189,1.9881430042150465,76
FUTURES,MNQ,trail_rv_20,eff_range,main,prior RTH,0.02637684895749412,0.32637715924520033,155,0.20874914559125085,1.8361805401004556,76
FUTURES,MNQ,trail_rv_20,eff_mfe,main,prior RTH,-0.13382101769198543,-1.670298039515577,155,0.11737525632262474,1.0167281299418787,76
FUTURES,MNQ,trail_rv_20,rest1_eff_range,main,prior RTH,0.07562115304050789,0.9380680487738047,155,0.16503075871496925,1.4393845003467771,76
FUTURES,MNQ,trail_rv_20,rest1_eff_mfe,main,prior RTH,-0.05225419741548774,-0.6472329651714943,155,-0.000683526999316473,-0.005879922950503012,76
FUTURES,MNQ,trail_rv_20,rest1_eff_vol,main,prior RTH,0.036353968612033126,0.4499711992523967,155,0.20114832535885166,1.7664481167437092,76
FUTURES,MNQ,trail_rv_20,rest5_eff_range,main,prior RTH,0.030617769327446743,0.3788985313125335,155,0.07157894736842105,0.6173288747604816,76
FUTURES,MNQ,trail_rv_20,rest5_eff_mfe,main,prior RTH,-0.18526634655666915,-2.3319887346584065,155,0.04727272727272727,0.4071105178038648,76
FUTURES,MNQ,trail_rv_20,rest5_eff_vol,main,prior RTH,0.009587187006541846,0.11859240432710483,155,0.14187286397812712,1.2329075208030895,76
FUTURES,MNQ,trail_rv_20,rest15_eff_range,main,prior RTH,0.05036576326898907,0.6237817647570526,155,0.07786739576213261,0.6718806806543203,76
FUTURES,MNQ,trail_rv_20,rest15_eff_mfe,main,prior RTH,-0.055915052689246236,-0.6927147365602722,155,0.19595352016404646,1.7189814944738515,76
FUTURES,MNQ,trail_rv_20,rest15_eff_vol,main,prior RTH,0.006796429377074539,0.0840691302562189,155,0.11784005468215994,1.0208108895528203,76
FUTURES,MNQ,trail_rv_20,rest30_eff_range,main,prior RTH,0.082030872353453,1.0180970558956877,155,0.09727956254272045,0.8408183597702349,76
FUTURES,MNQ,trail_rv_20,rest30_eff_mfe,main,prior RTH,0.01700879765395894,0.2104176469059566,155,-0.04760082023239918,-0.4099424335869984,76
FUTURES,MNQ,trail_rv_20,rest30_eff_vol,main,prior RTH,0.0431600657407109,0.5343584607052844,155,0.10430622009569376,0.902197312409975,76
FUTURES,MNQ,vol_state,eff_range,main,prior RTH,-0.048693242241629346,-0.6030174540978981,155,0.12544087491455913,1.087674644180173,76
FUTURES,MNQ,vol_state,eff_mfe,main,prior RTH,-0.002984112661532016,-0.036911599454659216,155,-0.04142173615857827,-0.35662932411150444,76
FUTURES,MNQ,vol_state,rest1_eff_range,main,prior RTH,-0.05204150688021656,-0.644591360494217,155,0.12076555023923445,1.0465239931652617,76
FUTURES,MNQ,vol_state,rest1_eff_mfe,main,prior RTH,-0.022290612613193258,-0.27578817493450586,155,-0.07969924812030076,-0.6877867361510602,76
FUTURES,MNQ,vol_state,rest1_eff_vol,main,prior RTH,-0.03661822048918823,-0.4532463523059709,155,0.15371155160628847,1.3381800141361744,76
FUTURES,MNQ,vol_state,rest5_eff_range,main,prior RTH,-0.0548419322612871,-0.6793796715348714,155,0.29758031442241967,2.681356730930783,76
FUTURES,MNQ,vol_state,rest5_eff_mfe,main,prior RTH,-0.06671715381392801,-0.8270884287673681,155,0.26031442241968555,2.3192686720085796,76
FUTURES,MNQ,vol_state,rest5_eff_vol,main,prior RTH,-0.030633882246785475,-0.37909811785245767,155,0.2983185235816815,2.688657289346086,76
FUTURES,MNQ,vol_state,rest15_eff_range,main,prior RTH,-0.0431246173181657,-0.5339187609108286,155,0.3516062884483937,3.230933316821862,76
FUTURES,MNQ,vol_state,rest15_eff_mfe,main,prior RTH,-0.02204247365537688,-0.272716601938154,155,0.1725768967874231,1.5071761989960306,76
FUTURES,MNQ,vol_state,rest15_eff_vol,main,prior RTH,-0.019532080822403403,-0.2416445953237892,155,0.31740259740259746,2.879285717047031,76
FUTURES,MNQ,vol_state,rest30_eff_range,main,prior RTH,-0.08810544294415262,-1.0940587685270775,155,0.336514012303486,3.0740885746077438,76
FUTURES,MNQ,vol_state,rest30_eff_mfe,main,prior RTH,-0.02597724855789372,-0.3214292903498889,155,0.09276828434723172,0.8014791550630815,76
FUTURES,MNQ,vol_state,rest30_eff_vol,main,prior RTH,-0.06414875447133511,-0.7951139296520472,155,0.30704032809295967,2.775318349396023,76
FUTURES,MNQ,on_ret_pct,eff_range,main,overnight,0.06212494402149576,0.8187074928721746,175,0.17902939166097062,1.5653594355915919,76
FUTURES,MNQ,on_ret_pct,eff_mfe,main,overnight,0.11375503806538291,1.5059895599862152,175,0.02258373205741627,0.1943221697995839,76
FUTURES,MNQ,on_ret_pct,rest1_eff_range,main,overnight,0.07308777429467085,0.9638975127237385,175,0.1551332877648667,1.3508611360217595,76
FUTURES,MNQ,on_ret_pct,rest1_eff_mfe,main,overnight,0.11469771607702643,1.518635240710254,175,2.7341079972658922e-05,0.00023519686316494587,76
FUTURES,MNQ,on_ret_pct,rest1_eff_vol,main,overnight,0.07831168831168832,1.033202485203397,175,0.1951059466848941,1.7112513484249852,76
FUTURES,MNQ,on_ret_pct,rest5_eff_range,main,overnight,0.04084191670398568,0.5376401385662928,175,0.18006835269993163,1.5747472005638041,76
FUTURES,MNQ,on_ret_pct,rest5_eff_mfe,main,overnight,0.05441334527541425,0.716757694950599,175,0.023485987696514016,0.20208984860440318,76
FUTURES,MNQ,on_ret_pct,rest5_eff_vol,main,overnight,0.05012315270935961,0.6600968550540315,175,0.19406698564593303,1.7017811206478646,76
FUTURES,MNQ,on_ret_pct,rest15_eff_range,main,overnight,-0.015550828481862967,-0.20456395025624147,175,0.06050580997949419,0.5214460278931539,76
FUTURES,MNQ,on_ret_pct,rest15_eff_mfe,main,overnight,-0.07228616211374833,-0.9532698357888337,175,-0.064688995215311,-0.5576437777503459,76
FUTURES,MNQ,on_ret_pct,rest15_eff_vol,main,overnight,0.011757725033587102,0.15465941834448838,175,0.0851948051948052,0.735547646012667,76
FUTURES,MNQ,on_ret_pct,rest30_eff_range,main,overnight,-0.052478728168383344,-0.6912023484256592,175,0.05227614490772385,0.45031212859486175,76
FUTURES,MNQ,on_ret_pct,rest30_eff_mfe,main,overnight,-0.00216077026421854,-0.02842056189687386,175,0.035242652084757346,0.3033572066192866,76
FUTURES,MNQ,on_ret_pct,rest30_eff_vol,main,overnight,-0.026641289744738023,-0.3505358770092672,175,0.07756664388243335,0.6692698974404668,76
FUTURES,MNQ,on_abs_ret_pct,eff_range,main,overnight,-0.08714285714285715,-1.15056227227833,175,-0.09695146958304854,-0.8379555930692886,76
FUTURES,MNQ,on_abs_ret_pct,eff_mfe,main,overnight,-0.07457008508732647,-0.9835547725676413,175,0.0052494873547505125,0.04515841993301961,76
FUTURES,MNQ,on_abs_ret_pct,rest1_eff_range,main,overnight,-0.09718763994626065,-1.2843839984906247,175,-0.09528366370471635,-0.8234074389382321,76
FUTURES,MNQ,on_abs_ret_pct,rest1_eff_mfe,main,overnight,-0.11881101656963726,-1.5738627868489157,175,-0.069419002050581,-0.5986089247790665,76
FUTURES,MNQ,on_abs_ret_pct,rest1_eff_vol,main,overnight,-0.10205553067622032,-1.3493764232675554,175,-0.10449760765550238,-0.9038709796139949,76
FUTURES,MNQ,on_abs_ret_pct,rest5_eff_range,main,overnight,-0.1368741603224362,-1.8174030914878956,175,-0.14717703349282296,-1.2800037420014232,76
FUTURES,MNQ,on_abs_ret_pct,rest5_eff_mfe,main,overnight,-0.1659807433945365,-2.2138440719912054,175,0.005413533834586466,0.04656966128761644,76
FUTURES,MNQ,on_abs_ret_pct,rest5_eff_vol,main,overnight,-0.13119793999104346,-1.7406856288498027,175,-0.11458646616541354,-0.9922456993008518,76
FUTURES,MNQ,on_abs_ret_pct,rest15_eff_range,main,overnight,-0.01964845499328258,-0.25848497651759106,175,-0.03245386192754614,-0.2793258156244957,76
FUTURES,MNQ,on_abs_ret_pct,rest15_eff_mfe,main,overnight,-0.022042095835199286,-0.2899889606062126,175,0.16828434723171568,1.4685808671444838,76
FUTURES,MNQ,on_abs_ret_pct,rest15_eff_vol,main,overnight,-0.026681594267801163,-0.3510665659883176,175,-0.03409432672590568,-0.2934611008359502,76
FUTURES,MNQ,on_abs_ret_pct,rest30_eff_range,main,overnight,-0.073128078817734,-0.9644319146089237,175,-0.2062611073137389,-1.8133169102557753,76
FUTURES,MNQ,on_abs_ret_pct,rest30_eff_mfe,main,overnight,-0.10255709807433946,-1.3560784578943945,175,-0.0853315105946685,-0.7367365716272551,76
FUTURES,MNQ,on_abs_ret_pct,rest30_eff_vol,main,overnight,-0.08063591580832961,-1.0640648784855142,175,-0.18906356801093643,-1.6562571538672455,76
FUTURES,MNQ,on_range_pct,eff_range,main,overnight,0.016392745185848635,0.2156418752156413,175,-0.13801777170198223,-1.1987460612743073,76
FUTURES,MNQ,on_range_pct,eff_mfe,main,overnight,-0.07671742051052396,-1.0120427383530095,175,-0.1008339029391661,-0.8718496098647588,76
FUTURES,MNQ,on_range_pct,rest1_eff_range,main,overnight,0.0032892969099865654,0.043264180124092624,175,-0.12995215311004785,-1.1274511762703248,76
FUTURES,MNQ,on_range_pct,rest1_eff_mfe,main,overnight,-0.15294446932377967,-2.0356199200262646,175,-0.14138072453861927,-1.22854333144223,76
FUTURES,MNQ,on_range_pct,rest1_eff_vol,main,overnight,0.010309001343484104,0.13560094822109417,175,-0.09088174982911824,-0.7850431239141936,76
FUTURES,MNQ,on_range_pct,rest5_eff_range,main,overnight,-0.03154276757725034,-0.41508687839043723,175,-0.09462747778537253,-0.8176855003028861,76
FUTURES,MNQ,on_range_pct,rest5_eff_mfe,main,overnight,-0.15532243618450517,-2.068045845777102,175,0.007491455912508544,0.06444574891779643,76
FUTURES,MNQ,on_range_pct,rest5_eff_vol,main,overnight,-0.013340797133900581,-0.17548640709742916,175,-0.051018455228981546,-0.4394496370909268,76
FUTURES,MNQ,on_range_pct,rest15_eff_range,main,overnight,0.061683833407971345,0.8128720773002885,175,0.026329460013670543,0.22657312758890613,76
FUTURES,MNQ,on_range_pct,rest15_eff_mfe,main,overnight,0.018336318853560234,0.24121717424965672,175,0.21055365686944635,1.8527862446733163,76
FUTURES,MNQ,on_range_pct,rest15_eff_vol,main,overnight,0.06915584415584416,0.9117860495952086,175,0.030594668489405334,0.26330855147833776,76
FUTURES,MNQ,on_range_pct,rest30_eff_range,main,overnight,0.010391849529780565,0.13669082111343955,175,-0.08360902255639097,-0.7217591488634859,76
FUTURES,MNQ,on_range_pct,rest30_eff_mfe,main,overnight,0.0017733990147783252,0.02332545893318148,175,-0.04298017771701983,-0.3700714424495697,76
FUTURES,MNQ,on_range_pct,rest30_eff_vol,main,overnight,0.013490819525302284,0.17746017642770248,175,-0.06906356801093642,-0.5955292444528162,76
FUTURES,MNQ,on_atr_pct,eff_range,main,overnight,0.011571876399462607,0.15221446220180998,175,-0.023349282296650717,-0.20091289628339382,76
FUTURES,MNQ,on_atr_pct,eff_mfe,main,overnight,-0.09885132109270041,-1.306585507855726,175,-0.08008202323991798,-0.6911112697784337,76
FUTURES,MNQ,on_atr_pct,rest1_eff_range,main,overnight,0.0039386475593372145,0.05180522221331692,175,-0.021927546138072452,-0.18867324832040286,76
FUTURES,MNQ,on_atr_pct,rest1_eff_mfe,main,overnight,-0.15461038961038961,-2.0583325526347123,175,-0.14611073137388927,-1.270527025140453,76
FUTURES,MNQ,on_atr_pct,rest1_eff_vol,main,overnight,0.0032624272279444693,0.04291075894638279,175,0.0660833902939166,0.5697161585045121,76
FUTURES,MNQ,on_atr_pct,rest5_eff_range,main,overnight,-0.0009113300492610838,-0.011986680302844497,175,0.09626794258373207,0.8319923803457507,76
FUTURES,MNQ,on_atr_pct,rest5_eff_mfe,main,overnight,-0.11473130317957905,-1.5190858758884647,175,0.10304853041695147,0.8912014397916587,76
FUTURES,MNQ,on_atr_pct,rest5_eff_vol,main,overnight,0.005877742946708464,0.07731097363015262,175,0.15896103896103897,1.3850456155323774,76
FUTURES,MNQ,on_atr_pct,rest15_eff_range,main,overnight,-0.01309896999552172,-0.1723048336691968,175,0.1508133971291866,1.3123563019362074,76
FUTURES,MNQ,on_atr_pct,rest15_eff_mfe,main,overnight,-0.06263098969995523,-0.825402522406389,175,0.3159535201640465,2.8646790831142983,76
FUTURES,MNQ,on_atr_pct,rest15_eff_vol,main,overnight,-0.01098746081504702,-0.14452620776515807,175,0.17093643198906355,1.4924160794353651,76
FUTURES,MNQ,on_atr_pct,rest30_eff_range,main,overnight,0.007174205105239588,0.09436436394549778,175,-0.019576213260423785,-0.16843323123159237,76
FUTURES,MNQ,on_atr_pct,rest30_eff_mfe,main,overnight,-0.023054187192118228,-0.30331110427246966,175,-0.09112781954887218,-0.7871864668271648,76
FUTURES,MNQ,on_atr_pct,rest30_eff_vol,main,overnight,0.020123152709359608,0.26473235570540277,175,0.02646616541353384,0.22775034219597243,76
FUTURES,MNQ,on_rv_pct,eff_range,main,overnight,-0.008526645768025079,-0.11215459218269083,175,-0.05473684210526316,-0.47157109205547265,76
FUTURES,MNQ,on_rv_pct,eff_mfe,main,overnight,-0.11294670846394984,-1.4951493971544352,175,-0.10427887901572111,-0.901958225371794,76
FUTURES,MNQ,on_rv_pct,rest1_eff_range,main,overnight,-0.01769368562472011,-0.23276053692881934,175,-0.04842105263157894,-0.4170228068899788,76
FUTURES,MNQ,on_rv_pct,rest1_eff_mfe,main,overnight,-0.16590013434841022,-2.212738475407402,175,-0.16877648667122352,-1.4730013983801213,76
FUTURES,MNQ,on_rv_pct,rest1_eff_vol,main,overnight,-0.027814599193909544,-0.3659855334904391,175,0.03382091592617909,0.2911050581580127,76
FUTURES,MNQ,on_rv_pct,rest5_eff_range,main,overnight,-0.02347962382445141,-0.3089113965898594,175,0.06843472317156528,0.5900811367306575,76
FUTURES,MNQ,on_rv_pct,rest5_eff_mfe,main,overnight,-0.14901701746529333,-1.9821442196468093,175,0.08842105263157894,0.7636176017636132,76
FUTURES,MNQ,on_rv_pct,rest5_eff_vol,main,overnight,-0.020633676668159427,-0.2714514352223926,175,0.12634313055365687,1.0956243813690874,76
FUTURES,MNQ,on_rv_pct,rest15_eff_range,main,overnight,-0.010170174652933274,-0.13377468097535974,175,0.12232399179767602,1.0602328788132693,76
FUTURES,MNQ,on_rv_pct,rest15_eff_mfe,main,overnight,-0.054903716972682495,-0.723236539979986,175,0.2665481886534518,2.379002747811733,76
FUTURES,MNQ,on_rv_pct,rest15_eff_vol,main,overnight,-0.016762203313927453,-0.22050334211961983,175,0.14676691729323307,1.2763583130739307,76
FUTURES,MNQ,on_rv_pct,rest30_eff_range,main,overnight,0.0026309896999552173,0.03460538637364842,175,-0.022747778537252218,-0.19573443914440827,76
FUTURES,MNQ,on_rv_pct,rest30_eff_mfe,main,overnight,-0.03360949395432154,-0.4423137627662417,175,-0.09268626110731375,-0.8007643653030933,76
FUTURES,MNQ,on_rv_pct,rest30_eff_vol,main,overnight,0.006992834751455441,0.09197862982837667,175,0.025372522214627477,0.2183329778017003,76
FUTURES,MNQ,on_closeloc,eff_range,main,overnight,0.04805645323357964,0.6328150965259604,175,0.15086807928913193,1.3128432189549533,76
FUTURES,MNQ,on_closeloc,eff_mfe,main,overnight,0.12435631681390037,1.648447842937066,175,-0.0008475734791524265,-0.007291105374283681,76
FUTURES,MNQ,on_closeloc,rest1_eff_range,main,overnight,0.04178125939390455,0.5500269604013407,175,0.11466848940533152,0.9929654284689382,76
FUTURES,MNQ,on_closeloc,rest1_eff_mfe,main,overnight,0.12949850509322733,1.7177510225113053,175,-0.006753246753246753,-0.05809494994420211,76
FUTURES,MNQ,on_closeloc,rest1_eff_vol,main,overnight,0.06723469952682397,0.8863400229949024,175,0.15116883116883115,1.315521483121556,76
FUTURES,MNQ,on_closeloc,rest5_eff_range,main,overnight,0.03198501566559819,0.42091255841202296,175,0.18165413533834587,1.589086408691759,76
FUTURES,MNQ,on_closeloc,rest5_eff_mfe,main,overnight,0.09624949409399967,1.2718694252055056,175,-0.0018591934381408067,-0.015993414330682312,76
FUTURES,MNQ,on_closeloc,rest5_eff_vol,main,overnight,0.0486923693978857,0.6412087136092851,175,0.16691729323308271,1.4563075319197334,76
FUTURES,MNQ,on_closeloc,rest15_eff_range,main,overnight,0.010450073024001316,0.13745675637805121,175,0.10020505809979494,0.8663570457002616,76
FUTURES,MNQ,on_closeloc,rest15_eff_mfe,main,overnight,-0.00016569646534735316,-0.002179396763592026,175,-0.029254955570745044,-0.25176840485429336,76
FUTURES,MNQ,on_closeloc,rest15_eff_vol,main,overnight,0.029946277399398667,0.39405851408647374,175,0.10373205741626795,0.8971769180130814,76
FUTURES,MNQ,on_closeloc,rest30_eff_range,main,overnight,-0.09341586062241759,-1.2340902686644084,175,0.06395078605604922,0.5512538498833212,76
FUTURES,MNQ,on_closeloc,rest30_eff_mfe,main,overnight,-0.032620931829904255,-0.42928983897805467,175,0.012522214627477785,0.10772860985902723,76
FUTURES,MNQ,on_closeloc,rest30_eff_vol,main,overnight,-0.06719551455191075,-0.8858211125379685,175,0.057662337662337665,0.49685688293379643,76
FUTURES,MNQ,on_upper_wick,eff_range,main,overnight,0.10317963680008155,1.3643983878623487,175,-0.055639097744360905,-0.47936818374818524,76
FUTURES,MNQ,on_upper_wick,eff_mfe,main,overnight,-0.012412680481798005,-0.16327590035072972,175,-0.06466165413533834,-0.5574070974269033,76
FUTURES,MNQ,on_upper_wick,rest1_eff_range,main,overnight,0.14016913354745453,1.8620197569331625,175,-0.013151059466848943,-0.1131394753198994,76
FUTURES,MNQ,on_upper_wick,rest1_eff_mfe,main,overnight,0.016894322041159187,0.2222418310990124,175,0.013069036226930963,0.11243370278265251,76
FUTURES,MNQ,on_upper_wick,rest1_eff_vol,main,overnight,0.09942907491552996,1.3142981014813755,175,0.01949419002050581,0.16772723654344152,76
FUTURES,MNQ,on_upper_wick,rest5_eff_range,main,overnight,0.1502475090951361,1.9988879889767597,175,-0.024552289815447714,-0.21127047114034328,76
FUTURES,MNQ,on_upper_wick,rest5_eff_mfe,main,overnight,0.01914242003046652,0.2518253680486354,175,-0.00907723855092276,-0.07808857571113068,76
FUTURES,MNQ,on_upper_wick,rest5_eff_vol,main,overnight,0.12549939851065475,1.663841705500536,175,0.012467532467532468,0.10725810595307692,76
FUTURES,MNQ,on_upper_wick,rest15_eff_range,main,overnight,0.05318632623507677,0.7005484525025149,175,-0.1143403964456596,-0.9900866351140782,76
FUTURES,MNQ,on_upper_wick,rest15_eff_mfe,main,overnight,-0.05154727471299213,-0.6789011046467461,175,-0.10589200273410798,-0.9160679176196521,76
FUTURES,MNQ,on_upper_wick,rest15_eff_vol,main,overnight,0.060571014650152036,0.7981528073843043,175,-0.0787423103212577,-0.6794767383647909,76
FUTURES,MNQ,on_upper_wick,rest30_eff_range,main,overnight,0.13419734337067898,1.7812021066819244,175,0.039917976760082026,0.3436613319448001,76
FUTURES,MNQ,on_upper_wick,rest30_eff_mfe,main,overnight,0.14619018483554957,1.9437139548308175,175,0.04180451127819548,0.35993065166818533,76
FUTURES,MNQ,on_upper_wick,rest30_eff_vol,main,overnight,0.1313849817426212,1.743210787768147,175,0.08300751879699249,0.7165304796372746,76
FUTURES,MNQ,on_lower_wick,eff_range,main,overnight,0.0719793999104344,0.949203312205031,175,0.01796308954203691,0.15454927546053082,76
FUTURES,MNQ,on_lower_wick,eff_mfe,main,overnight,0.05479399910434393,0.7217868899700891,175,-0.07289131920710867,-0.6287072676425284,76
FUTURES,MNQ,on_lower_wick,rest1_eff_range,main,overnight,0.04667263770712046,0.6145524193515302,175,-0.003390293916609706,-0.02916457863222145,76
FUTURES,MNQ,on_lower_wick,rest1_eff_mfe,main,overnight,0.024626063591580837,0.32400355514279255,175,0.0171701982228298,0.14772540750281232,76
FUTURES,MNQ,on_lower_wick,rest1_eff_vol,main,overnight,0.0915651589789521,1.2094323517283752,175,0.02553656869446343,0.21974553162475105,76
FUTURES,MNQ,on_lower_wick,rest5_eff_range,main,overnight,0.0853090013434841,1.1261701307364802,175,0.1368967874231032,1.1888230863252525,76
FUTURES,MNQ,on_lower_wick,rest5_eff_mfe,main,overnight,0.11714733542319751,1.5515155166368233,175,-0.0314149008885851,-0.2703746444359103,76
FUTURES,MNQ,on_lower_wick,rest5_eff_vol,main,overnight,0.11206224809673085,1.4832917214955816,175,0.08585099111414901,0.7412548718052342,76
FUTURES,MNQ,on_lower_wick,rest15_eff_range,main,overnight,0.05553739364084192,0.7316095242044288,175,0.07781271360218729,0.6714059790919606,76
FUTURES,MNQ,on_lower_wick,rest15_eff_mfe,main,overnight,0.10088893864755935,1.333792221914562,175,-0.05419002050580998,-0.46684614705178773,76
FUTURES,MNQ,on_lower_wick,rest15_eff_vol,main,overnight,0.07786833855799373,1.0273173801424593,175,0.06769651401230349,0.5836864331879078,76
FUTURES,MNQ,on_lower_wick,rest30_eff_range,main,overnight,0.020454545454545454,0.26909383954036986,175,0.16142173615857824,1.4070550799382286,76
FUTURES,MNQ,on_lower_wick,rest30_eff_mfe,main,overnight,0.041330049261083746,0.5440768114733483,175,-0.008749145591250854,-0.0752658769489677,76
FUTURES,MNQ,on_lower_wick,rest30_eff_vol,main,overnight,0.056289744738020606,0.7415517461004866,175,0.14165413533834584,1.230967766112014,76
FUTURES,MNQ,on_eff,eff_range,main,overnight,-0.1421294223018361,-1.8885935235912283,175,-0.0005468215994531784,-0.004703937964812119,76
FUTURES,MNQ,on_eff,eff_mfe,main,overnight,-0.06475145544111062,-0.8534634844667999,175,0.11455912508544086,0.9920057941485713,76
FUTURES,MNQ,on_eff,rest1_eff_range,main,overnight,-0.1407254814151366,-1.8695593499649716,175,-0.011018455228981545,-0.09479009005439318,76
FUTURES,MNQ,on_eff,rest1_eff_mfe,main,overnight,-0.05038289296909987,-0.6635261870818676,175,0.008339029391660972,0.07173753757492247,76
FUTURES,MNQ,on_eff,rest1_eff_vol,main,overnight,-0.14532467532467533,-1.9319572909040639,175,-0.02991114149008886,-0.2574205480169005,76
FUTURES,MNQ,on_eff,rest5_eff_range,main,overnight,-0.18235557545902376,-2.4394156526295685,175,-0.09725222146274777,-0.8405797853219431,76
FUTURES,MNQ,on_eff,rest5_eff_mfe,main,overnight,-0.12953425884460368,-1.7182333754877475,175,0.04232399179767601,0.3644112789984442,76
FUTURES,MNQ,on_eff,rest5_eff_vol,main,overnight,-0.1837035378414689,-2.4580750680664103,175,-0.0650170881749829,-0.5604840401536354,76
FUTURES,MNQ,on_eff,rest15_eff_range,main,overnight,-0.081448723690103,-1.0748618929700087,175,-0.003937115516062884,-0.03386861078072236,76
FUTURES,MNQ,on_eff,rest15_eff_mfe,main,overnight,-0.028233318405732198,-0.371499419133081,175,0.15485987696514014,1.348421793519715,76
FUTURES,MNQ,on_eff,rest15_eff_vol,main,overnight,-0.0999910434393193,-1.321801260796317,175,-0.00019138755980861245,-0.0016463780716920132,76
FUTURES,MNQ,on_eff,rest30_eff_range,main,overnight,-0.12182937751903271,-1.61444115557928,175,-0.1885987696514012,-1.6520350073087513,76
FUTURES,MNQ,on_eff,rest30_eff_mfe,main,overnight,-0.1501074787281684,-1.9969820647123753,175,-0.0456596035543404,-0.39318883510366315,76
FUTURES,MNQ,on_eff,rest30_eff_vol,main,overnight,-0.13666815942678012,-1.8146157275299364,175,-0.17867395762132604,-1.5621490756981589,76
FUTURES,MNQ,on_range_over_prev,eff_range,main,overnight,0.04774053930920583,0.6268260288718083,174,-0.23677375256322625,-2.096416834391327,76
FUTURES,MNQ,on_range_over_prev,eff_mfe,main,overnight,0.04856288618696432,0.6376486258693582,174,-0.025673274094326726,-0.2209226733755213,76
FUTURES,MNQ,on_range_over_prev,rest1_eff_range,main,overnight,0.04123238133204248,0.5412178720581519,174,-0.20317156527682845,-1.7849768782659732,76
FUTURES,MNQ,on_range_over_prev,rest1_eff_mfe,main,overnight,-0.027856146245622024,-0.36547175720202135,174,0.0021052631578947372,0.018110198590380395,76
FUTURES,MNQ,on_range_over_prev,rest1_eff_vol,main,overnight,0.051843161821236355,0.6808322496884747,174,-0.17667805878332196,-1.544133362412119,76
FUTURES,MNQ,on_range_over_prev,rest5_eff_range,main,overnight,0.013564167544633956,0.17790875678470752,174,-0.22542720437457278,-1.9904318226567743,76
FUTURES,MNQ,on_range_over_prev,rest5_eff_mfe,main,overnight,-0.04959936216862667,-0.6512911494583693,174,-0.07321941216678059,-0.6315523765090096,76
FUTURES,MNQ,on_range_over_prev,rest5_eff_vol,main,overnight,0.03436658219197585,0.4509798963121114,174,-0.17982228298017774,-1.5725232916392575,76
FUTURES,MNQ,on_range_over_prev,rest15_eff_range,main,overnight,0.07488937612118796,0.9849307956441321,174,-0.28322624743677377,-2.5404268503481955,76
FUTURES,MNQ,on_range_over_prev,rest15_eff_mfe,main,overnight,0.09814744155585294,1.2934364893918657,174,-0.036883116883116886,-0.3174965973053878,76
FUTURES,MNQ,on_range_over_prev,rest15_eff_vol,main,overnight,0.10531621059825165,1.3889333109103372,174,-0.22958304853041697,-2.029148492118308,76
FUTURES,MNQ,on_range_over_prev,rest30_eff_range,main,overnight,0.05912810729234887,0.7768169739659124,174,-0.2434176349965824,-2.158893804797301,76
FUTURES,MNQ,on_range_over_prev,rest30_eff_mfe,main,overnight,0.051444517212904696,0.6755830886197298,174,0.011729323308270676,0.10090639569967826,76
FUTURES,MNQ,on_range_over_prev,rest30_eff_vol,main,overnight,0.06327173324980778,0.8314669822236523,174,-0.20984278879015722,-1.8462422493216497,76
FUTURES,MNQ,on_vol_ratio,eff_range,main,overnight,-0.08237568882730173,-1.022405800055936,155,-0.18961038961038962,-1.661225863447691,76
FUTURES,MNQ,on_vol_ratio,eff_mfe,main,overnight,-0.06842834584770068,-0.8484005154058528,155,-0.16177717019822285,-1.4102364409737866,76
FUTURES,MNQ,on_vol_ratio,rest1_eff_range,main,overnight,-0.0992942541329638,-1.2343018720298269,155,-0.20885850991114147,-1.8371863861420572,76
FUTURES,MNQ,on_vol_ratio,rest1_eff_mfe,main,overnight,-0.11636750346427766,-1.4492322834802274,155,-0.19907040328092962,-1.7474430999857007,76
FUTURES,MNQ,on_vol_ratio,rest1_eff_vol,main,overnight,-0.057990396700074116,-0.7185107449158719,155,-0.1307177033492823,-1.1342081281789431,76
FUTURES,MNQ,on_vol_ratio,rest5_eff_range,main,overnight,-0.08854371435016595,-1.0995439479444995,155,-0.06977443609022557,-0.6016888341806849,76
FUTURES,MNQ,on_vol_ratio,rest5_eff_mfe,main,overnight,-0.008833102381489478,-0.10926370502462107,155,-0.01008885850991114,-0.08679205965559182,76
FUTURES,MNQ,on_vol_ratio,rest5_eff_vol,main,overnight,-0.045812252263865164,-0.5672618516958632,155,-0.021872863978127138,-0.18820251597643134,76
FUTURES,MNQ,on_vol_ratio,rest15_eff_range,main,overnight,-0.005761979955528343,-0.07127293906333232,155,-0.072946001367054,-0.6291814381775545,76
FUTURES,MNQ,on_vol_ratio,rest15_eff_mfe,main,overnight,-0.019544971157874385,-0.241804131314416,155,0.03354750512645249,0.28874908091302276,76
FUTURES,MNQ,on_vol_ratio,rest15_eff_vol,main,overnight,0.0325771003190358,0.4031704694171712,155,-0.05249487354750513,-0.45220147540894107,76
FUTURES,MNQ,on_vol_ratio,rest30_eff_range,main,overnight,-0.04357577905965003,-0.5395150914535074,155,-0.02058783321941217,-0.177140783222605,76
FUTURES,MNQ,on_vol_ratio,rest30_eff_mfe,main,overnight,-0.05036254068512133,-0.6237417514491119,155,0.05079972658920027,0.43756072358856635,76
FUTURES,MNQ,on_vol_ratio,rest30_eff_vol,main,overnight,0.011001901324481969,0.13609424052779315,155,0.010198222829801777,0.087732992326416,76
FUTURES,MNQ,open1_ret_pct,rest1_eff_range,main,opening,0.12029780564263323,1.5938453388443008,175,-0.10466165413533836,-0.9053056323048781,76
FUTURES,MNQ,open1_ret_pct,rest1_eff_mfe,main,opening,0.006500223914017018,0.08549890328370421,175,-0.011592617908407382,-0.09973017147835823,76
FUTURES,MNQ,open1_ret_pct,rest1_eff_vol,main,opening,0.10256157635467981,1.3561383021895361,175,-0.059685577580314425,-0.5143517245803643,76
FUTURES,MNQ,open1_absret_pct,rest1_eff_range,main,opening,0.007989252127183162,0.10508555907015228,175,-0.15458646616541352,-1.3459827684581924,76
FUTURES,MNQ,open1_absret_pct,rest1_eff_mfe,main,opening,-0.021522615315718766,-0.2831513951641407,175,-0.14187286397812712,-1.2329075208030895,76
FUTURES,MNQ,open1_absret_pct,rest1_eff_vol,main,opening,0.04561800268696821,0.6006364342860008,175,-0.14818865345181134,-1.2889986894868715,76
FUTURES,MNQ,open1_range_pct,rest1_eff_range,main,opening,-0.08300716524854457,-1.095569663745592,175,-0.02072453861927546,-0.17831752059235317,76
FUTURES,MNQ,open1_range_pct,rest1_eff_mfe,main,opening,-0.1929713390058218,-2.586761435398022,175,-0.11606288448393712,-1.0052039857450938,76
FUTURES,MNQ,open1_range_pct,rest1_eff_vol,main,opening,-0.06665920286609943,-0.8787193709315607,175,-0.00530416951469583,-0.04562883330714574,76
FUTURES,MNQ,open1_closeloc,rest1_eff_range,main,opening,0.13921757637444504,1.849128476566146,175,-0.09568076337040586,-0.8268706720688932,76
FUTURES,MNQ,open1_closeloc,rest1_eff_mfe,main,opening,-0.010672873570174142,-0.14038773043474492,175,-0.08235189577701456,-0.7108322679205324,76
FUTURES,MNQ,open1_closeloc,rest1_eff_vol,main,opening,0.13886938968816326,1.8444127030648223,175,-0.09704782671331777,-0.8387963260915314,76
FUTURES,MNQ,open1_vol_rel,rest1_eff_range,main,opening,-0.12417904675969192,-1.5479917023621463,155,0.14359535201640464,1.248189554515364,76
FUTURES,MNQ,open1_vol_rel,rest1_eff_mfe,main,opening,-0.12023782668943958,-1.4981285278253138,155,0.04500341763499659,0.3875266658748858,76
FUTURES,MNQ,open1_vol_rel,rest1_eff_vol,main,opening,-0.058370661596468046,-0.7232383458877472,155,0.09323308270676693,0.8055299417018725,76
FUTURES,MNQ,open5_ret_pct,rest5_eff_range,main,opening,-0.024749216300940437,-0.3256248581364699,175,0.151742993848257,1.3206355717651477,76
FUTURES,MNQ,open5_ret_pct,rest5_eff_mfe,main,opening,-0.13259516345723243,-1.7595534483385091,175,0.08762816131237185,0.7567168436952156,76
FUTURES,MNQ,open5_ret_pct,rest5_eff_vol,main,opening,-0.05339453649798477,-0.7032987383133372,175,0.24123034859876963,2.1382901501321645,76
FUTURES,MNQ,open5_absret_pct,rest5_eff_range,main,opening,-0.04650694133452755,-0.6123659086066885,175,0.07849624060150376,0.6773401882278166,76
FUTURES,MNQ,open5_absret_pct,rest5_eff_mfe,main,opening,-0.039870129870129875,-0.5248269882051209,175,0.019330143540669857,0.1663152573165173,76
FUTURES,MNQ,open5_absret_pct,rest5_eff_vol,main,opening,-0.029467084639498434,-0.3877473647837285,175,0.16076555023923444,1.401183273983882,76
FUTURES,MNQ,open5_range_pct,rest5_eff_range,main,opening,-0.09173085535154502,-1.211639496674042,175,-0.052112098427887894,-0.44889516114676703,76
FUTURES,MNQ,open5_range_pct,rest5_eff_mfe,main,opening,-0.1060703090013435,-1.4030522265225451,175,-0.07491455912508545,-0.6462554108139329,76
FUTURES,MNQ,open5_range_pct,rest5_eff_vol,main,opening,-0.08280340349305866,-1.0928617256532198,175,0.024497607655502393,0.21079965270094533,76
FUTURES,MNQ,open5_closeloc,rest5_eff_range,main,opening,-0.021171070309001346,-0.27852438009819047,175,0.17354869138266926,1.5159260309242584,76
FUTURES,MNQ,open5_closeloc,rest5_eff_mfe,main,opening,-0.09729064039408868,-1.2857582022938012,175,0.08777913724837491,0.7580307179629876,76
FUTURES,MNQ,open5_closeloc,rest5_eff_vol,main,opening,-0.04503134796238245,-0.592896357068445,175,0.24521015181811254,2.1758049205489183,76
FUTURES,MNQ,open5_vol_rel,rest5_eff_range,main,opening,-0.13104637298185687,-1.63505443088766,155,0.046807928913192076,0.4030988629514798,76
FUTURES,MNQ,open5_vol_rel,rest5_eff_mfe,main,opening,0.02753375656601463,0.34070292902644034,155,0.1323581681476418,1.1486942782645073,76
FUTURES,MNQ,open5_vol_rel,rest5_eff_vol,main,opening,-0.08034223840675453,-0.9970015752431118,155,0.053861927546138076,0.46401138252608853,76
FUTURES,MNQ,open15_ret_pct,rest15_eff_range,main,opening,0.030815047021943577,0.4055012340087337,175,0.09974025974025974,0.8622979988010484,76
FUTURES,MNQ,open15_ret_pct,rest15_eff_mfe,main,opening,-0.06438871473354232,-0.8486623807744346,175,0.09416267942583732,0.8136331115553143,76
FUTURES,MNQ,open15_ret_pct,rest15_eff_vol,main,opening,0.042678011643528885,0.5618535179957699,175,0.13345181134654818,1.1583570411706858,76
FUTURES,MNQ,open15_absret_pct,rest15_eff_range,main,opening,-0.031119570085087325,-0.4095123780860925,175,-0.029008885850991116,-0.24964893555180637,76
FUTURES,MNQ,open15_absret_pct,rest15_eff_mfe,main,opening,0.006112852664576803,0.08040352591236727,175,0.17706083390293917,1.547586898946118,76
FUTURES,MNQ,open15_absret_pct,rest15_eff_vol,main,opening,-0.04398343036274071,-0.5790720945616501,175,0.009487354750512645,0.08161698473871486,76
FUTURES,MNQ,open15_range_pct,rest15_eff_range,main,opening,-0.11226153157187639,-1.4859631382998408,175,0.09908407382091593,0.8565685496397923,76
FUTURES,MNQ,open15_range_pct,rest15_eff_mfe,main,opening,-0.122474249888043,-1.6231165713452094,175,0.26080656185919343,2.323973075196533,76
FUTURES,MNQ,open15_range_pct,rest15_eff_vol,main,opening,-0.12438871473354234,-1.6488840530869264,175,0.13632262474367737,1.1837423921257144,76
FUTURES,MNQ,open15_closeloc,rest15_eff_range,main,opening,0.04347514554411106,0.5723674290441528,175,0.056267942583732064,0.4848032158519515,76
FUTURES,MNQ,open15_closeloc,rest15_eff_mfe,main,opening,-0.07572100313479624,-0.998821872461342,175,0.11204374572795625,0.9699442167426615,76
FUTURES,MNQ,open15_closeloc,rest15_eff_vol,main,opening,0.07668607254814151,1.0116267547413762,175,0.08987012987012986,0.776233121875472,76
FUTURES,MNQ,open15_vol_rel,rest15_eff_range,main,opening,-0.14846766137088716,-1.8570244627459036,155,0.064688995215311,0.5576437777503459,76
FUTURES,MNQ,open15_vol_rel,rest15_eff_mfe,main,opening,-0.1528568205987561,-1.9132179268209508,155,0.11012987012987013,0.9531709070737713,76
FUTURES,MNQ,open15_vol_rel,rest15_eff_vol,main,opening,-0.0773420128258838,-0.9595420572632248,155,0.0763362952836637,0.6585913268882777,76
FUTURES,MNQ,open30_ret_pct,rest30_eff_range,main,opening,0.004570085087326467,0.0601107121003092,175,0.03609022556390977,0.31066224465250175,76
FUTURES,MNQ,open30_ret_pct,rest30_eff_mfe,main,opening,0.10690103000447827,1.4141671712844366,175,-0.020451127819548873,-0.17596405579269703,76
FUTURES,MNQ,open30_ret_pct,rest30_eff_vol,main,opening,0.013770712046574117,0.18114261403987414,175,0.018400546821599455,0.15831429215608644,76
FUTURES,MNQ,open30_absret_pct,rest30_eff_range,main,opening,0.017971339005821766,0.236414239683437,175,-0.07934381408065617,-0.6846999434127594,76
FUTURES,MNQ,open30_absret_pct,rest30_eff_mfe,main,opening,0.0820689655172414,1.083102388169673,175,-0.07417634996582366,-0.639851791682274,76
FUTURES,MNQ,open30_absret_pct,rest30_eff_vol,main,opening,0.006547245857590685,0.08611741987396834,175,-0.05998632946001367,-0.5169528469517667,76
FUTURES,MNQ,open30_range_pct,rest30_eff_range,main,opening,0.04168383340797135,0.54874216668139,175,-0.043800410116199597,-0.3771473223590616,76
FUTURES,MNQ,open30_range_pct,rest30_eff_mfe,main,opening,0.0159807433945365,0.21022070714058252,175,-0.12489405331510596,-1.0828579574580637,76
FUTURES,MNQ,open30_range_pct,rest30_eff_vol,main,opening,0.03164576802507837,0.4164436687762463,175,0.011756664388243335,0.10114164122089636,76
FUTURES,MNQ,open30_closeloc,rest30_eff_range,main,opening,0.010109717868338558,0.132979373470064,175,0.02903622693096377,0.24988442989066556,76
FUTURES,MNQ,open30_closeloc,rest30_eff_mfe,main,opening,0.09688759516345724,1.280381120344255,175,-0.083526999316473,-0.7210461018639617,76
FUTURES,MNQ,open30_closeloc,rest30_eff_vol,main,opening,0.021448723690103002,0.2821788291929949,175,-0.017853725222146274,-0.1536080352439055,76
FUTURES,MNQ,open30_vol_rel,rest30_eff_range,main,opening,-0.05935677225999807,-0.7354995338090343,155,0.08497607655502393,0.7336454520354072,76
FUTURES,MNQ,open30_vol_rel,rest30_eff_mfe,main,opening,-0.07988463149753472,-0.9912863568027142,155,0.13766233766233768,1.195599245672398,76
FUTURES,MNQ,open30_vol_rel,rest30_eff_vol,main,opening,-0.0053301537172504914,-0.0659312969094889,155,0.0891866028708134,0.7702817906997765,76
FUTURES,NQ,gap_pct,eff_range,main,prior RTH,0.0013233572850384176,0.019449317604988466,218,0.05833905284831846,0.5605232053374062,94
FUTURES,NQ,fc_vol x gap_pct,eff_range,interaction,prior RTH,-0.002102792535885604,-0.024522618459515304,138,0.06671964743705523,0.6413815276263835,94
FUTURES,NQ,gap_pct,eff_mfe,main,prior RTH,-0.12445353581188805,-1.8434177241547434,218,-0.09184698190225048,-0.8847048321328864,94
FUTURES,NQ,fc_vol x gap_pct,eff_mfe,interaction,prior RTH,-0.16926700130265587,-2.0028765275192275,138,-0.07791785572372936,-0.7496408888278111,94
FUTURES,NQ,gap_pct,rest1_eff_range,main,prior RTH,0.0068119618791913404,0.10011730739773221,218,0.02194126359137377,0.21050388357514102,94
FUTURES,NQ,fc_vol x gap_pct,rest1_eff_range,interaction,prior RTH,0.01605291457091388,0.18723167125709064,138,0.029628291731387493,0.2843094068019912,94
FUTURES,NQ,gap_pct,rest1_eff_mfe,main,prior RTH,-0.12456527568399038,-1.8450989001517595,218,0.02744644727811292,0.2633562869354598,94
FUTURES,NQ,fc_vol x gap_pct,rest1_eff_mfe,interaction,prior RTH,-0.12221996442833039,-1.436083731611552,138,0.0412310804464834,0.39581121372622685,94
FUTURES,NQ,gap_pct,rest1_eff_vol,main,prior RTH,0.019258468183537204,0.28309302451968316,218,-0.010511866488458622,-0.10083185242873782,94
FUTURES,NQ,fc_vol x gap_pct,rest1_eff_vol,interaction,prior RTH,0.0232631413117681,0.27136595382541157,138,-0.005136726510855037,-0.04927039988245912,94
FUTURES,NQ,gap_pct,rest5_eff_range,main,prior RTH,0.05643293532228817,0.8307152116762203,218,0.04844128165300004,0.465178555893954,94
FUTURES,NQ,fc_vol x gap_pct,rest5_eff_range,interaction,prior RTH,0.05488494003274054,0.6410291225403334,138,0.04264711194595962,0.40942922720602704,94
FUTURES,NQ,gap_pct,rest5_eff_mfe,main,prior RTH,-0.02932524994657343,-0.4311768332007425,218,0.015598020445760937,0.14962915967312937,94
FUTURES,NQ,fc_vol x gap_pct,rest5_eff_mfe,interaction,prior RTH,-0.024267732751279136,-0.2830913362947309,138,0.01650832640970993,0.15836388490231712,94
FUTURES,NQ,gap_pct,rest5_eff_vol,main,prior RTH,0.049784295658287715,0.7325851399958685,218,0.006870642632662645,0.06590244455114505,94
FUTURES,NQ,fc_vol x gap_pct,rest5_eff_vol,interaction,prior RTH,0.043464561895390066,0.5073590088796588,138,0.002550301629158689,0.02446171344424119,94
FUTURES,NQ,gap_pct,rest15_eff_range,main,prior RTH,0.03236927065038966,0.4759786019629979,218,-0.11411335476646317,-1.1017336633022214,94
FUTURES,NQ,fc_vol x gap_pct,rest15_eff_range,interaction,prior RTH,0.007180545630141395,0.08374099117663565,138,-0.11162807499187226,-1.0774327768869851,94
FUTURES,NQ,gap_pct,rest15_eff_mfe,main,prior RTH,0.06633639684270697,0.9770941722033356,218,-0.18919192284073258,-1.8480405495315813,94
FUTURES,NQ,fc_vol x gap_pct,rest15_eff_mfe,interaction,prior RTH,0.04401708718712113,0.5138210423712768,138,-0.19147491240111258,-1.8711844166081075,94
FUTURES,NQ,gap_pct,rest15_eff_vol,main,prior RTH,0.022219081943325558,0.3266331171992964,218,-0.13718888848751942,-1.3284300241563314,94
FUTURES,NQ,fc_vol x gap_pct,rest15_eff_vol,interaction,prior RTH,-0.005185061725294471,-0.06046850383323868,138,-0.13311418560127153,-1.288250936137489,94
FUTURES,NQ,gap_pct,rest30_eff_range,main,prior RTH,0.003460420034181421,0.050857884776648266,218,-0.04436657876675215,-0.42596871755863774,94
FUTURES,NQ,fc_vol x gap_pct,rest30_eff_range,interaction,prior RTH,-0.05672060257221071,-0.6625368342896051,138,-0.040725354910956184,-0.39094822077120744,94
FUTURES,NQ,gap_pct,rest30_eff_mfe,main,prior RTH,0.013221410704657346,0.19433124528421056,218,-0.013907452226998518,-0.1334084979732238,94
FUTURES,NQ,fc_vol x gap_pct,rest30_eff_mfe,interaction,prior RTH,-0.0011119000705497168,-0.012966879662121253,138,0.020120651663475778,0.19302958809936627,94
FUTURES,NQ,gap_pct,rest30_eff_vol,main,prior RTH,0.0022928540444057312,0.033698023359222645,218,-0.08261387855362498,-0.7951225082649898,94
FUTURES,NQ,fc_vol x gap_pct,rest30_eff_vol,interaction,prior RTH,-0.0444691533349011,-0.5191085117944977,138,-0.08206480511505257,-0.7898019643882326,94
FUTURES,NQ,abs_gap_pct,eff_range,main,prior RTH,-0.05630552236705472,-0.8288336705713425,218,-0.06086768052595456,-0.5849067905949572,94
FUTURES,NQ,fc_vol x abs_gap_pct,eff_range,interaction,prior RTH,-0.06827340412658765,-0.7980600245704819,138,-0.060318607087382146,-0.5796111249822762,94
FUTURES,NQ,abs_gap_pct,eff_mfe,main,prior RTH,-0.12650083093541648,-1.8742315637425901,218,-0.17037893291912004,-1.658466386719808,94
FUTURES,NQ,fc_vol x abs_gap_pct,eff_mfe,interaction,prior RTH,-0.1731917618842719,-2.050736137796028,138,-0.18829606617779865,-1.8389672947915456,94
FUTURES,NQ,abs_gap_pct,rest1_eff_range,main,prior RTH,-0.04143760079019394,-0.6095293972092204,218,-0.06622837120254307,-0.6366379648956831,94
FUTURES,NQ,fc_vol x abs_gap_pct,rest1_eff_range,interaction,prior RTH,-0.08354319400715542,-0.9776905435275293,138,-0.0705631615070621,-0.6785093799361378,94
FUTURES,NQ,abs_gap_pct,rest1_eff_mfe,main,prior RTH,-0.03942098919943544,-0.579818550517702,218,-0.18906187913159703,-1.8467231678579028,94
FUTURES,NQ,fc_vol x abs_gap_pct,rest1_eff_mfe,interaction,prior RTH,-0.15816150633920026,-1.8679760061483608,138,-0.2127153848932558,-2.088081711621755,94
FUTURES,NQ,abs_gap_pct,rest1_eff_vol,main,prior RTH,-0.02406077829624554,-0.3537221812719106,218,-0.07895820539681393,-0.7597123782608688,94
FUTURES,NQ,fc_vol x abs_gap_pct,rest1_eff_vol,interaction,prior RTH,-0.015075721079753144,-0.17583159119820344,138,-0.07225372972582451,-0.6948495691666786,94
FUTURES,NQ,abs_gap_pct,rest5_eff_range,main,prior RTH,-0.061886209806280186,-0.9112845566189504,218,-0.0007585883032908284,-0.007276125489823045,94
FUTURES,NQ,fc_vol x abs_gap_pct,rest5_eff_range,interaction,prior RTH,-0.1026532629814904,-1.2034902752418088,138,0.010439619983383303,0.10013877420958735,94
FUTURES,NQ,abs_gap_pct,rest5_eff_mfe,main,prior RTH,-0.056650695645778085,-0.8339310307853002,218,-0.22515623306722538,-2.2165374785398892,94
FUTURES,NQ,fc_vol x abs_gap_pct,rest5_eff_mfe,interaction,prior RTH,-0.18948649395304445,-2.2505456608543972,138,-0.20472492143192575,-2.006143490555793,94
FUTURES,NQ,abs_gap_pct,rest5_eff_vol,main,prior RTH,-0.040178517133278004,-0.5909783983827523,218,0.0010331250225770329,0.009909392389979276,94
FUTURES,NQ,fc_vol x abs_gap_pct,rest5_eff_vol,interaction,prior RTH,-0.03131357180203155,-0.36535502816689,138,0.02399306433551277,0.2301996572895336,94
FUTURES,NQ,abs_gap_pct,rest15_eff_range,main,prior RTH,-0.07738428076958931,-1.1407326808018932,218,0.05920601090922227,0.568882048112623,94
FUTURES,NQ,fc_vol x abs_gap_pct,rest15_eff_range,interaction,prior RTH,-0.015413629109406855,-0.17977361629691915,138,0.0950402774265795,0.9157394776987899,94
FUTURES,NQ,abs_gap_pct,rest15_eff_mfe,main,prior RTH,-0.07984217009745354,-1.177193629684531,218,0.015511324639670558,0.14879730083136186,94
FUTURES,NQ,fc_vol x abs_gap_pct,rest15_eff_mfe,interaction,prior RTH,-0.019121484786147593,-0.2230336936561753,138,0.06198027670411444,0.5956391207011673,94
FUTURES,NQ,abs_gap_pct,rest15_eff_vol,main,prior RTH,-0.05294297864848445,-0.7791924875020424,218,0.06469674529494636,0.6218521794315586,94
FUTURES,NQ,fc_vol x abs_gap_pct,rest15_eff_vol,interaction,prior RTH,0.03770642641710179,0.4400416484161139,138,0.09785789112451684,0.9431466461916717,94
FUTURES,NQ,abs_gap_pct,rest30_eff_range,main,prior RTH,-0.06635377133660243,-0.9773512193570801,218,0.003778492215439078,0.03624228287131061,94
FUTURES,NQ,fc_vol x abs_gap_pct,rest30_eff_range,interaction,prior RTH,-0.038793211701663735,-0.4527435006760523,138,-0.00804103601488278,-0.07712940156730104,94
FUTURES,NQ,abs_gap_pct,rest30_eff_mfe,main,prior RTH,0.0008750953425352514,0.012861227317497108,218,-0.06719647437055232,-0.6459860218632848,94
FUTURES,NQ,fc_vol x abs_gap_pct,rest30_eff_mfe,interaction,prior RTH,-0.03546436097710216,-0.41384229661226773,138,-0.11997977097857893,-1.1591790549258227,94
FUTURES,NQ,abs_gap_pct,rest30_eff_vol,main,prior RTH,-0.032344936985606386,-0.47562040920434534,218,0.013604016905682189,0.13049722231187763,94
FUTURES,NQ,fc_vol x abs_gap_pct,rest30_eff_vol,interaction,prior RTH,0.03010349574989326,0.35122325008657646,138,0.010497417187443557,0.10069323665891589,94
FUTURES,NQ,prev_ret_pct,eff_range,main,prior RTH,-0.11453679824499594,-1.6905647294090524,217,0.13768016472203157,1.3332789100917342,94
FUTURES,NQ,fc_vol x prev_ret_pct,eff_range,interaction,prior RTH,-0.11474032452869819,-1.3469867734905787,138,0.16338547122782934,1.5884839445437393,94
FUTURES,NQ,prev_ret_pct,eff_mfe,main,prior RTH,-0.07661997204371047,-1.1267816473246204,217,-0.03587038976989488,-0.34427825212410273,94
FUTURES,NQ,fc_vol x prev_ret_pct,eff_mfe,interaction,prior RTH,-0.08118021363579903,-0.9498508812445668,138,-0.0334140085973341,-0.3206749776584983,94
FUTURES,NQ,prev_ret_pct,rest1_eff_range,main,prior RTH,-0.09899146543293778,-1.4586643576414435,217,0.1608712928512083,1.5633857188886142,94
FUTURES,NQ,fc_vol x prev_ret_pct,rest1_eff_range,interaction,prior RTH,-0.1027628547748916,-1.204788817284283,138,0.18563739479102698,1.8120681328558808,94
FUTURES,NQ,prev_ret_pct,rest1_eff_mfe,main,prior RTH,-0.029229320217778344,-0.42876916438745555,217,0.01876241736805982,0.17999446969735913,94
FUTURES,NQ,fc_vol x prev_ret_pct,rest1_eff_mfe,interaction,prior RTH,-0.02272888131893723,-0.2651305195201263,138,0.019036954087346025,0.1826291449530477,94
FUTURES,NQ,prev_ret_pct,rest1_eff_vol,main,prior RTH,-0.07316548993080511,-1.07569975009359,217,0.1376657154210165,1.33313628150204,94
FUTURES,NQ,fc_vol x prev_ret_pct,rest1_eff_vol,interaction,prior RTH,-0.06438746178556995,-0.7524417203498739,138,0.1554672542715746,1.509543993206536,94
FUTURES,NQ,prev_ret_pct,rest5_eff_range,main,prior RTH,-0.13284079538888657,-1.9652456241512637,217,0.05739984828233934,0.5514692277582643,94
FUTURES,NQ,fc_vol x prev_ret_pct,rest5_eff_range,interaction,prior RTH,-0.14084600298181002,-1.65907095758607,138,0.0713867716649207,0.6864692419945391,94
FUTURES,NQ,prev_ret_pct,rest5_eff_mfe,main,prior RTH,-0.06710565255992897,-0.9861850007445255,217,-0.03660730412166312,-0.3513604332370574,94
FUTURES,NQ,fc_vol x prev_ret_pct,rest5_eff_mfe,interaction,prior RTH,-0.09844767790971917,-1.1536917189870592,138,-0.05072427121338005,-0.48715723743004513,94
FUTURES,NQ,prev_ret_pct,rest5_eff_vol,main,prior RTH,-0.09519699169003698,-1.4022301970985769,217,0.04709749665859914,0.4522451760341833,94
FUTURES,NQ,fc_vol x prev_ret_pct,rest5_eff_vol,interaction,prior RTH,-0.09352974618084015,-1.0955372044470677,138,0.06004407036809594,0.5769634905051133,94
FUTURES,NQ,prev_ret_pct,rest15_eff_range,main,prior RTH,-0.11991200314971226,-1.7710339614083457,217,0.018285590434562727,0.17541855122929303,94
FUTURES,NQ,fc_vol x prev_ret_pct,rest15_eff_range,interaction,prior RTH,-0.15040332063134002,-1.7741707400667839,138,0.021406639453816424,0.20537233333515048,94
FUTURES,NQ,prev_ret_pct,rest15_eff_mfe,main,prior RTH,-0.0340971546949647,-0.5002533154368914,217,-0.03443990896940361,-0.330532083615186,94
FUTURES,NQ,fc_vol x prev_ret_pct,rest15_eff_mfe,interaction,prior RTH,-0.06158830472911419,-0.7196029508784221,138,-0.0387458006718925,-0.3719159363644284,94
FUTURES,NQ,prev_ret_pct,rest15_eff_vol,main,prior RTH,-0.0724080102594456,-1.064504064360744,217,0.03796553841707907,0.3644153774888413,94
FUTURES,NQ,fc_vol x prev_ret_pct,rest15_eff_vol,interaction,prior RTH,-0.09189500192927219,-1.0762244974174504,138,0.040393020987609725,0.38775270379190485,94
FUTURES,NQ,prev_ret_pct,rest30_eff_range,main,prior RTH,0.015774367357676032,0.231326411146266,217,0.20518729906440777,2.010873339234306,94
FUTURES,NQ,fc_vol x prev_ret_pct,rest30_eff_range,interaction,prior RTH,0.006975061017514138,0.08134446930179538,138,0.19731243001119822,1.93050683850277,94
FUTURES,NQ,prev_ret_pct,rest30_eff_mfe,main,prior RTH,0.21151768392076178,3.1732555970636613,217,0.09879709569049598,0.9522874236507745,94
FUTURES,NQ,fc_vol x prev_ret_pct,rest30_eff_mfe,interaction,prior RTH,0.24368876843938997,2.930210607527737,138,0.08135678936531446,0.7829423311395911,94
FUTURES,NQ,prev_ret_pct,rest30_eff_vol,main,prior RTH,0.01895813075156076,0.2780307320825623,217,0.1918650435285193,1.875142523018155,94
FUTURES,NQ,fc_vol x prev_ret_pct,rest30_eff_vol,interaction,prior RTH,0.006102892995029554,0.07117267638309842,138,0.18212621464436657,1.7766067448716973,94
FUTURES,NQ,prev_range_pct,eff_range,main,prior RTH,0.036208702678072316,0.531272182494903,217,0.13142361738250913,1.2716005360492224,94
FUTURES,NQ,fc_vol x prev_range_pct,eff_range,interaction,prior RTH,-0.03293461707942437,-0.3842888092006043,138,0.09248275114691326,0.8908814491004283,94
FUTURES,NQ,prev_range_pct,eff_mfe,main,prior RTH,-0.00557188117195669,-0.08170108376878568,217,-0.03318281978109309,-0.3184537992303183,94
FUTURES,NQ,fc_vol x prev_range_pct,eff_mfe,interaction,prior RTH,-0.11690032957493941,-1.3726920512752656,138,-0.0474298305819456,-0.45544352205983524,94
FUTURES,NQ,prev_range_pct,rest1_eff_range,main,prior RTH,0.03313475420511583,0.486117798917746,217,0.10155691218437309,0.9791622138145313,94
FUTURES,NQ,fc_vol x prev_range_pct,rest1_eff_range,interaction,prior RTH,-0.0563005006975061,-0.65761408459402,138,0.07312068778672831,0.703231479609155,94
FUTURES,NQ,prev_range_pct,rest1_eff_mfe,main,prior RTH,-0.005291788215730211,-0.07759393302923104,217,-0.06836686775277247,-0.6572898539738651,94
FUTURES,NQ,fc_vol x prev_range_pct,rest1_eff_mfe,interaction,prior RTH,-0.1648420394119487,-1.9490348406126752,138,-0.08241158833941407,-0.7931622233336199,94
FUTURES,NQ,prev_range_pct,rest1_eff_vol,main,prior RTH,0.019003931847968544,0.2787026710814197,217,0.12265289166636563,1.1853953822432353,94
FUTURES,NQ,fc_vol x prev_range_pct,rest1_eff_vol,interaction,prior RTH,-0.04426366872227384,-0.5167050771889335,138,0.11276956977206228,1.0885916592246625,94
FUTURES,NQ,prev_range_pct,rest5_eff_range,main,prior RTH,0.021332741442241294,0.31287059113542975,217,0.15620416862334285,1.516877747165995,94
FUTURES,NQ,fc_vol x prev_range_pct,rest5_eff_range,interaction,prior RTH,-0.05588039882280148,-0.6526916852945452,138,0.15679658996496043,1.5227753921242155,94
FUTURES,NQ,prev_range_pct,rest5_eff_mfe,main,prior RTH,-0.019796643131949437,-0.29033266625367704,217,0.10357981432648196,0.9988754838508761,94
FUTURES,NQ,fc_vol x prev_range_pct,rest5_eff_mfe,interaction,prior RTH,-0.14436207302009865,-1.701358451201235,138,0.1136365278329661,1.0970696741933867,94
FUTURES,NQ,prev_range_pct,rest5_eff_vol,main,prior RTH,0.007729815809129216,0.11334473470747734,217,0.1667666076653542,1.6222869677839398,94
FUTURES,NQ,fc_vol x prev_range_pct,rest5_eff_vol,interaction,prior RTH,-0.04363808223494196,-0.5093883573056351,138,0.18495827764331899,1.8052037879219942,94
FUTURES,NQ,prev_range_pct,rest15_eff_range,main,prior RTH,0.01870211985739494,0.2742748780544205,217,0.20593866271719108,2.018562342930948,94
FUTURES,NQ,fc_vol x prev_range_pct,rest15_eff_range,interaction,prior RTH,-0.007984218781750225,-0.09311415922496385,138,0.2129032258064516,2.0900131257275127,94
FUTURES,NQ,prev_range_pct,rest15_eff_mfe,main,prior RTH,-0.05284507015788461,-0.7759450424992264,217,0.150540042625438,1.4605741953990685,94
FUTURES,NQ,fc_vol x prev_range_pct,rest15_eff_mfe,interaction,prior RTH,-0.08994518127167576,-1.0532009712611954,138,0.1886861973052054,1.8429179643235432,94
FUTURES,NQ,prev_range_pct,rest15_eff_vol,main,prior RTH,-0.003649995067574233,-0.05351978997531151,217,0.16917964093486976,1.6464472659292655,94
FUTURES,NQ,fc_vol x prev_range_pct,rest15_eff_vol,interaction,prior RTH,-0.01235419154362324,-0.14408438911622082,138,0.19078134595238957,1.8641500548122054,94
FUTURES,NQ,prev_range_pct,rest30_eff_range,main,prior RTH,-0.06167411228080066,-0.9060448038210919,217,0.15192717552288407,1.474348974833624,94
FUTURES,NQ,fc_vol x prev_range_pct,rest30_eff_range,interaction,prior RTH,-0.031354668724557,-0.3658350032287787,138,0.11024094209442618,1.0638784242223565,94
FUTURES,NQ,prev_range_pct,rest30_eff_mfe,main,prior RTH,-0.0576318719260418,-0.8464560166995635,217,-0.043066141675396456,-0.4134595177607942,94
FUTURES,NQ,fc_vol x prev_range_pct,rest30_eff_mfe,interaction,prior RTH,-0.061871416862067305,-0.7229235393061735,138,-0.06284723476501825,-0.604003518445137,94
FUTURES,NQ,prev_range_pct,rest30_eff_vol,main,prior RTH,-0.060539654354392444,-0.8893167751216386,217,0.14941299714626305,1.4493886905476852,94
FUTURES,NQ,fc_vol x prev_range_pct,rest30_eff_vol,interaction,prior RTH,-0.015678475943459766,-0.18286335464487338,138,0.1264097099302821,1.2222843652565507,94
FUTURES,NQ,prev_rv_pct,eff_range,main,prior RTH,0.08495046435265435,1.250137346915982,217,0.027879926308564826,0.2675188490300578,94
FUTURES,NQ,fc_vol x prev_rv_pct,eff_range,interaction,prior RTH,0.000477180933767743,0.005564838773435644,138,0.012838203951883828,0.12314987559780993,94
FUTURES,NQ,prev_rv_pct,eff_mfe,main,prior RTH,0.014822530975203153,0.21736484741396586,217,-0.054452190875266406,-0.5230630944756246,94
FUTURES,NQ,fc_vol x prev_rv_pct,eff_mfe,interaction,prior RTH,-0.08599540855530348,-1.0065990937329563,138,-0.07066430661416755,-0.679486831401076,94
FUTURES,NQ,prev_rv_pct,rest1_eff_range,main,prior RTH,0.06334176054181812,0.9306413521166128,217,0.007968789509807462,0.0764363708222478,94
FUTURES,NQ,fc_vol x prev_rv_pct,rest1_eff_range,interaction,prior RTH,-0.020893218779467062,-0.24370790555995614,138,3.6123252537658496e-05,0.000346482066715438,94
FUTURES,NQ,prev_rv_pct,rest1_eff_mfe,main,prior RTH,-0.0226586244638923,-0.3323259741620666,217,-0.10008308348083661,-0.9648074310631274,94
FUTURES,NQ,fc_vol x prev_rv_pct,rest1_eff_mfe,interaction,prior RTH,-0.13212888908168927,-1.554503432453098,138,-0.11253838095582126,-1.0863312813887636,94
FUTURES,NQ,prev_rv_pct,rest1_eff_vol,main,prior RTH,0.05400066705186564,0.792962220604588,217,0.07611169309684644,0.73216149637258,94
FUTURES,NQ,fc_vol x prev_rv_pct,rest1_eff_vol,interaction,prior RTH,-0.016217302261015684,-0.189149493574758,138,0.07093884333345375,0.6821400202173882,94
FUTURES,NQ,prev_rv_pct,rest5_eff_range,main,prior RTH,0.061143289317305304,0.8982171754831647,217,0.1386482678900408,1.342837007179745,94
FUTURES,NQ,fc_vol x prev_rv_pct,rest5_eff_range,interaction,prior RTH,-0.01917171435812315,-0.22361978834927845,138,0.12762345121554744,1.2342136848941456,94
FUTURES,NQ,prev_rv_pct,rest5_eff_mfe,main,prior RTH,-0.03155343226370158,-0.462894627934352,217,0.12086117834049778,1.1678205007447142,94
FUTURES,NQ,fc_vol x prev_rv_pct,rest5_eff_mfe,interaction,prior RTH,-0.11235213669749695,-1.318588511950561,138,0.11034208720153163,1.064866548711918,94
FUTURES,NQ,prev_rv_pct,rest5_eff_vol,main,prior RTH,0.050148677405262194,0.7362503306707502,217,0.17839829498248022,1.7390332846490195,94
FUTURES,NQ,fc_vol x prev_rv_pct,rest5_eff_vol,interaction,prior RTH,-0.014792608946800033,-0.17252885986178473,138,0.176751074666763,1.7224558095417102,94
FUTURES,NQ,prev_rv_pct,rest15_eff_range,main,prior RTH,0.03146829843885878,0.461644459479399,217,0.2122674565617888,2.0834770098485103,94
FUTURES,NQ,fc_vol x prev_rv_pct,rest15_eff_range,interaction,prior RTH,0.013349650333684177,0.1556962119928871,138,0.20330888993244953,1.991667032282266,94
FUTURES,NQ,prev_rv_pct,rest15_eff_mfe,main,prior RTH,-0.047953747938950665,-0.7039498239485018,217,0.18550735108189143,1.8107534759988582,94
FUTURES,NQ,fc_vol x prev_rv_pct,rest15_eff_mfe,interaction,prior RTH,-0.053263894755347735,-0.6220414217974494,138,0.20579416970704043,2.0170833993402497,94
FUTURES,NQ,prev_rv_pct,rest15_eff_vol,main,prior RTH,0.010313467401363229,0.1512331607117348,217,0.20108369757612976,1.9689446081675712,94
FUTURES,NQ,fc_vol x prev_rv_pct,rest15_eff_vol,interaction,prior RTH,-0.003139348248471993,-0.03661095764624106,138,0.20114149478019,1.9695343973479142,94
FUTURES,NQ,prev_rv_pct,rest30_eff_range,main,prior RTH,-0.03795736505117979,-0.5569655962150704,217,0.02949824802225192,0.2830604343393882,94
FUTURES,NQ,fc_vol x prev_rv_pct,rest30_eff_range,interaction,prior RTH,0.0008379205870467065,0.009771752699967452,138,0.029454900119206734,0.2826441133851863,94
FUTURES,NQ,prev_rv_pct,rest30_eff_mfe,main,prior RTH,-0.05886615275487723,-0.8646466309190454,217,-0.11080446483401366,-1.069384116245534,94
FUTURES,NQ,fc_vol x prev_rv_pct,rest30_eff_mfe,interaction,prior RTH,-0.026345410501176968,-0.30734432195293354,138,-0.09457789979409746,-0.9112440307735031,94
FUTURES,NQ,prev_rv_pct,rest30_eff_vol,main,prior RTH,-0.03515645184778064,-0.515813640080325,217,0.05712531156305314,0.5488229590181589,94
FUTURES,NQ,fc_vol x prev_rv_pct,rest30_eff_vol,interaction,prior RTH,0.006395137777432766,0.07458100659689851,138,0.06349745331069609,0.6102777165710253,94
FUTURES,NQ,prev_eff_range,eff_range,main,prior RTH,-0.10643939927751708,-1.5696246953347757,217,0.00876350106563595,0.08405977724365303,94
FUTURES,NQ,fc_vol x prev_eff_range,eff_range,interaction,prior RTH,-0.10345236980837418,-1.2129598301037288,138,-0.02079976881118376,-0.1995475437193272,94
FUTURES,NQ,prev_eff_range,eff_mfe,main,prior RTH,0.013251200590952328,0.19431780287561956,217,-0.09258389625401872,-0.8918641938343536,94
FUTURES,NQ,fc_vol x prev_eff_range,eff_mfe,interaction,prior RTH,-0.09012337081915556,-1.055304526390357,138,-0.1246468952064444,-1.2049683683022854,94
FUTURES,NQ,prev_eff_range,rest1_eff_range,main,prior RTH,-0.07439744382831832,-1.0939122563913066,217,0.06450890438175053,0.620039134345056,94
FUTURES,NQ,fc_vol x prev_eff_range,rest1_eff_range,interaction,prior RTH,-0.0881369166805559,-1.031859859883686,138,0.03055304699635155,0.2931914092184462,94
FUTURES,NQ,prev_eff_range,rest1_eff_mfe,main,prior RTH,0.08156822954100255,1.2000237900033373,217,-0.08166022468663078,-0.7858820272312647,94
FUTURES,NQ,fc_vol x prev_eff_range,rest1_eff_mfe,interaction,prior RTH,-0.060483254145652046,-0.7066436053019974,138,-0.13088899324495176,-1.266337381998414,94
FUTURES,NQ,prev_eff_range,rest1_eff_vol,main,prior RTH,-0.07725000822070961,-1.1361024234183426,217,0.0366939999277535,0.352193668523805,94
FUTURES,NQ,fc_vol x prev_eff_range,rest1_eff_vol,interaction,prior RTH,-0.05367486398060225,-0.6268547324039019,138,0.021392190152801357,0.2052336452542783,94
FUTURES,NQ,prev_eff_range,rest5_eff_range,main,prior RTH,-0.11901943375752196,-1.757661059293533,217,-0.006827294729617454,-0.06548663681430722,94
FUTURES,NQ,fc_vol x prev_eff_range,rest5_eff_range,interaction,prior RTH,-0.08848852368438474,-1.0360087083961829,138,0.0015677491601343786,0.01503734016531909,94
FUTURES,NQ,prev_eff_range,rest5_eff_mfe,main,prior RTH,-0.0027750766874768064,-0.040690768418931926,217,-0.09950511144023409,-0.9591798611157588,94
FUTURES,NQ,fc_vol x prev_eff_range,rest5_eff_mfe,interaction,prior RTH,-0.08906388059974107,-1.042798575916022,138,-0.09973630025647509,-0.9614307710914999,94
FUTURES,NQ,prev_eff_range,rest5_eff_vol,main,prior RTH,-0.12371698210703835,-1.8280912827595213,217,0.0003973557779142434,0.003811303032269559,94
FUTURES,NQ,fc_vol x prev_eff_range,rest5_eff_vol,interaction,prior RTH,-0.06907251095347143,-0.8074454460518263,138,0.02407976014160315,0.2310319354176293,94
FUTURES,NQ,prev_eff_range,rest15_eff_range,main,prior RTH,-0.09422051648972478,-1.3877174330416,217,0.05979843225083986,0.5745946657959274,94
FUTURES,NQ,fc_vol x prev_eff_range,rest15_eff_range,interaction,prior RTH,-0.015180746548429295,-0.17705680869826781,138,0.10618068850919336,1.0242395644418605,94
FUTURES,NQ,prev_eff_range,rest15_eff_mfe,main,prior RTH,-0.03064328227098278,-0.449529824847544,217,0.07114113354766463,0.6840951011128598,94
FUTURES,NQ,fc_vol x prev_eff_range,rest15_eff_mfe,interaction,prior RTH,0.0041622049868832315,0.04853965456110654,138,0.15241845175739624,1.4792296762655135,94
FUTURES,NQ,prev_eff_range,rest15_eff_vol,main,prior RTH,-0.09416235666605599,-1.3868531664795238,217,0.039410468518585415,0.3783058381880459,94
FUTURES,NQ,fc_vol x prev_eff_range,rest15_eff_vol,interaction,prior RTH,-0.012842788289203608,-0.14978371438349938,138,0.08374092403279992,0.8060459142820742,94
FUTURES,NQ,prev_eff_range,rest30_eff_range,main,prior RTH,-0.13775090780121854,-2.0392653091089326,217,0.0068417440306325185,0.0656252393521162,94
FUTURES,NQ,fc_vol x prev_eff_range,rest30_eff_range,interaction,prior RTH,-0.1215852452915484,-1.428513584788276,138,-0.007535310479355561,-0.07227821110989764,94
FUTURES,NQ,prev_eff_range,rest30_eff_mfe,main,prior RTH,-0.04616750517904706,-0.6776711021872088,217,-0.014095293140194344,-0.1352107346624459,94
FUTURES,NQ,fc_vol x prev_eff_range,rest30_eff_mfe,interaction,prior RTH,-0.060300601156650036,-0.7045018171523427,138,-0.04698190225047864,-0.45113274318695107,94
FUTURES,NQ,prev_eff_range,rest30_eff_vol,main,prior RTH,-0.11322735664256825,-1.670984879420974,217,-0.008647906657515443,-0.08295090857088581,94
FUTURES,NQ,fc_vol x prev_eff_range,rest30_eff_vol,interaction,prior RTH,-0.09130137971501566,-1.069213683788123,138,-0.019239244301556914,-0.18457051102469194,94
FUTURES,NQ,prev_eff_vol,eff_range,main,prior RTH,-0.12222433611897951,-1.8056987931125517,217,0.047285337571794955,0.4540529182684341,94
FUTURES,NQ,fc_vol x prev_eff_vol,eff_range,interaction,prior RTH,-0.1223934847678823,-1.4381535790713957,138,0.03504677961203627,0.3363635381380179,94
FUTURES,NQ,prev_eff_vol,eff_mfe,main,prior RTH,-0.020347436649872822,-0.2984137680434192,217,-0.042704909150019864,-0.4099851164341046,94
FUTURES,NQ,fc_vol x prev_eff_vol,eff_mfe,interaction,prior RTH,-0.11209198415034181,-1.3154964103202649,138,-0.067124227865477,-0.6452883427206184,94
FUTURES,NQ,prev_eff_vol,rest1_eff_range,main,prior RTH,-0.08768916078568072,-1.2907475994129538,217,0.08366867752772458,0.8053456029656121,94
FUTURES,NQ,fc_vol x prev_eff_vol,rest1_eff_range,interaction,prior RTH,-0.11118772389260916,-1.3047507481446572,138,0.06553480475382004,0.6299419613108693,94
FUTURES,NQ,prev_eff_vol,rest1_eff_mfe,main,prior RTH,0.04623209646885291,0.6786212367671371,217,-0.052732724054473865,-0.5064992322919885,94
FUTURES,NQ,fc_vol x prev_eff_vol,rest1_eff_mfe,interaction,prior RTH,-0.09867142782124663,-1.1563395566833832,138,-0.08891377379619261,-0.8562221745492297,94
FUTURES,NQ,prev_eff_vol,rest1_eff_vol,main,prior RTH,-0.0977184007666399,-1.4397233833809011,217,0.04134667485460391,0.3969227976237536,94
FUTURES,NQ,fc_vol x prev_eff_vol,rest1_eff_vol,interaction,prior RTH,-0.08570763192682919,-1.003205622269479,138,0.040739804211971244,0.39108715923251436,94
FUTURES,NQ,prev_eff_vol,rest5_eff_range,main,prior RTH,-0.12083621058169743,-1.7848854718805147,217,-0.00340281038904743,-0.03263879962811139,94
FUTURES,NQ,fc_vol x prev_eff_vol,rest5_eff_range,interaction,prior RTH,-0.1032194872473966,-1.2101998869799977,138,0.004876639092583897,0.04677563517930237,94
FUTURES,NQ,prev_eff_vol,rest5_eff_mfe,main,prior RTH,-0.0025566406892242937,-0.03748783379753976,217,-0.09307517248853087,-0.8966379220970426,94
FUTURES,NQ,fc_vol x prev_eff_vol,rest5_eff_mfe,interaction,prior RTH,-0.10540675679069564,-1.2361296991096486,138,-0.0908933280352563,-0.8754419500941973,94
FUTURES,NQ,prev_eff_vol,rest5_eff_vol,main,prior RTH,-0.13135754449752673,-1.9429149354809077,217,-0.014427627063540801,-0.13839934246153957,94
FUTURES,NQ,fc_vol x prev_eff_vol,rest5_eff_vol,interaction,prior RTH,-0.09189956825399724,-1.076278431228099,138,0.01127767944225698,0.10817858078012549,94
FUTURES,NQ,prev_eff_vol,rest15_eff_range,main,prior RTH,-0.09318294519339772,-1.3723010616111742,217,0.06251490084167177,0.6007970047763778,94
FUTURES,NQ,fc_vol x prev_eff_vol,rest15_eff_range,interaction,prior RTH,-0.024696967275433853,-0.28810153201699323,138,0.10311743669399995,0.9943684981766443,94
FUTURES,NQ,prev_eff_vol,rest15_eff_mfe,main,prior RTH,-0.03130328781408983,-0.45922134925147096,217,0.06697973485532638,0.6438930150121583,94
FUTURES,NQ,fc_vol x prev_eff_vol,rest15_eff_mfe,interaction,prior RTH,-0.02435905924578014,-0.28415732217075673,138,0.14101795325651123,1.3662495701147037,94
FUTURES,NQ,prev_eff_vol,rest15_eff_vol,main,prior RTH,-0.09796384766790213,-1.4433746454458405,217,0.02318390347866922,0.22243197616499366,94
FUTURES,NQ,fc_vol x prev_eff_vol,rest15_eff_vol,interaction,prior RTH,-0.02347319224912041,-0.27381755551081327,138,0.07121338005273996,0.6847933648373971,94
FUTURES,NQ,prev_eff_vol,rest30_eff_range,main,prior RTH,-0.13714374967704357,-2.0301042500390234,217,0.041881298992161246,0.40206408153588513,94
FUTURES,NQ,fc_vol x prev_eff_vol,rest30_eff_range,interaction,prior RTH,-0.1335261844475546,-1.5712395176001386,138,0.03559585305060868,0.34163993688432515,94
FUTURES,NQ,prev_eff_vol,rest30_eff_mfe,main,prior RTH,-0.04308004152632741,-0.6322643850362205,217,0.004515406567207311,0.043310699842110285,94
FUTURES,NQ,fc_vol x prev_eff_vol,rest30_eff_mfe,interaction,prior RTH,-0.07357490713237089,-0.860355314794722,138,-0.022143553805584654,-0.21244559811033015,94
FUTURES,NQ,prev_eff_vol,rest30_eff_vol,main,prior RTH,-0.12100767109645477,-1.7874557441979797,217,0.016363833399559293,0.15697739484122278,94
FUTURES,NQ,fc_vol x prev_eff_vol,rest30_eff_vol,interaction,prior RTH,-0.10986348972234462,-1.289020292361974,138,0.017303037965538417,0.16598975997084053,94
FUTURES,NQ,prev_closeloc,eff_range,main,prior RTH,-0.09497855569178446,-1.3989833610064943,217,0.0494816313260846,0.47519323031821,94
FUTURES,NQ,fc_vol x prev_closeloc,eff_range,interaction,prior RTH,-0.11730203269945134,-1.3774747112234311,138,0.0717480041902973,0.6899608538218911,94
FUTURES,NQ,prev_closeloc,eff_mfe,main,prior RTH,-0.07384900489749238,-1.0858038300427397,217,-0.10131127406711701,-0.9767693003179131,94
FUTURES,NQ,fc_vol x prev_closeloc,eff_mfe,interaction,prior RTH,-0.11059422793071408,-1.2976997994020896,138,-0.13895170321135714,-1.3458336351613043,94
FUTURES,NQ,prev_closeloc,rest1_eff_range,main,prior RTH,-0.08483833529407467,-1.2484752766283793,217,0.0818914135028718,0.7881219433013615,94
FUTURES,NQ,fc_vol x prev_closeloc,rest1_eff_range,interaction,prior RTH,-0.1271561614561096,-1.4950184190746323,138,0.0908066322291659,0.8745999907286783,94
FUTURES,NQ,prev_closeloc,rest1_eff_mfe,main,prior RTH,-0.05221442429196203,-0.7666595517580541,217,-0.04396199833833039,-0.4220767370170092,94
FUTURES,NQ,fc_vol x prev_closeloc,rest1_eff_mfe,interaction,prior RTH,-0.10084956471509558,-1.1821247638812853,138,-0.10651302243253982,-1.0274820507745788,94
FUTURES,NQ,prev_closeloc,rest1_eff_vol,main,prior RTH,-0.06972688453895913,-1.0248912856685173,217,0.0547700754975978,0.5261258278122122,94
FUTURES,NQ,fc_vol x prev_closeloc,rest1_eff_vol,interaction,prior RTH,-0.09822849432291676,-1.1510980901092085,138,0.07491240111259617,0.7205591955380433,94
FUTURES,NQ,prev_closeloc,rest5_eff_range,main,prior RTH,-0.12382972326742675,-1.8297831214467914,217,-0.04594155257739407,-0.4411216595339567,94
FUTURES,NQ,fc_vol x prev_closeloc,rest5_eff_range,interaction,prior RTH,-0.17619848900314847,-2.0874689932255532,138,-0.010699707401654443,-0.1026338632164878,94
FUTURES,NQ,prev_closeloc,rest5_eff_mfe,main,prior RTH,-0.10901013261178992,-1.607984870936253,217,-0.15877614420402414,-1.542494420759585,94
FUTURES,NQ,fc_vol x prev_closeloc,rest5_eff_mfe,interaction,prior RTH,-0.1839201441132083,-2.182082763576592,138,-0.15720117039338222,-1.5268040200481607,94
FUTURES,NQ,prev_closeloc,rest5_eff_vol,main,prior RTH,-0.09225162887489019,-1.3584672831174855,217,-0.052559332442293105,-0.5048291800938247,94
FUTURES,NQ,fc_vol x prev_closeloc,rest5_eff_vol,interaction,prior RTH,-0.13365860786458106,-1.5728261103906358,138,-0.0003540078748690532,-0.0033955244643621447,94
FUTURES,NQ,prev_closeloc,rest15_eff_range,main,prior RTH,-0.10369371271136853,-1.528689028888067,217,-0.03871690206986237,-0.3716381258229904,94
FUTURES,NQ,fc_vol x prev_closeloc,rest15_eff_range,interaction,prior RTH,-0.16820742073431064,-1.9899726362814167,138,0.02556803814615468,0.2453202056939032,94
FUTURES,NQ,prev_closeloc,rest15_eff_mfe,main,prior RTH,-0.04543351324943512,-0.6668747137790009,217,-0.07362641332225554,-0.7081216662860002,94
FUTURES,NQ,fc_vol x prev_closeloc,rest15_eff_mfe,interaction,prior RTH,-0.14438947096844898,-1.701688220259842,138,0.00408192753675541,0.03915279969922493,94
FUTURES,NQ,prev_closeloc,rest15_eff_vol,main,prior RTH,-0.05614509787341986,-0.8245493649180268,217,-0.012303579814326481,-0.11802072505952638,94
FUTURES,NQ,fc_vol x prev_closeloc,rest15_eff_vol,interaction,prior RTH,-0.11257588660902441,-1.3212481615018947,138,0.04881696347939168,0.4687947893208025,94
FUTURES,NQ,prev_closeloc,rest30_eff_range,main,prior RTH,-0.00034057225533993814,-0.004993769821546751,217,0.1635588628400101,1.5902160224001323,94
FUTURES,NQ,fc_vol x prev_closeloc,rest30_eff_range,interaction,prior RTH,-0.007742203571322567,-0.09029153932442625,138,0.18544955387783119,1.810169215694735,94
FUTURES,NQ,prev_closeloc,rest30_eff_mfe,main,prior RTH,0.16308243727598568,2.423705417514955,217,0.03903478669219376,0.37469409329756037,94
FUTURES,NQ,fc_vol x prev_closeloc,rest30_eff_mfe,interaction,prior RTH,0.1562801805524796,1.8451967974226957,138,-0.02535129863092873,-0.24323929035312614,94
FUTURES,NQ,prev_closeloc,rest30_eff_vol,main,prior RTH,0.014927634267675701,0.21890647584385142,217,0.14874832929957013,1.4427948225722174,94
FUTURES,NQ,fc_vol x prev_closeloc,rest30_eff_vol,interaction,prior RTH,0.0031758788462723946,0.03703698033472813,138,0.17738684391142578,1.7288523540843306,94
FUTURES,NQ,prev_streak,eff_range,main,prior RTH,-0.12005597557962014,-1.7773103496169163,218,0.19498411918032027,1.9068207258903132,94
FUTURES,NQ,fc_vol x prev_streak,eff_range,interaction,prior RTH,-0.18442700615768887,-2.188307766240649,138,0.24006791171477077,2.3720175718227003,94
FUTURES,NQ,prev_streak,eff_mfe,main,prior RTH,-0.07140641444223672,-1.052141475956077,218,-0.009159736169442809,-0.08786078880436801,94
FUTURES,NQ,fc_vol x prev_streak,eff_mfe,interaction,prior RTH,-0.10504613705617837,-1.2318533580066495,138,0.008286674132138858,0.07948571520053958,94
FUTURES,NQ,prev_streak,rest1_eff_range,main,prior RTH,-0.11451595425068029,-1.6941792439499375,218,0.23212255227791675,2.288960725811716,94
FUTURES,NQ,fc_vol x prev_streak,rest1_eff_range,interaction,prior RTH,-0.1855594546895013,-2.2022224193530926,138,0.2785608496188997,2.7819763767692822,94
FUTURES,NQ,prev_streak,rest1_eff_mfe,main,prior RTH,-0.032964476054730484,-0.48474032057574273,218,-0.0037902356563211622,-0.036354924419031556,94
FUTURES,NQ,fc_vol x prev_streak,rest1_eff_mfe,interaction,prior RTH,-0.06854281728536561,-0.8012240790270921,138,0.021377740851786297,0.20509495730207145,94
FUTURES,NQ,prev_streak,rest1_eff_vol,main,prior RTH,-0.12498939439821118,-1.8514806041149612,218,0.20739787549656594,2.0335057149788125,94
FUTURES,NQ,fc_vol x prev_streak,rest1_eff_vol,interaction,prior RTH,-0.18379685334563192,-2.1805688463755897,138,0.25242206408265006,2.502174736074078,94
FUTURES,NQ,prev_streak,rest5_eff_range,main,prior RTH,-0.1229538865858471,-1.8208617018433677,218,0.07781735764160154,0.7486681110520047,94
FUTURES,NQ,fc_vol x prev_streak,rest5_eff_range,interaction,prior RTH,-0.19168746247051865,-2.2776779624609587,138,0.11622295271466244,1.1223775855082883,94
FUTURES,NQ,prev_streak,rest5_eff_mfe,main,prior RTH,-0.02730510276678502,-0.4014510974959563,218,-0.07218342208269005,-0.6941698915719865,94
FUTURES,NQ,fc_vol x prev_streak,rest5_eff_mfe,interaction,prior RTH,-0.0737301621730226,-0.8621807173659424,138,-0.06264494455080735,-0.6020517035625015,94
FUTURES,NQ,prev_streak,rest5_eff_vol,main,prior RTH,-0.12328880618236783,-1.8258980781508225,218,0.06911303738435236,0.664497890687283,94
FUTURES,NQ,fc_vol x prev_streak,rest5_eff_vol,interaction,prior RTH,-0.1818287673891353,-2.15641660626389,138,0.10852147527363364,1.0470854006805983,94
FUTURES,NQ,prev_streak,rest15_eff_range,main,prior RTH,-0.13018600202695796,-1.929758699591521,218,0.07835357315111983,0.7538587105668264,94
FUTURES,NQ,fc_vol x prev_streak,rest15_eff_range,interaction,prior RTH,-0.22222704223165418,-2.6580552040070704,138,0.11003865188021528,1.0619022755901324,94
FUTURES,NQ,prev_streak,rest15_eff_mfe,main,prior RTH,-0.049096731964038354,-0.7224428938060372,218,-0.022667959758540905,-0.21747931353153616,94
FUTURES,NQ,fc_vol x prev_streak,rest15_eff_mfe,interaction,prior RTH,-0.0927808689259319,-1.0866889428975104,138,-0.01889246107719539,-0.18124246865245924,94
FUTURES,NQ,prev_streak,rest15_eff_vol,main,prior RTH,-0.12489842858187221,-1.8501117569630092,218,0.08591935362788494,0.8271682788257454,94
FUTURES,NQ,fc_vol x prev_streak,rest15_eff_vol,interaction,prior RTH,-0.20244572352273685,-2.4108222789437965,138,0.11733554889282231,1.1332713166054973,94
FUTURES,NQ,prev_streak,rest30_eff_range,main,prior RTH,0.03983239518832218,0.5858792289359677,218,0.23960753315735722,2.3671914055835677,94
FUTURES,NQ,fc_vol x prev_streak,rest30_eff_range,interaction,prior RTH,-0.0032398073924230974,-0.03778252039740251,138,0.25885200303435324,2.570429142296297,94
FUTURES,NQ,prev_streak,rest30_eff_mfe,main,prior RTH,0.1354977182467186,2.0099379605977643,218,0.12292556920258654,1.1880710980826281,94
FUTURES,NQ,fc_vol x prev_streak,rest30_eff_mfe,interaction,prior RTH,0.15619342038270367,1.8441467986383913,138,0.10453346819347613,1.0081732127042242,94
FUTURES,NQ,prev_streak,rest30_eff_vol,main,prior RTH,0.0008883934271025974,0.013056668675905264,218,0.22464491681641496,2.2112360104879443,94
FUTURES,NQ,fc_vol x prev_streak,rest30_eff_vol,interaction,prior RTH,-0.05126384452577576,-0.598621122905405,138,0.24155618971932233,2.387630888958501,94
FUTURES,NQ,trail_eff_5,eff_range,main,prior RTH,-0.16974674710225734,-2.502024005596274,213,0.04440992666979736,0.4263857278950579,94
FUTURES,NQ,fc_vol x trail_eff_5,eff_range,interaction,prior RTH,-0.1186445321686161,-1.393463439981259,138,0.00804103601488278,0.07712940156730104,94
FUTURES,NQ,trail_eff_5,eff_mfe,main,prior RTH,-0.11476976846924006,-1.6782166415881514,213,0.030018422858794205,0.28805641114184777,94
FUTURES,NQ,fc_vol x trail_eff_5,eff_mfe,interaction,prior RTH,-0.14150599844525683,-1.6670037342684711,138,-0.01671061662392082,-0.16030498768046322,94
FUTURES,NQ,trail_eff_5,rest1_eff_range,main,prior RTH,-0.17797988779086085,-2.6272536056925526,213,0.05920601090922227,0.568882048112623,94
FUTURES,NQ,fc_vol x trail_eff_5,rest1_eff_range,interaction,prior RTH,-0.13027039491859382,-1.532257941865837,138,0.026406097605028357,0.2533667400399778,94
FUTURES,NQ,trail_eff_5,rest1_eff_mfe,main,prior RTH,-0.10088143035607403,-1.4729014924367643,213,-0.020626377199003,-0.19788335892751138,94
FUTURES,NQ,fc_vol x trail_eff_5,rest1_eff_mfe,interaction,prior RTH,-0.16150405603793702,-1.9084994516176115,138,-0.07053426290503197,-0.6782301119535796,94
FUTURES,NQ,trail_eff_5,rest1_eff_vol,main,prior RTH,-0.16915813342406757,-2.4930919587251554,213,0.04842683235198497,0.46503947395478845,94
FUTURES,NQ,fc_vol x trail_eff_5,rest1_eff_vol,interaction,prior RTH,-0.11122425449040957,-1.3051847910822392,138,0.05559368565545642,0.5340618402141193,94
FUTURES,NQ,trail_eff_5,rest5_eff_range,main,prior RTH,-0.17122821570580243,-2.52451710197313,213,-0.015207889318354225,-0.1458858211964649,94
FUTURES,NQ,fc_vol x trail_eff_5,rest5_eff_range,interaction,prior RTH,-0.11600063015281205,-1.361982743419018,138,0.04386085323122494,0.4211037744675622,94
FUTURES,NQ,trail_eff_5,rest5_eff_mfe,main,prior RTH,-0.11285239208128331,-1.6498150914921552,213,-0.006726149622512011,-0.06451642019337436,94
FUTURES,NQ,fc_vol x trail_eff_5,rest5_eff_mfe,interaction,prior RTH,-0.160047398450646,-1.8908314458770084,138,0.06027525918433696,0.5791930686722971,94
FUTURES,NQ,trail_eff_5,rest5_eff_vol,main,prior RTH,-0.15955156081968802,-2.347695215055451,213,-0.01136437524834736,-0.10901029763166743,94
FUTURES,NQ,fc_vol x trail_eff_5,rest5_eff_vol,interaction,prior RTH,-0.09629693896422055,-1.1282490044990297,138,0.08296066177798649,0.7984832270878407,94
FUTURES,NQ,trail_eff_5,rest15_eff_range,main,prior RTH,-0.17570061658544578,-2.5925291769375587,213,0.0460860455875447,0.4425120010574852,94
FUTURES,NQ,fc_vol x trail_eff_5,rest15_eff_range,interaction,prior RTH,-0.07896773663265515,-0.9237990122823067,138,0.1330130404941661,1.2872544379656898,94
FUTURES,NQ,trail_eff_5,rest15_eff_mfe,main,prior RTH,-0.18362138977401707,-2.7133904157188313,213,0.21559079579525336,2.1176739156963476,94
FUTURES,NQ,fc_vol x trail_eff_5,rest15_eff_mfe,interaction,prior RTH,-0.12094595983004139,-1.4208907744039412,138,0.3124589098002384,3.154965683837662,94
FUTURES,NQ,trail_eff_5,rest15_eff_vol,main,prior RTH,-0.1610715252545071,-2.370653297218303,213,0.052472636636202726,0.5039941711737463,94
FUTURES,NQ,fc_vol x trail_eff_5,rest15_eff_vol,interaction,prior RTH,-0.06496738502565133,-0.7592473888754268,138,0.141653722501174,1.3725350474707871,94
FUTURES,NQ,trail_eff_5,rest30_eff_range,main,prior RTH,-0.10130488450008815,-1.4791480320740562,213,-0.009471516815374056,-0.09085167305993676,94
FUTURES,NQ,fc_vol x trail_eff_5,rest30_eff_range,interaction,prior RTH,-0.07680329871298136,-0.8983260981193396,138,-0.01838673554166817,-0.17638919049059265,94
FUTURES,NQ,trail_eff_5,rest30_eff_mfe,main,prior RTH,0.018535121857932994,0.26928445722364486,213,0.04851352815807535,0.4658739699825792,94
FUTURES,NQ,fc_vol x trail_eff_5,rest30_eff_mfe,interaction,prior RTH,-0.022272248846432214,-0.25980126882856525,138,-0.020062854459415528,-0.19247488094158668,94
FUTURES,NQ,trail_eff_5,rest30_eff_vol,main,prior RTH,-0.10629568275461267,-1.5528314440999038,213,-2.1673951522595092e-05,-0.00020788923994245555,94
FUTURES,NQ,fc_vol x trail_eff_5,rest30_eff_vol,interaction,prior RTH,-0.06672542004479563,-0.7798834961397464,138,0.008561210851425062,0.08211925925122267,94
FUTURES,NQ,trail_eff_20,eff_range,main,prior RTH,-0.11751960850244145,-1.6567548989653085,198,-0.09086442943322617,-0.8751612947433264,94
FUTURES,NQ,fc_vol x trail_eff_20,eff_range,interaction,prior RTH,-0.05553335814369767,-0.6486256178389175,138,-0.04689520644438825,-0.4502984304743185,94
FUTURES,NQ,trail_eff_20,eff_mfe,main,prior RTH,-0.14366716820032943,-2.0324245993372623,198,-0.06497128201423256,-0.6245021340164657,94
FUTURES,NQ,fc_vol x trail_eff_20,eff_mfe,interaction,prior RTH,-0.16247686868501424,-1.9203059587762101,138,-0.11018314489036593,-1.0633137966817625,94
FUTURES,NQ,trail_eff_20,rest1_eff_range,main,prior RTH,-0.13162026097260646,-1.8588553038798417,198,-0.09258389625401872,-0.8918641938343536,94
FUTURES,NQ,fc_vol x trail_eff_20,rest1_eff_range,interaction,prior RTH,-0.07700421700088357,-0.9006901288188921,138,-0.04886031138243688,-0.4692120598283524,94
FUTURES,NQ,trail_eff_20,rest1_eff_mfe,main,prior RTH,-0.11116109697850891,-1.5659605546175133,198,-0.13590290069717875,-1.315742072809723,94
FUTURES,NQ,fc_vol x trail_eff_20,rest1_eff_mfe,interaction,prior RTH,-0.20700748192306198,-2.4675500524322027,138,-0.1691651916338547,-1.646302503270468,94
FUTURES,NQ,trail_eff_20,rest1_eff_vol,main,prior RTH,-0.12066253432985571,-1.7017088726142207,198,-0.12844706137340606,-1.242311787032951,94
FUTURES,NQ,fc_vol x trail_eff_20,rest1_eff_vol,interaction,prior RTH,-0.061286927297260874,-0.716068322509823,138,0.003417259690062494,0.03277739487215245,94
FUTURES,NQ,trail_eff_20,rest5_eff_range,main,prior RTH,-0.1114130875883803,-1.5695549906575141,198,-0.1009933894447856,-0.9736728565996356,94
FUTURES,NQ,fc_vol x trail_eff_20,rest5_eff_range,interaction,prior RTH,-0.0513049414483012,-0.5991022882749475,138,0.047588772893111295,0.4569732193306988,94
FUTURES,NQ,trail_eff_20,rest5_eff_mfe,main,prior RTH,-0.10078155737926674,-1.4181622665042828,198,-0.08033088899324495,-0.7730049767161628,94
FUTURES,NQ,fc_vol x trail_eff_20,rest5_eff_mfe,interaction,prior RTH,-0.14409722618604576,-1.6981708895355705,138,0.040638659104865804,0.3901145951596426,94
FUTURES,NQ,trail_eff_20,rest5_eff_vol,main,prior RTH,-0.10159163762204347,-1.4296798250552316,198,-0.1358451034931185,-1.3151719874377854,94
FUTURES,NQ,fc_vol x trail_eff_20,rest5_eff_vol,interaction,prior RTH,-0.03845073734728498,-0.44874064465474184,138,0.09567604667124228,0.9219216944148388,94
FUTURES,NQ,trail_eff_20,rest15_eff_range,main,prior RTH,-0.1797427376847319,-2.55805978052288,198,-0.03523462052523209,-0.3381685873578096,94
FUTURES,NQ,fc_vol x trail_eff_20,rest15_eff_range,interaction,prior RTH,-0.02220375397555646,-0.25900189533746315,138,0.13357656323375355,1.2928068786959153,94
FUTURES,NQ,trail_eff_20,rest15_eff_mfe,main,prior RTH,-0.2565565869649741,-3.716175541149923,198,0.05503016291586894,0.5286318198479276,94
FUTURES,NQ,fc_vol x trail_eff_20,rest15_eff_mfe,interaction,prior RTH,-0.10336104331387318,-1.2118774754603747,138,0.21862514900841673,2.148964540470901,94
FUTURES,NQ,trail_eff_20,rest15_eff_vol,main,prior RTH,-0.14822535999486744,-2.0983340563472046,198,-0.044828956399234184,-0.43041695257666385,94
FUTURES,NQ,fc_vol x trail_eff_20,rest15_eff_vol,interaction,prior RTH,-0.022948064905739637,-0.26768861861690957,138,0.13778130982913703,1.3342773345201835,94
FUTURES,NQ,trail_eff_20,rest30_eff_range,main,prior RTH,-0.04972485871906835,-0.697010255766066,198,-0.026276053895892784,-0.25211810527131256,94
FUTURES,NQ,fc_vol x trail_eff_20,rest30_eff_range,interaction,prior RTH,0.0020571292886351024,0.023990094607483126,138,-0.040653108405880864,-0.39025353214816694,94
FUTURES,NQ,trail_eff_20,rest30_eff_mfe,main,prior RTH,0.038955738545055685,0.545794632071185,198,-0.011754506375754072,-0.11275305416040575,94
FUTURES,NQ,fc_vol x trail_eff_20,rest30_eff_mfe,interaction,prior RTH,-0.009637228332218388,-0.11239364907663028,138,-0.11953184264711193,-1.1547885676802199,94
FUTURES,NQ,trail_eff_20,rest30_eff_vol,main,prior RTH,-0.04724050957757561,-0.6621063467621703,198,-0.04764657009717155,-0.45752948150329764,94
FUTURES,NQ,fc_vol x trail_eff_20,rest30_eff_vol,interaction,prior RTH,0.009568733461342635,0.11159475797716809,138,0.002275764909872485,0.021828426714771046,94
FUTURES,NQ,eff_state,eff_range,main,prior RTH,-0.12869531475250426,-1.816842942575457,198,0.05547809124733591,0.5329479483185763,94
FUTURES,NQ,fc_vol x eff_state,eff_range,interaction,prior RTH,-0.13298735812999868,-1.5647846089431048,138,0.05040638659104866,0.48409646379267374,94
FUTURES,NQ,eff_state,eff_mfe,main,prior RTH,-0.04933452423420509,-0.6915254021709032,198,0.04969837084131055,0.47727981488926324,94
FUTURES,NQ,fc_vol x eff_state,eff_mfe,interaction,prior RTH,-0.029998504526964884,-0.3499971921086629,138,0.04204024130332695,0.40359263786376287,94
FUTURES,NQ,eff_state,rest1_eff_range,main,prior RTH,-0.13266841823329847,-1.873922436083678,198,0.06959505833905284,0.6691548326928749,94
FUTURES,NQ,fc_vol x eff_state,rest1_eff_range,interaction,prior RTH,-0.13406957708983555,-1.5777505656656114,138,0.06520247083047358,0.6267337851484056,94
FUTURES,NQ,eff_state,rest1_eff_mfe,main,prior RTH,-0.044372763679959557,-0.6218311679510796,198,0.019990607954340205,0.19178149970840505,94
FUTURES,NQ,fc_vol x eff_state,rest1_eff_mfe,interaction,prior RTH,-0.01292954845897956,-0.15079575520582286,138,0.015077845609218652,0.14463805659838955,94
FUTURES,NQ,eff_state,rest1_eff_vol,main,prior RTH,-0.133152302042438,-1.880880362350763,198,0.06461004948885597,0.6210153811552422,94
FUTURES,NQ,fc_vol x eff_state,rest1_eff_vol,interaction,prior RTH,-0.1429921756025836,-1.6848750759515319,138,0.06183578369396381,0.5942451865176411,94
FUTURES,NQ,eff_state,rest5_eff_range,main,prior RTH,-0.13407523697552523,-1.894155351983308,198,-0.0004262543799443702,-0.00408848875599915,94
FUTURES,NQ,fc_vol x eff_state,rest5_eff_range,interaction,prior RTH,-0.11626547698686494,-1.3651349157309196,138,-0.005425712531156305,-0.05204237241329753,94
FUTURES,NQ,eff_state,rest5_eff_mfe,main,prior RTH,-0.07276731295301303,-1.0214503022358017,198,0.020135100964490844,0.19316826519109714,94
FUTURES,NQ,fc_vol x eff_state,rest5_eff_mfe,interaction,prior RTH,-0.062373712581822824,-0.7288153374822623,138,0.007622006285445942,0.07310983971743437,94
FUTURES,NQ,eff_state,rest5_eff_vol,main,prior RTH,-0.13474618129874105,-1.903808995490322,198,0.015280135823429542,0.14657902694650266,94
FUTURES,NQ,fc_vol x eff_state,rest5_eff_vol,interaction,prior RTH,-0.12676802385448036,-1.4903803034904595,138,0.012144637503160785,0.11649586218720508,94
FUTURES,NQ,eff_state,rest15_eff_range,main,prior RTH,-0.13497189067936205,-1.9070571333502973,198,0.051981360401690574,0.4992626692437212,94
FUTURES,NQ,fc_vol x eff_state,rest15_eff_range,interaction,prior RTH,-0.12061261812511273,-1.416916735604375,138,0.041939096196221506,0.4026199166563678,94
FUTURES,NQ,eff_state,rest15_eff_mfe,main,prior RTH,-0.12600071577700842,-1.7781818625967392,198,0.24086262327059926,2.380352562506007,94
FUTURES,NQ,fc_vol x eff_state,rest15_eff_mfe,interaction,prior RTH,-0.09005020674035191,-1.05444080078833,138,0.2241303326951559,2.205902602318098,94
FUTURES,NQ,eff_state,rest15_eff_vol,main,prior RTH,-0.13142083282123584,-1.8559892687294153,198,0.05862803886861973,0.563309343918867,94
FUTURES,NQ,fc_vol x eff_state,rest15_eff_vol,interaction,prior RTH,-0.107895403765848,-1.265654390379764,138,0.05107105443774157,0.4904964325503896,94
FUTURES,NQ,eff_state,rest30_eff_range,main,prior RTH,-0.10740597310502675,-1.5124326732381401,198,0.01344507459451649,0.12897228283598397,94
FUTURES,NQ,fc_vol x eff_state,rest30_eff_range,interaction,prior RTH,-0.16362739703508533,-1.9342767331566821,138,0.014731062384857132,0.14131072005607018,94
FUTURES,NQ,eff_state,rest30_eff_mfe,main,prior RTH,0.01607560955059871,0.22508761974674374,198,0.09788678972654698,0.9434278628119346,94
FUTURES,NQ,fc_vol x eff_state,rest30_eff_mfe,interaction,prior RTH,-0.01766939352358164,-0.20609094137107326,138,0.11720550518368675,1.1319978008914717,94
FUTURES,NQ,eff_state,rest30_eff_vol,main,prior RTH,-0.11927581299823221,-1.6818679705225712,198,0.022288046815735287,0.21383255303352466,94
FUTURES,NQ,fc_vol x eff_state,rest30_eff_vol,interaction,prior RTH,-0.1771208865976086,-2.0987498552993147,138,0.02095871112234946,0.2010730622659031,94
FUTURES,NQ,trail_rv_5,eff_range,main,prior RTH,0.03467232596779761,0.503947632874267,213,0.23294440631434454,2.2975291589034668,94
FUTURES,NQ,fc_vol x trail_rv_5,eff_range,interaction,prior RTH,-0.025272324190790178,-0.2948175768662411,138,0.13149586388758444,1.272311859566791,94
FUTURES,NQ,trail_rv_5,eff_mfe,main,prior RTH,-0.08347078522517522,-1.2167293030704345,213,0.05065202470830473,0.4864615940567713,94
FUTURES,NQ,fc_vol x trail_rv_5,eff_mfe,interaction,prior RTH,-0.13736205402662216,-1.6172329609424363,138,-0.015034497706173464,-0.14422213670025466,94
FUTURES,NQ,trail_rv_5,rest1_eff_range,main,prior RTH,0.039255813491422875,0.5706634995542293,213,0.20705125889535092,2.0299548356876036,94
FUTURES,NQ,fc_vol x trail_rv_5,rest1_eff_range,interaction,prior RTH,-0.02555543632374329,-0.2981224045489502,138,0.11152692988476683,1.076444224136451,94
FUTURES,NQ,trail_rv_5,rest1_eff_mfe,main,prior RTH,-0.07111670197520867,-1.0356520354432748,213,-0.0101650832640971,-0.09750509118802324,94
FUTURES,NQ,fc_vol x trail_rv_5,rest1_eff_mfe,interaction,prior RTH,-0.15614775713545315,-1.8435941852750541,138,-0.07897265469782899,-0.7598522775669075,94
FUTURES,NQ,trail_rv_5,rest1_eff_vol,main,prior RTH,0.041764251529277936,0.6071905736228983,213,0.2477260412527544,2.4525504085558265,94
FUTURES,NQ,fc_vol x trail_rv_5,rest1_eff_vol,interaction,prior RTH,-0.024002885917226227,-0.2800000172622091,138,0.16420908138568796,1.5967126644460123,94
FUTURES,NQ,trail_rv_5,rest5_eff_range,main,prior RTH,0.045225150940912624,0.6576061132235029,213,0.23025683632554275,2.2695284599887295,94
FUTURES,NQ,fc_vol x trail_rv_5,rest5_eff_range,interaction,prior RTH,-0.03898956366484089,-0.4550385434373161,138,0.17683777047285337,1.723327934358487,94
FUTURES,NQ,trail_rv_5,rest5_eff_mfe,main,prior RTH,-0.12366972066928106,-1.810303368331773,213,0.15059783982949826,1.4611479676876868,94
FUTURES,NQ,fc_vol x trail_rv_5,rest5_eff_mfe,interaction,prior RTH,-0.19876069946962135,-2.3651168425002194,138,0.11597731459740634,1.119973054762228,94
FUTURES,NQ,trail_rv_5,rest5_eff_vol,main,prior RTH,0.05371658623935466,0.7814066636330853,213,0.28389264169345807,2.8398449342990375,94
FUTURES,NQ,fc_vol x trail_rv_5,rest5_eff_vol,interaction,prior RTH,-0.030277016089445163,-0.3532495973443121,138,0.23612325253765848,2.330720185605218,94
FUTURES,NQ,trail_rv_5,rest15_eff_range,main,prior RTH,0.04367912224510452,0.6350820142542086,213,0.25584654842322,2.5384811198221295,94
FUTURES,NQ,fc_vol x trail_rv_5,rest15_eff_range,interaction,prior RTH,0.0036233786693273115,0.04225577082154663,138,0.2419174222446989,2.391423222050867,94
FUTURES,NQ,trail_rv_5,rest15_eff_mfe,main,prior RTH,-0.02888925866963374,-0.41981594511139725,213,0.16987320738359282,1.6533971607924443,94
FUTURES,NQ,fc_vol x trail_rv_5,rest15_eff_mfe,interaction,prior RTH,-0.05453789935363672,-0.6369637274730396,138,0.19823718527616227,1.9399238603636033,94
FUTURES,NQ,trail_rv_5,rest15_eff_vol,main,prior RTH,0.034180572768297314,0.4967917871480732,213,0.2565690134739732,2.5461536946515753,94
FUTURES,NQ,fc_vol x trail_rv_5,rest15_eff_vol,interaction,prior RTH,-0.008746795010833605,-0.10200818409976396,138,0.2451685149730882,2.4256019961940125,94
FUTURES,NQ,trail_rv_5,rest30_eff_range,main,prior RTH,0.04149478071035984,0.6032660864627957,213,0.15465809341473105,1.501494218021243,94
FUTURES,NQ,fc_vol x trail_rv_5,rest30_eff_range,interaction,prior RTH,0.014011767418816452,0.16341992643575567,138,0.11698876566846078,1.1298754058710065,94
FUTURES,NQ,trail_rv_5,rest30_eff_mfe,main,prior RTH,-0.005653919993244602,-0.082129244518242,213,-0.07504244482173175,-0.7218171234360274,94
FUTURES,NQ,fc_vol x trail_rv_5,rest30_eff_mfe,interaction,prior RTH,-0.020683167842114755,-0.2412567229816678,138,-0.06709532926344688,-0.6450092739190691,94
FUTURES,NQ,trail_rv_5,rest30_eff_vol,main,prior RTH,0.0337707784353804,0.49082885855148695,213,0.16169490300906694,1.5716040834141414,94
FUTURES,NQ,fc_vol x trail_rv_5,rest30_eff_vol,interaction,prior RTH,0.013331385034783975,0.15548314695835647,138,0.13968861756312537,1.3531127713106823,94
FUTURES,NQ,trail_rv_20,eff_range,main,prior RTH,0.043380260787091895,0.6078959039186093,198,0.15435465809341473,1.4984763513848616,94
FUTURES,NQ,fc_vol x trail_rv_20,eff_range,interaction,prior RTH,-0.00915319791136307,-0.10674818524054071,138,0.08978073185709641,0.8646383218615997,94
FUTURES,NQ,trail_rv_20,eff_mfe,main,prior RTH,-0.10265220219395008,-1.4447630671602534,198,0.07806234873388,0.7510395586952001,94
FUTURES,NQ,fc_vol x trail_rv_20,eff_mfe,interaction,prior RTH,-0.16346776228153628,-1.932337817944527,138,-0.00965935772856988,-0.09265362711965636,94
FUTURES,NQ,trail_rv_20,rest1_eff_range,main,prior RTH,0.058346647867857974,0.8182470495815473,198,0.13081674673987645,1.265626231286017,94
FUTURES,NQ,fc_vol x trail_rv_20,rest1_eff_range,interaction,prior RTH,0.0011803949414254695,0.0137656618308147,138,0.07417548676082796,0.7134316338464805,94
FUTURES,NQ,trail_rv_20,rest1_eff_mfe,main,prior RTH,-0.0668818635555875,-0.9384473659781182,198,0.02513455911570278,0.2411584093356947,94
FUTURES,NQ,fc_vol x trail_rv_20,rest1_eff_mfe,interaction,prior RTH,-0.1612392092038841,-1.9052861381034265,138,-0.06424881696347938,-0.6175288734434305,94
FUTURES,NQ,trail_rv_20,rest1_eff_vol,main,prior RTH,0.03663216868838887,0.5131948093383429,198,0.16611638911967633,1.6157818566289015,94
FUTURES,NQ,fc_vol x trail_rv_20,rest1_eff_vol,interaction,prior RTH,-0.014335976474295015,-0.16720196094940576,138,0.12509482353791135,1.20936722931863,94
FUTURES,NQ,trail_rv_20,rest5_eff_range,main,prior RTH,0.044275368536266936,0.6204636078079763,198,0.05786222591482137,0.555926385462388,94
FUTURES,NQ,fc_vol x trail_rv_20,rest5_eff_range,interaction,prior RTH,-0.009778784398694942,-0.11404469570865938,138,0.08704981396524943,0.8381340743106166,94
FUTURES,NQ,trail_rv_20,rest5_eff_mfe,main,prior RTH,-0.13220617778942395,-1.8672770007885016,198,0.04240147382870354,0.407066743860983,94
FUTURES,NQ,fc_vol x trail_rv_20,rest5_eff_mfe,interaction,prior RTH,-0.191628100249093,-2.276945712468105,138,0.051475634866163356,0.49439238510487116,94
FUTURES,NQ,trail_rv_20,rest5_eff_vol,main,prior RTH,0.030754449064272292,0.4307660521427511,198,0.12623631831810136,1.2205806334971272,94
FUTURES,NQ,fc_vol x trail_rv_20,rest5_eff_vol,interaction,prior RTH,-0.01951418871250191,-0.22761593390480894,138,0.152129465737095,1.476358539727723,94
FUTURES,NQ,trail_rv_20,rest15_eff_range,main,prior RTH,0.020065718532672593,0.2809766303925962,198,0.12417006827294728,1.2002865320805398,94
FUTURES,NQ,fc_vol x trail_rv_20,rest15_eff_range,interaction,prior RTH,0.006564091792259623,0.07655145616361375,138,0.1778203229418777,1.7332149152338938,94
FUTURES,NQ,trail_rv_20,rest15_eff_mfe,main,prior RTH,-0.04273559769312645,-0.5988454627213827,198,0.1844525521077918,1.8000937818467484,94
FUTURES,NQ,fc_vol x trail_rv_20,rest15_eff_mfe,interaction,prior RTH,-0.09158905817269382,-1.0726110879093278,138,0.2266156124697468,2.231679356655666,94
FUTURES,NQ,trail_rv_20,rest15_eff_vol,main,prior RTH,-0.0035904797020017793,-0.050267039838959415,198,0.1424917819600477,1.3808230989825268,94
FUTURES,NQ,fc_vol x trail_rv_20,rest15_eff_vol,interaction,prior RTH,-0.019094086837797293,-0.2227140063540937,138,0.18468374092403278,1.8024296006740068,94
FUTURES,NQ,trail_rv_20,rest30_eff_range,main,prior RTH,0.041902328130422925,0.5871482792585445,198,0.045305783332731275,0.435004485271837,94
FUTURES,NQ,fc_vol x trail_rv_20,rest30_eff_range,interaction,prior RTH,0.04793956012593923,0.5597100711052181,138,0.014138641043239534,0.13562663746326656,94
FUTURES,NQ,trail_rv_20,rest30_eff_mfe,main,prior RTH,0.006333003272013042,0.08866382384291849,198,-0.08002745367192864,-0.7700662344804066,94
FUTURES,NQ,fc_vol x trail_rv_20,rest30_eff_mfe,interaction,prior RTH,-0.013619063492462138,-0.15883893947302374,138,-0.1246035473033992,-1.2045427118369312,94
FUTURES,NQ,trail_rv_20,rest30_eff_vol,main,prior RTH,0.02400171910158391,0.336120898056753,198,0.0679189394213055,0.6529633765411191,94
FUTURES,NQ,fc_vol x trail_rv_20,rest30_eff_vol,interaction,prior RTH,0.03495293260789654,0.4078669604454157,138,0.04874471697431637,0.4680993443743613,94
FUTURES,NQ,vol_state,eff_range,main,prior RTH,-0.015783424119520845,-0.22099546619382923,198,0.1470144131777625,1.4256028154532034,94
FUTURES,NQ,fc_vol x vol_state,eff_range,interaction,prior RTH,-0.07187623433465223,-0.8403873421650299,138,0.1644980674059892,1.5996007469284372,94
FUTURES,NQ,vol_state,eff_mfe,main,prior RTH,-0.0006407984549723618,-0.008971180211498194,198,-0.009630459126539752,-0.09237640278445315,94
FUTURES,NQ,fc_vol x vol_state,eff_mfe,interaction,prior RTH,-0.019025613686216483,-0.22191504371906187,138,0.0038073908174692046,0.036519474506196366,94
FUTURES,NQ,vol_state,rest1_eff_range,main,prior RTH,-0.028825097646361326,-0.4037191242385541,198,0.14757793591735,1.4311887358651827,94
FUTURES,NQ,fc_vol x vol_state,rest1_eff_range,interaction,prior RTH,-0.07999515969579143,-0.9358951641615342,138,0.15841491167864755,1.5388946423035765,94
FUTURES,NQ,vol_state,rest1_eff_mfe,main,prior RTH,-0.02664530157324076,-0.3731667145232608,198,-0.022822670953292632,-0.21896440350206192,94
FUTURES,NQ,fc_vol x vol_state,rest1_eff_mfe,interaction,prior RTH,-0.048784330200073514,-0.5695963632799613,138,-0.008156630423003287,-0.07823825327633488,94
FUTURES,NQ,vol_state,rest1_eff_vol,main,prior RTH,0.0018033561129752749,0.025247026634529927,198,0.16298089079940759,1.5844430173796107,94
FUTURES,NQ,fc_vol x vol_state,rest1_eff_vol,interaction,prior RTH,-0.04938251873905509,-0.576597666668342,138,0.1693241339450204,1.6478949526451894,94
FUTURES,NQ,vol_state,rest5_eff_range,main,prior RTH,-0.02432636958055931,-0.34066998856884345,198,0.2919409023588484,2.9277418591559345,94
FUTURES,NQ,fc_vol x vol_state,rest5_eff_range,interaction,prior RTH,-0.07305891243844022,-0.8542889867720945,138,0.2951341978831774,2.9628034592691797,94
FUTURES,NQ,vol_state,rest5_eff_mfe,main,prior RTH,-0.07167896087111453,-1.0060933707755262,198,0.2267312068778673,2.2328793888524263,94
FUTURES,NQ,fc_vol x vol_state,rest5_eff_mfe,interaction,prior RTH,-0.07540143702239097,-0.8818346584352857,138,0.22034461582920928,2.1667248820778378,94
FUTURES,NQ,vol_state,rest5_eff_vol,main,prior RTH,0.00935225272648429,0.13093726448576043,198,0.28548206480511507,2.8571508117512887,94
FUTURES,NQ,fc_vol x vol_state,rest5_eff_vol,interaction,prior RTH,-0.03804890077148056,-0.4440441620700461,138,0.2837048007802623,2.8378013805669835,94
FUTURES,NQ,vol_state,rest15_eff_range,main,prior RTH,0.0042150453853639835,0.0590111596114826,198,0.26275331430842036,2.61201967263837,94
FUTURES,NQ,fc_vol x vol_state,rest15_eff_range,interaction,prior RTH,-0.037331987789647685,-0.43566574446263845,138,0.2675938301484666,2.6638143493789417,94
FUTURES,NQ,vol_state,rest15_eff_mfe,main,prior RTH,-0.018949539266861923,-0.2653411940399691,198,0.09137015496875339,0.8800730858931534,94
FUTURES,NQ,fc_vol x vol_state,rest15_eff_mfe,interaction,prior RTH,0.02026763229213519,0.23640773824423278,138,0.08155907957952534,0.7849021041313337,94
FUTURES,NQ,vol_state,rest15_eff_vol,main,prior RTH,0.02213111396082087,0.3099114999356153,198,0.23739479102698408,2.3440187081890267,94
FUTURES,NQ,fc_vol x vol_state,rest15_eff_vol,interaction,prior RTH,-0.010765110539305778,-0.12554895838958902,138,0.23914315644980672,2.3623250428092084,94
FUTURES,NQ,vol_state,rest30_eff_range,main,prior RTH,0.005878492601447478,0.08230031844523927,198,0.26838854170429505,2.672338569880607,94
FUTURES,NQ,fc_vol x vol_state,rest30_eff_range,interaction,prior RTH,-0.09963948866295727,-1.1677975536441627,138,0.2784308059097641,2.7805684631169134,94
FUTURES,NQ,vol_state,rest30_eff_mfe,main,prior RTH,-0.0023707214738513363,-0.03319019390381015,198,0.05430769786511577,0.5216709957470705,94
FUTURES,NQ,fc_vol x vol_state,rest30_eff_mfe,interaction,prior RTH,-0.02275171294256248,-0.26539698638496295,138,0.04180905248708594,0.4013692933207631,94
FUTURES,NQ,vol_state,rest30_eff_vol,main,prior RTH,0.016550217631767512,0.23173478622163554,198,0.24943105877253186,2.470546317884141,94
FUTURES,NQ,fc_vol x vol_state,rest30_eff_vol,interaction,prior RTH,-0.07871202244805234,-0.9207888764229929,138,0.25567315681103925,2.5366403797436945,94
FUTURES,NQ,fc_vol,eff_range,main,prior RTH,-0.021833881672827397,-0.25468534125349407,138,-0.010584112993533939,-0.10152493222713023,94
FUTURES,NQ,fc_vol,eff_mfe,main,prior RTH,-0.12896913960078127,-1.5166921894296035,138,-0.09142795217281366,-0.8806344771017086,94
FUTURES,NQ,fc_vol,rest1_eff_range,main,prior RTH,-0.04263349079543093,-0.49764013253972444,138,-0.010873099013835204,-0.10429726743032038,94
FUTURES,NQ,fc_vol,rest1_eff_mfe,main,prior RTH,-0.17944057955793408,-2.127144859709283,138,-0.13071560163277102,-1.2646306547496526,94
FUTURES,NQ,fc_vol,rest1_eff_vol,main,prior RTH,-0.03244145400911895,-0.37852835858435013,138,0.05309395657985045,0.5099786554273623,94
FUTURES,NQ,fc_vol,rest5_eff_range,main,prior RTH,-0.02285217208651359,-0.2665694455316661,138,0.10212043492396054,0.984652523395567,94
FUTURES,NQ,fc_vol,rest5_eff_mfe,main,prior RTH,-0.13208779215916377,-1.5540113379669238,138,0.08538814434851714,0.8220165078848337,94
FUTURES,NQ,fc_vol,rest5_eff_vol,main,prior RTH,-0.017258424298327125,-0.2012960643007499,138,0.16007658129537986,1.5554588966339828,94
FUTURES,NQ,fc_vol,rest15_eff_range,main,prior RTH,0.013696691012787992,0.1597444775107158,138,0.17299425640284652,1.6847031671691137,94
FUTURES,NQ,fc_vol,rest15_eff_mfe,main,prior RTH,-0.050282084709889964,-0.5871275176996226,138,0.22183289383376079,2.1821144110476034,94
FUTURES,NQ,fc_vol,rest15_eff_vol,main,prior RTH,0.003924756101180623,0.045770480568942146,138,0.1818661272260954,1.7739827912632058,94
FUTURES,NQ,fc_vol,rest30_eff_range,main,prior RTH,0.01098886045083324,0.12815877147925114,138,0.0107575046057147,0.10318833025156542,94
FUTURES,NQ,fc_vol,rest30_eff_mfe,main,prior RTH,-0.023966355319425828,-0.27957363307418,138,-0.09411552216161544,-0.906749178899193,94
FUTURES,NQ,fc_vol,rest30_eff_vol,main,prior RTH,0.017157965154376023,0.2001239988547742,138,0.05237149152909728,0.5030200085416212,94
FUTURES,NQ,on_ret_pct,eff_range,main,overnight,0.029460770998958104,0.433171161710901,218,0.26204529855868225,2.60446162235689,94
FUTURES,NQ,fc_vol x on_ret_pct,eff_range,interaction,overnight,0.0524510889542888,0.6125226940599734,138,0.24937326156847164,2.4699358871382837,94
FUTURES,NQ,on_ret_pct,eff_mfe,main,overnight,0.0589777366066528,0.8683036228408526,218,0.09482353791135355,0.9136321626684991,94
FUTURES,NQ,fc_vol x on_ret_pct,eff_mfe,interaction,overnight,0.09496596371828733,1.112511907473619,138,0.09032980529566882,0.8699695720812531,94
FUTURES,NQ,on_ret_pct,rest1_eff_range,main,overnight,0.030837418995019735,0.4534312948433889,218,0.24132500090308132,2.385204349102126,94
FUTURES,NQ,fc_vol x on_ret_pct,rest1_eff_range,interaction,overnight,0.061848585238442055,0.7226557434340284,138,0.23284326120723908,2.2964743663341127,94
FUTURES,NQ,on_ret_pct,rest1_eff_mfe,main,overnight,0.06653099117433625,0.9799731513726532,218,0.05780442871076112,0.5553692211785973,94
FUTURES,NQ,fc_vol x on_ret_pct,rest1_eff_mfe,interaction,overnight,0.10928356648226323,1.2821336304546724,138,0.06609832749340751,0.6353823939228959,94
FUTURES,NQ,on_ret_pct,rest1_eff_vol,main,overnight,0.05059973857178185,0.7446150861355497,218,0.28686919770256114,2.8722750907274857,94
FUTURES,NQ,fc_vol x on_ret_pct,rest1_eff_vol,interaction,overnight,0.07467082506638294,0.8732418621666674,138,0.2810894772965358,2.809385582847711,94
FUTURES,NQ,on_ret_pct,rest5_eff_range,main,overnight,0.011150371032317136,0.1638865052160511,218,0.289340028176137,2.899264067290212,94
FUTURES,NQ,fc_vol x on_ret_pct,rest5_eff_range,interaction,overnight,-0.004449883444561393,-0.05189462640310922,138,0.27791063107322184,2.7749384651740043,94
FUTURES,NQ,on_ret_pct,rest5_eff_mfe,main,overnight,0.036404777059181576,0.535393666294065,218,0.08616840660333056,0.8295838874693209,94
FUTURES,NQ,fc_vol x on_ret_pct,rest5_eff_mfe,interaction,overnight,0.027939057830219476,0.32594984597673604,138,0.09947621283820396,0.958898508408037,94
FUTURES,NQ,on_ret_pct,rest5_eff_vol,main,overnight,0.03261713738996878,0.47962726110966997,218,0.3020843116714229,3.039492327723985,94
FUTURES,NQ,fc_vol x on_ret_pct,rest5_eff_vol,interaction,overnight,0.027327170317062752,0.3188058913272161,138,0.29040927645125164,2.910963068499631,94
FUTURES,NQ,on_ret_pct,rest15_eff_range,main,overnight,0.003711772120705433,0.054552062213355124,218,0.1485315897843442,1.440645081075041,94
FUTURES,NQ,fc_vol x on_ret_pct,rest15_eff_range,interaction,overnight,-0.06622312432504013,-0.7739867295985843,138,0.13451576779973268,1.3020637867701743,94
FUTURES,NQ,on_ret_pct,rest15_eff_mfe,main,overnight,0.006447674684609499,0.09476304781781636,218,-0.09032980529566882,-0.8699695720812531,94
FUTURES,NQ,fc_vol x on_ret_pct,rest15_eff_mfe,interaction,overnight,-0.017057506010424918,-0.19895193947134557,138,-0.08813351154137919,-0.8486493196561347,94
FUTURES,NQ,on_ret_pct,rest15_eff_vol,main,overnight,0.03089590419472406,0.4542920780992843,218,0.1642379799877181,1.597001453667008,94
FUTURES,NQ,fc_vol x on_ret_pct,rest15_eff_vol,interaction,overnight,-0.026381941098977367,-0.30777078280587056,138,0.14905176462088646,1.4458048179736143,94
FUTURES,NQ,on_ret_pct,rest30_eff_range,main,overnight,-0.06825106606998793,-1.005426193263804,218,0.17975652927789618,1.7527137836535487,94
FUTURES,NQ,fc_vol x on_ret_pct,rest30_eff_range,interaction,overnight,-0.10168976846450481,-1.1920758273090786,138,0.16980096087851748,1.652673095573172,94
FUTURES,NQ,on_ret_pct,rest30_eff_mfe,main,overnight,0.018068894501493918,0.2656007913388428,218,0.04803670122457827,0.46128437192850036,94
FUTURES,NQ,fc_vol x on_ret_pct,rest30_eff_mfe,interaction,overnight,0.05026381941098978,0.5869136994569103,138,0.05660513672651085,0.5438093181912862,94
FUTURES,NQ,on_ret_pct,rest30_eff_vol,main,overnight,-0.032405168564444024,-0.4765070225945615,218,0.1979048513528158,1.9365389989800146,94
FUTURES,NQ,fc_vol x on_ret_pct,rest30_eff_vol,interaction,overnight,-0.0659126142437367,-0.7703417516287752,138,0.18750135462197015,1.8309224241107465,94
FUTURES,NQ,on_abs_ret_pct,eff_range,main,overnight,-0.004677792906457462,-0.06874998664839263,218,-0.12388108225264603,-1.1974494668347846,94
FUTURES,NQ,fc_vol x on_abs_ret_pct,eff_range,interaction,overnight,-0.057825653155672854,-0.675487498971764,138,-0.11444568868980963,-1.104984778380352,94
FUTURES,NQ,on_abs_ret_pct,eff_mfe,main,overnight,-0.015119868115970783,-0.2222411759492424,218,-0.03233031102120435,-0.3102636432853998,94
FUTURES,NQ,fc_vol x on_abs_ret_pct,eff_mfe,interaction,overnight,-0.08618491124772588,-1.0088338542633803,138,-0.05971173644474948,-0.573758635050123,94
FUTURES,NQ,on_abs_ret_pct,rest1_eff_range,main,overnight,-0.01893125403052258,-0.27828134682049427,218,-0.09868150128237546,-0.9511622667166777,94
FUTURES,NQ,fc_vol x on_abs_ret_pct,rest1_eff_range,interaction,overnight,-0.09245209354572831,-1.0828049287947166,138,-0.0883647003576202,-0.8508929637299902,94
FUTURES,NQ,on_abs_ret_pct,rest1_eff_mfe,main,overnight,-0.0362287155210408,-0.5328009731068049,218,-0.08121229635516382,-0.7815425529369754,94
FUTURES,NQ,fc_vol x on_abs_ret_pct,rest1_eff_mfe,interaction,overnight,-0.1539422222932539,-1.8169173103920109,138,-0.11060217461980276,-1.0674075941266237,94
FUTURES,NQ,on_abs_ret_pct,rest1_eff_vol,main,overnight,-0.031296675853912936,-0.4601907483975547,218,-0.09496803092150417,-0.9150370247689723,94
FUTURES,NQ,fc_vol x on_abs_ret_pct,rest1_eff_vol,interaction,overnight,-0.10273089050181625,-1.2044100712770374,138,-0.07469566159737023,-0.7184627311659448,94
FUTURES,NQ,on_abs_ret_pct,rest5_eff_range,main,overnight,-0.055955715889959214,-0.8236681935767242,218,-0.16319763031463352,-1.586607697528641,94
FUTURES,NQ,fc_vol x on_abs_ret_pct,rest5_eff_range,interaction,overnight,-0.11714221133407457,-1.375571803011244,138,-0.12652530433840264,-1.223420249670285,94
FUTURES,NQ,on_abs_ret_pct,rest5_eff_mfe,main,overnight,-0.12352280605026209,-1.829417242992902,218,-0.008590109453455189,-0.08239647548441319,94
FUTURES,NQ,fc_vol x on_abs_ret_pct,rest5_eff_mfe,interaction,overnight,-0.17479662731255807,-2.0703351719185563,138,-0.007202976556009102,-0.06909031638322526,94
FUTURES,NQ,on_abs_ret_pct,rest5_eff_vol,main,overnight,-0.06125841142685714,-0.9020051224720858,218,-0.10901275150814578,-1.051882430010326,94
FUTURES,NQ,fc_vol x on_abs_ret_pct,rest5_eff_vol,interaction,overnight,-0.12042539881138567,-1.4146849546004305,138,-0.06504352851930788,-0.6251995141297954,94
FUTURES,NQ,on_abs_ret_pct,rest15_eff_range,main,overnight,0.0354752519085178,0.5217059791768741,218,-0.03315392117906297,-0.31817615553239387,94
FUTURES,NQ,fc_vol x on_abs_ret_pct,rest15_eff_range,interaction,overnight,-0.007541285283420359,-0.08794824431300084,138,-0.003865188021529458,-0.03707385805115667,94
FUTURES,NQ,on_abs_ret_pct,rest15_eff_mfe,main,overnight,-0.017657698145967755,-0.25955456991105974,218,0.12901058411299354,1.2478540985773465,94
FUTURES,NQ,fc_vol x on_abs_ret_pct,rest15_eff_mfe,interaction,overnight,-0.03042770480537182,-0.3550093458906764,138,0.1486471841924647,1.441791583433177,94
FUTURES,NQ,on_abs_ret_pct,rest15_eff_vol,main,overnight,0.01664186940287918,0.24461840652031897,218,-0.016306036195499043,-0.15642280157615562,94
FUTURES,NQ,fc_vol x on_abs_ret_pct,rest15_eff_vol,interaction,overnight,-0.039523823657671764,-0.461283462688705,138,0.016147093884333344,0.1548976781677096,94
FUTURES,NQ,on_abs_ret_pct,rest30_eff_range,main,overnight,-0.07033600533744451,-1.0362904639891215,218,-0.2064299389517032,-2.0235917831826433,94
FUTURES,NQ,fc_vol x on_abs_ret_pct,rest30_eff_range,interaction,overnight,-0.06511350741685293,-0.7609623245661933,138,-0.19488494744066756,-1.9058125904541814,94
FUTURES,NQ,on_abs_ret_pct,rest30_eff_mfe,main,overnight,-0.07037654582320062,-1.0368907365217916,218,-0.02449878987103999,-0.23505468689959824,94
FUTURES,NQ,fc_vol x on_abs_ret_pct,rest30_eff_mfe,interaction,overnight,-0.15910673555728566,-1.8794287575462716,138,-0.07015858107864031,-0.6745997840980156,94
FUTURES,NQ,on_abs_ret_pct,rest30_eff_vol,main,overnight,-0.07412711990543641,-1.0924472595791626,218,-0.1747281725246541,-1.7021179292292772,94
FUTURES,NQ,fc_vol x on_abs_ret_pct,rest30_eff_vol,interaction,overnight,-0.06280751343070258,-0.7339041558774378,138,-0.15068453563558862,-1.4620086548672846,94
FUTURES,NQ,on_range_pct,eff_range,main,overnight,0.08080935025763478,1.1915469103351157,218,-0.1442545966838854,-1.3982665043126914,94
FUTURES,NQ,fc_vol x on_range_pct,eff_range,interaction,overnight,-0.017240158999426925,-0.20108296103985496,138,-0.12198822381967271,-1.1788743050079633,94
FUTURES,NQ,on_range_pct,eff_mfe,main,overnight,-0.016568901326456817,-0.2435455554816872,218,-0.08999747137232238,-0.8667426675126513,94
FUTURES,NQ,fc_vol x on_range_pct,eff_mfe,interaction,overnight,-0.10361002629071212,-1.214828366639181,138,-0.10106563594986094,-0.9743765673166591,94
FUTURES,NQ,on_range_pct,rest1_eff_range,main,overnight,0.06164703879175676,0.9077492628877998,218,-0.1125239316548062,-1.0861900137109728,94
FUTURES,NQ,fc_vol x on_range_pct,rest1_eff_range,interaction,overnight,-0.04603996904031836,-0.537483637938382,138,-0.09453455189105227,-0.9108226131793301,94
FUTURES,NQ,on_range_pct,rest1_eff_mfe,main,overnight,-0.06452249968001973,-0.9502633156630406,218,-0.12074558393237726,-1.166687037145268,94
FUTURES,NQ,fc_vol x on_range_pct,rest1_eff_mfe,interaction,overnight,-0.17833552897447194,-2.113613567083907,138,-0.1346313622078532,-1.3032033449792846,94
FUTURES,NQ,on_range_pct,rest1_eff_vol,main,overnight,0.057694323579099406,0.8493446804308689,218,-0.06926272441570638,-0.6659440095982827,94
FUTURES,NQ,fc_vol x on_range_pct,rest1_eff_vol,interaction,overnight,-0.03541869772985166,-0.4133087712883638,138,-0.03776324820286819,-0.3624708976688041,94
FUTURES,NQ,on_range_pct,rest5_eff_range,main,overnight,0.03540863940917454,0.5207251318436552,218,-0.10602174619802768,-1.0226889328969349,94
FUTURES,NQ,fc_vol x on_range_pct,rest5_eff_range,interaction,overnight,-0.053743358851478004,-0.6276569818296515,138,-0.05227034642199183,-0.5020458614327189,94
FUTURES,NQ,on_range_pct,rest5_eff_mfe,main,overnight,-0.10515912430234166,-1.5541342181256184,218,-0.0024636058230683095,-0.023630148644548845,94
FUTURES,NQ,fc_vol x on_range_pct,rest5_eff_mfe,interaction,overnight,-0.1558144154305245,-1.839560474524569,138,0.017042950547267274,0.16349398510245614,94
FUTURES,NQ,on_range_pct,rest5_eff_vol,main,overnight,0.040907087577294776,0.6017126092353223,218,-0.04588375537333382,-0.4405655306985098,94
FUTURES,NQ,fc_vol x on_range_pct,rest5_eff_vol,interaction,overnight,-0.039491859384596414,-0.46090982395080826,138,0.015612469746775999,0.14976780314109547,94
FUTURES,NQ,on_range_pct,rest15_eff_range,main,overnight,0.07516439895672242,1.107820397368531,218,0.037849944008958566,0.3633042406847125,94
FUTURES,NQ,fc_vol x on_range_pct,rest15_eff_range,interaction,overnight,0.044793362390379655,0.5229007318775247,138,0.07325073149586389,0.7044889039380026,94
FUTURES,NQ,on_range_pct,rest15_eff_mfe,main,overnight,-0.03415999244788665,-0.5023404840727973,218,0.1859119315103132,1.8148438434939598,94
FUTURES,NQ,fc_vol x on_range_pct,rest15_eff_mfe,interaction,overnight,0.004189602935233533,0.04885917515657976,138,0.20790376765523969,2.0386897137475413,94
FUTURES,NQ,on_range_pct,rest15_eff_vol,main,overnight,0.0715730693028021,1.0546096897556039,218,0.06475454249900661,0.6224100528034359,94
FUTURES,NQ,fc_vol x on_range_pct,rest15_eff_vol,interaction,overnight,0.031619515558609916,0.36892822050834373,138,0.09894158870064661,0.9536939245691058,94
FUTURES,NQ,on_range_pct,rest30_eff_range,main,overnight,-0.03645921714005406,-0.5361953644121144,218,-0.09441895748293176,-0.909698858477741,94
FUTURES,NQ,fc_vol x on_range_pct,rest30_eff_range,interaction,overnight,-0.009879243542646047,-0.11521641037576918,138,-0.06926272441570638,-0.6659440095982827,94
FUTURES,NQ,on_range_pct,rest30_eff_mfe,main,overnight,-0.04649935801245055,-0.6841382217287256,218,0.04263266264494456,0.40929025554267784,94
FUTURES,NQ,fc_vol x on_range_pct,rest30_eff_mfe,interaction,overnight,-0.05341458347127438,-0.6238062654174523,138,-0.00718852725499404,-0.06895171279166432,94
FUTURES,NQ,on_range_pct,rest30_eff_vol,main,overnight,-0.026561547117600417,-0.39051120351710794,218,-0.06002962106708088,-0.5768241449674479,94
FUTURES,NQ,fc_vol x on_range_pct,rest30_eff_vol,interaction,overnight,-0.0057695512901008925,-0.06728507194754951,138,-0.028197810930896215,-0.2705714904261942,94
FUTURES,NQ,on_atr_pct,eff_range,main,overnight,0.08602285672586929,1.2689765193409182,218,-0.08116894845211862,-0.7811226291530877,94
FUTURES,NQ,fc_vol x on_atr_pct,eff_range,interaction,overnight,-0.029276990974659176,-0.34157187121302895,138,-0.061315608857421516,-0.5892273333710197,94
FUTURES,NQ,on_atr_pct,eff_mfe,main,overnight,-0.043131035285582105,-0.6344846073699487,218,-0.11092005924213415,-1.0705136178569392,94
FUTURES,NQ,fc_vol x on_atr_pct,eff_mfe,interaction,overnight,-0.12964039010165107,-1.524720757823669,138,-0.11362207853195103,-1.0969283531965397,94
FUTURES,NQ,on_atr_pct,rest1_eff_range,main,overnight,0.06769857676792326,0.9972496869300566,218,-0.06135895676046671,-0.5896454693357966,94
FUTURES,NQ,fc_vol x on_atr_pct,rest1_eff_range,interaction,overnight,-0.047108489025980096,-0.5499852719878946,138,-0.045782610266228374,-0.43959231590191145,94
FUTURES,NQ,on_atr_pct,rest1_eff_mfe,main,overnight,-0.08115568183595118,-1.1966874096936249,218,-0.15017881010006143,-1.456988465517002,94
FUTURES,NQ,fc_vol x on_atr_pct,rest1_eff_mfe,interaction,overnight,-0.18037667612656938,-2.138613824917486,138,-0.14558393237727124,-1.4114295294474521,94
FUTURES,NQ,on_atr_pct,rest1_eff_vol,main,overnight,0.06700473570788612,0.986982564948114,218,-0.001365458945923491,-0.013097034322871215,94
FUTURES,NQ,fc_vol x on_atr_pct,rest1_eff_vol,interaction,overnight,-0.03341408117555463,-0.38988951666012744,138,0.015511324639670558,0.14879730083136186,94
FUTURES,NQ,on_atr_pct,rest5_eff_range,main,overnight,0.06922287942854131,1.0198107008739032,218,0.03059639489939674,0.2936077713933782,94
FUTURES,NQ,fc_vol x on_atr_pct,rest5_eff_range,interaction,overnight,-0.029149133882357767,-0.3400789033536102,138,0.053368493299136656,0.5126231512111573,94
FUTURES,NQ,on_atr_pct,rest5_eff_mfe,main,overnight,-0.08099351989292677,-1.1942804327119096,218,0.053137304482895636,0.51039619966805,94
FUTURES,NQ,fc_vol x on_atr_pct,rest5_eff_mfe,interaction,overnight,-0.1288091710065778,-1.5147791800392605,138,0.059653939240689235,0.5732012884597435,94
FUTURES,NQ,on_atr_pct,rest5_eff_vol,main,overnight,0.07133098468785853,1.0510243653854099,218,0.10200484051584005,0.9835262281324307,94
FUTURES,NQ,fc_vol x on_atr_pct,rest5_eff_vol,interaction,overnight,-0.01749587318402973,-0.20406642511484555,138,0.11850594227504245,1.1447356264845705,94
FUTURES,NQ,on_atr_pct,rest15_eff_range,main,overnight,0.05810206186074757,0.8553674438636868,218,0.07957952534046166,0.7657284847200484,94
FUTURES,NQ,fc_vol x on_atr_pct,rest15_eff_range,interaction,overnight,0.013226359566107824,0.1542580260242698,138,0.12029765560091031,1.1622953201560746,94
FUTURES,NQ,on_atr_pct,rest15_eff_mfe,main,overnight,-0.06812596971394054,-1.0035747620083022,218,0.2094642921648665,2.0546915788774314,94
FUTURES,NQ,fc_vol x on_atr_pct,rest15_eff_mfe,interaction,overnight,-0.04403535248602133,-0.514034671346812,138,0.21781598815157316,2.140614019440646,94
FUTURES,NQ,on_atr_pct,rest15_eff_vol,main,overnight,0.05520050455530272,0.8125172716177792,218,0.1081024455441968,1.0429944304581524,94
FUTURES,NQ,fc_vol x on_atr_pct,rest15_eff_vol,interaction,overnight,0.008979677571811163,0.1047243581938749,138,0.1382147888595889,1.338556778731015,94
FUTURES,NQ,on_atr_pct,rest30_eff_range,main,overnight,0.01873375846789396,0.27537722183409297,218,-0.06943611602788716,-0.6676191937829102,94
FUTURES,NQ,fc_vol x on_atr_pct,rest30_eff_range,interaction,overnight,0.01450493048912187,0.16917290117426387,138,-0.04292164866524582,-0.41206973781220335,94
FUTURES,NQ,on_atr_pct,rest30_eff_mfe,main,overnight,-0.02819243294458868,-0.41450721259387935,218,-0.07231152692988477,-0.6954083137232167,94
FUTURES,NQ,fc_vol x on_atr_pct,rest30_eff_mfe,interaction,overnight,-0.028619440214251952,-0.3338939279486795,138,-0.08566268106780334,-0.8246789299461227,94
FUTURES,NQ,on_atr_pct,rest30_eff_vol,main,overnight,0.02858857140540543,0.42033628139170254,218,-0.01055521439150381,-0.10124770011756917,94
FUTURES,NQ,fc_vol x on_atr_pct,rest30_eff_vol,interaction,overnight,0.026053165718773755,0.3039326793427783,138,0.00893689267781671,0.08572308658574146,94
FUTURES,NQ,on_rv_pct,eff_range,main,overnight,0.08340162474683913,1.2300339654609087,218,-0.08683307445002347,-0.836031386263728,94
FUTURES,NQ,fc_vol x on_rv_pct,eff_range,interaction,overnight,-0.03396204014256066,-0.3962906554019262,138,-0.05953834483256873,-0.5720866126296847,94
FUTURES,NQ,on_rv_pct,eff_mfe,main,overnight,-0.04859531519802644,-0.7150471493769137,218,-0.12159809269226601,-1.175047466629496,94
FUTURES,NQ,fc_vol x on_rv_pct,eff_mfe,interaction,overnight,-0.12707411267655716,-1.4940379052686021,138,-0.10470685980565689,-1.0098640101586975,94
FUTURES,NQ,on_rv_pct,rest1_eff_range,main,overnight,0.06266923847861043,0.9228599594475969,218,-0.062428205035581406,-0.5999605559899537,94
FUTURES,NQ,fc_vol x on_rv_pct,rest1_eff_range,interaction,overnight,-0.0512684108505008,-0.5986745855736229,138,-0.045724813062168114,-0.4390361992458317,94
FUTURES,NQ,on_rv_pct,rest1_eff_mfe,main,overnight,-0.09119698100794073,-1.3459250581578803,218,-0.1598598417801539,-1.5532975754941634,94
FUTURES,NQ,fc_vol x on_rv_pct,rest1_eff_mfe,interaction,overnight,-0.1784953503398487,-2.1155700598777814,138,-0.14343098652602682,-1.3901150356420422,94
FUTURES,NQ,on_rv_pct,rest1_eff_vol,main,overnight,0.044520982307552866,0.6549715744104495,218,-0.002897084853520211,-0.02778797834634231,94
FUTURES,NQ,fc_vol x on_rv_pct,rest1_eff_vol,interaction,overnight,-0.04212206242622531,-0.49165980124090086,138,0.015453527435610305,0.14824273013621492,94
FUTURES,NQ,on_rv_pct,rest5_eff_range,main,overnight,0.053201279457730455,0.7830048142741212,218,0.023299497886789724,0.22354161776190973,94
FUTURES,NQ,fc_vol x on_rv_pct,rest5_eff_range,interaction,overnight,-0.03986629801205053,-0.46528682412270655,138,0.050536430300184225,0.48534858058061897,94
FUTURES,NQ,on_rv_pct,rest5_eff_mfe,main,overnight,-0.10586221215531175,-1.5646424426677858,218,0.03494563450493082,0.3353916033543091,94
FUTURES,NQ,fc_vol x on_rv_pct,rest5_eff_mfe,interaction,overnight,-0.13872722830938677,-1.6336196630024764,138,0.05471227829353755,0.5255689552984186,94
FUTURES,NQ,on_rv_pct,rest5_eff_vol,main,overnight,0.04437271995964484,0.652786098816696,218,0.0967308456453419,0.9321810695489762,94
FUTURES,NQ,fc_vol x on_rv_pct,rest5_eff_vol,interaction,overnight,-0.028624006538977002,-0.33394724549171667,138,0.11895387060650942,1.1491244795108073,94
FUTURES,NQ,on_rv_pct,rest15_eff_range,main,overnight,0.04259590071864002,0.6265980425702686,218,0.07985406205974786,0.7683870499930949,94
FUTURES,NQ,fc_vol x on_rv_pct,rest15_eff_range,interaction,overnight,0.014514063138571972,0.16927943889508634,138,0.11022649279341111,1.0637372663131648,94
FUTURES,NQ,on_rv_pct,rest15_eff_mfe,main,overnight,-0.0823023984330523,-1.213710916930765,218,0.16712784019073076,1.6259018585010603,94
FUTURES,NQ,fc_vol x on_rv_pct,rest15_eff_mfe,interaction,overnight,-0.0364872177155134,-0.42579395032391615,138,0.1937723512625077,1.8945065924409807,94
FUTURES,NQ,on_rv_pct,rest15_eff_vol,main,overnight,0.03127003496327321,0.4597986333941727,218,0.11500921142939712,1.1104983984584278,94
FUTURES,NQ,fc_vol x on_rv_pct,rest15_eff_vol,interaction,overnight,0.007121183408715744,0.08304866155873061,138,0.13373550554491925,1.2943731823125473,94
FUTURES,NQ,on_rv_pct,rest30_eff_range,main,overnight,0.0006399605251498694,0.009405462378845729,218,-0.05484232200267311,-0.5268219259143938,94
FUTURES,NQ,fc_vol x on_rv_pct,rest30_eff_range,interaction,overnight,0.009217126457513772,0.10749380815273672,138,-0.03539356283639779,-0.3396959647185063,94
FUTURES,NQ,on_rv_pct,rest30_eff_mfe,main,overnight,-0.05378042925424617,-0.7915532062022815,218,-0.08728100278149044,-0.8403770737547177,94
FUTURES,NQ,fc_vol x on_rv_pct,rest30_eff_mfe,interaction,overnight,-0.029455077638936133,-0.3436513901396153,138,-0.07871256727955785,-0.757334163704401,94
FUTURES,NQ,on_rv_pct,rest30_eff_vol,main,overnight,0.00143802894474853,0.021134644752386206,218,0.013343929487411048,0.12800187190423973,94
FUTURES,NQ,fc_vol x on_rv_pct,rest30_eff_vol,interaction,overnight,0.016911383619223314,0.1972471365720486,138,0.021753422678177946,0.2087008861021197,94
FUTURES,NQ,on_closeloc,eff_range,main,overnight,0.021325459982620608,0.3134902648375033,218,0.16335657262579925,1.5881952796096739,94
FUTURES,NQ,fc_vol x on_closeloc,eff_range,interaction,overnight,0.07174381091762577,0.8388310102887242,138,0.14883502510566052,1.4436547786897878,94
FUTURES,NQ,on_closeloc,eff_mfe,main,overnight,0.09015919678826505,1.330482735133724,218,0.02296716396344327,0.22035142219417903,94
FUTURES,NQ,fc_vol x on_closeloc,eff_mfe,interaction,overnight,0.06853832920275203,0.8011713684395266,138,-0.035249069826247155,-0.33830743878170455,94
FUTURES,NQ,on_closeloc,rest1_eff_range,main,overnight,0.011540145528845153,0.1696161033036299,218,0.14075786583824007,1.3636787360351499,94
FUTURES,NQ,fc_vol x on_closeloc,rest1_eff_range,interaction,overnight,0.03834571187860882,0.44751313393655273,138,0.1257161434815591,1.215470119643977,94
FUTURES,NQ,on_closeloc,rest1_eff_mfe,main,overnight,0.08568465805683384,1.2639505683351626,218,0.033471805801394354,0.32123028030365924,94
FUTURES,NQ,fc_vol x on_closeloc,rest1_eff_mfe,interaction,overnight,0.02640477272260262,0.3080373214654185,138,-0.0350323303110212,-0.33622468967887825,94
FUTURES,NQ,on_closeloc,rest1_eff_vol,main,overnight,0.03752949683161691,0.5519575481397334,218,0.18234295415959254,1.7787936674842637,94
FUTURES,NQ,fc_vol x on_closeloc,rest1_eff_vol,interaction,overnight,0.07036021452593558,0.8225726762430627,138,0.18228515695553227,1.7782104619102252,94
FUTURES,NQ,on_closeloc,rest5_eff_range,main,overnight,0.027782402933743226,0.4084739392658315,218,0.21901528013582344,2.152992346611628,94
FUTURES,NQ,fc_vol x on_closeloc,rest5_eff_range,interaction,overnight,0.007733070921872465,0.09018502567971382,138,0.2382617490878879,2.353093197827345,94
FUTURES,NQ,on_closeloc,rest5_eff_mfe,main,overnight,0.102106455292378,1.5085366902276283,218,0.046750713434237624,0.44890793194019657,94
FUTURES,NQ,fc_vol x on_closeloc,rest5_eff_mfe,interaction,overnight,0.007285571098817549,0.08496588421257452,138,0.052544883141278045,0.5046900111461142,94
FUTURES,NQ,on_closeloc,rest5_eff_vol,main,overnight,0.044328138261631116,0.6521289464089669,218,0.20992666979734853,2.0594360188933694,94
FUTURES,NQ,fc_vol x on_closeloc,rest5_eff_vol,interaction,overnight,0.04286637335640849,0.5003634486887808,138,0.2394754903731532,2.365807508778236,94
FUTURES,NQ,on_closeloc,rest15_eff_range,main,overnight,0.029888200858532162,0.43946137887956116,218,0.1195173933460969,1.1546469509855357,94
FUTURES,NQ,fc_vol x on_closeloc,rest15_eff_range,interaction,overnight,-0.012495747610099795,-0.14573558470073536,138,0.1766354802586425,1.7212930408239349,94
FUTURES,NQ,on_closeloc,rest15_eff_mfe,main,overnight,0.05951171287366643,0.8761929395026671,218,-0.05137448975905791,-0.49341837416098117,94
FUTURES,NQ,fc_vol x on_closeloc,rest15_eff_mfe,interaction,overnight,-0.0029110320122194846,-0.033948319096368425,138,0.0225192356319763,0.21605170883272015,94
FUTURES,NQ,on_closeloc,rest15_eff_vol,main,overnight,0.039229881126575744,0.5770033188540942,218,0.11720550518368675,1.1319978008914717,94
FUTURES,NQ,fc_vol x on_closeloc,rest15_eff_vol,interaction,overnight,0.016687633707695854,0.19463668159490494,138,0.16790810244554422,1.6337123234772206,94
FUTURES,NQ,on_closeloc,rest30_eff_range,main,overnight,-0.0698993466319708,-1.0298252974869566,218,0.11904056641259979,1.149974017048256,94
FUTURES,NQ,fc_vol x on_closeloc,rest30_eff_range,interaction,overnight,-0.08525099945432417,-0.9978215159038852,138,0.1425206805620778,1.381108947815002,94
FUTURES,NQ,on_closeloc,rest30_eff_mfe,main,overnight,-0.02506271470175185,-0.36846091616644694,218,0.027417548676082797,0.2630787881083326,94
FUTURES,NQ,fc_vol x on_closeloc,rest30_eff_mfe,interaction,overnight,0.04180698602019684,0.4879756830310924,138,-0.015439078134595238,-0.1481040876948849,94
FUTURES,NQ,on_closeloc,rest30_eff_vol,main,overnight,-0.039596483053928926,-0.5824038237294081,218,0.10736553119242857,1.0358013285546823,94
FUTURES,NQ,fc_vol x on_closeloc,rest30_eff_vol,interaction,overnight,-0.04577512220626545,-0.5343852299206087,138,0.1365242206408265,1.3218713562651034,94
FUTURES,NQ,on_upper_wick,eff_range,main,overnight,0.04852234230253434,0.7139708667201196,218,0.05530469963515514,0.5312771507660067,94
FUTURES,NQ,fc_vol x on_upper_wick,eff_range,interaction,overnight,0.03486617243812059,0.406853319304905,138,0.07433442907199364,0.7149688512637205,94
FUTURES,NQ,on_upper_wick,eff_mfe,main,overnight,-0.06477562565588753,-0.9540069377527873,218,0.00016616696167322907,0.0015938175278549507,94
FUTURES,NQ,fc_vol x on_upper_wick,eff_mfe,interaction,overnight,-0.08646345737393715,-1.01211888331755,138,-0.026680634324314563,-0.256002789123128,94
FUTURES,NQ,on_upper_wick,rest1_eff_range,main,overnight,0.08016654041193791,1.1820070198469161,218,0.07192139580247806,0.6916369243460435,94
FUTURES,NQ,fc_vol x on_upper_wick,rest1_eff_range,interaction,overnight,0.08738803942564766,1.02302464496873,138,0.0795650760394466,0.7655885650948995,94
FUTURES,NQ,on_upper_wick,rest1_eff_mfe,main,overnight,-0.03407197154520539,-0.5010445844936466,218,0.019889462847234765,0.1908107710286612,94
FUTURES,NQ,fc_vol x on_upper_wick,rest1_eff_mfe,interaction,overnight,-0.03287982118272376,-0.38364874533307325,138,-0.0225192356319763,-0.21605170883272015,94
FUTURES,NQ,on_upper_wick,rest1_eff_vol,main,overnight,0.06512946752662986,0.9592404138234907,218,0.0937687389372539,0.9033784286671888,94
FUTURES,NQ,fc_vol x on_upper_wick,rest1_eff_vol,interaction,overnight,0.057743459310621956,0.6745241412312442,138,0.10691760286096161,1.0314298956612216,94
FUTURES,NQ,on_upper_wick,rest5_eff_range,main,overnight,0.07773756224776536,1.1459720434790226,218,0.08192031210490193,0.788401941808323,94
FUTURES,NQ,fc_vol x on_upper_wick,rest5_eff_range,interaction,overnight,0.10334277801497296,1.2116610082504122,138,0.11565942997507496,1.116861618224274,94
FUTURES,NQ,on_upper_wick,rest5_eff_mfe,main,overnight,-0.02549186482524112,-0.3747741589872979,218,-0.012086840299100532,-0.11594136879300386,94
FUTURES,NQ,fc_vol x on_upper_wick,rest5_eff_mfe,interaction,overnight,-0.04534132135738569,-0.5293104949262155,138,-0.0017122421702850125,-0.01642327402627187,94
FUTURES,NQ,on_upper_wick,rest5_eff_vol,main,overnight,0.0713976075894158,1.0520110460083896,218,0.0916735902900697,0.8830204899339388,94
FUTURES,NQ,fc_vol x on_upper_wick,rest5_eff_vol,interaction,overnight,0.08361625520275623,0.9785515826613372,138,0.1291839757251743,1.2495596722669675,94
FUTURES,NQ,on_upper_wick,rest15_eff_range,main,overnight,0.014650760887443333,0.21534444362881414,218,-0.029064768991800022,-0.2788972963373353,94
FUTURES,NQ,fc_vol x on_upper_wick,rest15_eff_range,interaction,overnight,0.05748317880129409,0.6714735990858486,138,0.018560127153848933,0.1780531561298331,94
FUTURES,NQ,on_upper_wick,rest15_eff_mfe,main,overnight,-0.05410361050775173,-0.7963237878438245,218,-0.11948849474406675,-1.1543637198290366,94
FUTURES,NQ,fc_vol x on_upper_wick,rest15_eff_mfe,interaction,overnight,-0.04453764820577685,-0.5199096713183036,138,-0.06469674529494636,-0.6218521794315586,94
FUTURES,NQ,on_upper_wick,rest15_eff_vol,main,overnight,0.03707660155959449,0.545287456548258,218,-0.0036917964093486975,-0.03541070850869658,94
FUTURES,NQ,fc_vol x on_upper_wick,rest15_eff_vol,interaction,overnight,0.06466600759379801,0.7557104887874458,138,0.036549506917602864,0.35080494746035235,94
FUTURES,NQ,on_upper_wick,rest30_eff_range,main,overnight,0.09558580584519086,1.411280686132245,218,0.12692988476682443,1.2273962443234196,94
FUTURES,NQ,fc_vol x on_upper_wick,rest30_eff_range,interaction,overnight,0.11850297610213952,1.391777189693726,138,0.13168370480078026,1.2741613972915558,94
FUTURES,NQ,on_upper_wick,rest30_eff_mfe,main,overnight,0.11533134472541103,1.7064043814415712,218,-0.010063938156991655,-0.09653479250724512,94
FUTURES,NQ,fc_vol x on_upper_wick,rest30_eff_mfe,interaction,overnight,0.17296553109781296,2.0479747070347525,138,-0.07004298667051981,-0.6734828182504183,94
FUTURES,NQ,on_upper_wick,rest30_eff_vol,main,overnight,0.09680259992002345,1.4294149575379917,218,0.16610193981866128,1.615637323255865,94
FUTURES,NQ,fc_vol x on_upper_wick,rest30_eff_vol,interaction,overnight,0.10583142499012531,1.2411661793109354,138,0.17115919517393344,1.6662901274508013,94
FUTURES,NQ,on_lower_wick,eff_range,main,overnight,0.03315229100209745,0.4875051564263299,218,-0.05358523281436261,-0.5147109933540999,94
FUTURES,NQ,fc_vol x on_lower_wick,eff_range,interaction,overnight,0.04506277554915762,0.5260521392489967,138,-0.03910703319726909,-0.3753886472162385,94
FUTURES,NQ,on_lower_wick,eff_mfe,main,overnight,0.04975827714369072,0.7322013221924334,218,-0.08531589784344182,-0.8213159018734509,94
FUTURES,NQ,fc_vol x on_lower_wick,eff_mfe,interaction,overnight,0.007671434295654312,0.08946616130582902,138,-0.09605172849763394,-0.9255753571940692,94
FUTURES,NQ,on_lower_wick,rest1_eff_range,main,overnight,0.004845750557070397,0.07121853387051229,218,-0.07874146588158798,-0.7576139464392804,94
FUTURES,NQ,fc_vol x on_lower_wick,rest1_eff_range,interaction,overnight,0.01205281411176993,0.1405689691874558,138,-0.06050644800057797,-0.5814227403886008,94
FUTURES,NQ,on_lower_wick,rest1_eff_mfe,main,overnight,-0.011304431425151374,-0.16615114952441812,218,0.006090380377849221,0.05841795986105423,94
FUTURES,NQ,fc_vol x on_lower_wick,rest1_eff_mfe,interaction,overnight,-0.05083461000162104,-0.5935957997019292,138,-0.01705739984828234,-0.16363263838618802,94
FUTURES,NQ,on_lower_wick,rest1_eff_vol,main,overnight,0.03607526171795067,0.5305412433620895,218,-0.06002962106708088,-0.5768241449674479,94
FUTURES,NQ,fc_vol x on_lower_wick,rest1_eff_vol,interaction,overnight,0.05561098566402352,0.6495351124006762,138,-0.033038326770942456,-0.31706558872279317,94
FUTURES,NQ,on_lower_wick,rest5_eff_range,main,overnight,0.05444242900199446,0.801325465309522,218,0.042199183614492645,0.40512122488751695,94
FUTURES,NQ,fc_vol x on_lower_wick,rest5_eff_range,interaction,overnight,0.05506759302174254,0.6431688976523536,138,0.08420330166528193,0.8105282103108636,94
FUTURES,NQ,on_lower_wick,rest5_eff_mfe,main,overnight,0.08813738367771078,1.30041047435915,218,-0.03744536358053679,-0.3594153765922357,94
FUTURES,NQ,fc_vol x on_lower_wick,rest5_eff_mfe,interaction,overnight,0.0548712410585654,0.6408686420116751,138,-0.002376910016977929,-0.022798584377687097,94
FUTURES,NQ,on_lower_wick,rest5_eff_vol,main,overnight,0.07169415313194011,1.0564030371257898,218,-0.005165625112885164,-0.04954759656856624,94
FUTURES,NQ,fc_vol x on_lower_wick,rest5_eff_vol,interaction,overnight,0.08107737865562833,0.9486396914340721,138,0.048210092836759026,0.46295327993547813,94
FUTURES,NQ,on_lower_wick,rest15_eff_range,main,overnight,0.009727408432718347,0.14296988732113453,218,0.006567207311346314,0.06299179806422159,94
FUTURES,NQ,fc_vol x on_lower_wick,rest15_eff_range,interaction,overnight,0.07710010982010963,0.90181845509336,138,0.05673518043564643,0.5450626865849446,94
FUTURES,NQ,on_lower_wick,rest15_eff_mfe,main,overnight,0.04241174331140223,0.6238841415024066,218,0.010396272080338114,0.09972292803161555,94
FUTURES,NQ,fc_vol x on_lower_wick,rest15_eff_mfe,interaction,overnight,0.054766215589889235,0.6396383033442503,138,0.0668496911461908,0.6426372548707752,94
FUTURES,NQ,on_lower_wick,rest15_eff_vol,main,overnight,0.024455193470897175,0.35952399729672513,218,-0.004804392587508579,-0.04608264669031662,94
FUTURES,NQ,fc_vol x on_lower_wick,rest15_eff_vol,interaction,overnight,0.09006847203925211,1.0546564269338645,138,0.04362966441498393,0.41887990873877845,94
FUTURES,NQ,on_lower_wick,rest30_eff_range,main,overnight,0.01980288046109949,0.29109879878908895,218,0.06735541668171802,0.64752095192249,94
FUTURES,NQ,fc_vol x on_lower_wick,rest30_eff_range,interaction,overnight,0.038870839221989584,0.4536508368703726,138,0.08358198172163421,0.8045052462664306,94
FUTURES,NQ,on_lower_wick,rest30_eff_mfe,main,overnight,-0.07153836174645081,-1.0540956520139848,218,-0.015626919047791066,-0.14990644670291398,94
FUTURES,NQ,fc_vol x on_lower_wick,rest30_eff_mfe,interaction,overnight,0.004637102758288449,0.05407802764559146,138,-0.06547700754975977,-0.6293840025381094,94
FUTURES,NQ,on_lower_wick,rest30_eff_vol,main,overnight,0.0489740934563067,0.7206339628405137,218,0.038413466748546045,0.36872117138755417,94
FUTURES,NQ,fc_vol x on_lower_wick,rest30_eff_vol,interaction,overnight,0.06109514165880878,0.7138191159679688,138,0.06247155293862659,0.6003787786776755,94
FUTURES,NQ,on_eff,eff_range,main,overnight,-0.062120186324072534,-0.9147432206584448,218,-0.058454647256438966,-0.5616376437628633,94
FUTURES,NQ,fc_vol x on_eff,eff_range,interaction,overnight,-0.09876275431574764,-1.1574203576360662,138,-0.058945923490951124,-0.5663742605184169,94
FUTURES,NQ,on_eff,eff_mfe,main,overnight,-0.010816204731829406,-0.15897439478061054,218,0.03429541595925297,0.3291436962601767,94
FUTURES,NQ,fc_vol x on_eff,eff_mfe,interaction,overnight,-0.08288117153766286,-0.969889213424555,138,-0.01581475996098689,-0.1517088215866875,94
FUTURES,NQ,on_eff,rest1_eff_range,main,overnight,-0.06016151913352468,-0.8857946235432025,218,-0.04297944586930608,-0.4126256466780843,94
FUTURES,NQ,fc_vol x on_eff,rest1_eff_range,interaction,overnight,-0.12394146884967427,-1.4566247459844388,138,-0.0435574179099086,-0.41818496454219095,94
FUTURES,NQ,on_eff,rest1_eff_mfe,main,overnight,0.0163476613062492,0.24029268290721262,218,-0.02094426182133439,-0.2009343781331497,94
FUTURES,NQ,fc_vol x on_eff,rest1_eff_mfe,interaction,overnight,-0.11932948087737362,-1.4016239348752624,138,-0.07528808293898782,-0.724193310569667,94
FUTURES,NQ,on_eff,rest1_eff_vol,main,overnight,-0.07313329885461543,-1.0777215421703394,218,-0.050117400570747386,-0.48131407032772916,94
FUTURES,NQ,fc_vol x on_eff,rest1_eff_vol,interaction,overnight,-0.13972268709944768,-1.6455745111667828,138,-0.03576924466278944,-0.3433062321980612,94
FUTURES,NQ,on_eff,rest5_eff_range,main,overnight,-0.1045487004168141,-1.5450128443520426,218,-0.12727666799118592,-1.2308047352145806,94
FUTURES,NQ,fc_vol x on_eff,rest5_eff_range,interaction,overnight,-0.15053117772364144,-1.7757139062564467,138,-0.09521366903876025,-0.9174254243280411,94
FUTURES,NQ,on_eff,rest5_eff_mfe,main,overnight,-0.08410702919899528,-1.2405113028311825,218,0.018112198822381968,0.1737546107272748,94
FUTURES,NQ,fc_vol x on_eff,rest5_eff_mfe,interaction,overnight,-0.1508097235318695,-1.7790761198090435,138,0.01977386843911426,0.1897013739979993,94
FUTURES,NQ,on_eff,rest5_eff_vol,main,overnight,-0.11291278177809412,-1.6701529947995093,218,-0.0786114221724524,-0.7563549392565873,94
FUTURES,NQ,fc_vol x on_eff,rest5_eff_vol,interaction,overnight,-0.16303377482082881,-1.927067417158633,138,-0.03439656106635842,-0.33011556523371094,94
FUTURES,NQ,on_eff,rest15_eff_range,main,overnight,-0.00820829244293308,-0.12064083308913008,218,-0.03069754000650219,-0.29457928958754465,94
FUTURES,NQ,fc_vol x on_eff,rest15_eff_range,interaction,overnight,-0.08323725025057707,-0.9740851144386563,138,0.012679261640718129,0.12162498217032579,94
FUTURES,NQ,on_eff,rest15_eff_mfe,main,overnight,0.015122180336821939,0.22227517017505738,218,0.09157244518296428,0.8820379944005039,94
FUTURES,NQ,fc_vol x on_eff,rest15_eff_mfe,interaction,overnight,-0.07567085018116892,-0.885003611766406,138,0.1378680056352274,1.3351331607528514,94
FUTURES,NQ,on_eff,rest15_eff_vol,main,overnight,-0.032238373423047494,-0.4740517982151572,218,-0.01773651699599032,-0.170149459903268,94
FUTURES,NQ,fc_vol x on_eff,rest15_eff_vol,interaction,overnight,-0.11722440517912548,-1.3765504279762455,138,0.026406097605028357,0.2533667400399778,94
FUTURES,NQ,on_eff,rest30_eff_range,main,overnight,-0.09034215590828353,-1.333204864627193,218,-0.2008669580609038,-1.9667330895400894,94
FUTURES,NQ,fc_vol x on_eff,rest30_eff_range,interaction,overnight,-0.12368575466507148,-1.453572720945646,138,-0.1861864682295994,-1.8176199943966573,94
FUTURES,NQ,on_eff,rest30_eff_mfe,main,overnight,-0.05503486771349922,-0.8100717816585976,218,-0.012693710941733194,-0.12176360846279373,94
FUTURES,NQ,fc_vol x on_eff,rest30_eff_mfe,interaction,overnight,-0.22833221838904627,-2.7350391329985326,138,-0.0865874363327674,-0.8336484843979706,94
FUTURES,NQ,on_eff,rest30_eff_vol,main,overnight,-0.10294908867883769,-1.5211186920803448,218,-0.17955423906368528,-1.7506756082267958,94
FUTURES,NQ,fc_vol x on_eff,rest30_eff_vol,interaction,overnight,-0.11571751801985894,-1.3586135055341027,138,-0.1464653397391901,-1.420161488518302,94
FUTURES,NQ,on_range_over_prev,eff_range,main,overnight,0.09261803764615247,1.363909490178145,217,-0.22570530650579776,-2.2222325717744207,94
FUTURES,NQ,fc_vol x on_range_over_prev,eff_range,interaction,overnight,0.043733975054168026,0.5105098591339615,138,-0.2342014955026551,-2.310645316599171,94
FUTURES,NQ,on_range_over_prev,eff_mfe,main,overnight,0.0412292195813855,0.6050534974456395,217,0.0004985008850196871,0.004781453111656485,94
FUTURES,NQ,fc_vol x on_range_over_prev,eff_mfe,interaction,overnight,-0.023441254736155603,-0.27344479568782065,138,-0.06487013690712712,-0.6235258184233861,94
FUTURES,NQ,on_range_over_prev,rest1_eff_range,main,overnight,0.07204103544565818,1.0590807777216658,217,-0.17952534046165514,-1.7503844590486235,94
FUTURES,NQ,fc_vol x on_range_over_prev,rest1_eff_range,interaction,overnight,0.02010781092675843,0.23454277688686528,138,-0.18976989488133508,-1.8538968004823961,94
FUTURES,NQ,on_range_over_prev,rest1_eff_mfe,main,overnight,-0.020321594160007894,-0.2980346076138764,217,0.004370913557056677,0.041924730530712,94
FUTURES,NQ,fc_vol x on_range_over_prev,rest1_eff_mfe,interaction,overnight,-0.08985385477717477,-1.052122887423639,138,-0.07817794314200051,-0.7521585288709536,94
FUTURES,NQ,on_range_over_prev,rest1_eff_vol,main,overnight,0.08536502299449918,1.2562826962738065,217,-0.14921070693205218,-1.4473816488777322,94
FUTURES,NQ,fc_vol x on_range_over_prev,rest1_eff_vol,interaction,overnight,0.023363600455719207,0.27253845447302577,138,-0.13406783946826573,-1.2976485095834174,94
FUTURES,NQ,on_range_over_prev,rest5_eff_range,main,overnight,0.0513171925572044,0.7534504918100323,217,-0.22551746559260197,-2.220283999635928,94
FUTURES,NQ,fc_vol x on_range_over_prev,rest5_eff_range,interaction,overnight,0.01106648797115909,0.12906422131547085,138,-0.1935267131452516,-1.8920114883624801,94
FUTURES,NQ,on_range_over_prev,rest5_eff_mfe,main,overnight,-0.06056666525740217,-0.8897150210598798,217,-0.0606942889137738,-0.583234417793176,94
FUTURES,NQ,fc_vol x on_range_over_prev,rest5_eff_mfe,interaction,overnight,-0.08531949432519995,-0.9986290913967447,138,-0.04215583571144746,-0.40470433446649773,94
FUTURES,NQ,on_range_over_prev,rest5_eff_vol,main,overnight,0.07566106249148569,1.1125981095218966,217,-0.17336993822923816,-1.6884749889263773,94
FUTURES,NQ,fc_vol x on_range_over_prev,rest5_eff_vol,interaction,overnight,0.02116263193824502,0.24685186095667982,138,-0.12367879203843514,-1.1954637053211317,94
FUTURES,NQ,on_range_over_prev,rest15_eff_range,main,overnight,0.08424820560940646,1.2397286688392288,217,-0.19468265722645664,-1.9037563871744094,94
FUTURES,NQ,fc_vol x on_range_over_prev,rest15_eff_range,interaction,overnight,0.08384457143900874,0.9812424324476552,138,-0.11219159773145974,-1.082941049547203,94
FUTURES,NQ,on_range_over_prev,rest15_eff_mfe,main,overnight,0.025791889213019725,0.3783091832654756,217,0.01964382472997869,0.18845331143304048,94
FUTURES,NQ,fc_vol x on_range_over_prev,rest15_eff_mfe,interaction,overnight,0.07291735637196367,0.8526248936610804,138,0.11695986706643066,1.1295924322423563,94
FUTURES,NQ,on_range_over_prev,rest15_eff_vol,main,overnight,0.10652278076072098,1.5708683999046686,217,-0.12578838998663439,-1.2161798522199572,94
FUTURES,NQ,fc_vol x on_range_over_prev,rest15_eff_vol,interaction,overnight,0.06912730685017203,0.8080890748158017,138,-0.05027634288191308,-0.4828443716902093,94
FUTURES,NQ,on_range_over_prev,rest30_eff_range,main,overnight,0.04125152083127816,0.6053813339638837,217,-0.22004118050789293,-2.1635891674274452,94
FUTURES,NQ,fc_vol x on_range_over_prev,rest30_eff_range,interaction,overnight,0.05070218658459458,0.5920455007321339,138,-0.2076292309359535,-2.0358762580231153,94
FUTURES,NQ,on_range_over_prev,rest30_eff_mfe,main,overnight,0.020570564222532263,0.3016875157339877,217,0.08709316186829462,0.8385546263013455,94
FUTURES,NQ,fc_vol x on_range_over_prev,rest30_eff_mfe,interaction,overnight,-0.014870236467125885,-0.17343444332279168,138,0.03757540728967236,0.3606653492277104,94
FUTURES,NQ,on_range_over_prev,rest30_eff_vol,main,overnight,0.05307759880118566,0.7793689773212693,217,-0.1789618177220677,-1.7447079848747966,94
FUTURES,NQ,fc_vol x on_range_over_prev,rest30_eff_vol,interaction,overnight,0.043473694544840166,0.5074658155430579,138,-0.1513636527832966,-1.468751900335749,94
FUTURES,NQ,on_vol_ratio,eff_range,main,overnight,-0.007568221046781361,-0.10595812923165705,198,-0.3045117942419535,-3.0664023717771363,94
FUTURES,NQ,fc_vol x on_vol_ratio,eff_range,interaction,overnight,-0.02813540979339663,-0.3282423863625075,138,-0.2182061192789799,-2.1446395836810535,94
FUTURES,NQ,on_vol_ratio,eff_mfe,main,overnight,-0.04130947048327256,-0.5788266734995058,198,-0.18826716757576853,-1.838674688535134,94
FUTURES,NQ,fc_vol x on_vol_ratio,eff_mfe,interaction,overnight,-0.09225813006511889,-1.080513693408595,138,-0.15750460571469854,-1.5298260081370976,94
FUTURES,NQ,on_vol_ratio,rest1_eff_range,main,overnight,-0.031675838042697725,-0.44368437575223846,198,-0.2807715926742044,-2.8059363794655763,94
FUTURES,NQ,fc_vol x on_vol_ratio,rest1_eff_range,interaction,overnight,-0.060204708337423994,-0.7033774068204959,138,-0.20930534985370083,-2.0530610107578924,94
FUTURES,NQ,on_vol_ratio,rest1_eff_mfe,main,overnight,-0.09095083168495917,-1.2786109949367064,198,-0.22280099700177006,-2.192133677343948,94
FUTURES,NQ,fc_vol x on_vol_ratio,rest1_eff_mfe,interaction,overnight,-0.15380979887622748,-1.815316482965585,138,-0.22311888162410146,-2.195425072149363,94
FUTURES,NQ,on_vol_ratio,rest1_eff_vol,main,overnight,-0.008593188987546562,-0.12030908789344845,198,-0.24483618104974172,-2.422104196467287,94
FUTURES,NQ,fc_vol x on_vol_ratio,rest1_eff_vol,interaction,overnight,-0.030546429248223126,-0.3563958315008929,138,-0.13101903695408737,-1.2676175050156693,94
FUTURES,NQ,on_vol_ratio,rest5_eff_range,main,overnight,-0.05379690329821697,-0.7542488754059418,198,-0.18549290178087638,-1.8106074090984436,94
FUTURES,NQ,fc_vol x on_vol_ratio,rest5_eff_range,interaction,overnight,-0.04789389687868873,-0.5591757114206158,138,-0.07657407072932847,-0.7366355234259099,94
FUTURES,NQ,on_vol_ratio,rest5_eff_mfe,main,overnight,-0.052203024041913924,-0.7318402061497151,198,-0.060650941010728605,-0.5828163328790565,94
FUTURES,NQ,fc_vol x on_vol_ratio,rest5_eff_mfe,interaction,overnight,-0.049793487964309595,-0.5814080824272231,138,0.008590109453455189,0.08239647548441319,94
FUTURES,NQ,on_vol_ratio,rest5_eff_vol,main,overnight,-0.023193184813468975,-0.32479195580461107,198,-0.15114691326807064,-1.466599569964598,94
FUTURES,NQ,fc_vol x on_vol_ratio,rest5_eff_vol,interaction,overnight,-0.024468651039181343,-0.28543651462077935,138,-0.0033883610880323664,-0.03250020440451402,94
FUTURES,NQ,on_vol_ratio,rest15_eff_range,main,overnight,0.04268921905327283,0.5981943808745305,198,-0.1383737311707546,-1.3401261046273691,94
FUTURES,NQ,fc_vol x on_vol_ratio,rest15_eff_range,interaction,overnight,0.01679265917637201,0.19586199353002492,138,-0.03838456814651591,-0.36844337154351303,94
FUTURES,NQ,on_vol_ratio,rest15_eff_mfe,main,overnight,-0.008832811960123645,-0.12366419158734211,198,0.03380413972474081,0.3244233332988022,94
FUTURES,NQ,fc_vol x on_vol_ratio,rest15_eff_mfe,interaction,overnight,-0.03872928315551303,-0.4519962887985765,138,0.11190261171115848,1.080116162509876,94
FUTURES,NQ,on_vol_ratio,rest15_eff_vol,main,overnight,0.06703027520311912,0.9405391800370935,198,-0.10787125672795578,-1.0407375843606501,94
FUTURES,NQ,fc_vol x on_vol_ratio,rest15_eff_vol,interaction,overnight,0.029213062428508477,0.34082538519039096,138,0.005888090163638333,0.056477555873552944,94
FUTURES,NQ,on_vol_ratio,rest30_eff_range,main,overnight,-0.011134738451525432,-0.15589600280124047,198,-0.12883719250081277,-1.2461486412787437,94
FUTURES,NQ,fc_vol x on_vol_ratio,rest30_eff_range,interaction,overnight,-0.02330423823429355,-0.2718456121851177,138,-0.09197702561138604,-0.8859681420336528,94
FUTURES,NQ,on_vol_ratio,rest30_eff_mfe,main,overnight,0.0059573362891986465,0.08340418806321055,198,0.08790232272513818,0.8464058137976398,94
FUTURES,NQ,fc_vol x on_vol_ratio,rest30_eff_mfe,interaction,overnight,-0.05851516818915542,-0.6835695447186165,138,0.007015135642813279,0.06728847303708475,94
FUTURES,NQ,on_vol_ratio,rest30_eff_vol,main,overnight,0.028883843923509255,0.40454260032006445,198,-0.08546039085359246,-0.8227171269576752,94
FUTURES,NQ,fc_vol x on_vol_ratio,rest30_eff_vol,interaction,overnight,0.00890661637621036,0.10387222333103063,138,-0.02390636852942239,-0.22936738435807363,94
FUTURES,NQ,open1_ret_pct,rest1_eff_range,main,opening,0.1159950505844106,1.7163578934267207,218,-0.056099411190983633,-0.5389353711392801,94
FUTURES,NQ,fc_vol x open1_ret_pct,rest1_eff_range,interaction,opening,0.12201447981570313,1.433632769334718,138,-0.06677744464111549,-0.6419396245667225,94
FUTURES,NQ,open1_ret_pct,rest1_eff_mfe,main,opening,0.03885805559722216,0.5715261021494021,218,0.028154463027851028,0.2701552163280112,94
FUTURES,NQ,fc_vol x open1_ret_pct,rest1_eff_mfe,interaction,opening,0.006431668375233166,0.07500704919943715,138,0.023126106274608964,0.22187715871659186,94
FUTURES,NQ,open1_ret_pct,rest1_eff_vol,main,opening,0.10639966316647834,1.5726766883541263,218,-0.04238702452768847,-0.4069277765596328,94
FUTURES,NQ,fc_vol x open1_ret_pct,rest1_eff_vol,interaction,opening,0.10791366906474818,1.2658711736335098,138,-0.0515334320702236,-0.494948969633938,94
FUTURES,NQ,open1_absret_pct,rest1_eff_range,main,opening,-0.00398976410353249,-0.05863778419272566,218,-0.05521800382906477,-0.5304417700789877,94
FUTURES,NQ,fc_vol x open1_absret_pct,rest1_eff_range,interaction,opening,-0.06651080278271827,-0.7773638960110371,138,-0.055015713614853884,-0.5284925952414135,94
FUTURES,NQ,open1_absret_pct,rest1_eff_mfe,main,opening,-0.017436462923698753,-0.25630158717038976,218,-0.09280063576924465,-0.8939701692201711,94
FUTURES,NQ,fc_vol x open1_absret_pct,rest1_eff_mfe,interaction,opening,-0.04503994392553237,-0.5257850663769313,138,-0.11016869558935086,-1.0631726415030358,94
FUTURES,NQ,open1_absret_pct,rest1_eff_vol,main,opening,0.010677784798360311,0.15693969303688077,218,-0.03289383376079182,-0.31567739811799866,94
FUTURES,NQ,fc_vol x open1_absret_pct,rest1_eff_vol,interaction,opening,-0.038820609650014035,-0.4530637360416687,138,-0.019253693602571977,-0.1847091808946613,94
FUTURES,NQ,open1_range_pct,rest1_eff_range,main,opening,-0.010874698878215933,-0.15983423135193667,218,-0.08807571433731894,-0.8480884302485374,94
FUTURES,NQ,fc_vol x open1_range_pct,rest1_eff_range,interaction,opening,-0.09860749927509593,-1.1555830135737926,138,-0.08301845898204674,-0.7990433752542111,94
FUTURES,NQ,open1_range_pct,rest1_eff_mfe,main,opening,-0.08375722272189978,-1.2353154108072322,218,-0.18845500848896435,-1.8405767177477614,94
FUTURES,NQ,fc_vol x open1_range_pct,rest1_eff_mfe,interaction,opening,-0.18582886784827926,-2.20553409594097,138,-0.1905357078351335,-1.8616594137455431,94
FUTURES,NQ,open1_range_pct,rest1_eff_vol,main,opening,-0.007039565776648564,-0.10346262858348736,218,-0.07293284687353249,-0.701415263671554,94
FUTURES,NQ,fc_vol x open1_range_pct,rest1_eff_vol,interaction,opening,-0.07897686928210525,-0.9239065205246404,138,-0.04520463822562583,-0.4340313474865417,94
FUTURES,NQ,open1_closeloc,rest1_eff_range,main,opening,0.12535610638207426,1.856999341448376,218,-0.04430171694468432,-0.4253447460811916,94
FUTURES,NQ,fc_vol x open1_closeloc,rest1_eff_range,interaction,opening,0.07674850281628076,0.8976813815923573,138,-0.03566100372455346,-0.34226603195144406,94
FUTURES,NQ,open1_closeloc,rest1_eff_mfe,main,opening,-0.004988238864468369,-0.07331275170734075,218,-0.013784682963218803,-0.13223059784739177,94
FUTURES,NQ,fc_vol x open1_closeloc,rest1_eff_mfe,interaction,opening,-0.1070506336917137,-1.2556295779813156,138,-0.06268129422897606,-0.602402421124594,94
FUTURES,NQ,open1_closeloc,rest1_eff_vol,main,opening,0.12975328401201597,1.9232344571764817,218,-0.06614191432299169,-0.6358032207879402,94
FUTURES,NQ,fc_vol x open1_closeloc,rest1_eff_vol,interaction,opening,0.08219156188854057,0.9617641683235312,138,-0.03990188889195882,-0.3830305177196316,94
FUTURES,NQ,open1_vol_rel,rest1_eff_range,main,opening,-0.07856773484404023,-1.1033590158188225,198,-0.07882816168767835,-0.7584533061780762,94
FUTURES,NQ,fc_vol x open1_vol_rel,rest1_eff_range,interaction,opening,-0.07274383603241176,-0.8505851082507051,138,-0.0950691760286096,-0.9160204629585876,94
FUTURES,NQ,open1_vol_rel,rest1_eff_mfe,main,opening,-0.08892717703267916,-1.2499325482385688,198,-0.0027092439403243866,-0.025986250356452575,94
FUTURES,NQ,fc_vol x open1_vol_rel,rest1_eff_mfe,interaction,opening,-0.1944774868775243,-2.3121231504371598,138,-0.15711447458729183,-1.5259406763583008,94
FUTURES,NQ,open1_vol_rel,rest1_eff_vol,main,opening,-0.05111621791467721,-0.7165638063347112,198,-0.09590723548748328,-0.924170055121966,94
FUTURES,NQ,fc_vol x open1_vol_rel,rest1_eff_vol,interaction,opening,-0.030258750790544967,-0.35303629613079884,138,-0.03698298594805476,-0.3549711770955994,94
FUTURES,NQ,open5_ret_pct,rest5_eff_range,main,opening,-0.00520134582868708,-0.07644489361323235,218,0.13676985875808256,1.3242949993584086,94
FUTURES,NQ,fc_vol x open5_ret_pct,rest5_eff_range,interaction,opening,-0.00010274230631362885,-0.0011981708976843957,138,0.1359317992992089,1.3160271206277996,94
FUTURES,NQ,open5_ret_pct,rest5_eff_mfe,main,opening,-0.1342909771041805,-1.9917072242878473,218,0.12008091608568436,1.160170554574592,94
FUTURES,NQ,fc_vol x open5_ret_pct,rest5_eff_mfe,interaction,opening,-0.12229759194865625,-1.4370096994641526,138,0.11589061879131597,1.1191244466079089,94
FUTURES,NQ,open5_ret_pct,rest5_eff_vol,main,opening,-0.017644961959983215,-0.2593672994546553,218,0.19653216775638477,1.9225653983808442,94
FUTURES,NQ,fc_vol x open5_ret_pct,rest5_eff_vol,interaction,opening,-0.03801693649840521,-0.4436705875208747,138,0.20095365386699418,1.96761766085336,94
FUTURES,NQ,open5_absret_pct,rest5_eff_range,main,opening,-0.041880071362860344,-0.616049325377808,218,0.08661633493479753,0.8339288178341461,94
FUTURES,NQ,fc_vol x open5_absret_pct,rest5_eff_range,interaction,opening,-0.06188968216096751,-0.7231377768241283,138,0.10451901889246107,1.0080323171143202,94
FUTURES,NQ,open5_absret_pct,rest5_eff_mfe,main,opening,-0.08201226813369557,-1.2094033504121906,218,0.027128562655781528,0.26030383602768226,94
FUTURES,NQ,fc_vol x open5_absret_pct,rest5_eff_mfe,interaction,opening,-0.057204632993066024,-0.6682091359650774,138,0.021695625474117693,0.20814612210642883,94
FUTURES,NQ,open5_absret_pct,rest5_eff_vol,main,opening,-0.02016078940456808,-0.2963621165308432,218,0.16509048874760682,1.6055226404869753,94
FUTURES,NQ,fc_vol x open5_absret_pct,rest5_eff_vol,interaction,opening,-0.04158323610866939,-0.48535951379353776,138,0.18138930029259837,1.769173209258948,94
FUTURES,NQ,open5_range_pct,rest5_eff_range,main,opening,-0.04488121348098564,-0.6602817781091374,218,-0.04884586208142181,-0.4690729693639891,94
FUTURES,NQ,fc_vol x open5_range_pct,rest5_eff_range,interaction,opening,-0.10827440871802717,-1.2701529089553771,138,0.0192825922046021,0.18498652098202065,94
FUTURES,NQ,open5_range_pct,rest5_eff_mfe,main,opening,-0.09511898342994517,-1.4043251815773694,218,-0.08167467398764584,-0.786022018240274,94
FUTURES,NQ,fc_vol x open5_range_pct,rest5_eff_mfe,interaction,opening,-0.12748950316103827,-1.499002298982581,138,-0.009485966116389119,-0.09099028456676292,94
FUTURES,NQ,open5_range_pct,rest5_eff_vol,main,opening,-0.033525244270905426,-0.4929955789052091,218,0.028096665823790775,0.2696001865694055,94
FUTURES,NQ,fc_vol x open5_range_pct,rest5_eff_vol,interaction,opening,-0.10196831427273285,-1.1953753889838798,138,0.09453455189105227,0.9108226131793301,94
FUTURES,NQ,open5_closeloc,rest5_eff_range,main,opening,-0.02463936321285107,-0.3622331770034585,218,0.13509373984033524,1.3077621201941838,94
FUTURES,NQ,fc_vol x open5_closeloc,rest5_eff_range,interaction,opening,-0.032331862215717745,-0.3772482961820625,138,0.11846259437199726,1.1443109364344206,94
FUTURES,NQ,open5_closeloc,rest5_eff_mfe,main,opening,-0.12636187153525552,-1.872139320594304,218,0.11570277787812015,1.1172858845208677,94
FUTURES,NQ,fc_vol x open5_closeloc,rest5_eff_mfe,interaction,opening,-0.1615223213368372,-1.9087210750443768,138,0.07364086262327059,0.7082613939577014,94
FUTURES,NQ,open5_closeloc,rest5_eff_vol,main,opening,-0.02894650274401818,-0.4256033132444958,218,0.1782538019723296,1.7375785182651573,94
FUTURES,NQ,fc_vol x open5_closeloc,rest5_eff_vol,interaction,opening,-0.04426366872227384,-0.5167050771889335,138,0.17386121446375036,1.6934085181334746,94
FUTURES,NQ,open5_vol_rel,rest5_eff_range,main,opening,-0.08777544080964739,-1.2336175807732257,198,-0.13515153704439548,-1.308332028218482,94
FUTURES,NQ,fc_vol x open5_vol_rel,rest5_eff_range,interaction,opening,-0.07724623221131123,-0.9035378578386803,138,-0.05316620308492577,-0.5106745641025177,94
FUTURES,NQ,open5_vol_rel,rest5_eff_mfe,main,opening,-0.06411615066564942,-0.899476834318738,198,0.11313080229743888,1.0921238582410595,94
FUTURES,NQ,fc_vol x open5_vol_rel,rest5_eff_mfe,interaction,opening,-0.0805294196886223,-0.9421863470480301,138,0.10535707835133476,1.0162053312399013,94
FUTURES,NQ,open5_vol_rel,rest5_eff_vol,main,opening,-0.04192706340501152,-0.5874954876862003,198,-0.1278401907307734,-1.2363445120236825,94
FUTURES,NQ,fc_vol x open5_vol_rel,rest5_eff_vol,interaction,opening,-0.03698494711054387,-0.43161019272552936,138,0.009876097243795831,0.09473281708230344,94
FUTURES,NQ,open15_ret_pct,rest15_eff_range,main,opening,0.07418737296707814,1.0933401503908213,218,0.10359426362749702,0.9990163376853962,94
FUTURES,NQ,fc_vol x open15_ret_pct,rest15_eff_range,interaction,opening,0.03821785478630741,0.4460187931046534,138,0.10829028645739264,1.0448282439664924,94
FUTURES,NQ,open15_ret_pct,rest15_eff_mfe,main,opening,-0.06046613450522364,-0.8902960774129071,218,0.0790882491059495,0.7609714893721059,94
FUTURES,NQ,fc_vol x open15_ret_pct,rest15_eff_mfe,interaction,opening,-0.06337830402133386,-0.7406006062805657,138,0.06962395694108298,0.6694340452656699,94
FUTURES,NQ,open15_ret_pct,rest15_eff_vol,main,opening,0.07397074946037717,1.0901300602577235,218,0.11875158039229852,1.1471423288991933,94
FUTURES,NQ,fc_vol x open15_ret_pct,rest15_eff_vol,interaction,opening,0.046382443394697125,0.5414903685275508,138,0.1238521836506159,1.1971657773418112,94
FUTURES,NQ,open15_absret_pct,rest15_eff_range,main,opening,0.012401338183907854,0.18227572099073497,218,-0.025683632554275186,-0.24643004134507004,94
FUTURES,NQ,fc_vol x open15_absret_pct,rest15_eff_range,interaction,opening,-0.007637178102646413,-0.08906663376770464,138,0.023877469927392262,0.2290899611991401,94
FUTURES,NQ,open15_absret_pct,rest15_eff_mfe,main,opening,-0.005778177519837328,-0.08492293708805859,218,0.17425134559115701,1.697327249285299,94
FUTURES,NQ,fc_vol x open15_absret_pct,rest15_eff_mfe,interaction,opening,-0.01739084771535358,-0.2028410689843502,138,0.23540078748690532,2.323169861317794,94
FUTURES,NQ,open15_absret_pct,rest15_eff_vol,main,opening,-0.022190124453499774,-0.32620721580980533,218,0.008460065744319617,0.08114900405094051,94
FUTURES,NQ,fc_vol x open15_absret_pct,rest15_eff_vol,interaction,opening,-0.029683393875188643,-0.34631748798623896,138,0.052862767763609445,0.5077518015792445,94
FUTURES,NQ,open15_range_pct,rest15_eff_range,main,opening,-0.010827787731113868,-0.1591446593183162,218,0.03517682332117184,0.33761318378473115,94
FUTURES,NQ,fc_vol x open15_range_pct,rest15_eff_range,interaction,opening,-0.06499021664927657,-0.7595153443411716,138,0.09043095040277425,0.8709517315800711,94
FUTURES,NQ,open15_range_pct,rest15_eff_mfe,main,opening,-0.10989077813987509,-1.624898929254539,218,0.18071018314489037,1.7623254249784819,94
FUTURES,NQ,fc_vol x open15_range_pct,rest15_eff_mfe,interaction,opening,-0.09398637865334517,-1.10093340551426,138,0.22603764042914423,2.2256806854955715,94
FUTURES,NQ,open15_range_pct,rest15_eff_vol,main,opening,-0.029452662901806887,-0.43305184223983023,218,0.06959505833905284,0.6691548326928749,94
FUTURES,NQ,fc_vol x open15_range_pct,rest15_eff_vol,interaction,opening,-0.07393108046092481,-0.8645430966293945,138,0.11818805765271104,1.1416213867683778,94
FUTURES,NQ,open15_closeloc,rest15_eff_range,main,opening,0.07625500458398873,1.1239877703107835,218,0.06979760068535473,0.671111792439214,94
FUTURES,NQ,fc_vol x open15_closeloc,rest15_eff_range,interaction,opening,0.045884713999666656,0.5356673160563692,138,0.10272767665304411,0.990569852365976,94
FUTURES,NQ,open15_closeloc,rest15_eff_mfe,main,opening,-0.05749340854567394,-0.8463770913082189,218,0.09065524204531945,0.8731297902430066,94
FUTURES,NQ,fc_vol x open15_closeloc,rest15_eff_mfe,interaction,opening,-0.07129174476984582,-0.8335183506640097,138,0.10345736899019563,0.9976818950090092,94
FUTURES,NQ,open15_closeloc,rest15_eff_vol,main,opening,0.08442505577944508,1.2452355491933804,218,0.07939919589401186,0.7639823015551217,94
FUTURES,NQ,fc_vol x open15_closeloc,rest15_eff_vol,interaction,opening,0.07998602704634135,0.935787629646429,138,0.11349966947178583,1.0957311629831656,94
FUTURES,NQ,open15_vol_rel,rest15_eff_range,main,opening,-0.06261657464371542,-0.8783556802250957,198,-0.08546039085359246,-0.8227171269576752,94
FUTURES,NQ,fc_vol x open15_vol_rel,rest15_eff_range,interaction,opening,-0.04777973876056247,-0.5578398275753079,138,0.0178232128020807,0.17098141133166161,94
FUTURES,NQ,open15_vol_rel,rest15_eff_mfe,main,opening,-0.13148730887169272,-1.856944588283177,198,0.06833796915074233,0.6570107143747844,94
FUTURES,NQ,fc_vol x open15_vol_rel,rest15_eff_mfe,interaction,opening,-0.12287751518873759,-1.443928072368763,138,0.17834049777841998,1.7384513641572956,94
FUTURES,NQ,open15_vol_rel,rest15_eff_vol,main,opening,-0.006093380299435958,-0.08530890793611715,198,-0.07453671928620452,-0.7169253890521249,94
FUTURES,NQ,fc_vol x open15_vol_rel,rest15_eff_vol,interaction,opening,-0.010810773786556283,-0.12608157176125642,138,0.04922154390781346,0.4726894176389958,94
FUTURES,NQ,open30_ret_pct,rest30_eff_range,main,opening,-0.045985072993144596,-0.6765554975122141,218,0.05179351948849475,0.4974536618058211,94
FUTURES,NQ,fc_vol x open30_ret_pct,rest30_eff_range,interaction,opening,0.01608031251926418,0.18755130725119884,138,0.03837011884550085,0.3683044719687188,94
FUTURES,NQ,open30_ret_pct,rest30_eff_mfe,main,opening,0.06511902397043093,0.9590859438640187,218,-0.03972835314091681,-0.3813620554561575,94
FUTURES,NQ,fc_vol x open30_ret_pct,rest30_eff_mfe,interaction,opening,0.1482251837374911,1.7478957236924444,138,-0.05049308239713904,-0.484931205571158,94
FUTURES,NQ,open30_ret_pct,rest30_eff_vol,main,opening,-0.023306725261182076,-0.3426305784865725,218,0.016623920817830436,0.15947308409264405,94
FUTURES,NQ,fc_vol x open30_ret_pct,rest30_eff_vol,interaction,opening,0.02247773345905947,0.26219941130845204,138,0.00038290647689918,0.0036727101740289653,94
FUTURES,NQ,open30_absret_pct,rest30_eff_range,main,opening,0.016359244302179513,0.24046298579851721,218,-0.03501788101000614,-0.33608584143084996,94
FUTURES,NQ,fc_vol x open30_absret_pct,rest30_eff_range,interaction,opening,0.013308553411158724,0.15521681588408295,138,-0.035509157244518294,-0.3408068008214563,94
FUTURES,NQ,open30_absret_pct,rest30_eff_mfe,main,opening,0.05458776407058909,0.8034710032368935,218,-0.00119206733374273,-0.011433916318090114,94
FUTURES,NQ,fc_vol x open30_absret_pct,rest30_eff_mfe,interaction,opening,0.058035704093025164,0.6779494758610269,138,-0.01582920926200195,-0.15184746647157038,94
FUTURES,NQ,open30_absret_pct,rest30_eff_vol,main,opening,-0.0010986471639903188,-0.01614675949957159,218,-0.022866018856337825,-0.2193805076641799,94
FUTURES,NQ,fc_vol x open30_absret_pct,rest30_eff_vol,interaction,opening,0.02475176317213446,0.28874114288864666,138,-0.011913448686919771,-0.11427789556166444,94
FUTURES,NQ,open30_range_pct,rest30_eff_range,main,opening,0.03877234142733784,0.5702635139833961,218,-0.05316620308492577,-0.5106745641025177,94
FUTURES,NQ,fc_vol x open30_range_pct,rest30_eff_range,interaction,opening,0.01950505606305181,0.22750936898940083,138,-0.04461221688400824,-0.42833180807663745,94
FUTURES,NQ,open30_range_pct,rest30_eff_mfe,main,opening,-0.003773160924299909,-0.05545430863744267,218,-0.06109886934219557,-0.5871367036988769,94
FUTURES,NQ,fc_vol x open30_range_pct,rest30_eff_mfe,interaction,opening,-0.020838422882766463,-0.2430684635269948,138,-0.07216703391973414,-0.6940114655239732,94
FUTURES,NQ,open30_range_pct,rest30_eff_vol,main,opening,0.034382385969748686,0.5056147548202502,218,-0.003605100603258318,-0.03457913494456227,94
FUTURES,NQ,fc_vol x open30_range_pct,rest30_eff_vol,interaction,opening,0.03356020356675624,0.3915964523349102,138,0.007434165372250118,0.07130797979319609,94
FUTURES,NQ,open30_closeloc,rest30_eff_range,main,opening,-0.058351079448348234,-0.8590459311356767,218,0.07655962142831339,0.7364957028598077,94
FUTURES,NQ,fc_vol x open30_closeloc,rest30_eff_range,interaction,opening,0.029642296952663193,0.34583758638203915,138,0.07479680670447567,0.7194410684456907,94
FUTURES,NQ,open30_closeloc,rest30_eff_mfe,main,opening,0.049674257196949734,0.730961893789442,218,-0.07182025069537262,-0.6906592088901643,94
FUTURES,NQ,fc_vol x open30_closeloc,rest30_eff_mfe,interaction,opening,0.1093429287036889,1.28283850334933,138,-0.09631181591590506,-0.9281050498120671,94
FUTURES,NQ,open30_closeloc,rest30_eff_vol,main,opening,-0.038120218756461134,-0.5606580175175732,218,0.022389191922840734,0.21480342945153472,94
FUTURES,NQ,fc_vol x open30_closeloc,rest30_eff_vol,interaction,opening,0.03351454031950574,0.3910630322410838,138,0.03456995267853918,0.33178164997513604,94
FUTURES,NQ,open30_vol_rel,rest30_eff_range,main,opening,0.018193567437247767,0.2547521098362316,198,-0.14619080301990392,-1.4174413284217016,94
FUTURES,NQ,fc_vol x open30_vol_rel,rest30_eff_range,interaction,opening,7.9910682688378e-05,0.0009319106962558175,138,-0.11333309251164975,-1.094102081213429,94
FUTURES,NQ,open30_vol_rel,rest30_eff_mfe,main,opening,0.006806065398520057,0.09528712257495593,198,0.0927861864682296,0.8938297668766317,94
FUTURES,NQ,fc_vol x open30_vol_rel,rest30_eff_mfe,interaction,opening,-0.07443794250540539,-0.8705032062486332,138,-0.01838673554166817,-0.17638919049059265,94
FUTURES,NQ,open30_vol_rel,rest30_eff_vol,main,opening,0.059150544291987545,0.829560118730832,198,-0.12575949138460427,-1.2158959568309256,94
FUTURES,NQ,fc_vol x open30_vol_rel,rest30_eff_vol,interaction,opening,0.044021653511846184,0.5138744495667524,138,-0.05144673626413322,-0.49411409470854417,94
