strategy,symbol,n_sessions,n_trades,gross_pnl,costs,net_pnl,expectancy_per_trade,expectancy_per_session,win_rate,avg_win,avg_loss,payoff_ratio,profit_factor,max_drawdown,max_dd_duration,sharpe,sortino,t_stat,consec_losing_days,time_in_market,exposure,return_vol,trades_per_session,median_holding_minutes,mean_mae,mean_mfe,exit_reason_mix,regime,contracts
trend.ret_15.q80,ES,310,6981,-22900.0,113650.68000000001,-136550.67999999993,-19.56033233061165,-440.4860645161288,0.22231771952442345,260.70131443298965,-99.6793368944557,2.615399766443372,0.7476700013851747,-136151.2400000001,309,-5.489859763565682,-8.881095538734394,-6.088941859920953,20,0.3326210708687402,0.3326210708687402,1273.7118610209684,22.519354838709678,3.0,-67.46705343074058,142.4921214725684,forced_flatten:164|signal_flat:6806|signal_flip:11,normal,1
trend.ret_15.q90,ES,310,5069,-12875.0,82523.32,-95398.31999999995,-18.819948707831912,-307.7365161290321,0.2294338133754192,222.1765778159931,-90.57595494111622,2.452931111357655,0.7303530165153489,-96099.43999999981,307,-5.155506502433777,-8.364282585119668,-5.718102229149614,20,0.1702004785083739,0.1702004785083739,947.5627164389882,16.351612903225806,2.0,-59.58275794042218,120.76346419412113,forced_flatten:110|signal_flat:4953|signal_flip:6,normal,1
trend.ret_30.q80,ES,310,6971,-24437.5,113487.88,-137925.37999999995,-19.785594606225782,-444.9205806451611,0.21675512838904032,267.89438782263403,-99.39813186813186,2.6951652187793678,0.7458598251970009,-137496.00000000006,309,-5.579229271187647,-9.038081314340488,-6.188063833777436,15,0.33784341225971454,0.33784341225971454,1265.9266923916625,22.48709677419355,3.0,-67.56921532061398,144.4520154927557,forced_flatten:166|signal_flat:6794|signal_flip:11,normal,1
trend.ret_30.q90,ES,310,5067,-12962.5,82490.76000000001,-95453.25999999995,-18.838219853956968,-307.9137419354837,0.22834024077363332,223.7048746758859,-90.60864450127877,2.468913158420869,0.7305709780800372,-96236.93999999984,307,-5.137042129348198,-8.370241545693244,-5.697622927484363,20,0.170390231829057,0.170390231829057,951.5162608066562,16.34516129032258,2.0,-59.663015591079535,120.95914742451154,forced_flatten:110|signal_flat:4951|signal_flip:6,normal,1
trend.ret_60.q80,ES,310,6768,-34775.0,110183.04000000001,-144958.03999999998,-21.418150118203297,-467.6065806451612,0.21778959810874704,261.86620081411127,-100.29256139025311,2.6110231624771387,0.7269830263489426,-144411.78000000023,308,-5.8399739807260085,-9.193718328238853,-6.47726236434789,20,0.3242306740367957,0.3242306740367957,1271.0714752025976,21.83225806451613,3.0,-68.71490839243499,142.26507092198582,forced_flatten:162|signal_flat:6597|signal_flip:9,normal,1
trend.ret_60.q90,ES,310,4997,-16875.0,81351.16,-98226.15999999995,-19.657026215729427,-316.8585806451611,0.2283370022013208,221.26382120946536,-90.94610477178422,2.4329114673431493,0.7199045602278356,-98968.55999999978,307,-5.329449450901069,-8.598307375119504,-5.911026738294571,15,0.1663889118059566,0.1663889118059566,943.8074377708127,16.11935483870968,2.0,-60.013508104862915,119.5967580548329,forced_flatten:109|signal_flat:4883|signal_flip:5,normal,1
trend.ma_agree.30_120,ES,310,6654,-57162.5,108327.12000000001,-165489.62,-24.870697324917334,-533.8374838709677,0.19612263300270513,336.03800766283524,-112.92189568143577,2.975844548437558,0.7260192813069756,-166729.40000000023,307,-5.5061301684393085,-7.812873930460394,-6.106987776133674,13,0.5119627093474136,0.5119627093474136,1539.0859056796053,21.46451612903226,4.0,-81.7797565374211,171.84963931469792,forced_flatten:242|signal_flat:5561|signal_flip:851,normal,1
trend.multi_horizon_agree,ES,310,8573,-50675.0,139568.44,-190243.43999999997,-22.190999650064146,-613.6885161290322,0.26898401959640733,227.4049522983521,-114.03211424924204,1.9942185041076148,0.7337909478972651,-189846.87999999995,308,-6.149661627813321,-9.149286820575043,-6.820744740776687,13,0.4804224073921294,0.4804224073921294,1584.1527170765742,27.65483870967742,3.0,-80.54648314475679,142.27516621952643,forced_flatten:206|signal_flat:8236|signal_flip:131,normal,1
trend.accel_confirm,ES,310,10808,-82950.0,175954.24000000002,-258904.24000000005,-23.954870466321232,-835.1749677419357,0.3231865284974093,177.17118809046664,-119.99496924128502,1.4764884662307143,0.7050409039704558,-257594.31999999986,309,-8.793394935336929,-11.460134830396022,-9.752975999119862,15,0.42802574045045794,0.42802574045045794,1507.7216129519068,34.86451612903226,2.0,-81.06032568467802,111.35964100666173,forced_flatten:196|signal_flat:9872|signal_flip:740,normal,1
breakout.opening_range.q90,ES,310,976,-22412.5,15889.28,-38301.78,-39.243627049180326,-123.55412903225806,0.09528688524590163,917.3221505376343,-139.99177802944507,6.552685903772792,0.690146986467576,-38301.779999999984,309,-1.9326991353912313,-2.9733205599045602,-2.143605333275998,6,0.199686494513654,0.199686494513654,1014.8299636146983,3.1483870967741936,4.0,-114.22899590163935,267.8919057377049,forced_flatten:102|signal_flat:874,normal,1
breakout.opening_range.q95,ES,310,414,-12037.5,6739.92,-18777.42,-45.356086956521736,-60.57232258064516,0.09420289855072464,1010.6430769230772,-155.18,6.51271476300475,0.6773223353524941,-18777.420000000002,309,-1.2694823355591016,-1.6424032781329287,-1.4080148612749808,4,0.08289745070538734,0.08289745070538734,757.4392997507365,1.335483870967742,4.0,-128.95531400966183,278.6533816425121,forced_flatten:45|signal_flat:369,normal,1
breakout.range_expansion.q80,ES,310,2859,-7975.0,46544.520000000004,-54519.52,-19.069436866037062,-175.8694193548387,0.3578174186778594,203.97904203323557,-143.3497167755991,1.4229469483539068,0.7928511591318337,-55197.359999999986,305,-2.809979661417104,-4.107520899516441,-3.116619280419695,7,0.13158155267717184,0.13158155267717184,993.5447289313976,9.22258064516129,3.0,-100.0,141.22070654074852,forced_flatten:280|signal_flat:1313|signal_flip:1266,normal,1
breakout.range_expansion.q90,ES,310,1418,-5712.5,23085.04,-28797.539999999997,-20.30856135401973,-92.89529032258064,0.35895627644569816,229.8152848722986,-160.3669086908691,1.4330592685757977,0.802450129488538,-29375.860000000022,305,-1.9766352365377553,-2.5599473344768904,-2.192335970660992,13,0.06492038610675688,0.06492038610675688,746.0491393238369,4.574193548387097,3.0,-115.35613540197461,158.15409026798307,forced_flatten:243|signal_flat:585|signal_flip:590,normal,1
breakout.failed_reversal,ES,310,364,1450.0,5925.92,-4475.919999999998,-12.296483516483509,-14.43845161290322,0.4065934065934066,81.27067567567569,-76.4073148148148,1.0636504616429463,0.72879753853313,-4795.639999999998,290,-2.2021530361484674,-1.8942818664618584,-2.4424634473809177,4,0.003003052553419685,0.003003052553419685,104.08146479608939,1.1741935483870967,1.0,-36.675824175824175,40.65934065934066,forced_flatten:2|signal_flat:362,normal,1
breakout.compression_expansion,ES,310,3811,4425.0,62043.08,-57618.07999999994,-15.11888743112043,-185.86477419354821,0.2988716872212018,176.72921861281824,-96.8984505988024,1.8238601083989108,0.7774613261475897,-59138.099999999875,300,-3.689210276370811,-5.160384078899164,-4.0917961203538535,10,0.186667766685917,0.186667766685917,799.7678633060555,12.293548387096774,3.0,-65.95053791655734,97.78929414851746,forced_flatten:18|signal_flat:1739|signal_flip:2054,normal,1
revert.z_60.q90,ES,310,5078,13300.0,82669.84000000001,-69369.83999999994,-13.660858605750288,-223.77367741935464,0.5931469082315872,79.54088313413015,-149.53871248789932,0.5319083052862756,0.7754636086748607,-71155.71999999994,302,-3.934590406584186,-4.701387573793733,-4.363953408662918,10,0.1706377361603828,0.1706377361603828,902.8378142079445,16.38064516129032,2.0,-120.80297361165813,59.654391492713664,forced_flatten:111|signal_flat:4961|signal_flip:6,normal,1
revert.z_60.q95,ES,310,3270,14562.5,53235.600000000006,-38673.09999999996,-11.826636085626902,-124.75193548387085,0.5737003058103975,77.503315565032,-132.04398852223815,0.5869507308314857,0.7898992618650411,-38957.079999999965,309,-3.0944965904250865,-3.516027500436319,-3.432184178887641,8,0.08459698044715781,0.08459698044715781,639.966961771232,10.548387096774194,2.0,-103.12691131498471,56.59403669724771,forced_flatten:78|signal_flat:3189|signal_flip:3,normal,1
revert.vwap.q90,ES,310,2046,32237.5,33308.880000000005,-1071.37999999999,-0.5236461388074172,-3.4560645161290005,0.7673509286412512,121.44292993630575,-402.8083613445378,0.30149058855417066,0.9944122353572435,-20127.0,233,-0.04431459827075803,-0.03489663060405776,-0.04915043808717337,5,0.24560679811896707,0.24560679811896707,1238.041762509567,6.6,3.0,-267.5708699902248,107.93010752688173,forced_flatten:75|signal_flat:1971,normal,1
revert.vwap.q95,ES,310,1233,30512.5,20073.24,10439.259999999987,8.466553122465537,33.675032258064476,0.7550689375506894,140.09755102040816,-397.3230463576159,0.35260363652379606,1.0869999523299805,-11601.360000000011,95,0.48228202618171373,0.2895979427341663,0.5349111532856364,5,0.13173830542034487,0.13173830542034487,1108.4273007513707,3.97741935483871,3.0,-271.78629359286293,122.15125709651257,forced_flatten:44|signal_flat:1189,normal,1
revert.z_calm_only,ES,310,1752,737.5,28522.56,-27785.059999999987,-15.859052511415516,-89.62922580645157,0.5570776255707762,67.21129098360657,-120.33927835051546,0.5585149911555763,0.7024621538245392,-27841.98000000001,300,-3.8993646667155315,-4.435426973535031,-4.324883652554315,8,0.03824766933421335,0.03824766933421335,364.8850445478326,5.651612903225806,2.0,-86.10159817351598,48.98687214611872,signal_flat:1752,normal,1
session.late_day_continuation,ES,310,2908,-18737.5,47342.240000000005,-66079.73999999995,-22.723431911966973,-213.16045161290305,0.25068775790921594,259.2515500685871,-117.06017439192289,2.2146861767060155,0.740939065084298,-65881.75999999998,308,-3.8093514326737674,-5.712899443964277,-4.225047705497669,8,0.22593845392294368,0.22593845392294368,888.2922265737673,9.380645161290323,3.0,-87.28077716643742,150.61468363136177,forced_flatten:301|signal_flat:460|signal_flip:2147,normal,1
session.late_day_fade,ES,310,2908,18737.5,47342.240000000005,-28604.73999999995,-9.836568088033005,-92.27335483870952,0.5814993122420908,113.20698994677707,-180.80341824157765,0.6261330181021099,0.8700007671410581,-40409.619999999966,302,-1.8196214298487663,-2.6061859082367445,-2.0181879994361016,6,0.22593845392294368,0.22593845392294368,804.9993659212985,9.380645161290323,3.0,-150.61468363136177,87.28077716643742,forced_flatten:301|signal_flat:460|signal_flip:2147,normal,1
session.opening_drive,ES,310,2915,287.5,47456.200000000004,-47168.69999999998,-16.181372212692956,-152.1570967741935,0.3149228130360206,348.7254466230937,-183.92521782674012,1.8960175811867055,0.8715794389230823,-50962.49999999999,300,-1.823189900156221,-2.378796353904846,-2.022145879813147,6,0.18713802491543602,0.18713802491543602,1324.8312912778085,9.403225806451612,3.0,-134.01372212692968,230.0943396226415,signal_flat:549|signal_flip:2366,normal,1
session.midday_reversion,ES,310,2256,22862.5,36727.68,-13865.179999999975,-6.14591312056737,-44.72638709677411,0.5966312056737588,78.4729717682021,-131.30747252747253,0.5976276159895146,0.8839634847493262,-14804.359999999979,304,-1.3105131876843823,-1.4966195187936557,-1.4535232137308876,12,0.07303852817424306,0.07303852817424306,541.7796558441274,7.27741935483871,2.0,-109.22539893617021,59.557845744680854,signal_flat:2256,normal,1
vol.expansion_trend,ES,310,5783,-30487.5,94147.24,-124634.74000000003,-21.55191768978038,-402.04754838709687,0.3316617672488328,277.3135870698644,-169.86344113842173,1.63256781571899,0.8101591385637835,-124640.1599999999,305,-4.253275777514885,-6.455746192226089,-4.717415387433762,19,0.4149740120452108,0.4149740120452108,1500.5626964687126,18.65483870967742,3.0,-124.39693930485907,184.48685803216324,forced_flatten:242|signal_flat:2028|signal_flip:3513,normal,1
vol.contraction_revert,ES,310,3251,19025.0,52926.280000000006,-33901.27999999996,-10.427954475545976,-109.35896774193536,0.5816671793294371,68.8204759386568,-120.61823529411764,0.5705644405329239,0.7933362919468817,-35395.09999999997,304,-3.063117277213232,-3.8274871623537,-3.3973805915502595,9,0.09716195033413084,0.09716195033413084,566.7493721490068,10.487096774193548,2.0,-90.90664410950477,52.464626268840355,forced_flatten:16|signal_flat:3235,normal,1
vol.vol_of_vol_shock,ES,310,1121,-18375.0,18249.88,-36624.87999999999,-32.6716146297948,-118.14477419354836,0.3024085637823372,356.8394690265487,-201.5261636828644,1.7706855651164788,0.7675989853893685,-41351.25999999998,308,-2.0450616812165094,-1.7738068746431563,-2.2682294654448043,5,0.09620493358633776,0.09620493358633776,917.0824354756987,3.6161290322580646,4.0,-157.5379125780553,244.85950044603032,forced_flatten:40|signal_flat:227|signal_flip:854,normal,1
volume.heavy_continuation.q80,ES,310,7444,-21450.0,121188.32,-142638.3199999999,-19.161515314347117,-460.1236129032255,0.35491671144545944,107.07825132475399,-88.61704706372343,1.2083256537283997,0.6648055762495694,-142731.0199999999,309,-7.693086619233873,-11.20878660748336,-8.532596307601558,18,0.135046613315733,0.135046613315733,949.4545263901257,24.01290322580645,1.0,-53.56663084363245,65.45540032240731,forced_flatten:306|signal_flat:6500|signal_flip:638,normal,1
volume.heavy_continuation.q90,ES,310,3913,-16787.5,63703.64000000001,-80491.13999999996,-20.57018655762841,-259.64883870967725,0.37464860720674675,113.76774897680765,-101.05217000408662,1.1258318250088721,0.6744869045619152,-81194.32000000002,309,-5.602897170163704,-7.462226199583598,-6.214314497185656,11,0.06646316310535436,0.06646316310535436,735.6546813931145,12.62258064516129,1.0,-59.66010733452594,69.76105290058779,forced_flatten:306|signal_flat:3282|signal_flip:325,normal,1
volume.climax_reversion,ES,310,1061,-350.0,17273.08,-17623.079999999987,-16.609877474081042,-56.84864516129028,0.5664467483506126,120.24246256239601,-195.41043478260866,0.6153328643691114,0.8039457640996432,-18725.860000000015,309,-1.7823478053139166,-1.9250042863194952,-1.9768468828182495,7,0.03792591370348981,0.03792591370348981,506.3233237170752,3.42258064516129,3.0,-151.4019792648445,84.60179076343073,forced_flatten:111|signal_flat:949|signal_flip:1,normal,1
added.donchian_breakout,ES,310,417,-12300.0,6788.76,-19088.759999999995,-45.77640287769783,-61.57664516129031,0.09352517985611511,1010.6430769230772,-154.7720634920635,6.529880484373729,0.6737178277528452,-19088.760000000002,309,-1.2894096463251057,-1.6717624807310592,-1.4301167440013927,4,0.08279844897285701,0.08279844897285701,758.0980495877224,1.3451612903225807,4.0,-128.65707434052757,276.378896882494,forced_flatten:45|signal_flat:372,normal,1
added.bollinger_revert.2sd,ES,310,3884,24812.5,63231.520000000004,-38419.01999999996,-9.891611740473728,-123.93232258064504,0.5883110195674562,79.72656455142233,-137.9576110068793,0.5779062421387302,0.8258385011175725,-39261.41999999994,309,-2.7414864211957304,-3.288413841351926,-3.0406517010156873,7,0.10722712647471332,0.10722712647471332,717.6269831196319,12.529032258064516,2.0,-106.8196446961895,59.275231719876416,forced_flatten:89|signal_flat:3791|signal_flip:4,normal,1
added.vwap_trend,ES,310,3566,-22850.0,58054.48,-80904.48,-22.687739764441947,-260.9821935483871,0.23864273696017949,511.5695887191539,-190.14740331491714,2.690384300814804,0.8432843609552112,-82574.12,306,-2.1740612445861345,-2.8474192355687062,-2.4113061331815167,9,0.5190413332233315,0.5190413332233315,1905.6334750402232,11.503225806451614,4.0,-146.7470555243971,296.51920919798096,forced_flatten:211|signal_flat:996|signal_flip:2359,normal,1
trend.ret_15.q80,NQ,310,6936,-18805.0,95578.08,-114383.08000000006,-16.491216839677037,-368.977677419355,0.24581891580161477,514.0499120234605,-189.41658956222517,2.7138589772496675,0.8845592728370643,-114646.52000000022,307,-2.2466472036613045,-4.111922337571519,-2.4918130502413165,7,0.3390644336275885,0.3390644336275885,2607.146788854698,22.374193548387098,3.0,-138.3073817762399,294.37644175317183,forced_flatten:173|signal_flat:6749|signal_flip:14,normal,1
trend.ret_15.q90,NQ,310,5054,-39230.0,69644.12,-108874.12000000002,-21.542168579343084,-351.20683870967747,0.277997625643055,378.84989323843416,-175.70792545902987,2.156134347660779,0.8301914931387763,-109580.13999999996,307,-3.310895972419177,-5.636009554432631,-3.672198188759002,10,0.17057998514974013,0.17057998514974013,1683.9054353472216,16.303225806451614,2.0,-121.75207756232687,239.40740007914522,forced_flatten:114|signal_flat:4937|signal_flip:3,normal,1
trend.ret_30.q80,NQ,310,6882,-22025.0,94833.95999999999,-116858.96000000011,-16.980377797151984,-376.96438709677454,0.24106364428945073,527.6214466546113,-189.96418533409917,2.7774785322120485,0.8822203494045162,-116347.26000000015,309,-2.2825578466698495,-4.099600617642772,-2.531642449688378,7,0.3439815196765943,0.3439815196765943,2621.6746870386123,22.2,3.0,-139.35193257773903,300.1409473990119,forced_flatten:174|signal_flat:6696|signal_flip:12,normal,1
trend.ret_30.q90,NQ,310,5052,-38565.0,69616.56,-108181.56000000001,-21.4136104513064,-348.97277419354845,0.27731591448931114,380.98802284082797,-175.8273842782799,2.166829839417066,0.831478664755768,-109062.57999999994,307,-3.261575594446064,-5.583073480155441,-3.6174957142111714,10,0.17068723702664795,0.17068723702664795,1698.4953709256051,16.296774193548387,2.0,-121.9556611243072,239.6872525732383,forced_flatten:113|signal_flat:4936|signal_flip:3,normal,1
trend.ret_60.q80,NQ,310,6612,-21310.0,91113.36,-112423.36000000004,-17.00292800967936,-362.6560000000001,0.2483363581367211,509.20112058465287,-190.85142857142856,2.6680498249143465,0.8814764210280397,-111925.4400000001,309,-2.205977117711068,-3.950905923853289,-2.4467048326448553,10,0.3299315238016665,0.3299315238016665,2609.721324202183,21.329032258064515,3.0,-139.50468844525105,298.4429824561403,forced_flatten:171|signal_flat:6431|signal_flip:10,normal,1
trend.ret_60.q90,NQ,310,4964,-42140.0,68403.92,-110543.92000000001,-22.269121676067673,-356.5932903225807,0.2757856567284448,379.5910737764791,-175.30016689847008,2.1653777089461057,0.8245902874957494,-113102.85999999991,307,-3.310901407447395,-5.714551928010715,-3.6722042168858122,10,0.167131424799934,0.167131424799934,1709.7286496039417,16.01290322580645,2.0,-121.88053988718775,237.98146655922642,forced_flatten:111|signal_flat:4851|signal_flip:2,normal,1
trend.ma_agree.30_120,NQ,310,6734,-129090.0,92794.51999999999,-221884.52000000002,-32.94988416988416,-715.7565161290323,0.20804870804870804,637.7153604568165,-209.13627226701664,3.049281473481595,0.8010581932022717,-220522.22000000035,308,-3.9889384225822293,-5.8680531035567505,-4.424232163288009,12,0.5090751588152793,0.5090751588152793,2848.447692595145,21.72258064516129,3.0,-162.62696762696763,339.39634689634687,forced_flatten:253|signal_flat:5538|signal_flip:943,normal,1
trend.multi_horizon_agree,NQ,310,8555,-67435.0,117887.9,-185322.90000000026,-21.662524839275267,-597.8158064516138,0.3115137346580947,423.3532082551594,-223.01514431239391,1.898315962175811,0.8589154565702098,-184332.1800000001,309,-3.037520830749476,-5.250232058672566,-3.3689909275058794,13,0.4817919313587987,0.4817919313587987,3124.2688531045865,27.596774193548388,3.0,-162.19637638807714,291.7837521917008,forced_flatten:218|signal_flat:8180|signal_flip:157,normal,1
trend.accel_confirm,NQ,310,10851,-105350.0,149526.78,-254876.78000000026,-23.48878260068195,-822.1831612903234,0.36485116579117133,346.6077241727709,-236.084846198491,1.4681489716682472,0.8433548721466325,-256458.67999999993,309,-4.627090468118725,-6.983901584783435,-5.132022684431959,11,0.435186865770151,0.435186865770151,2820.7257133706266,35.00322580645161,2.0,-163.7346788314441,229.61386047368907,forced_flatten:187|signal_flat:9900|signal_flip:764,normal,1
breakout.opening_range.q90,NQ,310,961,-65315.0,13242.579999999998,-78557.58,-81.7456607700312,-253.4115483870968,0.07908428720083246,2107.338421052632,-269.734802259887,7.812630789193569,0.6709151864166228,-75908.43999999996,309,-1.9462683440539428,-2.86552973703188,-2.1586552846756164,5,0.1853642438742678,0.1853642438742678,2066.921362922255,3.1,3.0,-240.05723204994797,524.4224765868887,forced_flatten:84|signal_flat:877,normal,1
breakout.opening_range.q95,NQ,310,515,-32625.0,7096.7,-39721.70000000001,-77.12951456310682,-128.1345161290323,0.07766990291262135,2058.72,-256.99052631578945,8.010878959289919,0.6746003334138878,-51352.07999999998,309,-1.3390335660040542,-1.7771861631950019,-1.4851558843072743,3,0.08352446167807936,0.08352446167807936,1519.0600414268677,1.6612903225806452,3.0,-228.0097087378641,498.5728155339806,forced_flatten:43|signal_flat:472,normal,1
breakout.range_expansion.q80,NQ,310,2880,-6595.0,39686.399999999994,-46281.40000000005,-16.069930555555548,-149.29483870967758,0.39131944444444444,381.6680922803904,-271.7748659440959,1.4043538976812504,0.9028561566952478,-60331.68000000001,305,-1.2395293599543897,-1.8931662553382456,-1.374793260934818,12,0.13452685421994887,0.13452685421994887,1912.0015774334245,9.290322580645162,3.0,-192.11284722222223,277.9045138888889,forced_flatten:281|signal_flat:1154|signal_flip:1445,normal,1
breakout.range_expansion.q90,NQ,310,1409,-9740.0,19416.019999999997,-29156.02000000001,-20.69270404542227,-94.05167741935487,0.38325053229240597,427.9051851851852,-299.4531875719217,1.4289551854658828,0.8879583430973265,-34282.140000000014,305,-1.0582452593360654,-1.5133196158158004,-1.1737264948730017,11,0.06364161372824026,0.06364161372824026,1410.8488366649563,4.54516129032258,3.0,-214.7374024130589,294.6593328601845,forced_flatten:226|signal_flat:534|signal_flip:649,normal,1
breakout.failed_reversal,NQ,310,470,6665.0,6476.599999999999,188.40000000000646,0.4008510638297954,0.6077419354838918,0.48723404255319147,147.6610480349345,-139.52688796680496,1.0582981544751773,1.0056028106838821,-6238.7199999999975,129,0.03642910233432185,0.03658608866579037,0.04040443575533651,2,0.0038775678574375053,0.0038775678574375053,264.83233232137854,1.5161290322580645,1.0,-64.72340425531915,78.90425531914893,forced_flatten:8|signal_flat:462,normal,1
breakout.compression_expansion,NQ,310,3317,10965.0,45708.259999999995,-34743.26000000001,-10.474302080192933,-112.07503225806455,0.33524268917696715,371.3099280575539,-203.0112925170068,1.8290112015638158,0.9223856943940876,-44776.03999999997,308,-1.1257326649727741,-1.8122979550792029,-1.248578477782657,8,0.159689794571405,0.159689794571405,1580.4249415195852,10.7,3.0,-148.22731383780524,214.5749170937594,forced_flatten:18|signal_flat:1108|signal_flip:2191,normal,1
revert.z_60.q90,NQ,310,5058,38350.0,69699.23999999999,-31349.239999999998,-6.1979517595887605,-101.12658064516128,0.6640964808224594,162.2932360821673,-339.31266627427897,0.4782999640543324,0.9456207058613905,-38733.11999999999,239,-0.9684138353597033,-1.1374668701504083,-1.0740921979432176,7,0.17089349063608614,0.17089349063608614,1657.6949247696455,16.316129032258065,2.0,-239.72222222222223,121.81494661921708,forced_flatten:114|signal_flat:4941|signal_flip:3,normal,1
revert.z_60.q95,NQ,310,3276,56735.0,45143.28,11591.720000000023,3.5383760683760808,37.392645161290396,0.6498778998778999,160.32051667449508,-287.4722406277245,0.5576904271675732,1.0351551172099072,-11148.799999999997,118,0.5111704638842381,0.5733207911233014,0.5669520478021063,4,0.08269119709594919,0.08269119709594919,1161.236577026425,10.567741935483872,2.0,-197.62515262515262,116.9047619047619,forced_flatten:71|signal_flat:3204|signal_flip:1,normal,1
revert.vwap.q90,NQ,310,2118,81565.0,29186.039999999997,52378.95999999999,24.730387157695958,168.96438709677417,0.8087818696883853,272.542241681261,-1023.421975308642,0.2663048559213008,1.1263709091189833,-39960.020000000004,154,0.9904418447261268,0.7811603580544401,1.0985240184447365,6,0.27241151720155105,0.27241151720155105,2708.1110379062898,6.832258064516129,3.0,-585.8026440037771,236.41170915958452,forced_flatten:88|signal_flat:2030,normal,1
revert.vwap.q95,NQ,310,1246,44845.0,17169.879999999997,27675.12000000001,22.21117174959873,89.27458064516132,0.7945425361155698,274.5583838383838,-953.6628124999997,0.28789880473438706,1.1133586589337625,-25508.260000000002,197,0.6233848509479885,0.3810042396127525,0.6914118533535065,4,0.14580480158402773,0.14580480158402773,2273.379005866,4.019354838709678,3.0,-593.5353130016051,235.52166934189407,forced_flatten:45|signal_flat:1201,normal,1
revert.z_calm_only,NQ,310,1668,22810.0,22985.039999999997,-175.03999999997723,-0.1049400479616165,-0.5646451612902491,0.6306954436450839,152.7361596958175,-261.1257792207792,0.5849141365957615,0.9989118047057485,-14657.34,190,-0.011602654632244004,-0.013472958483309183,-0.0128687967487516,5,0.03644913785991255,0.03644913785991255,772.5356255722791,5.380645161290323,2.0,-171.36390887290167,108.31235011990408,forced_flatten:1|signal_flat:1667,normal,1
session.late_day_continuation,NQ,310,2796,-480.0,38528.88,-39008.880000000034,-13.95167381974248,-125.83509677419366,0.30472103004291845,476.8303286384976,-229.04748971193416,2.081796789120859,0.9123924199233395,-52228.40000000002,308,-1.1280223585286517,-1.769892185441847,-1.2511180346273147,8,0.2292715122514644,0.2292715122514644,1770.8604962539284,9.019354838709678,4.0,-175.05185979971387,310.5776108726752,forced_flatten:309|signal_flat:106|signal_flip:2381,normal,1
session.late_day_fade,NQ,310,2796,480.0,38528.88,-38048.88000000004,-13.608326180257501,-122.73832258064529,0.6323319027181689,222.97904977375566,-420.50178988326843,0.5302689670730172,0.9119800912306365,-52560.80000000003,270,-1.1488307846629449,-1.5110097210584528,-1.2741971846210987,8,0.2292715122514644,0.2292715122514644,1695.99430423107,9.019354838709678,4.0,-310.5776108726752,175.05185979971387,forced_flatten:309|signal_flat:106|signal_flip:2381,normal,1
session.opening_drive,NQ,310,2975,-12055.0,40995.5,-53050.50000000005,-17.83210084033612,-171.1306451612905,0.3515966386554622,720.7611089866157,-418.33417314670805,1.72293146305752,0.9342593625495935,-60259.300000000025,259,-0.8926034579085145,-1.1615712858912426,-0.9900089971768765,8,0.18878805379094132,0.18878805379094132,3043.473278893924,9.596774193548388,3.0,-304.1344537815126,515.9243697478992,signal_flat:367|signal_flip:2608,normal,1
session.midday_reversion,NQ,310,2229,44120.0,30715.62,13404.380000000028,6.013629430237787,43.23993548387106,0.6747420367877972,155.66481382978725,-304.4351724137931,0.5113233552994499,1.06073148464879,-13476.76,56,0.6735830401710876,0.8617915214519382,0.7470879304878045,7,0.0728982757198251,0.0728982757198251,1019.0468807030157,7.190322580645161,2.0,-220.24899057873486,119.05114401076716,signal_flat:2229,normal,1
vol.expansion_trend,NQ,310,5530,-20780.0,76203.4,-96983.40000000001,-17.537685352622056,-312.84967741935486,0.36726943942133816,554.8856819300836,-349.80172049156903,1.5862863142877468,0.9207623619086636,-96939.74000000005,296,-1.5017058989164362,-2.4768609971822793,-1.6655798696146629,9,0.3988779803646564,0.3988779803646564,3307.128691958818,17.838709677419356,3.0,-258.75858951175405,392.0379746835443,forced_flatten:232|signal_flat:1577|signal_flip:3721,normal,1
vol.contraction_revert,NQ,310,3349,30015.0,46149.219999999994,-16134.219999999963,-4.817623171095841,-52.04587096774181,0.6688563750373245,138.32044642857144,-293.93329125338147,0.4705844847950008,0.9505042794777295,-21197.519999999993,251,-0.7557915015148516,-0.9749320666930741,-0.8382674073913496,6,0.10303605313092978,0.10303605313092978,1093.1620512197214,10.803225806451612,2.0,-187.5739026575097,105.64048969841744,forced_flatten:26|signal_flat:3323,normal,1
vol.vol_of_vol_shock,NQ,310,1164,-14265.0,16039.919999999998,-30304.920000000027,-26.03515463917524,-97.75780645161299,0.34536082474226804,608.8195024875622,-360.9584776902887,1.6866746180427556,0.8898204677863356,-55839.16000000002,308,-1.0244671739650584,-1.0542382293976178,-1.1362623688622633,5,0.09810246679316888,0.09810246679316888,1514.7943310966943,3.7548387096774194,4.0,-284.3814432989691,471.46907216494844,forced_flatten:32|signal_flat:215|signal_flip:917,normal,1
volume.heavy_continuation.q80,NQ,310,8339,-40590.0,114911.42,-155501.42000000007,-18.647490106727414,-501.617483870968,0.42714953831394653,182.40613138686132,-168.5643835042914,1.0821154955442738,0.8068862037112631,-156548.1,305,-4.736246013981805,-7.759383651179528,-5.2530898520961,9,0.13498886230509033,0.13498886230509033,1681.2747205529345,26.9,1.0,-100.305192469121,117.00323779829716,forced_flatten:308|signal_flat:7386|signal_flip:645,normal,1
volume.heavy_continuation.q90,NQ,310,4418,-22010.0,60880.03999999999,-82890.03999999998,-18.76189225894069,-267.38722580645157,0.4339067451335446,196.9164006259781,-184.07788084766094,1.0697450433435947,0.8199525182285768,-84524.84,307,-3.308869028370426,-5.515260737427711,-3.66995005401646,13,0.06652916426037456,0.06652916426037456,1282.8070809216908,14.251612903225807,1.0,-107.07333635129018,121.93526482571299,forced_flatten:307|signal_flat:3808|signal_flip:303,normal,1
volume.climax_reversion,NQ,310,1044,1850.0,14386.32,-12536.319999999989,-12.007969348658996,-40.43974193548384,0.603448275862069,221.33904761904768,-367.1012560386473,0.6029373203663072,0.9175133136009024,-22154.82000000001,239,-0.67842177209115,-0.6631738587042817,-0.7524546900419442,6,0.03538486923521161,0.03538486923521161,946.2564850929772,3.367741935483871,2.0,-266.7911877394636,159.50191570881225,forced_flatten:113|signal_flat:931,normal,1
added.donchian_breakout,NQ,310,515,-32445.0,7096.7,-39541.70000000001,-76.78,-127.55387096774197,0.07766990291262135,2058.72,-256.6115789473684,8.022708906764677,0.6755965395170255,-51172.07999999998,309,-1.3339371718814519,-1.77468190158495,-1.479503345108784,3,0.08349146110056926,0.08349146110056926,1517.953746809263,1.6612903225806452,3.0,-227.6601941747573,499.20388349514565,forced_flatten:43|signal_flat:472,normal,1
added.bollinger_revert.2sd,NQ,310,3841,66230.0,52928.979999999996,13301.019999999986,3.4629054933611116,42.90651612903221,0.6605050768029159,160.98547102877416,-303.0054601226994,0.5312956108565982,1.0336633165208509,-14784.079999999976,189,0.4999741582634455,0.5648631739732709,0.554533942985776,4,0.10431482550944642,0.10431482550944642,1362.3100645347984,12.390322580645162,2.0,-208.518614944025,119.66024472793544,forced_flatten:86|signal_flat:3754|signal_flip:1,normal,1
added.vwap_trend,NQ,310,3570,-49145.0,49194.6,-98339.6,-27.54610644257701,-317.2245161290323,0.242296918767507,1059.3587283236996,-375.11456561922364,2.824093824709136,0.903083607531757,-98554.37999999996,307,-1.276904194957257,-1.6284179257236648,-1.4162466326342047,9,0.5561422324890686,0.5561422324890686,3943.743858457504,11.516129032258064,4.0,-304.546218487395,621.610644257703,forced_flatten:192|signal_flat:988|signal_flip:2390,normal,1
trend.ret_15.q80,MES,249,5607,-2147.5,13849.289999999999,-15996.790000000006,-2.853003388621365,-64.24413654618476,0.22079543427858034,27.222043618739896,-11.375069810025177,2.3931320047590674,0.6781179725089781,-15895.070000000014,248,-7.355935129911068,-11.482228465644415,-7.312018706784807,17,0.3340728643474152,0.3340728643474152,138.64233886793605,22.518072289156628,3.0,-7.217094703049759,15.099429284822543,forced_flatten:133|signal_flat:5465|signal_flip:9,normal,1
trend.ret_15.q90,MES,249,4162,-1753.75,10280.14,-12033.89,-2.891371936568956,-48.32887550200803,0.22945699183085055,22.18706806282722,-10.359382600561272,2.141736522177019,0.6377793510068764,-11910.829999999993,248,-7.695700863507417,-11.859457486877313,-7.649755970110972,17,0.17131441366488975,0.17131441366488975,99.69164965445793,16.714859437751002,2.0,-6.316674675636713,12.377162421912542,forced_flatten:85|signal_flat:4073|signal_flip:4,normal,1
trend.ret_30.q80,MES,249,5602,-2041.25,13836.939999999999,-15878.190000000006,-2.8343787932881104,-63.76783132530123,0.21581578007854338,28.03454921422663,-11.329833826542224,2.4744007408608706,0.6809812191442732,-15776.440000000006,248,-7.384476656825072,-11.432882746186872,-7.340389835000277,17,0.33959880442486057,0.33959880442486057,137.0825566982286,22.497991967871485,3.0,-7.210594430560514,15.330239200285613,forced_flatten:134|signal_flat:5458|signal_flip:10,normal,1
trend.ret_30.q90,MES,249,4159,-1762.5,10272.73,-12035.23,-2.8937797547487367,-48.33425702811245,0.22745852368357777,22.445433403805495,-10.354375972611267,2.167724396253016,0.6382406719126527,-11912.169999999991,248,-7.691068758208559,-11.878266122393184,-7.645151519419267,20,0.17158146653108597,0.17158146653108597,99.76279858242845,16.70281124497992,2.0,-6.32724212551094,12.405926905506131,forced_flatten:85|signal_flat:4070|signal_flip:4,normal,1
trend.ret_60.q80,MES,249,5436,-2703.75,13426.919999999998,-16130.670000000006,-2.967378587196467,-64.78180722891568,0.22038263428991905,27.085509181969947,-11.462744218971213,2.3629166510705657,0.6679504832426941,-15996.480000000016,248,-7.40790498101121,-11.348683954911996,-7.363678287344165,22,0.32573259791082493,0.32573259791082493,138.8218816372892,21.83132530120482,3.0,-7.313741721854305,15.123022442972774,forced_flatten:130|signal_flat:5298|signal_flip:8,normal,1
trend.ret_60.q90,MES,249,4093,-1971.25,10109.71,-12080.960000000001,-2.9516149523576827,-48.51791164658635,0.2301490349376985,21.95940552016985,-10.39883211678832,2.1117184385271153,0.6313039571858275,-11965.369999999988,248,-7.846802581061979,-11.90416282676627,-7.799955579796713,17,0.16743187584095978,0.16743187584095978,98.1543707947082,16.437751004016064,2.0,-6.348644026386514,12.298741754214513,forced_flatten:83|signal_flat:4007|signal_flip:3,normal,1
trend.ma_agree.30_120,MES,249,5380,-5641.25,13288.599999999999,-18929.850000000017,-3.5185594795539026,-76.02349397590368,0.19609665427509293,34.54421800947867,-12.803236994219652,2.6980847128796053,0.6581455195579151,-18852.95,248,-7.257849554257665,-10.111510932888754,-7.214518721891369,11,0.5131831674524184,0.5131831674524184,166.28004536726505,21.606425702811244,4.0,-8.743029739776953,18.019052044609666,forced_flatten:194|signal_flat:4480|signal_flip:706,normal,1
trend.multi_horizon_agree,MES,249,6876,-3860.0,16983.719999999998,-20843.720000000012,-3.031372891215822,-83.70971887550206,0.2716695753344968,23.381846895074943,-12.883588258785942,1.8148551805146158,0.6769467805913143,-20667.09000000002,248,-7.9017774224364095,-11.981355028518289,-7.854602210229575,13,0.48225639129407655,0.48225639129407655,168.1710986959835,27.6144578313253,3.0,-8.542030250145434,15.162340023269342,forced_flatten:167|signal_flat:6596|signal_flip:113,normal,1
trend.accel_confirm,MES,249,8656,-6998.75,21380.319999999996,-28379.07000000002,-3.2785432070240286,-113.97216867469888,0.323590573012939,18.188693323812924,-13.548351836037574,1.342502286915254,0.6422457567292275,-28282.65000000002,248,-11.256267484388758,-14.195223284685424,-11.189065286852145,15,0.42802411692807035,0.42802411692807035,160.73286199754892,34.76305220883534,2.0,-8.657000924214417,11.866046672828096,forced_flatten:153|signal_flat:7921|signal_flip:582,normal,1
breakout.opening_range.q90,MES,249,780,-1327.5,1926.5999999999997,-3254.0999999999995,-4.171923076923077,-13.068674698795178,0.10128205128205128,99.00151898734173,-15.799172610556347,6.266247064178098,0.7061819088018113,-3868.909999999999,222,-1.891047782223559,-3.2138437073820074,-1.87975784381472,7,0.21151614129150872,0.21151614129150872,109.70573100239,3.1325301204819276,4.0,-12.384615384615385,30.65224358974359,forced_flatten:86|signal_flat:694,normal,1
breakout.opening_range.q95,MES,249,496,-1652.5,1225.12,-2877.6200000000003,-5.801653225806453,-11.556706827309238,0.08266129032258064,109.1153658536585,-16.15681318681319,6.753520300817485,0.6085589721615755,-3500.1599999999994,223,-1.930460668297393,-2.3188354314165265,-1.91893542697317,4,0.10825912345032303,0.10825912345032303,95.03277453534373,1.9919678714859437,3.0,-12.890625,27.250504032258064,forced_flatten:46|signal_flat:450,normal,1
breakout.range_expansion.q80,MES,249,2372,-965.0,5858.839999999999,-6823.840000000002,-2.8768296795952777,-27.404979919678723,0.35160202360876897,20.917290167865705,-15.779492847854357,1.3255996481984507,0.7188232162532561,-6795.480000000001,248,-3.950678755395303,-5.7458794995443645,-3.927092402770688,13,0.13527254799248145,0.13527254799248145,110.11793067685217,9.526104417670682,3.0,-10.594962057335582,14.60002107925801,forced_flatten:228|signal_flat:1085|signal_flip:1059,normal,1
breakout.range_expansion.q90,MES,249,1174,246.25,2899.7799999999997,-2653.5299999999993,-2.2602470187393515,-10.656746987951804,0.3679727427597956,23.1087037037037,-17.03030997304582,1.3569162123460032,0.7900105171610153,-2655.5600000000004,248,-2.1134319024309094,-2.903635121530298,-2.1008142857667425,10,0.06697891309483457,0.06697891309483457,80.04545294114253,4.714859437751004,3.0,-11.503407155025554,16.474659284497445,forced_flatten:195|signal_flat:495|signal_flip:484,normal,1
breakout.failed_reversal,MES,249,449,27.5,1109.03,-1081.5299999999997,-2.4087527839643643,-4.3434939759036135,0.39198218262806234,7.103863636363638,-8.54142857142857,0.8316950234913107,0.5361843374889037,-1081.5300000000002,248,-4.334527020221769,-3.636238943594192,-4.308649015683878,3,0.004611797573927424,0.004611797573927424,15.90734789895509,1.8032128514056225,1.0,-3.777839643652561,3.839086859688196,forced_flatten:3|signal_flat:446,normal,1
breakout.compression_expansion,MES,249,3356,-165.0,8289.32,-8454.319999999998,-2.519165673420738,-33.9530923694779,0.2824791418355185,18.439810126582277,-10.770456810631229,1.7120731692996378,0.6740221613355717,-8388.339999999998,248,-5.930475922318543,-8.572435512509497,-5.895069779476743,9,0.21480294579853945,0.21480294579853945,90.88454939662584,13.477911646586346,3.0,-6.980035756853397,10.33037842669845,forced_flatten:26|signal_flat:1392|signal_flip:1938,normal,1
revert.z_60.q90,MES,249,4164,1788.75,10285.079999999998,-8496.33,-2.0404250720461086,-34.121807228915664,0.6030259365994236,7.55688172043011,-16.619274047186934,0.4547058854059409,0.690723822295413,-8588.430000000004,248,-5.870276696313551,-7.225383346196871,-5.835229955048086,14,0.17174580675643752,0.17174580675643752,92.27280506401684,16.72289156626506,2.0,-12.396433717579251,6.3298511047070125,forced_flatten:85|signal_flat:4075|signal_flip:4,normal,1
revert.z_60.q95,MES,249,2612,1316.25,6451.639999999999,-5135.389999999998,-1.966075803981622,-20.62405622489959,0.5758039816232772,7.416136968085108,-14.701498194945849,0.5044477011625021,0.6847376737801473,-5192.129999999991,246,-4.845241099407838,-5.568326445474377,-4.816314028340408,11,0.08430653560533695,0.08430653560533695,67.57078462390662,10.48995983935743,2.0,-10.901129402756508,5.9882274119448695,forced_flatten:58|signal_flat:2551|signal_flip:3,normal,1
revert.vwap.q90,MES,249,1282,1671.25,3166.5399999999995,-1495.290000000001,-1.1663728549141965,-6.005180722891571,0.7761310452418096,12.168190954773872,-47.39595818815331,0.25673478119101156,0.8900735445472352,-2061.7400000000025,225,-0.7487455081543334,-0.5248722061208874,-0.7442753457658307,5,0.18735812816483322,0.18735812816483322,127.31867849145287,5.14859437751004,3.0,-28.921606864274573,11.675117004680187,forced_flatten:55|signal_flat:1227,normal,1
revert.vwap.q95,MES,249,648,1043.75,1600.5599999999997,-556.8100000000015,-0.8592746913580253,-2.2361847389558296,0.7592592592592593,14.341483739837399,-48.8001282051282,0.2938820914476678,0.9268589037964907,-1391.8500000000006,197,-0.34193171174744197,-0.1847062411280633,-0.33989031014884336,4,0.08934972627081214,0.08934972627081214,103.81702255060192,2.602409638554217,3.0,-32.31288580246913,13.161651234567902,forced_flatten:31|signal_flat:617,normal,1
revert.z_calm_only,MES,249,1381,-5.0,3411.0699999999997,-3416.069999999999,-2.4736205648081087,-13.719156626506019,0.559739319333816,6.407749029754205,-13.765230263157893,0.4655024948550478,0.5918312969127499,-3403.800000000002,234,-5.544172243982126,-6.466709574673107,-5.511072412369753,9,0.038219373658316125,0.038219373658316125,39.281762940187384,5.546184738955823,2.0,-9.425235336712527,5.220854453294714,signal_flat:1381,normal,1
session.late_day_continuation,MES,249,2297,-1068.75,5673.589999999999,-6742.339999999998,-2.93528080104484,-27.07767068273092,0.2581628210709621,26.105042158516017,-13.04144953051643,2.0016979015585146,0.6966002673850934,-6752.139999999997,244,-4.570473214385887,-6.82170529884842,-4.543186563263307,10,0.22596780985835926,0.22596780985835926,94.04818190455572,9.224899598393574,3.0,-9.07760121898128,16.0345015237266,forced_flatten:246|signal_flat:374|signal_flip:1677,normal,1
session.late_day_fade,MES,249,2297,1068.75,5673.589999999999,-4604.839999999997,-2.0047191989551583,-18.49333333333332,0.5833696125380932,10.93858208955224,-20.128045977011496,0.5434497765975563,0.7609432608576023,-4743.759999999999,247,-3.609854220498167,-4.989419154398514,-3.5883026594020277,6,0.22596780985835926,0.22596780985835926,81.32532438808933,9.224899598393574,3.0,-16.0345015237266,9.07760121898128,forced_flatten:246|signal_flat:374|signal_flip:1677,normal,1
session.opening_drive,MES,249,2327,-91.25,5747.69,-5838.940000000002,-2.509213579716372,-23.449558232931736,0.31800601633003867,36.12628378378378,-20.52450535601764,1.760153687367272,0.820739589572641,-5864.349999999998,238,-2.592407918938724,-3.3210195190098175,-2.576930718409719,8,0.18710134656272145,0.18710134656272145,143.5924469727661,9.345381526104418,4.0,-14.479480017189514,24.73839707778255,signal_flat:448|signal_flip:1879,normal,1
session.midday_reversion,MES,249,1812,2435.0,4475.639999999999,-2040.6399999999985,-1.1261810154525378,-8.195341365461841,0.6098233995584988,7.672533936651585,-14.878062234794907,0.5156944375933611,0.8060005000575163,-2100.7399999999966,245,-2.3491539030888635,-2.843673869700996,-2.3351289783206637,8,0.07227888536242155,0.07227888536242155,55.380369418407554,7.27710843373494,2.0,-11.287941501103752,6.482477924944813,signal_flat:1812,normal,1
vol.expansion_trend,MES,249,4707,-3357.5,11626.289999999999,-14983.790000000012,-3.1832993414064155,-60.17586345381531,0.3407690673465052,27.377256857855357,-18.980634869481147,1.4423783527849794,0.7455929351811496,-14923.840000000007,244,-6.005340872009588,-8.974109636020685,-5.969487770249596,18,0.4130178001006584,0.4130178001006584,159.0687752991099,18.903614457831324,3.0,-13.196037816018695,19.32759719566603,forced_flatten:197|signal_flat:1637|signal_flip:2873,normal,1
vol.contraction_revert,MES,249,2651,2496.25,6547.969999999999,-4051.7199999999975,-1.5283741984156913,-16.271967871485934,0.5956242927197284,6.574490183660545,-13.463470149253732,0.48832062690947203,0.7192707741511719,-4113.79,245,-4.418682217261988,-5.749690750228696,-4.392301789146915,9,0.09707371686233424,0.09707371686233424,58.45848813666642,10.646586345381525,2.0,-9.295548849490759,5.660599773670313,forced_flatten:13|signal_flat:2638,normal,1
vol.vol_of_vol_shock,MES,249,636,-1150.0,1570.9199999999998,-2720.920000000001,-4.278176100628929,-10.927389558232935,0.2971698113207547,37.536613756613754,-21.958255033557048,1.7094534014314682,0.7227890220817618,-3134.6000000000013,148,-2.333524454795344,-1.6842067321929453,-2.3195928410001705,3,0.06750274756314259,0.06750274756314259,74.33688176902493,2.5542168674698793,4.0,-17.06564465408805,26.839622641509433,forced_flatten:24|signal_flat:129|signal_flip:483,normal,1
volume.heavy_continuation.q80,MES,249,6786,-1831.25,16761.42,-18592.67,-2.739857058650161,-74.66935742971887,0.3743000294724433,9.158937007874018,-9.85783560998587,0.9291022259081014,0.5557983169586852,-18461.46,248,-11.277085888938135,-16.628578163327752,-11.209759401308302,25,0.13509793650304544,0.13509793650304544,105.11042600632251,27.253012048192772,1.0,-5.303750368405541,6.196765399351606,forced_flatten:240|signal_flat:6121|signal_flip:425,normal,1
volume.heavy_continuation.q90,MES,249,3812,-1408.75,9415.64,-10824.389999999996,-2.8395566631689393,-43.471445783132516,0.3685729275970619,9.62252669039146,-10.113851267137516,0.9514206246692104,0.5553576974076612,-10715.319999999996,248,-9.68174611911906,-13.176058954083375,-9.623944133150019,27,0.06822173604905556,0.06822173604905556,71.27720553266974,15.309236947791165,1.0,-5.421694648478489,6.10375131164743,forced_flatten:223|signal_flat:3372|signal_flip:217,normal,1
volume.climax_reversion,MES,249,949,65.0,2344.0299999999997,-2279.029999999999,-2.4015068493150675,-9.152730923694774,0.5690200210748156,10.770740740740742,-19.792738386308073,0.5441763807776878,0.7184724831783655,-2381.390000000002,245,-2.876164296460951,-3.01029715365798,-2.858993012865693,6,0.040458509228730774,0.040458509228730774,50.51696776359516,3.8112449799196786,2.0,-14.361169652265543,8.425974710221286,forced_flatten:81|signal_flat:868,normal,1
added.donchian_breakout,MES,249,496,-1652.5,1225.12,-2877.6200000000003,-5.801653225806453,-11.556706827309238,0.08266129032258064,109.1153658536585,-16.15681318681319,6.753520300817485,0.6085589721615755,-3500.1599999999994,223,-1.930460668297393,-2.3188354314165265,-1.91893542697317,4,0.10825912345032303,0.10825912345032303,95.03277453534373,1.9919678714859437,3.0,-12.890625,27.250504032258064,forced_flatten:46|signal_flat:450,normal,1
added.bollinger_revert.2sd,MES,249,3099,1967.5,7654.53,-5687.029999999997,-1.8351177799290084,-22.839477911646576,0.5863181671506937,7.746015410016512,-15.414617784711389,0.5025110267540469,0.7122172664680992,-5709.5999999999985,248,-4.740975441079721,-5.66421376457683,-4.712670857117982,10,0.1078790866791976,0.1078790866791976,76.47486815288092,12.44578313253012,2.0,-11.4351403678606,6.2729912875121006,forced_flatten:67|signal_flat:3029|signal_flip:3,normal,1
added.vwap_trend,MES,249,2624,-1212.5,6481.28,-7693.780000000014,-2.932080792682927,-30.89871485943781,0.25914634146341464,50.6145588235294,-21.66238683127572,2.3365180955245943,0.8173005683933767,-8491.91000000001,220,-2.4886860725899713,-3.303725975734073,-2.4738281124989587,11,0.4351010178822708,0.4351010178822708,197.09271390221858,10.538152610441767,4.0,-16.0180068597561,31.243807164634145,forced_flatten:135|signal_flat:853|signal_flip:1636,normal,1
trend.ret_15.q80,MNQ,249,5560,333.0,9563.2,-9230.20000000003,-1.6601079136690648,-37.069076305221,0.24640287769784172,55.536569343065686,-20.36164677804296,2.727508729939943,0.8918107303144921,-9251.600000000037,220,-2.0829215139577157,-3.9634129444022927,-2.070486050494505,9,0.3388695446748631,0.3388695446748631,282.5134502014159,22.329317269076306,3.0,-14.659892086330935,31.65323741007194,forced_flatten:140|signal_flat:5411|signal_flip:9,normal,1
trend.ret_15.q90,MNQ,249,4037,-1174.0,6943.639999999999,-8117.64000000001,-2.010810007431261,-32.600963855421725,0.2823879118157047,40.422105263157896,-18.70860890576458,2.1606152262182814,0.8502248387603868,-8244.940000000008,220,-2.8436708901232404,-5.017548141043681,-2.826693598747372,12,0.17131441366488975,0.17131441366488975,181.9916147723689,16.21285140562249,2.0,-12.705845925191975,25.879737428783752,forced_flatten:88|signal_flat:3947|signal_flip:2,normal,1
trend.ret_30.q80,MNQ,249,5511,567.5,9478.92,-8911.420000000031,-1.6170241335510798,-35.78883534136558,0.24097260025403738,57.59249999999999,-20.414597179058095,2.82114310142157,0.8956438055672591,-9433.34000000002,190,-2.000228241015732,-3.6546346037025836,-1.9882864731466336,10,0.3435840548896353,0.3435840548896353,284.0326601262541,22.132530120481928,3.0,-14.773180910905461,32.39693340591544,forced_flatten:139|signal_flat:5364|signal_flip:8,normal,1
trend.ret_30.q90,MNQ,249,4033,-1123.0,6936.76,-8059.760000000011,-1.998452764691297,-32.368514056224946,0.28142821720803374,40.73991189427313,-18.736908212560387,2.174313469015283,0.8515685946626456,-8305.50000000001,220,-2.801486823427228,-4.962424335642902,-2.7847613794765325,12,0.17146848262615683,0.17146848262615683,183.4148305506625,16.196787148594378,2.0,-12.742003471361269,25.939871063724276,forced_flatten:88|signal_flat:3943|signal_flip:2,normal,1
trend.ret_60.q80,MNQ,249,5310,154.0,9133.2,-8979.20000000003,-1.6909981167608288,-36.06104417670695,0.24783427495291901,55.32711246200606,-20.478137205808714,2.701764906932662,0.8902159783483683,-9495.140000000027,190,-2.0142491880519633,-3.6241296542465147,-2.002223712288246,12,0.3296973058474306,0.3296973058474306,284.20084905528347,21.325301204819276,3.0,-14.787758945386065,32.03888888888889,forced_flatten:136|signal_flat:5166|signal_flip:8,normal,1
trend.ret_60.q90,MNQ,249,3965,-1672.5,6819.8,-8492.30000000001,-2.141815889029004,-34.10562248995988,0.28045397225725094,40.378920863309354,-18.714917630564315,2.157579405926127,0.8409492812442526,-8927.360000000011,220,-2.912875199141669,-5.182761472926592,-2.8954847440193374,12,0.16779137008391623,0.16779137008391623,185.86789185628282,15.923694779116467,2.0,-12.74312736443884,25.677175283732662,forced_flatten:86|signal_flat:3877|signal_flip:2,normal,1
trend.ma_agree.30_120,MNQ,249,5317,-9027.5,9145.24,-18172.74000000005,-3.4178559337972545,-72.98289156626525,0.20725973293210456,71.03453720508165,-22.8832265717675,3.1042185848354746,0.811589295489607,-18070.340000000066,248,-3.722202470862468,-5.585881910112046,-3.69998016794855,9,0.5112829835967913,0.5112829835967913,311.2585882551242,21.353413654618475,4.0,-17.631841263870605,37.18478465299981,forced_flatten:203|signal_flat:4354|signal_flip:760,normal,1
trend.multi_horizon_agree,MNQ,249,6782,-3306.0,11665.039999999999,-14971.040000000059,-2.2074668239457393,-60.12465863453839,0.30905337658507814,47.129952290076325,-24.275591122492532,1.941454362625514,0.8683927324078269,-14866.840000000053,247,-2.8115475858646266,-4.919908745201789,-2.794762077123749,13,0.48600540268490844,0.48600540268490844,339.4747331528186,27.23694779116466,3.0,-17.55241816573282,31.836331465644353,forced_flatten:174|signal_flat:6470|signal_flip:138,normal,1
trend.accel_confirm,MNQ,249,8633,-7722.5,14848.76,-22571.260000000082,-2.6145326074365807,-90.64763052208869,0.36094057685624925,38.17072528883183,-25.650034439006706,1.4881354401140519,0.8404984649982573,-22752.70000000006,248,-4.675983124143989,-6.972049959483496,-4.648066557482578,11,0.43498803397734165,0.43498803397734165,307.739888187838,34.670682730923694,2.0,-17.74916019923549,25.024730684582416,forced_flatten:148|signal_flat:7879|signal_flip:606,normal,1
breakout.opening_range.q90,MNQ,249,802,-5748.5,1379.44,-7127.940000000008,-8.88770573566085,-28.626265060240996,0.07605985037406483,241.41114754098368,-29.492604588394062,8.185480764082255,0.6738384974480669,-8227.680000000008,223,-2.0009071617159364,-3.101408986316254,-1.9889613405527002,5,0.187460840805678,0.187460840805678,227.1109217752925,3.2208835341365463,3.0,-26.266832917705734,56.7786783042394,forced_flatten:66|signal_flat:736,normal,1
breakout.opening_range.q95,MNQ,249,385,-1802.5,662.2,-2464.7000000000025,-6.401818181818186,-9.898393574297199,0.09610389610389611,232.02324324324326,-31.751609195402303,7.307448319086792,0.776941344270722,-4469.440000000003,223,-0.9336147012723375,-1.2018940031719736,-0.9280408323442043,3,0.09387935373206381,0.09387935373206381,168.30511178287992,1.5461847389558232,4.0,-27.567532467532466,62.324675324675326,forced_flatten:42|signal_flat:343,normal,1
breakout.range_expansion.q80,MNQ,249,2383,1231.5,4098.76,-2867.2600000000116,-1.203214435585397,-11.515100401606473,0.38984473352916493,42.021657696447775,-28.82075653370014,1.4580345122901894,0.9315777592280509,-3678.4400000000046,151,-0.8842991154083525,-1.3583378381432105,-0.8790196705197565,9,0.13804578929528855,0.13804578929528855,206.71348497632766,9.570281124497992,3.0,-20.003776751993286,29.857532522031054,forced_flatten:223|signal_flat:966|signal_flip:1194,normal,1
breakout.range_expansion.q90,MNQ,249,1217,307.5,2093.24,-1785.7400000000039,-1.467329498767461,-7.171646586345397,0.3952341824157765,45.126153846153834,-31.91769021739131,1.4138289311914398,0.9239833096509273,-2677.6400000000012,96,-0.7059103045883552,-0.9439159155076872,-0.7016958770440676,11,0.06719460964060847,0.06719460964060847,161.27595731341503,4.887550200803213,3.0,-22.31429745275267,31.97822514379622,forced_flatten:183|signal_flat:482|signal_flip:552,normal,1
breakout.failed_reversal,MNQ,249,343,1089.0,589.96,499.04000000000025,1.4549271137026252,2.00417670682731,0.4868804664723032,18.588383233532934,-14.802386363636362,1.2557693588648162,1.191553880286502,-187.54000000000013,59,1.1188581475342696,1.5090730047785206,1.1121783376994083,2,0.00352304358097351,0.00352304358097351,28.435525064794994,1.3775100401606426,1.0,-6.7682215743440235,9.943148688046648,forced_flatten:3|signal_flat:340,normal,1
breakout.compression_expansion,MNQ,249,2797,547.0,4810.84,-4263.840000000004,-1.524433321415803,-17.123855421686763,0.31533786199499464,41.76015873015872,-21.4602088772846,1.945934402081305,0.8962475940656454,-4508.679999999997,248,-1.550403467862553,-2.658909515137845,-1.5411472450290735,9,0.17814480428106289,0.17814480428106289,175.33034673175032,11.23293172690763,3.0,-15.920450482659993,23.29495888451913,forced_flatten:21|signal_flat:850|signal_flip:1926,normal,1
revert.z_60.q90,MNQ,249,4040,1071.0,6948.8,-5877.800000000009,-1.4549009900990102,-23.605622489959877,0.6381188118811881,17.3789138867339,-34.6652804377565,0.5013348707199625,0.8840227747715891,-6474.280000000006,239,-2.1034016104355686,-2.4879511023348853,-2.090843876646871,7,0.17163282285150835,0.17163282285150835,178.15315822176484,16.224899598393574,2.0,-25.929455445544555,12.70940594059406,forced_flatten:88|signal_flat:3950|signal_flip:2,normal,1
revert.z_60.q95,MNQ,249,2594,4380.5,4461.68,-81.18000000000188,-0.03129529683885836,-0.32602409638554974,0.6360832690824981,17.194242424242425,-30.139491525423736,0.5704888023654436,0.9971467414226504,-1354.9200000000003,182,-0.04072979833630809,-0.045928366709543395,-0.04048663318789463,4,0.08302262759477809,0.08302262759477809,127.06844359920848,10.417670682730924,2.0,-21.374518118735544,12.47609868928296,forced_flatten:55|signal_flat:2538|signal_flip:1,normal,1
revert.vwap.q90,MNQ,249,1299,3727.5,2234.2799999999997,1493.2199999999893,1.1495150115473416,5.996867469879475,0.8113933795227097,28.190341555977223,-115.1812244897959,0.2447477154444964,1.0529146615448948,-3662.1600000000035,165,0.3520995946805149,0.2582651809854704,0.3499974887606708,5,0.21013979190418966,0.21013979190418966,270.37043286194245,5.216867469879518,3.0,-64.80600461893765,25.037721324095457,forced_flatten:57|signal_flat:1242,normal,1
revert.vwap.q95,MNQ,249,755,4070.0,1298.6,2771.3999999999933,3.670728476821189,11.130120481927683,0.8079470198675497,30.65377049180328,-109.84413793103448,0.2790660573170433,1.1740020342303201,-1804.0200000000002,50,0.7797850433989494,0.4611756421721598,0.7751295686960541,4,0.1024866730348504,0.1024866730348504,226.58191079693154,3.032128514056225,3.0,-61.57814569536424,26.628476821192052,forced_flatten:30|signal_flat:725,normal,1
revert.z_calm_only,MNQ,249,1316,1600.0,2263.52,-663.5199999999992,-0.5041945288753791,-2.66473895582329,0.6139817629179332,16.729876237623763,-27.915866141732288,0.5992963339444358,0.9532114917856381,-1403.9400000000003,236,-0.527816644507537,-0.612958465259121,-0.5246654721978435,4,0.036740311630152324,0.036740311630152324,80.14415603652323,5.285140562248996,2.0,-19.151975683890576,11.737462006079028,forced_flatten:1|signal_flat:1315,normal,1
session.late_day_continuation,MNQ,249,2182,1580.5,3753.04,-2172.5400000000063,-0.995664527956004,-8.72506024096388,0.3056828597616865,53.64131934032983,-25.050363036303633,2.141339000260852,0.9427545301478472,-3645.4000000000015,143,-0.7331986372111124,-1.1648009427390993,-0.7288212927921234,8,0.22934705574215017,0.22934705574215017,188.90656692533622,8.763052208835342,4.0,-18.88680109990834,34.50916590284143,forced_flatten:249|signal_flat:76|signal_flip:1857,normal,1
session.late_day_fade,MNQ,249,2182,-1580.5,3753.04,-5333.5400000000045,-2.444335472043997,-21.419839357429737,0.6127406049495875,24.70333582647719,-45.39869822485208,0.5441419422232272,0.8609677831389997,-6001.020000000004,229,-1.8901788752277244,-2.481059684379515,-1.8788941243697017,8,0.22934705574215017,0.22934705574215017,179.89271429949184,8.763052208835342,4.0,-34.50916590284143,18.88680109990834,forced_flatten:249|signal_flat:76|signal_flip:1857,normal,1
session.opening_drive,MNQ,249,2385,-2015.0,4102.2,-6117.200000000021,-2.564863731656187,-24.567068273092453,0.34549266247379457,78.83521844660193,-45.533260730301095,1.7313765186629677,0.9139360995376589,-6479.180000000015,144,-1.1894620779744585,-1.5600817842055286,-1.182360748369666,8,0.1887755626084902,0.1887755626084902,327.8709979719592,9.578313253012048,4.0,-33.231236897274634,55.95618448637317,signal_flat:295|signal_flip:2090,normal,1
session.midday_reversion,MNQ,249,1797,3450.5,3090.84,359.65999999999974,0.20014468558708998,1.4444176706827299,0.656093489148581,16.668040712468194,-31.216763754045314,0.5339451854713229,1.0186429994671353,-1387.199999999999,101,0.21569533287835166,0.276218902012638,0.21440758803860616,6,0.0725767520208712,0.0725767520208712,106.30466301528163,7.216867469879518,2.0,-23.305230940456315,12.550639955481358,signal_flat:1797,normal,1
vol.expansion_trend,MNQ,249,4382,-1056.0,7537.04,-8593.040000000045,-1.9609858512094953,-34.51020080321303,0.36649931538110453,60.666674968866744,-38.19298270893372,1.588424644160515,0.9189517213695199,-8726.860000000039,246,-1.542223121151745,-2.622281093407269,-1.5330157366455655,9,0.3958031614950852,0.3958031614950852,355.2225657932642,17.598393574297187,3.0,-28.161341853035143,43.020082154267456,forced_flatten:187|signal_flat:1255|signal_flip:2940,normal,1
vol.contraction_revert,MNQ,249,2690,2848.5,4626.8,-1778.3000000000015,-0.6610780669144976,-7.141767068273099,0.6457249070631971,15.028992515831895,-29.258824763903473,0.5136567390216275,0.9362242976711088,-2316.06,180,-0.941693697434479,-1.2198523415567035,-0.9360715952623563,5,0.10397600632709869,0.10397600632709869,120.39162820572768,10.803212851405622,2.0,-19.97267657992565,11.237174721189591,forced_flatten:18|signal_flat:2672,normal,1
vol.vol_of_vol_shock,MNQ,249,622,133.5,1069.84,-936.3400000000049,-1.5053697749196178,-3.7604016064257224,0.3536977491961415,74.82090909090908,-43.275970149253745,1.7289250554721372,0.9461778910544034,-3555.660000000003,128,-0.44216734529449303,-0.40006998153314344,-0.4395275166546769,5,0.07066629690115962,0.07066629690115962,135.00437225237346,2.497991967871486,5.0,-33.84485530546624,58.48553054662379,forced_flatten:19|signal_flat:131|signal_flip:472,normal,1
volume.heavy_continuation.q80,MNQ,249,7052,-493.5,12129.44,-12622.940000000011,-1.7899801474758927,-50.69453815261049,0.42016449234259784,19.127620654741815,-16.947439471753487,1.1286436919643268,0.8178457469528737,-12535.00000000001,246,-4.449955488218774,-7.413428350032615,-4.423388352339747,14,0.13570394108402922,0.13570394108402922,180.84469537213823,28.32128514056225,1.0,-10.037223482699943,12.028502552467385,forced_flatten:243|signal_flat:6316|signal_flip:493,normal,1
volume.heavy_continuation.q90,MNQ,249,3891,-1110.5,6692.5199999999995,-7803.020000000002,-2.0054022102287328,-31.337429718875512,0.42379850938062197,18.96101879927229,-17.426289027653883,1.0880697989791708,0.8002797049583641,-7751.700000000005,248,-3.799981992608715,-6.426587539436396,-3.777295330190908,10,0.06569500508427573,0.06569500508427573,130.9127978901663,15.626506024096386,1.0,-10.03739398612182,11.442174248265227,forced_flatten:217|signal_flat:3464|signal_flip:210,normal,1
volume.climax_reversion,MNQ,249,819,-1167.0,1408.68,-2575.6800000000003,-3.144908424908427,-10.34409638554217,0.5873015873015873,22.04819126819126,-38.99662721893492,0.5653871332104767,0.8045893818764477,-3003.0399999999963,239,-1.6682840455955468,-1.6739385457911402,-1.6583240518289821,5,0.036873838063250446,0.036873838063250446,98.42894552428636,3.289156626506024,3.0,-29.1996336996337,15.697802197802197,forced_flatten:73|signal_flat:746,normal,1
added.donchian_breakout,MNQ,249,385,-1802.5,662.2,-2464.7000000000025,-6.401818181818186,-9.898393574297199,0.09610389610389611,232.02324324324326,-31.751609195402303,7.307448319086792,0.776941344270722,-4469.440000000003,223,-0.9336147012723375,-1.2018940031719736,-0.9280408323442043,3,0.09387935373206381,0.09387935373206381,168.30511178287992,1.5461847389558232,4.0,-27.567532467532466,62.324675324675326,forced_flatten:42|signal_flat:343,normal,1
added.bollinger_revert.2sd,MNQ,249,3058,5612.0,5259.76,352.2399999999959,0.11518639633747567,1.4146184738955658,0.6484630477436233,17.444901664145235,-31.852093023255815,0.5476846262946796,1.0102870827370696,-1563.1600000000021,191,0.1508493395457879,0.17444493417201834,0.1499487384248139,4,0.1045306545876601,0.1045306545876601,148.86622745190095,12.281124497991968,2.0,-22.482504905166774,12.931000654022236,forced_flatten:68|signal_flat:2988|signal_flip:2,normal,1
added.vwap_trend,MNQ,249,2748,-4282.5,4726.5599999999995,-9009.060000000023,-3.2784061135371223,-36.18096385542178,0.25727802037845704,111.1972560113154,-42.9326408623224,2.5900399737324777,0.8971868012880263,-12187.880000000016,144,-1.3883434817009432,-1.8325444181112682,-1.3800547898201458,8,0.4922811450405202,0.4922811450405202,413.69805304426507,11.036144578313253,4.0,-34.666666666666664,67.19723435225619,forced_flatten:123|signal_flat:838|signal_flip:1787,normal,1
trend.ret_15.q80,ES,310,6981,-22900.0,200913.18000000002,-223813.17999999996,-32.060332330611644,-721.9779999999998,0.20212004010886692,273.38158752657694,-109.4352962298025,2.498111641718451,0.6328250496346022,-223126.24000000046,309,-8.754184254187406,-13.52916745103647,-9.709486444178614,20,0.3326210708687402,0.3326210708687402,1309.2077008633396,22.519354838709678,3.0,-67.46705343074058,142.4921214725684,forced_flatten:164|signal_flat:6806|signal_flip:11,stressed,1
trend.ret_15.q90,ES,310,5069,-12875.0,145885.82,-158760.81999999995,-31.31994870783191,-512.1316774193547,0.2083251134346025,231.30522727272728,-100.42839272364812,2.3031855932337475,0.6060712650024515,-158886.94000000012,307,-8.384965001844709,-13.1270314395142,-9.29997606360416,42,0.1702004785083739,0.1702004785083739,969.5733184373712,16.351612903225806,2.0,-59.58275794042218,120.76346419412113,forced_flatten:110|signal_flat:4953|signal_flip:6,stressed,1
trend.ret_30.q80,ES,310,6971,-24437.5,200625.38,-225062.87999999995,-32.28559460622578,-726.0092903225805,0.1962415722278009,282.486447368421,-109.13873639121898,2.588324335695251,0.63195211337339,-224371.00000000047,309,-8.849111823614779,-13.663748294786535,-9.814773004498957,20,0.33784341225971454,0.33784341225971454,1302.3951352428917,22.48709677419355,3.0,-67.56921532061398,144.4520154927557,forced_flatten:166|signal_flat:6794|signal_flip:11,stressed,1
trend.ret_30.q90,ES,310,5067,-12962.5,145828.26,-158790.75999999995,-31.338219853956968,-512.228258064516,0.20781527531083482,232.43794871794873,-100.53510712506227,2.3120077688762373,0.6065132487859187,-159024.4400000001,307,-8.351602742130813,-13.113578641689337,-9.262973140312443,42,0.170390231829057,0.170390231829057,973.6300639650067,16.34516129032258,2.0,-59.663015591079535,120.95914742451154,forced_flatten:110|signal_flat:4951|signal_flip:6,stressed,1
trend.ret_60.q80,ES,310,6768,-34775.0,194783.04,-229558.03999999998,-33.9181501182033,-740.5098064516128,0.1972517730496454,275.7237453183521,-110.00354132155347,2.506498809091779,0.6158983821346448,-228708.60000000062,309,-8.98831434116785,-13.587966418657144,-9.969166025931031,20,0.3242306740367957,0.3242306740367957,1307.8346285479251,21.83225806451613,3.0,-68.71490839243499,142.26507092198582,forced_flatten:162|signal_flat:6597|signal_flip:9,stressed,1
trend.ret_60.q90,ES,310,4997,-16875.0,143813.66,-160688.65999999995,-32.157026215729424,-518.350516129032,0.2069241544926956,230.75820116054163,-100.75514509210193,2.2902870215670057,0.5975666869291657,-160868.5600000001,307,-8.521573133743098,-13.147770729445979,-9.451491586503682,26,0.1663889118059566,0.1663889118059566,965.6150591788643,16.11935483870968,2.0,-60.013508104862915,119.5967580548329,forced_flatten:109|signal_flat:4883|signal_flip:5,stressed,1
trend.ma_agree.30_120,ES,310,6654,-57162.5,191502.12,-248664.62000000002,-37.37069732491733,-802.143935483871,0.1848512173128945,343.49642276422765,-123.73990044247788,2.775955221686205,0.6295031199620267,-249291.90000000046,307,-7.965509005201699,-11.000174906258303,-8.834746843487318,16,0.5119627093474136,0.5119627093474136,1598.5971775938428,21.46451612903226,4.0,-81.7797565374211,171.84963931469792,forced_flatten:242|signal_flat:5561|signal_flip:851,stressed,1
trend.multi_horizon_agree,ES,310,8573,-50675.0,246730.94,-297405.93999999994,-34.69099965006415,-959.3739999999998,0.2372565029744547,244.14895771878074,-121.42604679614618,2.010680279566917,0.6254356459151413,-296443.7000000002,309,-9.336360189741338,-13.605716294119864,-10.355192450615943,19,0.4804224073921294,0.4804224073921294,1631.2127853145319,27.65483870967742,3.0,-80.54648314475679,142.27516621952643,forced_flatten:206|signal_flat:8236|signal_flip:131,stressed,1
trend.accel_confirm,ES,310,10808,-82950.0,311054.24,-394004.24000000017,-36.45487046632123,-1270.9814193548393,0.28543671354552186,186.9493354943274,-125.69505891492942,1.4873244589578893,0.5941209317473893,-392206.8200000002,309,-12.8958325648539,-16.348596767159297,-14.303092994067743,26,0.42802574045045794,0.42802574045045794,1564.552303088109,34.86451612903226,2.0,-81.06032568467802,111.35964100666173,forced_flatten:196|signal_flat:9872|signal_flip:740,stressed,1
breakout.opening_range.q90,ES,310,976,-22412.5,28089.280000000002,-50501.78,-51.74362704918031,-162.90896774193547,0.09528688524590163,904.8221505376343,-152.49177802944507,5.933579909881566,0.6249410324110822,-50501.779999999955,309,-2.487995511534691,-3.6804541040405483,-2.759498542753218,6,0.199686494513654,0.199686494513654,1039.4310110025979,3.1483870967741936,4.0,-114.22899590163935,267.8919057377049,forced_flatten:102|signal_flat:874,stressed,1
breakout.opening_range.q95,ES,310,414,-12037.5,11914.92,-23952.42,-57.856086956521736,-77.26587096774193,0.09420289855072464,998.1430769230772,-167.68,5.952666250734,0.619077290076336,-23952.42,309,-1.5901568741520007,-1.9849623517917034,-1.763683076045724,4,0.08289745070538734,0.08289745070538734,771.3438192284037,1.335483870967742,4.0,-128.95531400966183,278.6533816425121,forced_flatten:45|signal_flat:369,stressed,1
breakout.range_expansion.q80,ES,310,2859,-7975.0,82282.02,-90257.01999999999,-31.569436866037062,-291.1516774193548,0.3147953830010493,218.16444444444446,-146.30169474221543,1.4911956066459222,0.6850822082599949,-90034.85999999997,305,-4.566294568682481,-6.527453231189191,-5.064592419738193,13,0.13158155267717184,0.13158155267717184,1012.175085068819,9.22258064516129,3.0,-100.0,141.22070654074852,forced_flatten:280|signal_flat:1313|signal_flip:1266,stressed,1
breakout.range_expansion.q90,ES,310,1418,-5712.5,40810.04,-46522.54,-32.80856135401973,-150.07270967741937,0.3300423131170663,236.68474358974356,-165.56947368421052,1.4295192122261058,0.7042263066545447,-46679.79999999994,309,-3.139017028823884,-4.013339558494474,-3.481562919449932,13,0.06492038610675688,0.06492038610675688,758.9415375669023,4.574193548387097,3.0,-115.35613540197461,158.15409026798307,forced_flatten:243|signal_flat:585|signal_flip:590,stressed,1
breakout.failed_reversal,ES,310,364,1450.0,10475.92,-9025.919999999998,-24.796483516483512,-29.11587096774193,0.36813186813186816,76.3505970149254,-83.72565217391305,0.9119140315124885,0.5312890444464063,-9039.279999999999,309,-4.008983726473607,-3.264266218324204,-4.446464915164311,4,0.003003052553419685,0.003003052553419685,115.29109476348653,1.1741935483870967,1.0,-36.675824175824175,40.65934065934066,forced_flatten:2|signal_flat:362,stressed,1
breakout.compression_expansion,ES,310,3811,4425.0,109680.58,-105255.57999999999,-27.61888743112043,-339.534129032258,0.2631855156127001,187.0101296111665,-104.28302706552707,1.7932940275473324,0.6405533866203613,-106263.0999999998,300,-6.0526440203738545,-7.930758759173469,-6.713140066608496,10,0.186667766685917,0.186667766685917,890.5095333686421,12.293548387096774,3.0,-65.95053791655734,97.78929414851746,forced_flatten:18|signal_flat:1739|signal_flip:2054,stressed,1
revert.z_60.q90,ES,310,5078,13300.0,146144.84,-132844.83999999994,-26.16085860575029,-428.5317419354837,0.5080740448995668,78.89926356589149,-134.66971176941553,0.5858723727053382,0.6051043721296127,-133110.47999999972,309,-7.665298617368149,-9.130056841634113,-8.501775934213027,12,0.1706377361603828,0.1706377361603828,887.4710364104881,16.38064516129032,2.0,-120.80297361165813,59.654391492713664,forced_flatten:111|signal_flat:4961|signal_flip:6,stressed,1
revert.z_60.q95,ES,310,3270,14562.5,94110.6,-79548.09999999996,-24.326636085626905,-256.6067741935483,0.4856269113149847,77.47787153652393,-120.44171224732459,0.6432810534727762,0.6073307448958196,-79517.56000000007,309,-6.420028340438822,-7.391205650696556,-7.120615277536151,13,0.08459698044715781,0.08459698044715781,634.4997310752342,10.548387096774194,2.0,-103.12691131498471,56.59403669724771,forced_flatten:78|signal_flat:3189|signal_flip:3,stressed,1
revert.vwap.q90,ES,310,2046,32237.5,58883.880000000005,-26646.379999999983,-13.023646138807417,-85.95606451612898,0.70772238514174,118.44030386740332,-331.3510702341137,0.3574465710453875,0.8655228007921758,-31896.219999999994,239,-1.119345976579389,-0.9044418695734499,-1.2414948406808786,5,0.24560679811896707,0.24560679811896707,1219.0245472582244,6.6,3.0,-267.5708699902248,107.93010752688173,forced_flatten:75|signal_flat:1971,stressed,1
revert.vwap.q95,ES,310,1233,30512.5,35485.74,-4973.240000000011,-4.033446877534466,-16.04270967741939,0.7153284671532847,134.8963038548753,-353.13897435897434,0.38199211542634753,0.9598776233790269,-18004.20000000001,225,-0.23355637320080655,-0.14379874717063115,-0.2590432613364327,7,0.13173830542034487,0.13173830542034487,1090.4010774024393,3.97741935483871,3.0,-271.78629359286293,122.15125709651257,forced_flatten:44|signal_flat:1189,stressed,1
revert.z_calm_only,ES,310,1752,737.5,50422.560000000005,-49685.05999999998,-28.359052511415516,-160.27438709677415,0.4708904109589041,65.4169696969697,-111.81667745415318,0.5850376811973493,0.5206646030073497,-49159.75999999995,309,-6.948053100663951,-7.848135267498436,-7.706260850296881,11,0.03824766933421335,0.03824766933421335,366.18560363406755,5.651612903225806,2.0,-86.10159817351598,48.98687214611872,signal_flat:1752,stressed,1
session.late_day_continuation,ES,310,2908,-18737.5,83692.24,-102429.73999999996,-35.223431911966976,-330.4185161290321,0.22077028885832187,280.7020872274143,-124.73101500441305,2.2504594163487157,0.6375970632373679,-102031.76000000001,308,-5.669882605910393,-8.269924213399358,-6.288609732635923,11,0.22593845392294368,0.22593845392294368,925.1040450154456,9.380645161290323,3.0,-87.28077716643742,150.61468363136177,forced_flatten:301|signal_flat:460|signal_flip:2147,stressed,1
session.late_day_fade,ES,310,2908,18737.5,83692.24,-64954.739999999954,-22.336568088033005,-209.53141935483856,0.5268225584594223,111.55126631853788,-171.40354651162792,0.6508107246834026,0.724594498702742,-68607.19999999995,302,-4.271090603795496,-5.919454519358321,-4.737174260362928,9,0.22593845392294368,0.22593845392294368,778.7725603029596,9.380645161290323,3.0,-150.61468363136177,87.28077716643742,forced_flatten:301|signal_flat:460|signal_flip:2147,stressed,1
session.opening_drive,ES,310,2915,287.5,83893.7,-83606.19999999998,-28.681372212692953,-269.69741935483864,0.29296740994854203,361.7059484777518,-190.44302765647745,1.8992869044814793,0.7869922447487547,-85236.06000000001,300,-3.1491343241507685,-4.1241704170540405,-3.4927842667480706,9,0.18713802491543602,0.18713802491543602,1359.5208601485597,9.403225806451612,3.0,-134.01372212692968,230.0943396226415,signal_flat:549|signal_flip:2366,stressed,1
session.midday_reversion,ES,310,2256,22862.5,64927.68,-42065.17999999998,-18.645913120567368,-135.694129032258,0.5088652482269503,78.00353658536585,-118.78451263537906,0.656681034040233,0.6803879305759816,-42169.51999999998,309,-4.0402578424384705,-4.721541092917871,-4.481151825583093,14,0.07303852817424306,0.07303852817424306,533.1534775129863,7.27741935483871,2.0,-109.22539893617021,59.557845744680854,signal_flat:2256,stressed,1
vol.expansion_trend,ES,310,5783,-30487.5,166434.74000000002,-196922.24000000005,-34.05191768978038,-635.2330322580647,0.3022652602455473,290.9353890160183,-174.83947955390332,1.6640142704515566,0.7208666529738094,-195540.1600000003,305,-6.5510571756543134,-9.633002555121438,-7.265942661833869,19,0.4149740120452108,0.4149740120452108,1539.2953377120662,18.65483870967742,3.0,-124.39693930485907,184.48685803216324,forced_flatten:242|signal_flat:2028|signal_flip:3513,stressed,1
vol.contraction_revert,ES,310,3251,19025.0,93563.78,-74538.77999999997,-22.927954475545977,-240.44767741935473,0.48969547831436483,67.60819095477387,-109.80772754671486,0.6156961123342773,0.590830747942236,-75020.09999999998,304,-6.85730616126132,-8.597483181940428,-7.605611132128215,9,0.09716195033413084,0.09716195033413084,556.6309067854237,10.487096774193548,2.0,-90.90664410950477,52.464626268840355,forced_flatten:16|signal_flat:3235,stressed,1
vol.vol_of_vol_shock,ES,310,1121,-18375.0,32262.38,-50637.37999999999,-45.1716146297948,-163.34638709677415,0.288135593220339,361.58377708978327,-209.81070175438597,1.7233810004270889,0.6975589763633455,-54376.259999999995,308,-2.7213390275647313,-2.322837667728365,-3.0183057188355495,5,0.09620493358633776,0.09620493358633776,952.8557377998528,3.6161290322580646,4.0,-157.5379125780553,244.85950044603032,forced_flatten:40|signal_flat:227|signal_flip:854,stressed,1
volume.heavy_continuation.q80,ES,310,7444,-21450.0,214238.32,-235688.3199999999,-31.661515314347117,-760.2849032258061,0.29433100483610963,114.82451848471018,-92.76010660574909,1.237865313940827,0.5163074248704268,-235343.52000000005,309,-12.436978225636585,-17.354239801936874,-13.794166078992594,44,0.135046613315733,0.135046613315733,970.4245241883098,24.01290322580645,1.0,-53.56663084363245,65.45540032240731,forced_flatten:306|signal_flat:6500|signal_flip:638,stressed,1
volume.heavy_continuation.q90,ES,310,3913,-16787.5,112616.14,-129403.63999999996,-33.0701865576284,-417.4310967741934,0.3135701507794531,121.72937245313774,-103.78465376023826,1.172903392194718,0.5357976404404017,-129869.32000000011,309,-8.88450147166728,-11.649843912584775,-9.854024555306294,25,0.06646316310535436,0.06646316310535436,745.8508786957486,12.62258064516129,1.0,-59.66010733452594,69.76105290058779,forced_flatten:306|signal_flat:3282|signal_flip:325,stressed,1
volume.climax_reversion,ES,310,1061,-350.0,30535.58,-30885.579999999994,-29.109877474081046,-99.63090322580643,0.5212064090480678,117.42253164556963,-188.62251968503938,0.6225265776411056,0.6776716484951406,-31015.21999999999,309,-3.1342680154915197,-3.4122738083274133,-3.4762956690431612,7,0.03792591370348981,0.03792591370348981,504.612735470018,3.42258064516129,3.0,-151.4019792648445,84.60179076343073,forced_flatten:111|signal_flat:949|signal_flip:1,stressed,1
added.donchian_breakout,ES,310,417,-12300.0,12001.26,-24301.259999999995,-58.27640287769783,-78.39116129032256,0.09352517985611511,998.1430769230772,-167.2720634920635,5.967183378295777,0.6156617771257548,-24301.260000000002,309,-1.6116698427441365,-2.0154613900471774,-1.7875436518406038,4,0.08279844897285701,0.08279844897285701,772.1315331182508,1.3451612903225807,4.0,-128.65707434052757,276.378896882494,forced_flatten:45|signal_flat:372,stressed,1
added.bollinger_revert.2sd,ES,310,3884,24812.5,111781.52,-86969.01999999997,-22.391611740473728,-280.5452258064515,0.5010298661174047,79.59615621788285,-124.8003818369453,0.6377877619146802,0.6404205287337293,-87337.01999999999,309,-6.281203957523105,-7.600594763162539,-6.966641654762919,15,0.10722712647471332,0.10722712647471332,709.022891798941,12.529032258064516,2.0,-106.8196446961895,59.275231719876416,forced_flatten:89|signal_flat:3791|signal_flip:4,stressed,1
added.vwap_trend,ES,310,3566,-22850.0,102629.48000000001,-125479.47999999998,-35.18773976444194,-404.7725161290322,0.22826696578799777,521.9263882063882,-199.9736773255814,2.6099754487018245,0.7719912846087519,-125801.2199999999,309,-3.2649568164140645,-4.231879255094284,-3.6212459127345067,9,0.5190413332233315,0.5190413332233315,1968.039656477008,11.503225806451614,4.0,-146.7470555243971,296.51920919798096,forced_flatten:211|signal_flat:996|signal_flip:2359,stressed,1
trend.ret_15.q80,NQ,310,6936,-18805.0,130258.08,-149063.0800000001,-21.491216839677033,-480.8486451612907,0.24106113033448673,519.1715550239235,-193.2214893617021,2.686924506890935,0.8534456260489444,-149066.52000000022,307,-2.9123605195221014,-5.288392968889048,-3.2301724711054356,10,0.3390644336275885,0.3390644336275885,2620.9789443949967,22.374193548387098,3.0,-138.3073817762399,294.37644175317183,forced_flatten:173|signal_flat:6749|signal_flip:14,stressed,1
trend.ret_15.q90,NQ,310,5054,-39230.0,94914.12000000001,-134144.12000000002,-26.54216857934308,-432.7229677419356,0.2698852394143253,385.2009384164223,-178.7420596205962,2.1550660165495605,0.7966151887733334,-133821.70000000004,307,-4.059342049411705,-6.844614832399707,-4.502318600638791,10,0.17057998514974013,0.17057998514974013,1692.2112184119687,16.303225806451614,2.0,-121.75207756232687,239.40740007914522,forced_flatten:114|signal_flat:4937|signal_flip:3,stressed,1
trend.ret_30.q80,NQ,310,6882,-22025.0,129243.96,-151268.96000000008,-21.980377797151984,-487.96438709677443,0.23583260680034873,534.2976340110906,-193.65545160676936,2.7590115825709804,0.8514690622766118,-150682.26000000018,309,-2.9392634042360166,-5.21157264547728,-3.2600111387476107,10,0.3439815196765943,0.3439815196765943,2635.4203200438033,22.2,3.0,-139.35193257773903,300.1409473990119,forced_flatten:174|signal_flat:6696|signal_flip:12,stressed,1
trend.ret_30.q90,NQ,310,5052,-38565.0,94876.56000000001,-133441.56000000003,-26.4136104513064,-430.4566451612904,0.26920031670625494,387.4369117647058,-178.86125677139762,2.1661309931411727,0.7979247428689044,-133119.14,307,-4.003739545799213,-6.7746151007097355,-4.440648462175616,10,0.17068723702664795,0.17068723702664795,1706.726254688892,16.296774193548387,2.0,-121.9556611243072,239.6872525732383,forced_flatten:113|signal_flat:4936|signal_flip:3,stressed,1
trend.ret_60.q80,NQ,310,6612,-21310.0,124173.36000000002,-145483.36000000004,-22.00292800967936,-469.30116129032274,0.2425892316999395,516.2355860349127,-194.39401757188497,2.6556145733446446,0.8505602587150181,-144915.44000000003,309,-2.8395578320687633,-5.038903161631843,-3.1494251751378144,10,0.3299315238016665,0.3299315238016665,2623.621499260111,21.329032258064515,3.0,-139.50468844525105,298.4429824561403,forced_flatten:171|signal_flat:6431|signal_flip:10,stressed,1
trend.ret_60.q90,NQ,310,4964,-42140.0,93223.92000000001,-135363.92,-27.269121676067673,-436.65780645161294,0.26672038678485094,387.4511178247734,-178.1179120879121,2.175250727358305,0.7912175722589,-135856.58000000002,307,-4.035050550934752,-6.871210666736631,-4.475376287303549,13,0.167131424799934,0.167131424799934,1717.878796296584,16.01290322580645,2.0,-121.88053988718775,237.98146655922642,forced_flatten:111|signal_flat:4851|signal_flip:2,stressed,1
trend.ma_agree.30_120,NQ,310,6734,-129090.0,126464.52,-255554.52000000008,-37.94988416988416,-824.369419354839,0.2047817047817048,642.8697461928933,-213.27206349206347,3.0143176544865034,0.7762360495867204,-254017.22000000038,308,-4.556454870053864,-6.686050853671805,-5.053678961936152,12,0.5090751588152793,0.5090751588152793,2872.070327825506,21.72258064516129,3.0,-162.62696762696763,339.39634689634687,forced_flatten:253|signal_flat:5538|signal_flip:943,stressed,1
trend.multi_horizon_agree,NQ,310,8555,-67435.0,160662.90000000002,-228097.90000000023,-26.662524839275267,-735.7996774193556,0.30356516656925775,429.40636888717756,-225.455897952333,1.9046135975469791,0.8301915932912898,-226987.18000000014,309,-3.71691508270705,-6.393114496283387,-4.1225242194833225,13,0.4817919313587987,0.4817919313587987,3142.5140223467347,27.596774193548388,3.0,-162.19637638807714,291.7837521917008,forced_flatten:218|signal_flat:8180|signal_flip:157,stressed,1
trend.accel_confirm,NQ,310,10851,-105350.0,203781.78,-309131.78000000026,-28.488782600681947,-997.1992903225815,0.35618836973550827,350.0078395860284,-237.89179501860866,1.4712900861446259,0.8139902924347235,-307591.74000000034,309,-5.563958510718906,-8.309229455124541,-6.171126648374625,14,0.435186865770151,0.435186865770151,2845.1053235004324,35.00322580645161,2.0,-163.7346788314441,229.61386047368907,forced_flatten:187|signal_flat:9900|signal_flip:764,stressed,1
breakout.opening_range.q90,NQ,310,961,-65315.0,18047.58,-83362.58,-86.74566077003118,-268.9115483870968,0.07908428720083246,2102.338421052632,-274.734802259887,7.652246470994646,0.6571420698255289,-80648.43999999996,309,-2.055919984836838,-3.0050470956427624,-2.280272683721587,5,0.1853642438742678,0.1853642438742678,2076.3641200619036,3.1,3.0,-240.05723204994797,524.4224765868887,forced_flatten:84|signal_flat:877,stressed,1
breakout.opening_range.q95,NQ,310,515,-32625.0,9671.7,-42296.70000000002,-82.1295145631068,-136.44096774193554,0.07766990291262135,2053.72,-261.99052631578945,7.83890940210775,0.6601186864932841,-53782.07999999998,309,-1.4184937093139476,-1.8641215589035807,-1.5732871323959647,3,0.08352446167807936,0.08352446167807936,1526.9247945868124,1.6612903225806452,3.0,-228.0097087378641,498.5728155339806,forced_flatten:43|signal_flat:472,stressed,1
breakout.range_expansion.q80,NQ,310,2880,-6595.0,54086.4,-60681.40000000005,-21.069930555555548,-195.7464516129034,0.3840277777777778,383.8917902350814,-273.5432468996618,1.4034043778675203,0.8749522220526931,-73111.68000000004,305,-1.6192352523928215,-2.460654341476104,-1.7959346384015082,12,0.13452685421994887,0.13452685421994887,1919.0408443458487,9.290322580645162,3.0,-192.11284722222223,277.9045138888889,forced_flatten:281|signal_flat:1154|signal_flip:1445,stressed,1
breakout.range_expansion.q90,NQ,310,1409,-9740.0,26461.02,-36201.02000000001,-25.69270404542228,-116.77748387096779,0.37757274662881474,429.32150375939847,-301.7104446978335,1.422958705289003,0.8631858964809002,-41097.13999999999,305,-1.3097224917384205,-1.8625843043439636,-1.4526462329242396,11,0.06364161372824026,0.06364161372824026,1415.4029559850173,4.54516129032258,3.0,-214.7374024130589,294.6593328601845,forced_flatten:226|signal_flat:534|signal_flip:649,stressed,1
breakout.failed_reversal,NQ,310,470,6665.0,8826.6,-2161.5999999999926,-4.599148936170197,-6.972903225806427,0.46808510638297873,148.65181818181821,-139.46,1.0659100687065697,0.9380008604617813,-6858.7199999999975,135,-0.4202136202598285,-0.4076396181172734,-0.4660695195695021,2,0.0038775678574375053,0.0038775678574375053,263.4169902469605,1.5161290322580645,1.0,-64.72340425531915,78.90425531914893,forced_flatten:8|signal_flat:462,stressed,1
breakout.compression_expansion,NQ,310,3317,10965.0,62293.26,-51328.26,-15.474302080192933,-165.5750322580645,0.3240880313536328,379.0479069767442,-204.64083853702053,1.8522593519776482,0.8881261388831275,-55366.03999999997,308,-1.6479377761065654,-2.649061871265652,-1.8277693310262386,8,0.159689794571405,0.159689794571405,1594.9765762806612,10.7,3.0,-148.22731383780524,214.5749170937594,forced_flatten:18|signal_flat:1108|signal_flip:2191,stressed,1
revert.z_60.q90,NQ,310,5058,38350.0,94989.24,-56639.240000000005,-11.19795175958876,-182.70722580645162,0.6490707789640174,161.02201035638137,-329.7321126760563,0.48834191201321253,0.9032261955714798,-61856.239999999976,291,-1.7571904615044132,-2.06791142104506,-1.9489442385972218,7,0.17089349063608614,0.17089349063608614,1650.5821974626494,16.316129032258065,2.0,-239.72222222222223,121.81494661921708,forced_flatten:114|signal_flat:4941|signal_flip:3,stressed,1
revert.z_60.q95,NQ,310,3276,56735.0,61523.280000000006,-4788.279999999973,-1.4616239316239192,-15.446064516128946,0.637057387057387,158.52234786775276,-282.2745332211943,0.5615892658071723,0.985733219293161,-15504.339999999993,190,-0.21178495293723584,-0.23905616328097232,-0.23489603027734904,5,0.08269119709594919,0.08269119709594919,1157.7719250842388,10.567741935483872,2.0,-197.62515262515262,116.9047619047619,forced_flatten:71|signal_flat:3204|signal_flip:1,stressed,1
revert.vwap.q90,NQ,310,2118,81565.0,39776.04,41788.95999999998,19.73038715769596,134.80309677419348,0.7965061378659113,271.72385299347957,-966.6106264501159,0.2811099377123416,1.1003073432035273,-42270.14000000001,173,0.7932412498253139,0.6275189108270448,0.8798038673287107,6,0.27241151720155105,0.27241151720155105,2697.7074384704374,6.832258064516129,3.0,-585.8026440037771,236.41170915958452,forced_flatten:88|signal_flat:2030,stressed,1
revert.vwap.q95,NQ,310,1246,44845.0,23399.88,21445.12000000001,17.211171749598734,69.17780645161294,0.7897271268057785,271.225081300813,-936.7952671755725,0.2895243932204671,1.0873740569806856,-28343.260000000006,197,0.4847588910902724,0.2969814586969844,0.5376583065960331,4,0.14580480158402773,0.14580480158402773,2265.381105699128,4.019354838709678,3.0,-593.5353130016051,235.52166934189407,forced_flatten:45|signal_flat:1201,stressed,1
revert.z_calm_only,NQ,310,1668,22810.0,31325.04,-8515.039999999977,-5.104940047961618,-27.467870967741863,0.6187050359712231,150.67251937984497,-257.8759119496856,0.5842830307052597,0.9480818988802326,-18147.379999999994,296,-0.5655805685044892,-0.6547900716412889,-0.6272996664833064,6,0.03644913785991255,0.03644913785991255,770.9581234435129,5.380645161290323,2.0,-171.36390887290167,108.31235011990408,forced_flatten:1|signal_flat:1667,stressed,1
session.late_day_continuation,NQ,310,2796,-480.0,52508.880000000005,-52988.88000000004,-18.95167381974248,-170.93187096774207,0.2939914163090129,489.1883698296837,-230.5479837892604,2.121850565723627,0.8835669529001121,-64878.40000000006,308,-1.520036785651229,-2.3770178302873064,-1.685911118203143,8,0.2292715122514644,0.2292715122514644,1785.1274100128016,9.019354838709678,4.0,-175.05185979971387,310.5776108726752,forced_flatten:309|signal_flat:106|signal_flip:2381,stressed,1
session.late_day_fade,NQ,310,2796,480.0,52508.880000000005,-52028.880000000034,-18.608326180257503,-167.83509677419366,0.6201716738197425,222.3272664359862,-412.00033898305077,0.5396288434731906,0.8810889026200683,-64360.80000000006,270,-1.5829359820789815,-2.0781736038563237,-1.7556742026130772,8,0.2292715122514644,0.2292715122514644,1683.1379121843195,9.019354838709678,4.0,-310.5776108726752,175.05185979971387,forced_flatten:309|signal_flat:106|signal_flip:2381,stressed,1
session.opening_drive,NQ,310,2975,-12055.0,55870.50000000001,-67925.50000000006,-22.832100840336125,-219.11451612903244,0.34823529411764703,722.7064864864864,-421.17040742650846,1.7159479245051044,0.916824161829442,-70449.64000000006,259,-1.137769868893497,-1.4826718984586649,-1.2619292441019934,8,0.18878805379094132,0.18878805379094132,3057.1517184865984,9.596774193548388,3.0,-304.1344537815126,515.9243697478992,signal_flat:367|signal_flip:2608,stressed,1
session.midday_reversion,NQ,310,2229,44120.0,41860.62,2259.3800000000283,1.013629430237785,7.288322580645253,0.6599371915657245,154.12958531611147,-296.12828496042215,0.520482483923179,1.0100656119406284,-14407.759999999991,123,0.11405379080122328,0.1457648058197443,0.1264999346069229,7,0.0728982757198251,0.0728982757198251,1014.4207687131263,7.190322580645161,2.0,-220.24899057873486,119.05114401076716,signal_flat:2229,stressed,1
vol.expansion_trend,NQ,310,5530,-20780.0,103853.40000000001,-124633.40000000004,-22.537685352622052,-402.04322580645174,0.35750452079566003,565.0085685381891,-349.46674359696027,1.616773495305216,0.8996231917304847,-124286.69999999997,309,-1.921879453437548,-3.1521242337911017,-2.131604951263321,9,0.3988779803646564,0.3988779803646564,3320.8317718766507,17.838709677419356,3.0,-258.75858951175405,392.0379746835443,forced_flatten:232|signal_flat:1577|signal_flip:3721,stressed,1
vol.contraction_revert,NQ,310,3349,30015.0,62894.22,-32879.21999999996,-9.81762317109584,-106.06199999999987,0.6509405792773962,137.0938532110092,-283.78427715996577,0.483091785714862,0.9008897287069282,-35985.69999999998,309,-1.547309194626686,-1.991296655829177,-1.7161596345192844,6,0.10303605313092978,0.10303605313092978,1088.1354930040404,10.803225806451612,2.0,-187.5739026575097,105.64048969841744,forced_flatten:26|signal_flat:3323,stressed,1
vol.vol_of_vol_shock,NQ,310,1164,-14265.0,21859.920000000002,-36124.92000000003,-31.035154639175243,-116.53200000000008,0.33676975945017185,619.3194897959183,-361.26704663212433,1.7142983163547905,0.8704727202216035,-60699.16000000002,308,-1.213710840427357,-1.243835820022494,-1.3461572900576255,5,0.09810246679316888,0.09810246679316888,1524.158876289277,3.7548387096774194,4.0,-284.3814432989691,471.46907216494844,forced_flatten:32|signal_flat:215|signal_flip:917,stressed,1
volume.heavy_continuation.q80,NQ,310,8339,-40590.0,156606.42,-197196.4200000001,-23.647490106727414,-636.117483870968,0.4125194867490107,183.83191860465118,-169.3362359665238,1.0856029576622517,0.7622931566356698,-197566.59999999983,307,-5.9920381577795885,-9.526913820959171,-6.645920576566884,14,0.13498886230509033,0.13498886230509033,1685.2449426654305,26.9,1.0,-100.305192469121,117.00323779829716,forced_flatten:308|signal_flat:7386|signal_flip:645,stressed,1
volume.heavy_continuation.q90,NQ,310,4418,-22010.0,82970.04000000001,-104980.03999999998,-23.761892258940687,-338.6452903225806,0.41693073789044816,199.8844951140065,-183.68295031055902,1.088203857658291,0.778133348527396,-106164.84,307,-4.181129757714631,-6.857224012626399,-4.637396418114383,13,0.06652916426037456,0.06652916426037456,1285.7355874263228,14.251612903225807,1.0,-107.07333635129018,121.93526482571299,forced_flatten:307|signal_flat:3808|signal_flip:303,stressed,1
volume.climax_reversion,NQ,310,1044,1850.0,19606.32,-17756.31999999999,-17.007969348658996,-57.27845161290319,0.5957854406130269,219.17016077170422,-365.1188625592416,0.6002707152280943,0.8847592058575228,-23999.820000000014,239,-0.9624767759450518,-0.9430751646485368,-1.0675072556766358,6,0.03538486923521161,0.03538486923521161,944.7160216522882,3.367741935483871,2.0,-266.7911877394636,159.50191570881225,forced_flatten:113|signal_flat:931,stressed,1
added.donchian_breakout,NQ,310,515,-32445.0,9671.7,-42116.70000000002,-81.78,-135.86032258064523,0.07766990291262135,2053.72,-261.6115789473684,7.850264152158081,0.6610748759712067,-53602.07999999999,309,-1.4134995022251122,-1.8619905079263785,-1.567747931412701,3,0.08349146110056926,0.08349146110056926,1525.7987400358675,1.6612903225806452,3.0,-227.6601941747573,499.20388349514565,forced_flatten:43|signal_flat:472,stressed,1
added.bollinger_revert.2sd,NQ,310,3841,66230.0,72133.98000000001,-5903.9800000000105,-1.5370945066388875,-19.04509677419358,0.6474876334287946,159.1974829111379,-296.77113737075337,0.5364318252831104,0.9853072005015476,-24033.68,309,-0.22269980140767606,-0.2523279751133645,-0.24700196387285345,5,0.10431482550944642,0.10431482550944642,1357.574351871996,12.390322580645162,2.0,-208.518614944025,119.66024472793544,forced_flatten:86|signal_flat:3754|signal_flip:1,stressed,1
added.vwap_trend,NQ,310,3570,-49145.0,67044.6,-116189.59999999999,-32.546106442577006,-374.80516129032253,0.23809523809523808,1073.0317647058826,-378.03919117647064,2.8384140844407475,0.8870044013877335,-116159.37999999999,307,-1.5002747506286127,-1.9119310482554794,-1.6639925469702275,9,0.5561422324890686,0.5561422324890686,3965.8385764160207,11.516129032258064,4.0,-304.546218487395,621.610644257703,forced_flatten:192|signal_flat:988|signal_flip:2390,stressed,1
trend.ret_15.q80,MES,249,5607,-2147.5,20858.039999999997,-23005.540000000008,-4.103003388621365,-92.39172690763056,0.20278223649010166,28.387519788918205,-12.367371364653243,2.295355977588867,0.5838522922860273,-22871.320000000018,248,-10.29220299303829,-15.401908224442488,-10.230756455846066,19,0.3340728643474152,0.3340728643474152,142.50332961528042,22.518072289156628,3.0,-7.217094703049759,15.099429284822543,forced_flatten:133|signal_flat:5465|signal_flip:9,stressed,1
trend.ret_15.q90,MES,249,4162,-1753.75,15482.64,-17236.390000000003,-4.141371936568956,-69.2224497991968,0.20446900528592024,23.644864864864864,-11.28304741769858,2.095609810854428,0.5386179248073447,-17084.579999999994,248,-10.76826497250228,-15.940028125727558,-10.703976248836788,24,0.17131441366488975,0.17131441366488975,102.04729607546197,16.714859437751002,2.0,-6.316674675636713,12.377162421912542,forced_flatten:85|signal_flat:4073|signal_flip:4,stressed,1
trend.ret_30.q80,MES,249,5602,-2041.25,20839.44,-22880.690000000006,-4.084378793288111,-91.89032128514059,0.1979650124955373,29.309756537421098,-12.326999777431558,2.3776877639830745,0.586880865848482,-22747.690000000035,248,-10.347416338840798,-15.509756597354846,-10.285640166787251,22,0.33959880442486057,0.33959880442486057,140.97370592988625,22.497991967871485,3.0,-7.210594430560514,15.330239200285613,forced_flatten:134|signal_flat:5458|signal_flip:10,stressed,1
trend.ret_30.q90,MES,249,4159,-1762.5,15471.48,-17233.980000000003,-4.143779754748737,-69.21277108433736,0.20317383986535226,23.874674556213016,-11.287893783946892,2.11506902998737,0.5392979270788556,-17082.169999999995,248,-10.761108352682816,-15.945407524049303,-10.696862355487667,24,0.17158146653108597,0.17158146653108597,102.10088431633307,16.70281124497992,2.0,-6.32724212551094,12.405926905506131,forced_flatten:85|signal_flat:4070|signal_flip:4,stressed,1
trend.ret_60.q80,MES,249,5436,-2703.75,20221.92,-22925.670000000006,-4.2173785871964675,-92.07096385542171,0.20125091979396614,28.407513711151736,-12.437468908337172,2.2840269125906647,0.5754779922556857,-22757.73000000002,248,-10.238993863808734,-15.265304849090976,-10.17786499589882,22,0.32573259791082493,0.32573259791082493,142.74656860133047,21.83132530120482,3.0,-7.313741721854305,15.123022442972774,forced_flatten:130|signal_flat:5298|signal_flip:8,stressed,1
trend.ret_60.q90,MES,249,4093,-1971.25,15225.96,-17197.210000000003,-4.201614952357683,-69.06510040160644,0.20522843879794772,23.372261904761903,-11.321829080848447,2.0643538899820952,0.5330640232354626,-17054.119999999995,248,-10.920659403608427,-15.707218005329528,-10.855460854312296,24,0.16743187584095978,0.16743187584095978,100.39453105330622,16.437751004016064,2.0,-6.348644026386514,12.298741754214513,forced_flatten:83|signal_flat:4007|signal_flip:3,stressed,1
trend.ma_agree.30_120,MES,249,5380,-5641.25,20013.6,-25654.850000000017,-4.768559479553902,-103.03152610441774,0.18271375464684014,35.82221770091555,-13.843095292244712,2.587731785750558,0.5785172493501931,-25552.950000000015,248,-9.49183451557344,-12.88887665238284,-9.435166340355938,15,0.5131831674524184,0.5131831674524184,172.31387346112842,21.606425702811244,4.0,-8.743029739776953,18.019052044609666,forced_flatten:194|signal_flat:4480|signal_flip:706,stressed,1
trend.multi_horizon_agree,MES,249,6876,-3860.0,25578.719999999998,-29438.72000000002,-4.281372891215822,-118.22779116465871,0.2427283304246655,24.916159376872375,-13.64005953524102,1.8266899284785347,0.5855090245113643,-29225.840000000004,248,-10.848583878768233,-15.866786265669404,-10.783815634958762,24,0.48225639129407655,0.48225639129407655,173.0002755974538,27.6144578313253,3.0,-8.542030250145434,15.162340023269342,forced_flatten:167|signal_flat:6596|signal_flip:113,stressed,1
trend.accel_confirm,MES,249,8656,-6998.75,32200.319999999996,-39199.070000000036,-4.528543207024029,-157.42598393574312,0.29078096118299446,18.987588398887567,-14.170195471575173,1.339966582463586,0.5493884815215582,-39057.650000000045,248,-14.998331845943536,-18.376329625543857,-14.908788765981313,27,0.42802411692807035,0.42802411692807035,166.6225314942376,34.76305220883534,2.0,-8.657000924214417,11.866046672828096,forced_flatten:153|signal_flat:7921|signal_flip:582,stressed,1
breakout.opening_range.q90,MES,249,780,-1327.5,2901.6,-4229.1,-5.421923076923077,-16.98433734939759,0.10128205128205128,97.75151898734173,-17.049172610556344,5.733505151259767,0.6461439471462505,-4747.659999999998,222,-2.4082396454568693,-3.9548363331282825,-2.393861966835252,7,0.21151614129150872,0.21151614129150872,111.95646470110428,3.1325301204819276,4.0,-12.384615384615385,30.65224358974359,forced_flatten:86|signal_flat:694,stressed,1
breakout.opening_range.q95,MES,249,496,-1652.5,1845.12,-3497.6200000000003,-7.051653225806452,-14.046666666666669,0.08266129032258064,107.8653658536585,-17.40681318681319,6.196732549262586,0.5583868890544309,-4066.409999999999,223,-2.285996343923429,-2.659098126856621,-2.272348482579926,4,0.10825912345032303,0.10825912345032303,97.54342831267132,1.9919678714859437,3.0,-12.890625,27.250504032258064,forced_flatten:46|signal_flat:450,stressed,1
breakout.range_expansion.q80,MES,249,2372,-965.0,8823.84,-9788.840000000004,-4.126829679595279,-39.312610441767085,0.316610455311973,21.975739014647136,-16.220000000000002,1.3548544398672708,0.6276962889206171,-9744.230000000007,248,-5.559391865632377,-7.874081391685301,-5.5262011697950735,13,0.13527254799248145,0.13527254799248145,112.25478591714156,9.526104417670682,3.0,-10.594962057335582,14.60002107925801,forced_flatten:228|signal_flat:1085|signal_flip:1059,stressed,1
breakout.range_expansion.q90,MES,249,1174,246.25,4367.28,-4121.03,-3.5102470187393524,-16.550321285140562,0.33049403747870526,24.47587628865979,-17.325279898218827,1.4127261684918637,0.6973762765583247,-4101.2699999999995,248,-3.2362094487174002,-4.401908407127527,-3.216888622613704,10,0.06697891309483457,0.06697891309483457,81.18393126141189,4.714859437751004,3.0,-11.503407155025554,16.474659284497445,forced_flatten:195|signal_flat:495|signal_flip:484,stressed,1
breakout.failed_reversal,MES,249,449,27.5,1670.28,-1642.7799999999995,-3.6587527839643643,-6.597510040160641,0.32962138084632514,7.1921621621621625,-8.99408637873754,0.7996545573728072,0.39318562953878894,-1642.7800000000013,248,-5.815655143771707,-4.896461368903636,-5.780934504241897,5,0.004611797573927424,0.004611797573927424,18.008671842116392,1.8032128514056225,1.0,-3.777839643652561,3.839086859688196,forced_flatten:3|signal_flat:446,stressed,1
breakout.compression_expansion,MES,249,3356,-165.0,12484.32,-12649.32,-3.769165673420738,-50.80048192771084,0.2520858164481526,19.40943262411347,-11.581553784860557,1.6758919385657511,0.5648623824807273,-12572.089999999997,248,-7.938891849812067,-10.522989028036205,-7.891495056953972,20,0.21480294579853945,0.21480294579853945,101.5800019995,13.477911646586346,3.0,-6.980035756853397,10.33037842669845,forced_flatten:26|signal_flat:1392|signal_flip:1938,stressed,1
revert.z_60.q90,MES,249,4164,1788.75,15490.079999999998,-13701.329999999998,-3.290425072046109,-55.02542168674698,0.5175312199807877,7.550301624129932,-14.918979591836736,0.5060869999621994,0.5428658461515877,-13713.809999999992,248,-9.619979059341844,-11.638519656637072,-9.562545835234424,15,0.17174580675643752,0.17174580675643752,90.80076827914819,16.72289156626506,2.0,-12.396433717579251,6.3298511047070125,forced_flatten:85|signal_flat:4075|signal_flip:4,stressed,1
revert.z_60.q95,MES,249,2612,1316.25,9716.64,-8400.389999999998,-3.216075803981622,-33.73650602409638,0.48660030627871365,7.520165224232889,-13.391886651752424,0.5615463615986341,0.5322337252735749,-8401.649999999989,246,-7.976772419371133,-9.139865648473878,-7.929149471837714,14,0.08430653560533695,0.08430653560533695,67.1387375880745,10.48995983935743,2.0,-10.901129402756508,5.9882274119448695,forced_flatten:58|signal_flat:2551|signal_flip:3,stressed,1
revert.vwap.q90,MES,249,1282,1671.25,4769.04,-3097.790000000001,-2.4163728549141967,-12.44092369477912,0.719188767550702,11.879240780911063,-39.02902777777779,0.30436937472664444,0.7795237874943505,-3324.8400000000024,225,-1.5718417564147347,-1.1182902397184427,-1.5624575426549443,5,0.18735812816483322,0.18735812816483322,125.64467145113119,5.14859437751004,3.0,-28.921606864274573,11.675117004680187,forced_flatten:55|signal_flat:1227,stressed,1
revert.vwap.q95,MES,249,648,1043.75,2410.56,-1366.8100000000015,-2.109274691358025,-5.4891967871486,0.7253086419753086,13.761382978723406,-44.01494382022472,0.3126525171753166,0.8255431633280831,-1849.2000000000016,232,-0.8487320884565914,-0.4675757799652004,-0.8436649859252038,4,0.08934972627081214,0.08934972627081214,102.6687912038292,2.602409638554217,3.0,-32.31288580246913,13.161651234567902,forced_flatten:31|signal_flat:617,stressed,1
revert.z_calm_only,MES,249,1381,-5.0,5137.32,-5142.32,-3.7236205648081087,-20.6518875502008,0.4706734250543085,6.364615384615386,-12.694008207934337,0.5013873695652104,0.445830082376726,-5082.68,248,-8.29387767042879,-9.52684750544072,-8.244361540297227,13,0.038219373658316125,0.038219373658316125,39.52777752441392,5.546184738955823,2.0,-9.425235336712527,5.220854453294714,signal_flat:1381,stressed,1
session.late_day_continuation,MES,249,2297,-1068.75,8544.84,-9613.59,-4.185280801044841,-38.60879518072289,0.22768828907270353,28.34500956022944,-13.775665163472379,2.0576145851301035,0.6066135445451207,-9582.609999999995,248,-6.262729211382578,-9.130184458720683,-6.2253394490865634,15,0.22596780985835926,0.22596780985835926,97.86398263782293,9.224899598393574,3.0,-9.07760121898128,16.0345015237266,forced_flatten:246|signal_flat:374|signal_flip:1677,stressed,1
session.late_day_fade,MES,249,2297,1068.75,8544.84,-7476.089999999997,-3.254719198955158,-30.02445783132529,0.5293861558554637,10.800970394736842,-19.065744680851065,0.5665118554527241,0.6372603295379394,-7556.1299999999965,247,-6.044876440132946,-8.238811037939762,-6.008787303020877,14,0.22596780985835926,0.22596780985835926,78.84751603242232,9.224899598393574,3.0,-16.0345015237266,9.07760121898128,forced_flatten:246|signal_flat:374|signal_flip:1677,stressed,1
session.opening_drive,MES,249,2327,-91.25,8656.439999999999,-8747.690000000002,-3.7592135797163726,-35.131285140562255,0.2973785990545767,37.38007225433525,-21.17107033639144,1.7656203328596847,0.7472839573938238,-8720.970000000001,246,-3.7944937068474456,-4.875213719964285,-3.7718398106076254,13,0.18710134656272145,0.18710134656272145,146.97398530764804,9.345381526104418,4.0,-14.479480017189514,24.73839707778255,signal_flat:448|signal_flip:1879,stressed,1
session.midday_reversion,MES,249,1812,2435.0,6740.639999999999,-4305.6399999999985,-2.376181015452538,-17.291726907630515,0.5248344370860927,7.660126182965301,-13.461579558652732,0.5690362077934297,0.6285173444965756,-4313.890000000002,248,-5.02066376164794,-6.109103650557921,-4.9906893817441995,9,0.07227888536242155,0.07227888536242155,54.673578604377006,7.27710843373494,2.0,-11.287941501103752,6.482477924944813,signal_flat:1812,stressed,1
vol.expansion_trend,MES,249,4707,-3357.5,17510.039999999997,-20867.540000000015,-4.433299341406415,-83.80538152610448,0.31208837900998515,28.64044928522804,-19.438035824583075,1.4734230116505276,0.6684553440749305,-20710.350000000028,246,-8.172768088698591,-11.69154320360151,-8.12397500730821,18,0.4130178001006584,0.4130178001006584,162.78073399897482,18.903614457831324,3.0,-13.196037816018695,19.32759719566603,forced_flatten:197|signal_flat:1637|signal_flip:2873,stressed,1
vol.contraction_revert,MES,249,2651,2496.25,9861.72,-7365.4699999999975,-2.7783741984156913,-29.58020080321284,0.5107506601282535,6.412016248153621,-12.372659984579798,0.5182407223786152,0.5410161434854626,-7376.580000000001,248,-8.149633171204195,-10.38698731948578,-8.10097820995867,14,0.09707371686233424,0.09707371686233424,57.618683010065,10.646586345381525,2.0,-9.295548849490759,5.660599773670313,forced_flatten:13|signal_flat:2638,stressed,1
vol.vol_of_vol_shock,MES,249,636,-1150.0,2365.92,-3515.9200000000014,-5.528176100628929,-14.120160642570287,0.28459119496855345,37.94436464088398,-22.821648351648353,1.6626478533108828,0.6614049702181753,-3767.540000000001,242,-2.8709334633469323,-2.051039331822509,-2.853793408885194,3,0.06750274756314259,0.06750274756314259,78.07586071110934,2.5542168674698793,4.0,-17.06564465408805,26.839622641509433,forced_flatten:24|signal_flat:129|signal_flip:483,stressed,1
volume.heavy_continuation.q80,MES,249,6786,-1831.25,25243.92,-27075.17,-3.9898570586501614,-108.73562248995984,0.3132920719127616,9.686632173095013,-10.229388412017167,0.9469414771381112,0.4320166481535675,-26890.210000000003,248,-16.109629987941013,-22.18202828575844,-16.013452232908733,30,0.13509793650304544,0.13509793650304544,107.14861209509576,27.253012048192772,1.0,-5.303750368405541,6.196765399351606,forced_flatten:240|signal_flat:6121|signal_flip:425,stressed,1
volume.heavy_continuation.q90,MES,249,3812,-1408.75,14180.64,-15589.39,-4.089556663168939,-62.607991967871484,0.3126967471143757,10.086627516778524,-10.539179389312977,0.9570600465351834,0.4354257921640987,-15441.569999999987,248,-13.640638609272072,-18.01182217770697,-13.559201233017713,27,0.06822173604905556,0.06822173604905556,72.86103601609469,15.309236947791165,1.0,-5.421694648478489,6.10375131164743,forced_flatten:223|signal_flat:3372|signal_flip:217,stressed,1
volume.climax_reversion,MES,249,949,65.0,3530.2799999999997,-3465.2799999999993,-3.6515068493150675,-13.916787148594375,0.5110642781875658,10.738762886597936,-18.69306034482759,0.5744785866252967,0.6004786950717003,-3523.8299999999967,245,-4.378806008100332,-4.679821296708343,-4.352663649033351,7,0.040458509228730774,0.040458509228730774,50.45259978553964,3.8112449799196786,2.0,-14.361169652265543,8.425974710221286,forced_flatten:81|signal_flat:868,stressed,1
added.donchian_breakout,MES,249,496,-1652.5,1845.12,-3497.6200000000003,-7.051653225806452,-14.046666666666669,0.08266129032258064,107.8653658536585,-17.40681318681319,6.196732549262586,0.5583868890544309,-4066.409999999999,223,-2.285996343923429,-2.659098126856621,-2.272348482579926,4,0.10825912345032303,0.10825912345032303,97.54342831267132,1.9919678714859437,3.0,-12.890625,27.250504032258064,forced_flatten:46|signal_flat:450,stressed,1
added.bollinger_revert.2sd,MES,249,3099,1967.5,11528.279999999999,-9560.779999999999,-3.0851177799290084,-38.39670682730923,0.5075830913197805,7.692905276541641,-14.195098296199212,0.5419409655374802,0.5586324631654366,-9547.779999999993,248,-8.045487345392775,-9.652537116620616,-7.997454155828537,10,0.1078790866791976,0.1078790866791976,75.76033600034702,12.44578313253012,2.0,-11.4351403678606,6.2729912875121006,forced_flatten:67|signal_flat:3029|signal_flip:3,stressed,1
added.vwap_trend,MES,249,2624,-1212.5,9761.279999999999,-10973.780000000013,-4.182080792682928,-44.07140562249001,0.24657012195121952,51.9446058732612,-22.550298431967633,2.303499708882955,0.7538514474695356,-11433.16000000002,220,-3.4431897232288056,-4.4967325327061,-3.4226331829495904,11,0.4351010178822708,0.4351010178822708,203.18714084129007,10.538152610441767,4.0,-16.0180068597561,31.243807164634145,forced_flatten:135|signal_flat:853|signal_flip:1636,stressed,1
trend.ret_15.q80,MNQ,249,5560,333.0,12343.199999999999,-12010.200000000033,-2.160107913669065,-48.233734939759174,0.24244604316546764,55.9383827893175,-20.753831908831913,2.695327929562376,0.8626073240859647,-11739.700000000033,248,-2.6966332906449466,-5.047718604731862,-2.680533843529545,12,0.3388695446748631,0.3388695446748631,283.9417607810261,22.329317269076306,3.0,-14.659892086330935,31.65323741007194,forced_flatten:140|signal_flat:5411|signal_flip:9,stressed,1
trend.ret_15.q90,MNQ,249,4037,-1174.0,8962.14,-10136.14000000001,-2.510810007431261,-40.707389558232975,0.2754520683675997,40.93287769784172,-19.026837606837606,2.1513232279405075,0.8178705741777246,-9983.060000000001,220,-3.5345613611356885,-6.168405149947508,-3.5134593136651793,12,0.17131441366488975,0.17131441366488975,182.82601707461603,16.21285140562249,2.0,-12.705845925191975,25.879737428783752,forced_flatten:88|signal_flat:3947|signal_flip:2,stressed,1
trend.ret_30.q80,MNQ,249,5511,567.5,12234.419999999998,-11666.920000000033,-2.11702413355108,-46.855100401606556,0.23716203955724913,58.01335883703136,-20.811222645099907,2.7875997401186257,0.8666491104507718,-11519.340000000035,190,-2.6055787493442986,-4.7270670071134635,-2.5900229162892043,10,0.3435840548896353,0.3435840548896353,285.465046908623,22.132530120481928,3.0,-14.773180910905461,32.39693340591544,forced_flatten:139|signal_flat:5364|signal_flip:8,stressed,1
trend.ret_30.q90,MNQ,249,4033,-1123.0,8953.259999999998,-10076.26000000001,-2.498452764691297,-40.46690763052212,0.2744854946689809,41.26328816621499,-19.054928229665073,2.1654916601562175,0.8192752111390749,-10026.120000000006,220,-3.4866391417712825,-6.094700050736415,-3.465823199659995,12,0.17146848262615683,0.17146848262615683,184.24397174143851,16.196787148594378,2.0,-12.742003471361269,25.939871063724276,forced_flatten:88|signal_flat:3943|signal_flip:2,stressed,1
trend.ret_60.q80,MNQ,249,5310,154.0,11788.199999999999,-11634.20000000003,-2.1909981167608286,-46.723694779116585,0.24369114877589454,55.76299845440494,-20.864422310756975,2.6726356293917357,0.8611530140520184,-11815.200000000024,220,-2.59674945282144,-4.637932826698108,-2.5812463324555077,12,0.3296973058474306,0.3296973058474306,285.6323545237999,21.325301204819276,3.0,-14.787758945386065,32.03888888888889,forced_flatten:136|signal_flat:5166|signal_flip:8,stressed,1
trend.ret_60.q90,MNQ,249,3965,-1672.5,8802.3,-10474.80000000001,-2.6418158890290036,-42.067469879518114,0.27364438839848676,40.87677419354839,-19.036840277777774,2.1472457402116762,0.808945009767246,-10522.840000000006,220,-3.5772374910336526,-6.287255652501016,-3.5558806584209566,12,0.16779137008391623,0.16779137008391623,186.68047150776914,15.923694779116467,2.0,-12.74312736443884,25.677175283732662,forced_flatten:86|signal_flat:3877|signal_flip:2,stressed,1
trend.ma_agree.30_120,MNQ,249,5317,-9027.5,11803.739999999998,-20831.240000000053,-3.9178559337972545,-83.65959839357451,0.20331013729546737,71.90904717853839,-23.26839471199245,3.090417197602236,0.7886546247894279,-20718.84000000008,248,-4.234208039438557,-6.312131165999388,-4.20892895954177,10,0.5112829835967913,0.5112829835967913,313.64896113458735,21.353413654618475,4.0,-17.631841263870605,37.18478465299981,forced_flatten:203|signal_flat:4354|signal_flip:760,stressed,1
trend.multi_horizon_agree,MNQ,249,6782,-3306.0,15056.039999999999,-18362.04000000006,-2.7074668239457393,-73.74313253012072,0.30241816573282215,47.65786445636274,-24.542024941872757,1.9418880295835137,0.8418542271561587,-18239.720000000063,248,-3.4294586515655565,-5.94253827369239,-3.4089840885662506,13,0.48600540268490844,0.48600540268490844,341.34715020024,27.23694779116466,3.0,-17.55241816573282,31.836331465644353,forced_flatten:174|signal_flat:6470|signal_flip:138,stressed,1
trend.accel_confirm,MNQ,249,8633,-7722.5,19165.26,-26887.760000000082,-3.1145326074365807,-107.98297188755053,0.3535271632109348,38.46528833551769,-25.852682314997313,1.4878645034524607,0.8136467415403887,-26807.64000000008,248,-5.527284461132021,-8.19427246431525,-5.49428545300493,11,0.43498803397734165,0.43498803397734165,310.1299650341774,34.670682730923694,2.0,-17.74916019923549,25.024730684582416,forced_flatten:148|signal_flat:7879|signal_flip:606,stressed,1
breakout.opening_range.q90,MNQ,249,802,-5748.5,1780.4399999999998,-7528.940000000008,-9.38770573566085,-30.23670682730927,0.07481296758104738,244.93000000000004,-29.952479784366577,8.177286213472014,0.661236081951915,-8587.18000000001,223,-2.104890843138835,-3.2340967461287398,-2.092324218329163,5,0.187460840805678,0.187460840805678,228.03692740095,3.2208835341365463,3.0,-26.266832917705734,56.7786783042394,forced_flatten:66|signal_flat:736,stressed,1
breakout.opening_range.q95,MNQ,249,385,-1802.5,854.6999999999999,-2657.200000000003,-6.901818181818186,-10.671485943775112,0.09610389610389611,231.52324324324326,-32.2516091954023,7.178657097092959,0.763248024690918,-4620.440000000003,223,-1.0028187349080748,-1.2779723199019222,-0.9968317038775689,3,0.09387935373206381,0.09387935373206381,168.92842311729538,1.5461847389558232,4.0,-27.567532467532466,62.324675324675326,forced_flatten:42|signal_flat:343,stressed,1
breakout.range_expansion.q80,MNQ,249,2383,1231.5,5290.259999999999,-4058.7600000000116,-1.703214435585397,-16.30024096385547,0.38690725975660933,41.838568329717994,-29.181327857631757,1.4337445003818086,0.904799746305289,-4680.780000000014,248,-1.2472134706213873,-1.9055576864663317,-1.239767353501368,9,0.13804578929528855,0.13804578929528855,207.46913780190124,9.570281124497992,3.0,-20.003776751993286,29.857532522031054,forced_flatten:223|signal_flat:966|signal_flip:1194,stressed,1
breakout.range_expansion.q90,MNQ,249,1217,307.5,2701.74,-2394.2400000000043,-1.9673294987674608,-9.615421686747005,0.39112571898110104,45.09722689075628,-32.20043184885291,1.4005162136470788,0.8996568389959644,-2855.7800000000016,96,-0.9437118238444514,-1.2613599138014717,-0.9380776730487644,11,0.06719460964060847,0.06719460964060847,161.7443835588287,4.887550200803213,3.0,-22.31429745275267,31.97822514379622,forced_flatten:183|signal_flat:482|signal_flip:552,stressed,1
breakout.failed_reversal,MNQ,249,343,1089.0,761.4599999999999,327.54000000000036,0.9549271137026252,1.3154216867469894,0.478134110787172,18.423292682926828,-15.049608938547484,1.2241708577382446,1.1215867076484478,-203.54000000000008,61,0.7487290923033602,0.9481441730624379,0.7442590279208139,2,0.00352304358097351,0.00352304358097351,27.889489173770873,1.3775100401606426,1.0,-6.7682215743440235,9.943148688046648,forced_flatten:3|signal_flat:340,stressed,1
breakout.compression_expansion,MNQ,249,2797,547.0,6209.339999999999,-5662.340000000005,-2.0244333214158026,-22.74032128514058,0.30604218805863426,42.52007009345794,-21.66899536321484,1.962253873829322,0.8653731664079853,-5868.179999999999,248,-2.034688137306355,-3.4108867962985405,-2.0225406368744125,9,0.17814480428106289,0.17814480428106289,177.41854513539695,11.23293172690763,3.0,-15.920450482659993,23.29495888451913,forced_flatten:21|signal_flat:850|signal_flip:1926,stressed,1
revert.z_60.q90,MNQ,249,4040,1071.0,8968.8,-7897.800000000008,-1.9549009900990102,-31.71807228915666,0.625,17.23782178217822,-33.94277227722773,0.5078495545793443,0.8464159242989071,-8386.280000000008,239,-2.837328710311278,-3.353121125480977,-2.820389283033889,7,0.17163282285150835,0.17163282285150835,177.45874358196136,16.224899598393574,2.0,-25.929455445544555,12.70940594059406,forced_flatten:88|signal_flat:3950|signal_flip:2,stressed,1
revert.z_60.q95,MNQ,249,2594,4380.5,5758.679999999999,-1378.1800000000017,-0.5312952968388583,-5.5348594377510105,0.6225905936777179,17.06080495356037,-29.55197139938714,0.5773152905093224,0.9523638347012826,-1981.7200000000003,241,-0.693234690285302,-0.7830552292843103,-0.689095938726635,4,0.08302262759477809,0.08302262759477809,126.7437577997828,10.417670682730924,2.0,-21.374518118735544,12.47609868928296,forced_flatten:55|signal_flat:2538|signal_flip:1,stressed,1
revert.vwap.q90,MNQ,249,1299,3727.5,2883.7799999999997,843.7199999999899,0.6495150115473418,3.3884337349397184,0.8029253271747498,27.984697986577174,-110.72,0.25275196880940365,1.0297668104226876,-3888.6600000000026,197,0.19967145198456088,0.1466881261616701,0.1984793729603818,5,0.21013979190418966,0.21013979190418966,269.39112950504637,5.216867469879518,3.0,-64.80600461893765,25.037721324095457,forced_flatten:57|signal_flat:1242,stressed,1
revert.vwap.q95,MNQ,249,755,4070.0,1676.0999999999997,2393.8999999999933,3.1707284768211896,9.61405622489957,0.8039735099337748,30.303887973640855,-108.11189189189187,0.2803011532158154,1.1496135135270267,-1832.1200000000001,59,0.6759485884144277,0.39854153344577176,0.6719130383863015,4,0.1024866730348504,0.1024866730348504,225.78405190261188,3.032128514056225,3.0,-61.57814569536424,26.628476821192052,forced_flatten:30|signal_flat:725,stressed,1
revert.z_calm_only,MNQ,249,1316,1600.0,2921.5199999999995,-1321.519999999999,-1.0041945288753793,-5.307309236947788,0.5972644376899696,16.69030534351145,-27.24547169811321,0.6125900673860339,0.9084826282366464,-1683.7999999999988,248,-1.0530357215642565,-1.2184510040049803,-1.0467488849488493,4,0.036740311630152324,0.036740311630152324,80.0076583405228,5.285140562248996,2.0,-19.151975683890576,11.737462006079028,forced_flatten:1|signal_flat:1315,stressed,1
session.late_day_continuation,MNQ,249,2182,1580.5,4844.039999999999,-3263.5400000000054,-1.4956645279560044,-13.106586345381547,0.29560036663611367,54.96139534883719,-25.18779440468445,2.18206463280546,0.9157005127908404,-4265.360000000004,246,-1.0934200757110142,-1.7319585601598138,-1.086892136318996,8,0.22934705574215017,0.22934705574215017,190.2842399394873,8.763052208835342,4.0,-18.88680109990834,34.50916590284143,forced_flatten:249|signal_flat:76|signal_flip:1857,stressed,1
session.late_day_fade,MNQ,249,2182,-1580.5,4844.039999999999,-6424.5400000000045,-2.944335472043997,-25.801365461847407,0.6044912923923006,24.536633813495072,-44.94595596755506,0.5459141603575465,0.8343693829798421,-6984.020000000008,229,-2.2926040409764634,-3.0030087044354588,-2.278916730342755,8,0.22934705574215017,0.22934705574215017,178.65447834297063,8.763052208835342,4.0,-34.50916590284143,18.88680109990834,forced_flatten:249|signal_flat:76|signal_flip:1857,stressed,1
session.opening_drive,MNQ,249,2385,-2015.0,5294.699999999999,-7309.700000000021,-3.064863731656187,-29.356224899598477,0.3438155136268344,78.71841463414634,-45.91616613418532,1.7143943247373876,0.8982768985844459,-7470.6200000000235,247,-1.4153335268896126,-1.8575317907622804,-1.4068836989705316,8,0.1887755626084902,0.1887755626084902,329.2620532492087,9.578313253012048,4.0,-33.231236897274634,55.95618448637317,signal_flat:295|signal_flip:2090,stressed,1
session.midday_reversion,MNQ,249,1797,3450.5,3989.3399999999997,-538.8399999999999,-0.29985531441291,-2.164016064257028,0.6399554813578185,16.581304347826087,-30.305007727975276,0.5471473393659454,0.9725184548235506,-1539.3199999999997,116,-0.3245203650083447,-0.41376768651019497,-0.32258291267752626,6,0.0725767520208712,0.0725767520208712,105.85680819801203,7.216867469879518,2.0,-23.305230940456315,12.550639955481358,signal_flat:1797,stressed,1
vol.expansion_trend,MNQ,249,4382,-1056.0,9728.039999999999,-10784.040000000045,-2.460985851209495,-43.30939759036163,0.3596531264262894,61.316167512690335,-38.281653599429795,1.6017115706204406,0.8996070688873179,-10684.260000000038,246,-1.929207754107176,-3.2476452071131336,-1.917689992934524,9,0.3958031614950852,0.3958031614950852,356.37186885291095,17.598393574297187,3.0,-28.161341853035143,43.020082154267456,forced_flatten:187|signal_flat:1255|signal_flip:2940,stressed,1
vol.contraction_revert,MNQ,249,2690,2848.5,5971.799999999999,-3123.300000000001,-1.161078066914497,-12.543373493975908,0.6297397769516728,14.903376623376623,-28.483554216867475,0.5232274213360317,0.8899068792602789,-3454.22,242,-1.6603973968213825,-2.150414304547438,-1.6504844879459297,5,0.10397600632709869,0.10397600632709869,119.92302660938097,10.803212851405622,2.0,-19.97267657992565,11.237174721189591,forced_flatten:18|signal_flat:2672,stressed,1
vol.vol_of_vol_shock,MNQ,249,622,133.5,1380.84,-1247.340000000005,-2.005369774919618,-5.009397590361465,0.34726688102893893,75.70129629629629,-43.34684729064041,1.7464083555770376,0.929123657154286,-3694.6600000000026,128,-0.58615074541211,-0.5279814197902588,-0.5826513067008278,5,0.07066629690115962,0.07066629690115962,135.6676965379373,2.497991967871486,5.0,-33.84485530546624,58.48553054662379,forced_flatten:19|signal_flat:131|signal_flip:472,stressed,1
volume.heavy_continuation.q80,MNQ,249,7052,-493.5,15655.439999999999,-16148.940000000013,-2.2899801474758923,-64.85518072289162,0.40612592172433354,19.279127094972065,-17.040200573065903,1.1313908549553728,0.7737114156141804,-16029.200000000013,248,-5.67612197736561,-9.287357800640274,-5.642234379110339,14,0.13570394108402922,0.13570394108402922,181.38159832839932,28.32128514056225,1.0,-10.037223482699943,12.028502552467385,forced_flatten:243|signal_flat:6316|signal_flip:493,stressed,1
volume.heavy_continuation.q90,MNQ,249,3891,-1110.5,8638.019999999999,-9748.520000000002,-2.5054022102287328,-39.150682730923705,0.40940632228218965,19.11772755806654,-17.494804177545692,1.092766021502764,0.7575179600756758,-9681.699999999999,248,-4.739465434336518,-7.821055592494098,-4.711169865420982,11,0.06569500508427573,0.06569500508427573,131.13247255352024,15.626506024096386,1.0,-10.03739398612182,11.442174248265227,forced_flatten:217|signal_flat:3464|signal_flip:210,stressed,1
volume.climax_reversion,MNQ,249,819,-1167.0,1818.1799999999998,-2985.1800000000003,-3.644908424908427,-11.988674698795181,0.5787545787545788,21.86966244725738,-38.69971014492754,0.5651117893482177,0.7764144584088557,-3381.5399999999972,239,-1.9358187773000268,-1.942647449750948,-1.924261546979441,5,0.036873838063250446,0.036873838063250446,98.31204916765262,3.289156626506024,3.0,-29.1996336996337,15.697802197802197,forced_flatten:73|signal_flat:746,stressed,1
added.donchian_breakout,MNQ,249,385,-1802.5,854.6999999999999,-2657.200000000003,-6.901818181818186,-10.671485943775112,0.09610389610389611,231.52324324324326,-32.2516091954023,7.178657097092959,0.763248024690918,-4620.440000000003,223,-1.0028187349080748,-1.2779723199019222,-0.9968317038775689,3,0.09387935373206381,0.09387935373206381,168.92842311729538,1.5461847389558232,4.0,-27.567532467532466,62.324675324675326,forced_flatten:42|signal_flat:343,stressed,1
added.bollinger_revert.2sd,MNQ,249,3058,5612.0,6788.759999999999,-1176.7600000000039,-0.3848136036625243,-4.725943775100417,0.6334205362982341,17.352534847702632,-31.033559322033895,0.5591538717050188,0.966173995979145,-2422.6400000000035,241,-0.5056419958663609,-0.5847915779765968,-0.5026232107019052,4,0.1045306545876601,0.1045306545876601,148.36985900547077,12.281124497991968,2.0,-22.482504905166774,12.931000654022236,forced_flatten:68|signal_flat:2988|signal_flip:2,stressed,1
added.vwap_trend,MNQ,249,2748,-4282.5,6100.5599999999995,-10383.060000000025,-3.7784061135371223,-41.699036144578415,0.2540029112081514,112.1274212034384,-43.242926829268306,2.592965588248451,0.8828731612670334,-13089.880000000016,144,-1.5915324383916998,-2.0954760285824228,-1.5820306672709388,8,0.4922811450405202,0.4922811450405202,415.92094595747875,11.036144578313253,4.0,-34.666666666666664,67.19723435225619,forced_flatten:123|signal_flat:838|signal_flip:1787,stressed,1
