session,instrument,event_id,false_breakout,direction,minute_of_day,minutes_since_ib,ib_range,excursion_points,distance_to_mid,distance_to_mid_over_range,stop_distance,midpoint_touch,buckets_to_resolution
2025-06-09,ES,2025-06-09-13,1,-1,635,5,15.25,4.25,6.375,0.418033,5.75,1,2
2025-06-09,ES,2025-06-09-c32,0,-1,730,100,15.25,0.0,5.625,0.368852,5.75,0,7
2025-06-09,ES,2025-06-09-c17,0,-1,655,25,15.25,0.0,2.375,0.155738,5.75,1,4
2025-06-10,ES,2025-06-10-12,1,-1,630,0,11.0,0.25,3.75,0.340909,2.25,0,2
2025-06-10,ES,2025-06-10-17,1,-1,655,25,11.0,4.0,3.75,0.340909,6.0,1,7
2025-06-10,ES,2025-06-10-19,1,-1,665,35,11.0,2.5,3.5,0.318182,4.75,1,5
2025-06-10,ES,2025-06-10-22,1,-1,680,50,11.0,1.5,4.25,0.386364,3.0,0,1
2025-06-10,ES,2025-06-10-23,1,-1,685,55,11.0,2.0,4.75,0.431818,3.0,1,1
2025-06-10,ES,2025-06-10-25,1,1,695,65,11.0,10.75,2.75,0.25,13.75,1,1
2025-06-10,ES,2025-06-10-c27,0,-1,705,75,11.0,0.0,1.5,0.136364,3.875,0,2
2025-06-10,ES,2025-06-10-c29,0,-1,715,85,11.0,0.0,5.5,0.5,3.875,0,1
2025-06-10,ES,2025-06-10-c20,0,-1,670,40,11.0,0.0,5.5,0.5,3.875,1,4
2025-06-10,ES,2025-06-10-c20,0,-1,670,40,11.0,0.0,5.5,0.5,3.875,1,4
2025-06-10,ES,2025-06-10-c25,0,1,695,65,11.0,0.0,2.75,0.25,3.875,1,1
2025-06-10,ES,2025-06-10-c19,0,-1,665,35,11.0,0.0,3.5,0.318182,3.875,0,4
2025-06-10,ES,2025-06-10-c12,0,-1,630,0,11.0,0.0,3.75,0.340909,3.875,0,2
2025-06-10,ES,2025-06-10-c17,0,-1,655,25,11.0,0.0,3.75,0.340909,3.875,0,2
2025-06-10,ES,2025-06-10-c21,0,-1,675,45,11.0,0.0,5.5,0.5,3.875,1,3
2025-06-10,ES,2025-06-10-c25,0,1,695,65,11.0,0.0,2.75,0.25,3.875,1,1
2025-06-10,ES,2025-06-10-c21,0,-1,675,45,11.0,0.0,5.5,0.5,3.875,1,3
2025-06-10,ES,2025-06-10-c29,0,-1,715,85,11.0,0.0,5.5,0.5,3.875,0,1
2025-06-11,ES,2025-06-11-15,1,-1,645,15,27.0,0.75,11.25,0.416667,3.25,0,2
2025-06-11,ES,2025-06-11-17,1,-1,655,25,27.0,2.0,12.0,0.444444,3.75,1,3
2025-06-11,ES,2025-06-11-19,1,-1,665,35,27.0,0.75,2.25,0.083333,12.25,1,1
2025-06-11,ES,2025-06-11-34,1,1,740,110,27.0,2.25,10.75,0.398148,5.25,1,2
2025-06-11,ES,2025-06-11-c47,0,-1,805,175,27.0,0.0,8.0,0.296296,4.5,1,3
2025-06-11,ES,2025-06-11-c46,0,-1,800,170,27.0,0.0,6.75,0.25,4.5,1,4
2025-06-11,ES,2025-06-11-c26,0,-1,700,70,27.0,0.0,2.5,0.092593,4.5,1,1
2025-06-11,ES,2025-06-11-c26,0,-1,700,70,27.0,0.0,2.5,0.092593,4.5,1,1
2025-06-11,ES,2025-06-11-c43,0,-1,785,155,27.0,0.0,7.0,0.259259,4.5,1,7
2025-06-11,ES,2025-06-11-c38,0,1,760,130,27.0,0.0,5.0,0.185185,4.5,1,1
2025-06-11,ES,2025-06-11-c13,0,-1,635,5,27.0,0.0,11.5,0.425926,4.5,1,7
2025-06-11,ES,2025-06-11-c36,0,1,750,120,27.0,0.0,3.0,0.111111,4.5,0,1
2025-06-12,ES,2025-06-12-12,1,-1,630,0,31.75,0.75,15.375,0.484252,1.5,0,1
2025-06-12,ES,2025-06-12-21,1,-1,675,45,31.75,10.0,15.625,0.492126,10.5,0,12
2025-06-12,ES,2025-06-12-22,1,-1,680,50,31.75,0.75,8.875,0.279528,8.0,0,8
2025-06-12,ES,2025-06-12-30,1,-1,720,90,31.75,1.5,10.375,0.326772,7.25,0,2
2025-06-12,ES,2025-06-12-31,1,-1,725,95,31.75,0.75,15.375,0.484252,1.5,0,1
2025-06-12,ES,2025-06-12-34,1,-1,740,110,31.75,5.25,11.875,0.374016,9.5,0,3
2025-06-12,ES,2025-06-12-40,1,-1,770,140,31.75,7.75,14.375,0.452756,9.5,0,8
2025-06-12,ES,2025-06-12-c17,0,-1,655,25,31.75,0.0,15.875,0.5,8.0,0,1
2025-06-12,ES,2025-06-12-c23,0,-1,685,55,31.75,0.0,13.375,0.42126,8.0,0,12
2025-06-12,ES,2025-06-12-c22,0,-1,680,50,31.75,0.0,8.875,0.279528,8.0,0,8
2025-06-12,ES,2025-06-12-c28,0,-1,710,80,31.75,0.0,11.625,0.366142,8.0,0,4
2025-06-12,ES,2025-06-12-c12,0,-1,630,0,31.75,0.0,15.375,0.484252,8.0,0,6
2025-06-12,ES,2025-06-12-c41,0,-1,775,145,31.75,0.0,13.375,0.42126,8.0,0,1
2025-06-12,ES,2025-06-12-c12,0,-1,630,0,31.75,0.0,15.375,0.484252,8.0,0,6
2025-06-12,ES,2025-06-12-c41,0,-1,775,145,31.75,0.0,13.375,0.42126,8.0,0,1
2025-06-12,ES,2025-06-12-c24,0,-1,690,60,31.75,0.0,11.625,0.366142,8.0,0,8
2025-06-12,ES,2025-06-12-c30,0,-1,720,90,31.75,0.0,10.375,0.326772,8.0,0,2
2025-06-12,ES,2025-06-12-c27,0,-1,705,75,31.75,0.0,8.875,0.279528,8.0,0,3
2025-06-12,ES,2025-06-12-c26,0,-1,700,70,31.75,0.0,12.875,0.405512,8.0,0,6
2025-06-12,ES,2025-06-12-c25,0,-1,695,65,31.75,0.0,10.375,0.326772,8.0,0,7
2025-06-12,ES,2025-06-12-c34,0,-1,740,110,31.75,0.0,11.875,0.374016,8.0,0,1
2025-06-17,ES,2025-06-17-21,1,-1,675,45,19.25,1.5,5.125,0.266234,6.25,1,2
2025-06-17,ES,2025-06-17-41,1,1,775,145,19.25,3.0,9.125,0.474026,3.75,0,5
2025-06-17,ES,2025-06-17-42,1,1,780,150,19.25,3.0,7.125,0.37013,5.75,0,4
2025-06-17,ES,2025-06-17-43,1,1,785,155,19.25,2.75,7.125,0.37013,5.5,0,3
2025-06-17,ES,2025-06-17-c41,0,1,775,145,19.25,0.0,9.125,0.474026,5.625,0,6
2025-06-17,ES,2025-06-17-c24,0,1,690,60,19.25,0.0,2.375,0.123377,5.625,1,1
2025-06-17,ES,2025-06-17-c14,0,1,640,10,19.25,0.0,1.125,0.058442,5.625,1,1
2025-06-17,ES,2025-06-17-c36,0,-1,750,120,19.25,0.0,7.875,0.409091,5.625,1,2
2025-06-17,ES,2025-06-17-c44,0,1,790,160,19.25,0.0,7.625,0.396104,5.625,0,2
2025-06-17,ES,2025-06-17-c27,0,-1,705,75,19.25,0.0,1.375,0.071429,5.625,1,2
2025-06-17,ES,2025-06-17-c25,0,1,695,65,19.25,0.0,1.125,0.058442,5.625,1,1
2025-06-17,ES,2025-06-17-c32,0,-1,730,100,19.25,0.0,7.125,0.37013,5.625,1,6
2025-06-24,ES,2025-06-24-18,1,-1,660,30,21.25,1.5,9.625,0.452941,2.75,0,1
2025-06-24,ES,2025-06-24-19,1,-1,665,35,21.25,1.75,7.625,0.358824,5.0,0,3
2025-06-24,ES,2025-06-24-21,1,-1,675,45,21.25,1.5,9.875,0.464706,2.5,0,1
2025-06-24,ES,2025-06-24-c20,0,-1,670,40,21.25,0.0,10.625,0.5,2.75,0,2
2025-06-24,ES,2025-06-24-c16,0,-1,650,20,21.25,0.0,8.875,0.417647,2.75,0,2
2025-06-24,ES,2025-06-24-c13,0,-1,635,5,21.25,0.0,4.625,0.217647,2.75,0,1
2025-06-24,ES,2025-06-24-c21,0,-1,675,45,21.25,0.0,9.875,0.464706,2.75,0,1
2025-06-24,ES,2025-06-24-c19,0,-1,665,35,21.25,0.0,7.625,0.358824,2.75,0,1
2025-06-24,ES,2025-06-24-c12,0,-1,630,0,21.25,0.0,6.125,0.288235,2.75,0,2
2025-06-25,ES,2025-06-25-18,1,1,660,30,12.0,0.75,5.75,0.479167,1.25,0,1
2025-06-25,ES,2025-06-25-c12,0,1,630,0,12.0,0.0,1.0,0.083333,1.25,0,1
2025-06-25,ES,2025-06-25-c12,0,1,630,0,12.0,0.0,1.0,0.083333,1.25,0,1
2025-06-27,ES,2025-06-27-13,1,-1,635,5,28.0,0.75,11.0,0.392857,4.0,0,11
2025-06-27,ES,2025-06-27-46,1,-1,800,170,28.0,9.0,13.75,0.491071,9.5,1,5
2025-06-27,ES,2025-06-27-47,1,-1,805,175,28.0,0.25,13.0,0.464286,1.5,0,1
2025-06-27,ES,2025-06-27-48,1,-1,810,180,28.0,0.75,11.0,0.392857,4.0,1,3
2025-06-27,ES,2025-06-27-50,1,-1,820,190,28.0,0.5,6.75,0.241071,8.0,1,1
2025-06-27,ES,2025-06-27-c20,0,-1,670,40,28.0,0.0,10.75,0.383929,4.0,0,4
2025-06-27,ES,2025-06-27-c12,0,-1,630,0,28.0,0.0,6.75,0.241071,4.0,0,1
2025-06-27,ES,2025-06-27-c51,0,1,825,195,28.0,0.0,2.0,0.071429,4.0,0,1
2025-06-27,ES,2025-06-27-c20,0,-1,670,40,28.0,0.0,10.75,0.383929,4.0,0,4
2025-06-27,ES,2025-06-27-c15,0,-1,645,15,28.0,0.0,13.0,0.464286,4.0,0,10
2025-06-27,ES,2025-06-27-c51,0,1,825,195,28.0,0.0,2.0,0.071429,4.0,0,1
2025-06-27,ES,2025-06-27-c18,0,-1,660,30,28.0,0.0,9.0,0.321429,4.0,0,6
2025-06-27,ES,2025-06-27-c48,0,-1,810,180,28.0,0.0,11.0,0.392857,4.0,1,3
2025-06-27,ES,2025-06-27-c49,0,-1,815,185,28.0,0.0,12.75,0.455357,4.0,1,2
2025-06-27,ES,2025-06-27-c16,0,-1,650,20,28.0,0.0,9.75,0.348214,4.0,0,8
2025-06-30,ES,2025-06-30-13,1,1,635,5,15.5,1.0,7.25,0.467742,1.75,0,1
2025-06-30,ES,2025-06-30-14,1,1,640,10,15.5,2.0,7.25,0.467742,2.75,1,10
2025-06-30,ES,2025-06-30-15,1,1,645,15,15.5,1.75,5.0,0.322581,4.75,1,9
2025-06-30,ES,2025-06-30-16,1,1,650,20,15.5,0.25,6.5,0.419355,1.75,0,2
2025-06-30,ES,2025-06-30-18,1,1,660,30,15.5,0.5,3.75,0.241935,4.75,0,3
2025-06-30,ES,2025-06-30-20,1,1,670,40,15.5,0.5,6.75,0.435484,1.75,0,1
2025-06-30,ES,2025-06-30-22,1,1,680,50,15.5,1.5,5.5,0.354839,4.0,1,2
2025-06-30,ES,2025-06-30-c29,0,1,715,85,15.5,0.0,1.75,0.112903,2.75,1,1
2025-06-30,ES,2025-06-30-c12,0,1,630,0,15.5,0.0,3.0,0.193548,2.75,0,1
2025-06-30,ES,2025-06-30-c31,0,-1,725,95,15.5,0.0,2.5,0.16129,2.75,1,1
2025-06-30,ES,2025-06-30-c43,0,1,785,155,15.5,0.0,0.75,0.048387,2.75,1,1
2025-06-30,ES,2025-06-30-c19,0,1,665,35,15.5,0.0,0.75,0.048387,2.75,0,1
2025-06-30,ES,2025-06-30-c17,0,1,655,25,15.5,0.0,6.25,0.403226,2.75,0,4
2025-06-30,ES,2025-06-30-c22,0,1,680,50,15.5,0.0,5.5,0.354839,2.75,1,2
2025-06-30,ES,2025-06-30-c36,0,-1,750,120,15.5,0.0,0.0,0.0,2.75,1,1
2025-06-30,ES,2025-06-30-c14,0,1,640,10,15.5,0.0,7.25,0.467742,2.75,1,10
2025-06-30,ES,2025-06-30-c19,0,1,665,35,15.5,0.0,0.75,0.048387,2.75,0,1
2025-06-30,ES,2025-06-30-c44,0,1,790,160,15.5,0.0,1.75,0.112903,2.75,0,2
2025-06-30,ES,2025-06-30-c16,0,1,650,20,15.5,0.0,6.5,0.419355,2.75,0,5
2025-06-30,ES,2025-06-30-c23,0,1,685,55,15.5,0.0,4.5,0.290323,2.75,1,1
2025-06-30,ES,2025-06-30-c25,0,-1,695,65,15.5,0.0,0.5,0.032258,2.75,1,1
2025-07-01,ES,2025-07-01-15,1,1,645,15,19.0,0.75,6.75,0.355263,3.75,1,3
2025-07-01,ES,2025-07-01-21,1,1,675,45,19.0,6.5,8.25,0.434211,8.0,1,2
2025-07-01,ES,2025-07-01-26,1,1,700,70,19.0,0.75,8.25,0.434211,2.25,1,4
2025-07-01,ES,2025-07-01-32,1,-1,730,100,19.0,0.75,9.0,0.473684,1.5,1,4
2025-07-01,ES,2025-07-01-33,1,-1,735,105,19.0,0.75,6.0,0.315789,4.5,1,3
2025-07-01,ES,2025-07-01-40,1,-1,770,140,19.0,1.25,8.75,0.460526,2.25,1,1
2025-07-01,ES,2025-07-01-44,1,-1,790,160,19.0,0.25,7.75,0.407895,2.25,0,2
2025-07-01,ES,2025-07-01-45,1,-1,795,165,19.0,0.25,9.0,0.473684,1.0,0,1
2025-07-01,ES,2025-07-01-48,1,-1,810,180,19.0,2.5,8.25,0.434211,4.0,0,2
2025-07-01,ES,2025-07-01-c18,0,-1,660,30,19.0,0.0,0.25,0.013158,2.25,1,1
2025-07-01,ES,2025-07-01-c37,0,-1,755,125,19.0,0.0,5.0,0.263158,2.25,1,2
2025-07-01,ES,2025-07-01-c41,0,-1,775,145,19.0,0.0,0.0,0.0,2.25,0,1
2025-07-01,ES,2025-07-01-c48,0,-1,810,180,19.0,0.0,8.25,0.434211,2.25,0,2
2025-07-01,ES,2025-07-01-c14,0,1,640,10,19.0,0.0,5.0,0.263158,2.25,0,1
2025-07-01,ES,2025-07-01-c15,0,1,645,15,19.0,0.0,6.75,0.355263,2.25,1,3
2025-07-01,ES,2025-07-01-c44,0,-1,790,160,19.0,0.0,7.75,0.407895,2.25,0,2
2025-07-01,ES,2025-07-01-c38,0,-1,760,130,19.0,0.0,4.0,0.210526,2.25,0,1
2025-07-01,ES,2025-07-01-c41,0,-1,775,145,19.0,0.0,0.0,0.0,2.25,0,1
2025-07-01,ES,2025-07-01-c22,0,1,680,50,19.0,0.0,2.25,0.118421,2.25,1,1
2025-07-01,ES,2025-07-01-c37,0,-1,755,125,19.0,0.0,5.0,0.263158,2.25,1,2
2025-07-01,ES,2025-07-01-c30,0,1,720,90,19.0,0.0,3.0,0.157895,2.25,1,1
2025-07-01,ES,2025-07-01-c21,0,1,675,45,19.0,0.0,8.25,0.434211,2.25,1,2
2025-07-01,ES,2025-07-01-c42,0,-1,780,150,19.0,0.0,1.75,0.092105,2.25,0,1
2025-07-01,ES,2025-07-01-c42,0,-1,780,150,19.0,0.0,1.75,0.092105,2.25,0,1
2025-07-01,ES,2025-07-01-c22,0,1,680,50,19.0,0.0,2.25,0.118421,2.25,1,1
2025-07-01,ES,2025-07-01-c37,0,-1,755,125,19.0,0.0,5.0,0.263158,2.25,1,2
2025-07-01,ES,2025-07-01-c31,0,-1,725,95,19.0,0.0,1.5,0.078947,2.25,0,1
2025-07-02,ES,2025-07-02-14,1,-1,640,10,21.25,4.5,6.625,0.311765,8.75,0,11
2025-07-02,ES,2025-07-02-20,1,-1,670,40,21.25,4.25,9.875,0.464706,5.25,0,5
2025-07-02,ES,2025-07-02-c17,0,-1,655,25,21.25,0.0,10.625,0.5,7.0,0,10
2025-07-02,ES,2025-07-02-c20,0,-1,670,40,21.25,0.0,9.875,0.464706,7.0,0,5
2025-07-02,ES,2025-07-02-c20,0,-1,670,40,21.25,0.0,9.875,0.464706,7.0,0,5
2025-07-02,ES,2025-07-02-c14,0,-1,640,10,21.25,0.0,6.625,0.311765,7.0,0,2
2025-07-07,ES,2025-07-07-13,1,1,635,5,16.25,0.25,6.375,0.392308,2.25,0,3
2025-07-07,ES,2025-07-07-c12,0,1,630,0,16.25,0.0,7.875,0.484615,2.25,0,4
2025-07-07,ES,2025-07-07-c14,0,1,640,10,16.25,0.0,6.625,0.407692,2.25,0,2
2025-07-08,ES,2025-07-08-17,1,1,655,25,20.5,1.25,2.25,0.109756,9.5,1,1
2025-07-08,ES,2025-07-08-36,1,-1,750,120,20.5,4.5,6.75,0.329268,8.25,1,1
2025-07-08,ES,2025-07-08-c49,0,1,815,185,20.5,0.0,2.75,0.134146,8.875,1,2
2025-07-08,ES,2025-07-08-c27,0,-1,705,75,20.5,0.0,2.5,0.121951,8.875,1,4
2025-07-08,ES,2025-07-08-c29,0,-1,715,85,20.5,0.0,4.0,0.195122,8.875,1,2
2025-07-08,ES,2025-07-08-c28,0,-1,710,80,20.5,0.0,3.25,0.158537,8.875,1,3
2025-07-10,ES,2025-07-10-13,1,-1,635,5,14.0,0.75,6.75,0.482143,1.25,0,1
2025-07-10,ES,2025-07-10-c13,0,-1,635,5,14.0,0.0,6.75,0.482143,1.25,0,1
2025-07-10,ES,2025-07-10-c12,0,-1,630,0,14.0,0.0,3.25,0.232143,1.25,0,1
2025-07-11,ES,2025-07-11-12,1,-1,630,0,27.75,0.5,13.625,0.490991,1.0,0,1
2025-07-11,ES,2025-07-11-13,1,-1,635,5,27.75,1.25,11.625,0.418919,3.75,1,7
2025-07-11,ES,2025-07-11-27,1,-1,705,75,27.75,4.0,11.375,0.40991,6.75,0,12
2025-07-11,ES,2025-07-11-49,1,-1,815,185,27.75,3.75,11.125,0.400901,6.75,0,5
2025-07-11,ES,2025-07-11-c15,0,-1,645,15,27.75,0.0,9.125,0.328829,5.25,1,5
2025-07-11,ES,2025-07-11-c31,0,-1,725,95,27.75,0.0,4.625,0.166667,5.25,0,2
2025-07-11,ES,2025-07-11-c25,0,-1,695,65,27.75,0.0,12.125,0.436937,5.25,0,1
2025-07-11,ES,2025-07-11-c13,0,-1,635,5,27.75,0.0,11.625,0.418919,5.25,1,7
2025-07-11,ES,2025-07-11-c35,0,-1,745,115,27.75,0.0,10.625,0.382883,5.25,0,6
2025-07-11,ES,2025-07-11-c20,0,1,670,40,27.75,0.0,0.875,0.031532,5.25,1,1
2025-07-11,ES,2025-07-11-c49,0,-1,815,185,27.75,0.0,11.125,0.400901,5.25,0,4
2025-07-11,ES,2025-07-11-c50,0,-1,820,190,27.75,0.0,11.125,0.400901,5.25,0,3
2025-07-14,ES,2025-07-14-18,1,-1,660,30,19.25,1.0,6.625,0.344156,4.25,0,5
2025-07-14,ES,2025-07-14-20,1,-1,670,40,19.25,0.75,9.375,0.487013,1.25,0,3
2025-07-14,ES,2025-07-14-21,1,-1,675,45,19.25,0.75,8.625,0.448052,2.0,0,2
2025-07-14,ES,2025-07-14-c21,0,-1,675,45,19.25,0.0,8.625,0.448052,2.0,0,2
2025-07-14,ES,2025-07-14-c20,0,-1,670,40,19.25,0.0,9.375,0.487013,2.0,0,3
2025-07-14,ES,2025-07-14-c22,0,-1,680,50,19.25,0.0,9.625,0.5,2.0,0,1
2025-07-14,ES,2025-07-14-c21,0,-1,675,45,19.25,0.0,8.625,0.448052,2.0,0,2
2025-07-14,ES,2025-07-14-c14,0,-1,640,10,19.25,0.0,2.125,0.11039,2.0,0,1
2025-07-14,ES,2025-07-14-c22,0,-1,680,50,19.25,0.0,9.625,0.5,2.0,0,1
2025-07-15,ES,2025-07-15-12,1,1,630,0,27.0,4.25,11.75,0.435185,6.25,0,2
2025-07-15,ES,2025-07-15-27,1,1,705,75,27.0,14.75,13.0,0.481481,15.5,0,12
2025-07-15,ES,2025-07-15-c27,0,1,705,75,27.0,0.0,13.0,0.481481,10.875,0,4
2025-07-15,ES,2025-07-15-c27,0,1,705,75,27.0,0.0,13.0,0.481481,10.875,0,4
2025-07-15,ES,2025-07-15-c27,0,1,705,75,27.0,0.0,13.0,0.481481,10.875,0,4
2025-07-15,ES,2025-07-15-c27,0,1,705,75,27.0,0.0,13.0,0.481481,10.875,0,4
2025-07-16,ES,2025-07-16-17,1,1,655,25,24.5,1.5,7.0,0.285714,7.0,1,1
2025-07-16,ES,2025-07-16-29,1,1,715,85,24.5,36.5,8.75,0.357143,40.25,1,11
2025-07-16,ES,2025-07-16-31,1,1,725,95,24.5,2.0,10.0,0.408163,4.5,0,1
2025-07-16,ES,2025-07-16-35,1,1,745,115,24.5,6.25,12.0,0.489796,6.75,1,5
2025-07-16,ES,2025-07-16-36,1,1,750,120,24.5,0.5,10.5,0.428571,2.5,0,3
2025-07-16,ES,2025-07-16-39,1,1,765,135,24.5,5.25,7.75,0.316327,10.0,1,1
2025-07-16,ES,2025-07-16-c16,0,1,650,20,24.5,0.0,9.25,0.377551,6.875,1,2
2025-07-16,ES,2025-07-16-c36,0,1,750,120,24.5,0.0,10.5,0.428571,6.875,0,3
2025-07-16,ES,2025-07-16-c49,0,-1,815,185,24.5,0.0,4.25,0.173469,6.875,1,9
2025-07-16,ES,2025-07-16-c39,0,1,765,135,24.5,0.0,7.75,0.316327,6.875,1,1
2025-07-16,ES,2025-07-16-c46,0,-1,800,170,24.5,0.0,5.5,0.22449,6.875,1,12
2025-07-16,ES,2025-07-16-c46,0,-1,800,170,24.5,0.0,5.5,0.22449,6.875,1,12
2025-07-16,ES,2025-07-16-c42,0,-1,780,150,24.5,0.0,3.75,0.153061,6.875,0,12
2025-07-16,ES,2025-07-16-c53,0,-1,835,205,24.5,0.0,2.75,0.112245,6.875,1,5
2025-07-16,ES,2025-07-16-c19,0,-1,665,35,24.5,0.0,0.25,0.010204,6.875,1,1
2025-07-16,ES,2025-07-16-c49,0,-1,815,185,24.5,0.0,4.25,0.173469,6.875,1,9
2025-07-16,ES,2025-07-16-c43,0,-1,785,155,24.5,0.0,6.0,0.244898,6.875,0,12
2025-07-16,ES,2025-07-16-c40,0,1,770,140,24.5,0.0,1.25,0.05102,6.875,1,1
2025-07-18,ES,2025-07-18-14,1,1,640,10,22.25,0.75,8.875,0.398876,3.25,0,3
2025-07-18,ES,2025-07-18-15,1,1,645,15,22.25,0.25,9.625,0.432584,2.0,0,2
2025-07-18,ES,2025-07-18-19,1,1,665,35,22.25,4.0,8.875,0.398876,6.5,0,12
2025-07-18,ES,2025-07-18-20,1,1,670,40,22.25,0.75,10.625,0.477528,1.5,0,2
2025-07-18,ES,2025-07-18-22,1,1,680,50,22.25,1.5,9.875,0.44382,3.0,0,12
2025-07-18,ES,2025-07-18-34,1,1,740,110,22.25,1.5,10.125,0.455056,2.75,0,1
2025-07-18,ES,2025-07-18-48,1,1,810,180,22.25,8.0,10.625,0.477528,8.75,0,12
2025-07-18,ES,2025-07-18-49,1,1,815,185,22.25,1.25,9.125,0.410112,3.5,0,2
2025-07-18,ES,2025-07-18-c48,0,1,810,180,22.25,0.0,10.625,0.477528,3.125,0,3
2025-07-18,ES,2025-07-18-c14,0,1,640,10,22.25,0.0,8.875,0.398876,3.125,0,3
2025-07-18,ES,2025-07-18-c14,0,1,640,10,22.25,0.0,8.875,0.398876,3.125,0,3
2025-07-18,ES,2025-07-18-c20,0,1,670,40,22.25,0.0,10.625,0.477528,3.125,0,12
2025-07-18,ES,2025-07-18-c27,0,1,705,75,22.25,0.0,4.125,0.185393,3.125,0,4
2025-07-18,ES,2025-07-18-c27,0,1,705,75,22.25,0.0,4.125,0.185393,3.125,0,4
2025-07-18,ES,2025-07-18-c21,0,1,675,45,22.25,0.0,10.375,0.466292,3.125,0,12
2025-07-18,ES,2025-07-18-c14,0,1,640,10,22.25,0.0,8.875,0.398876,3.125,0,3
2025-07-18,ES,2025-07-18-c16,0,1,650,20,22.25,0.0,8.875,0.398876,3.125,0,1
2025-07-18,ES,2025-07-18-c23,0,1,685,55,22.25,0.0,7.625,0.342697,3.125,0,11
2025-07-18,ES,2025-07-18-c23,0,1,685,55,22.25,0.0,7.625,0.342697,3.125,0,11
2025-07-18,ES,2025-07-18-c21,0,1,675,45,22.25,0.0,10.375,0.466292,3.125,0,12
2025-07-18,ES,2025-07-18-c15,0,1,645,15,22.25,0.0,9.625,0.432584,3.125,0,2
2025-07-18,ES,2025-07-18-c28,0,1,710,80,22.25,0.0,2.625,0.117978,3.125,0,3
2025-07-18,ES,2025-07-18-c32,0,1,730,100,22.25,0.0,6.625,0.297753,3.125,0,2
2025-07-18,ES,2025-07-18-c49,0,1,815,185,22.25,0.0,9.125,0.410112,3.125,0,2
2025-07-21,ES,2025-07-21-12,1,-1,630,0,27.75,0.25,10.375,0.373874,4.0,0,12
2025-07-21,ES,2025-07-21-26,1,-1,700,70,27.75,1.75,13.625,0.490991,2.25,0,12
2025-07-21,ES,2025-07-21-27,1,-1,705,75,27.75,1.0,13.125,0.472973,2.0,0,12
2025-07-21,ES,2025-07-21-28,1,-1,710,80,27.75,0.5,11.875,0.427928,2.75,0,12
2025-07-21,ES,2025-07-21-42,1,-1,780,150,27.75,1.25,13.625,0.490991,1.75,0,6
2025-07-21,ES,2025-07-21-43,1,-1,785,155,27.75,0.25,12.875,0.463964,1.5,0,1
2025-07-21,ES,2025-07-21-46,1,-1,800,170,27.75,1.0,13.625,0.490991,1.5,0,2
2025-07-21,ES,2025-07-21-49,1,-1,815,185,27.75,1.5,12.875,0.463964,2.75,0,12
2025-07-21,ES,2025-07-21-c27,0,-1,705,75,27.75,0.0,13.125,0.472973,2.125,0,12
2025-07-21,ES,2025-07-21-c42,0,-1,780,150,27.75,0.0,13.625,0.490991,2.125,0,12
2025-07-21,ES,2025-07-21-c49,0,-1,815,185,27.75,0.0,12.875,0.463964,2.125,0,12
2025-07-21,ES,2025-07-21-c39,0,-1,765,135,27.75,0.0,10.625,0.382883,2.125,0,1
2025-07-21,ES,2025-07-21-c29,0,-1,715,85,27.75,0.0,12.125,0.436937,2.125,0,12
2025-07-21,ES,2025-07-21-c21,0,-1,675,45,27.75,0.0,9.625,0.346847,2.125,0,1
2025-07-21,ES,2025-07-21-c13,0,-1,635,5,27.75,0.0,10.375,0.373874,2.125,0,9
2025-07-21,ES,2025-07-21-c35,0,-1,745,115,27.75,0.0,7.625,0.274775,2.125,0,1
2025-07-21,ES,2025-07-21-c15,0,-1,645,15,27.75,0.0,8.875,0.31982,2.125,0,3
2025-07-21,ES,2025-07-21-c19,0,-1,665,35,27.75,0.0,10.125,0.364865,2.125,0,1
2025-07-21,ES,2025-07-21-c40,0,-1,770,140,27.75,0.0,12.875,0.463964,2.125,0,2
2025-07-21,ES,2025-07-21-c50,0,-1,820,190,27.75,0.0,12.125,0.436937,2.125,0,12
2025-07-21,ES,2025-07-21-c44,0,-1,790,160,27.75,0.0,13.875,0.5,2.125,0,12
2025-07-21,ES,2025-07-21-c12,0,-1,630,0,27.75,0.0,10.375,0.373874,2.125,0,10
2025-07-21,ES,2025-07-21-c20,0,-1,670,40,27.75,0.0,11.375,0.40991,2.125,0,3
2025-07-21,ES,2025-07-21-c12,0,-1,630,0,27.75,0.0,10.375,0.373874,2.125,0,10
2025-07-22,ES,2025-07-22-47,1,-1,805,175,30.5,0.5,13.75,0.45082,2.25,1,10
2025-07-22,ES,2025-07-22-c22,0,-1,680,50,30.5,0.0,1.25,0.040984,2.25,1,1
2025-07-22,ES,2025-07-22-c38,0,1,760,130,30.5,0.0,2.25,0.07377,2.25,1,2
2025-07-23,ES,2025-07-23-34,1,-1,740,110,20.0,11.5,9.75,0.4875,12.0,0,12
2025-07-23,ES,2025-07-23-36,1,-1,750,120,20.0,1.5,7.25,0.3625,4.5,0,2
2025-07-23,ES,2025-07-23-c23,0,-1,685,55,20.0,0.0,1.25,0.0625,8.25,1,1
2025-07-23,ES,2025-07-23-c36,0,-1,750,120,20.0,0.0,7.25,0.3625,8.25,0,12
2025-07-23,ES,2025-07-23-c12,0,1,630,0,20.0,0.0,5.75,0.2875,8.25,1,5
2025-07-23,ES,2025-07-23-c15,0,1,645,15,20.0,0.0,3.25,0.1625,8.25,1,2
2025-07-24,ES,2025-07-24-30,1,-1,720,90,14.0,5.25,5.75,0.410714,6.75,1,3
2025-07-24,ES,2025-07-24-50,1,-1,820,190,14.0,6.5,6.0,0.428571,7.75,0,6
2025-07-24,ES,2025-07-24-53,1,-1,835,205,14.0,1.75,5.75,0.410714,3.25,0,1
2025-07-24,ES,2025-07-24-c50,0,-1,820,190,14.0,0.0,6.0,0.428571,6.75,0,6
2025-07-24,ES,2025-07-24-c24,0,-1,690,60,14.0,0.0,7.0,0.5,6.75,1,9
2025-07-24,ES,2025-07-24-c13,0,-1,635,5,14.0,0.0,4.0,0.285714,6.75,0,5
2025-07-24,ES,2025-07-24-c35,0,1,745,115,14.0,0.0,1.25,0.089286,6.75,1,1
2025-07-24,ES,2025-07-24-c12,0,-1,630,0,14.0,0.0,1.75,0.125,6.75,0,4
2025-07-24,ES,2025-07-24-c33,0,-1,735,105,14.0,0.0,2.25,0.160714,6.75,1,2
2025-07-28,ES,2025-07-28-24,1,1,690,60,10.0,7.75,3.75,0.375,9.25,1,5
2025-07-28,ES,2025-07-28-32,1,1,730,100,10.0,0.25,3.0,0.3,2.5,1,2
2025-07-28,ES,2025-07-28-c20,0,1,670,40,10.0,0.0,2.25,0.225,5.875,0,1
2025-07-28,ES,2025-07-28-c29,0,1,715,85,10.0,0.0,2.0,0.2,5.875,1,5
2025-07-28,ES,2025-07-28-c15,0,-1,645,15,10.0,0.0,1.0,0.1,5.875,1,1
2025-07-28,ES,2025-07-28-c38,0,1,760,130,10.0,0.0,4.5,0.45,5.875,0,7
2025-07-30,ES,2025-07-30-12,1,-1,630,0,14.25,1.75,5.875,0.412281,3.25,1,6
2025-07-30,ES,2025-07-30-13,1,-1,635,5,14.25,0.5,5.875,0.412281,2.0,1,5
2025-07-30,ES,2025-07-30-21,1,1,675,45,14.25,2.75,5.875,0.412281,4.25,1,8
2025-07-30,ES,2025-07-30-23,1,1,685,55,14.25,0.75,6.625,0.464912,1.5,0,1
2025-07-30,ES,2025-07-30-25,1,1,695,65,14.25,2.0,6.375,0.447368,3.0,1,4
2025-07-30,ES,2025-07-30-34,1,-1,740,110,14.25,0.5,6.625,0.464912,1.25,0,12
2025-07-30,ES,2025-07-30-51,1,-1,825,195,14.25,3.0,5.875,0.412281,4.5,0,3
2025-07-30,ES,2025-07-30-c42,0,-1,780,150,14.25,0.0,6.375,0.447368,3.0,0,8
2025-07-30,ES,2025-07-30-c26,0,1,700,70,14.25,0.0,3.125,0.219298,3.0,1,3
2025-07-30,ES,2025-07-30-c49,0,-1,815,185,14.25,0.0,7.125,0.5,3.0,0,1
2025-07-30,ES,2025-07-30-c28,0,1,710,80,14.25,0.0,1.625,0.114035,3.0,1,1
2025-07-30,ES,2025-07-30-c36,0,-1,750,120,14.25,0.0,5.875,0.412281,3.0,0,12
2025-07-30,ES,2025-07-30-c51,0,-1,825,195,14.25,0.0,5.875,0.412281,3.0,0,3
2025-07-30,ES,2025-07-30-c47,0,-1,805,175,14.25,0.0,2.625,0.184211,3.0,0,2
2025-07-30,ES,2025-07-30-c40,0,-1,770,140,14.25,0.0,5.375,0.377193,3.0,0,10
2025-07-30,ES,2025-07-30-c32,0,-1,730,100,14.25,0.0,3.125,0.219298,3.0,0,1
2025-07-30,ES,2025-07-30-c42,0,-1,780,150,14.25,0.0,6.375,0.447368,3.0,0,8
2025-07-30,ES,2025-07-30-c15,0,-1,645,15,14.25,0.0,3.625,0.254386,3.0,0,1
2025-07-30,ES,2025-07-30-c47,0,-1,805,175,14.25,0.0,2.625,0.184211,3.0,0,2
2025-07-30,ES,2025-07-30-c12,0,-1,630,0,14.25,0.0,5.875,0.412281,3.0,1,6
2025-07-30,ES,2025-07-30-c42,0,-1,780,150,14.25,0.0,6.375,0.447368,3.0,0,8
2025-07-31,ES,2025-07-31-31,1,1,725,95,23.5,25.25,11.0,0.468085,26.25,0,12
2025-07-31,ES,2025-07-31-32,1,1,730,100,23.5,1.0,9.5,0.404255,3.5,0,10
2025-07-31,ES,2025-07-31-39,1,1,765,135,23.5,0.75,8.25,0.351064,4.5,0,3
2025-07-31,ES,2025-07-31-40,1,1,770,140,23.5,0.25,8.5,0.361702,3.75,0,2
2025-07-31,ES,2025-07-31-c14,0,1,640,10,23.5,0.0,2.75,0.117021,4.125,0,1
2025-07-31,ES,2025-07-31-c38,0,1,760,130,23.5,0.0,6.25,0.265957,4.125,0,1
2025-07-31,ES,2025-07-31-c41,0,1,775,145,23.5,0.0,9.25,0.393617,4.125,0,1
2025-07-31,ES,2025-07-31-c13,0,1,635,5,23.5,0.0,2.0,0.085106,4.125,0,2
2025-07-31,ES,2025-07-31-c40,0,1,770,140,23.5,0.0,8.5,0.361702,4.125,0,2
2025-07-31,ES,2025-07-31-c37,0,1,755,125,23.5,0.0,6.5,0.276596,4.125,0,2
2025-07-31,ES,2025-07-31-c12,0,1,630,0,23.5,0.0,2.0,0.085106,4.125,1,1
2025-07-31,ES,2025-07-31-c32,0,1,730,100,23.5,0.0,9.5,0.404255,4.125,0,10
2025-08-05,ES,2025-08-05-36,1,1,750,120,34.25,22.0,16.125,0.470803,23.25,0,12
2025-08-05,ES,2025-08-05-45,1,1,795,165,34.25,14.25,15.875,0.463504,15.75,0,12
2025-08-05,ES,2025-08-05-46,1,1,800,170,34.25,0.5,15.625,0.456204,2.25,0,11
2025-08-05,ES,2025-08-05-c47,0,1,805,175,34.25,0.0,12.125,0.354015,15.75,0,12
2025-08-05,ES,2025-08-05-c45,0,1,795,165,34.25,0.0,15.875,0.463504,15.75,0,12
2025-08-05,ES,2025-08-05-c53,0,1,835,205,34.25,0.0,7.875,0.229927,15.75,0,6
2025-08-05,ES,2025-08-05-c47,0,1,805,175,34.25,0.0,12.125,0.354015,15.75,0,12
2025-08-05,ES,2025-08-05-c46,0,1,800,170,34.25,0.0,15.625,0.456204,15.75,0,12
2025-08-05,ES,2025-08-05-c36,0,1,750,120,34.25,0.0,16.125,0.470803,15.75,0,12
2025-08-08,ES,2025-08-08-13,1,-1,635,5,30.75,2.5,13.875,0.45122,4.25,1,12
2025-08-08,ES,2025-08-08-14,1,-1,640,10,30.75,0.25,12.375,0.402439,3.5,1,11
2025-08-08,ES,2025-08-08-32,1,-1,730,100,30.75,0.5,14.875,0.48374,1.25,0,1
2025-08-08,ES,2025-08-08-36,1,-1,750,120,30.75,5.5,14.875,0.48374,6.25,0,12
2025-08-08,ES,2025-08-08-40,1,-1,770,140,30.75,3.25,12.375,0.402439,6.5,0,10
2025-08-08,ES,2025-08-08-46,1,-1,800,170,30.75,0.25,14.375,0.46748,1.5,0,3
2025-08-08,ES,2025-08-08-c20,0,-1,670,40,30.75,0.0,10.625,0.345528,3.875,1,5
2025-08-08,ES,2025-08-08-c27,0,-1,705,75,30.75,0.0,1.875,0.060976,3.875,0,1
2025-08-08,ES,2025-08-08-c19,0,-1,665,35,30.75,0.0,10.375,0.337398,3.875,1,6
2025-08-08,ES,2025-08-08-c24,0,-1,690,60,30.75,0.0,4.125,0.134146,3.875,1,1
2025-08-08,ES,2025-08-08-c42,0,-1,780,150,30.75,0.0,11.625,0.378049,3.875,0,4
2025-08-08,ES,2025-08-08-c39,0,-1,765,135,30.75,0.0,15.375,0.5,3.875,0,11
2025-08-08,ES,2025-08-08-c44,0,-1,790,160,30.75,0.0,12.625,0.410569,3.875,0,6
2025-08-08,ES,2025-08-08-c17,0,-1,655,25,30.75,0.0,5.375,0.174797,3.875,0,2
2025-08-08,ES,2025-08-08-c27,0,-1,705,75,30.75,0.0,1.875,0.060976,3.875,0,1
2025-08-08,ES,2025-08-08-c29,0,-1,715,85,30.75,0.0,10.625,0.345528,3.875,0,1
2025-08-08,ES,2025-08-08-c48,0,-1,810,180,30.75,0.0,14.125,0.45935,3.875,0,2
2025-08-08,ES,2025-08-08-c43,0,-1,785,155,30.75,0.0,13.625,0.443089,3.875,0,7
2025-08-11,ES,2025-08-11-20,1,1,670,40,11.5,3.25,3.0,0.26087,6.25,1,8
2025-08-11,ES,2025-08-11-25,1,1,695,65,11.5,0.25,5.5,0.478261,0.75,0,1
2025-08-11,ES,2025-08-11-26,1,1,700,70,11.5,0.75,3.75,0.326087,3.0,1,2
2025-08-11,ES,2025-08-11-38,1,-1,760,130,11.5,10.0,0.5,0.043478,16.5,1,1
2025-08-11,ES,2025-08-11-51,1,1,825,195,11.5,4.75,5.0,0.434783,5.75,0,4
2025-08-11,ES,2025-08-11-c42,0,-1,780,150,11.5,0.0,0.0,0.0,5.75,1,1
2025-08-11,ES,2025-08-11-c25,0,1,695,65,11.5,0.0,5.5,0.478261,5.75,1,3
2025-08-11,ES,2025-08-11-c29,0,-1,715,85,11.5,0.0,4.5,0.391304,5.75,0,2
2025-08-11,ES,2025-08-11-c39,0,-1,765,135,11.5,0.0,0.25,0.021739,5.75,1,1
2025-08-11,ES,2025-08-11-c40,0,-1,770,140,11.5,0.0,0.5,0.043478,5.75,1,1
2025-08-11,ES,2025-08-11-c22,0,1,680,50,11.5,0.0,3.25,0.282609,5.75,1,6
2025-08-11,ES,2025-08-11-c29,0,-1,715,85,11.5,0.0,4.5,0.391304,5.75,0,2
2025-08-11,ES,2025-08-11-c40,0,-1,770,140,11.5,0.0,0.5,0.043478,5.75,1,1
2025-08-11,ES,2025-08-11-c21,0,1,675,45,11.5,0.0,2.0,0.173913,5.75,1,7
2025-08-11,ES,2025-08-11-c29,0,-1,715,85,11.5,0.0,4.5,0.391304,5.75,0,2
2025-08-12,ES,2025-08-12-16,1,-1,650,20,31.25,3.5,14.625,0.468,4.75,0,2
2025-08-12,ES,2025-08-12-c16,0,-1,650,20,31.25,0.0,14.625,0.468,4.75,0,2
2025-08-12,ES,2025-08-12-c17,0,-1,655,25,31.25,0.0,15.625,0.5,4.75,0,1
2025-08-13,ES,2025-08-13-12,1,1,630,0,23.0,1.0,10.75,0.467391,2.0,0,2
2025-08-13,ES,2025-08-13-13,1,1,635,5,23.0,1.0,10.25,0.445652,2.5,0,1
2025-08-13,ES,2025-08-13-14,1,1,640,10,23.0,1.5,8.5,0.369565,4.75,0,1
2025-08-13,ES,2025-08-13-26,1,1,700,70,23.0,9.0,9.0,0.391304,11.75,0,10
2025-08-13,ES,2025-08-13-27,1,1,705,75,23.0,0.25,10.5,0.456522,1.5,0,1
2025-08-13,ES,2025-08-13-c26,0,1,700,70,23.0,0.0,9.0,0.391304,2.5,0,1
2025-08-13,ES,2025-08-13-c14,0,1,640,10,23.0,0.0,8.5,0.369565,2.5,0,1
2025-08-13,ES,2025-08-13-c12,0,1,630,0,23.0,0.0,10.75,0.467391,2.5,0,3
2025-08-13,ES,2025-08-13-c12,0,1,630,0,23.0,0.0,10.75,0.467391,2.5,0,3
2025-08-13,ES,2025-08-13-c12,0,1,630,0,23.0,0.0,10.75,0.467391,2.5,0,3
2025-08-13,ES,2025-08-13-c26,0,1,700,70,23.0,0.0,9.0,0.391304,2.5,0,1
2025-08-13,ES,2025-08-13-c14,0,1,640,10,23.0,0.0,8.5,0.369565,2.5,0,1
2025-08-13,ES,2025-08-13-c14,0,1,640,10,23.0,0.0,8.5,0.369565,2.5,0,1
2025-08-13,ES,2025-08-13-c26,0,1,700,70,23.0,0.0,9.0,0.391304,2.5,0,1
2025-08-13,ES,2025-08-13-c26,0,1,700,70,23.0,0.0,9.0,0.391304,2.5,0,1
2025-08-14,ES,2025-08-14-18,1,-1,660,30,23.0,9.5,10.5,0.456522,10.75,1,5
2025-08-14,ES,2025-08-14-50,1,-1,820,190,23.0,4.5,11.25,0.48913,5.0,0,12
2025-08-14,ES,2025-08-14-51,1,-1,825,195,23.0,2.5,10.5,0.456522,3.75,0,12
2025-08-14,ES,2025-08-14-c18,0,-1,660,30,23.0,0.0,10.5,0.456522,5.0,1,5
2025-08-14,ES,2025-08-14-c32,0,1,730,100,23.0,0.0,7.75,0.336957,5.0,1,2
2025-08-14,ES,2025-08-14-c45,0,-1,795,165,23.0,0.0,11.5,0.5,5.0,0,12
2025-08-14,ES,2025-08-14-c50,0,-1,820,190,23.0,0.0,11.25,0.48913,5.0,0,12
2025-08-14,ES,2025-08-14-c28,0,-1,710,80,23.0,0.0,4.5,0.195652,5.0,1,3
2025-08-14,ES,2025-08-14-c29,0,-1,715,85,23.0,0.0,5.5,0.23913,5.0,1,2
2025-08-15,ES,2025-08-15-27,1,1,705,75,29.75,6.75,12.375,0.415966,9.5,0,12
2025-08-15,ES,2025-08-15-30,1,1,720,90,29.75,1.0,13.875,0.466387,2.25,0,12
2025-08-15,ES,2025-08-15-c24,0,1,690,60,29.75,0.0,7.375,0.247899,5.875,0,1
2025-08-15,ES,2025-08-15-c30,0,1,720,90,29.75,0.0,13.875,0.466387,5.875,0,12
2025-08-15,ES,2025-08-15-c24,0,1,690,60,29.75,0.0,7.375,0.247899,5.875,0,1
2025-08-15,ES,2025-08-15-c36,0,1,750,120,29.75,0.0,10.375,0.348739,5.875,0,12
2025-08-18,ES,2025-08-18-15,1,1,645,15,14.25,2.5,4.125,0.289474,5.75,1,1
2025-08-18,ES,2025-08-18-25,1,1,695,65,14.25,0.25,2.625,0.184211,5.0,1,7
2025-08-18,ES,2025-08-18-37,1,1,755,125,14.25,1.5,6.125,0.429825,2.75,0,2
2025-08-18,ES,2025-08-18-42,1,1,780,150,14.25,3.75,3.625,0.254386,7.5,1,6
2025-08-18,ES,2025-08-18-c24,0,1,690,60,14.25,0.0,4.875,0.342105,5.375,1,8
2025-08-18,ES,2025-08-18-c37,0,1,755,125,14.25,0.0,6.125,0.429825,5.375,1,11
2025-08-18,ES,2025-08-18-c20,0,1,670,40,14.25,0.0,3.625,0.254386,5.375,1,2
2025-08-18,ES,2025-08-18-c53,0,1,835,205,14.25,0.0,4.625,0.324561,5.375,1,10
2025-08-18,ES,2025-08-18-c14,0,1,640,10,14.25,0.0,1.875,0.131579,5.375,0,1
2025-08-18,ES,2025-08-18-c50,0,1,820,190,14.25,0.0,3.375,0.236842,5.375,0,12
2025-08-18,ES,2025-08-18-c26,0,1,700,70,14.25,0.0,3.875,0.27193,5.375,1,6
2025-08-18,ES,2025-08-18-c20,0,1,670,40,14.25,0.0,3.625,0.254386,5.375,1,2
2025-08-19,ES,2025-08-19-14,1,1,640,10,21.5,1.0,8.0,0.372093,4.0,0,1
2025-08-19,ES,2025-08-19-16,1,1,650,20,21.5,3.5,9.25,0.430233,5.25,0,1
2025-08-19,ES,2025-08-19-c12,0,-1,630,0,21.5,0.0,3.25,0.151163,4.625,1,1
2025-08-19,ES,2025-08-19-c12,0,-1,630,0,21.5,0.0,3.25,0.151163,4.625,1,1
2025-08-19,ES,2025-08-19-c12,0,-1,630,0,21.5,0.0,3.25,0.151163,4.625,1,1
2025-08-19,ES,2025-08-19-c13,0,1,635,5,21.5,0.0,3.75,0.174419,4.625,0,1
2025-08-25,ES,2025-08-25-27,1,-1,705,75,13.0,3.5,5.5,0.423077,4.75,0,3
2025-08-25,ES,2025-08-25-42,1,-1,780,150,13.0,6.0,5.0,0.384615,7.75,1,8
2025-08-25,ES,2025-08-25-46,1,-1,800,170,13.0,2.5,6.0,0.461538,3.25,1,4
2025-08-25,ES,2025-08-25-48,1,-1,810,180,13.0,1.25,4.75,0.365385,3.25,1,2
2025-08-25,ES,2025-08-25-52,1,-1,830,200,13.0,0.25,5.5,0.423077,1.5,1,6
2025-08-25,ES,2025-08-25-c17,0,-1,655,25,13.0,0.0,3.75,0.288462,3.25,0,3
2025-08-25,ES,2025-08-25-c27,0,-1,705,75,13.0,0.0,5.5,0.423077,3.25,0,1
2025-08-25,ES,2025-08-25-c50,0,-1,820,190,13.0,0.0,3.0,0.230769,3.25,0,2
2025-08-25,ES,2025-08-25-c52,0,-1,830,200,13.0,0.0,5.5,0.423077,3.25,1,6
2025-08-25,ES,2025-08-25-c14,0,1,640,10,13.0,0.0,0.75,0.057692,3.25,1,1
2025-08-25,ES,2025-08-25-c14,0,1,640,10,13.0,0.0,0.75,0.057692,3.25,1,1
2025-08-25,ES,2025-08-25-c14,0,1,640,10,13.0,0.0,0.75,0.057692,3.25,1,1
2025-08-25,ES,2025-08-25-c17,0,-1,655,25,13.0,0.0,3.75,0.288462,3.25,0,3
2025-08-25,ES,2025-08-25-c53,0,-1,835,205,13.0,0.0,4.5,0.346154,3.25,1,5
2025-08-25,ES,2025-08-25-c52,0,-1,830,200,13.0,0.0,5.5,0.423077,3.25,1,6
2025-08-26,ES,2025-08-26-34,1,-1,740,110,17.25,3.0,8.125,0.471014,3.75,0,12
2025-08-26,ES,2025-08-26-39,1,-1,765,135,17.25,2.5,8.125,0.471014,3.25,0,8
2025-08-26,ES,2025-08-26-40,1,-1,770,140,17.25,1.25,8.375,0.485507,1.75,0,2
2025-08-26,ES,2025-08-26-43,1,-1,785,155,17.25,2.25,7.625,0.442029,3.5,0,4
2025-08-26,ES,2025-08-26-45,1,-1,795,165,17.25,0.5,7.375,0.427536,2.0,0,1
2025-08-26,ES,2025-08-26-48,1,-1,810,180,17.25,3.5,8.125,0.471014,4.25,0,12
2025-08-26,ES,2025-08-26-49,1,-1,815,185,17.25,0.5,7.375,0.427536,2.0,0,7
2025-08-26,ES,2025-08-26-c45,0,-1,795,165,17.25,0.0,7.375,0.427536,3.25,0,2
2025-08-26,ES,2025-08-26-c21,0,-1,675,45,17.25,0.0,2.125,0.123188,3.25,1,2
2025-08-26,ES,2025-08-26-c52,0,-1,830,200,17.25,0.0,1.125,0.065217,3.25,0,1
2025-08-26,ES,2025-08-26-c30,0,-1,720,90,17.25,0.0,6.125,0.355072,3.25,0,3
2025-08-26,ES,2025-08-26-c48,0,-1,810,180,17.25,0.0,8.125,0.471014,3.25,0,11
2025-08-26,ES,2025-08-26-c19,0,-1,665,35,17.25,0.0,1.375,0.07971,3.25,1,1
2025-08-26,ES,2025-08-26-c50,0,-1,820,190,17.25,0.0,6.125,0.355072,3.25,0,6
2025-08-26,ES,2025-08-26-c37,0,-1,755,125,17.25,0.0,8.625,0.5,3.25,0,10
2025-08-26,ES,2025-08-26-c26,0,-1,700,70,17.25,0.0,2.625,0.152174,3.25,1,2
2025-08-26,ES,2025-08-26-c40,0,-1,770,140,17.25,0.0,8.375,0.485507,3.25,0,7
2025-08-26,ES,2025-08-26-c25,0,-1,695,65,17.25,0.0,2.875,0.166667,3.25,1,3
2025-08-26,ES,2025-08-26-c51,0,-1,825,195,17.25,0.0,5.375,0.311594,3.25,0,5
2025-08-26,ES,2025-08-26-c52,0,-1,830,200,17.25,0.0,1.125,0.065217,3.25,0,1
2025-08-26,ES,2025-08-26-c13,0,-1,635,5,17.25,0.0,2.625,0.152174,3.25,0,2
2025-08-27,ES,2025-08-27-13,1,-1,635,5,19.25,0.75,8.125,0.422078,2.5,0,7
2025-08-27,ES,2025-08-27-17,1,-1,655,25,19.25,0.5,8.125,0.422078,2.25,0,2
2025-08-27,ES,2025-08-27-18,1,-1,660,30,19.25,0.5,8.125,0.422078,2.25,0,1
2025-08-27,ES,2025-08-27-21,1,-1,675,45,19.25,1.5,9.375,0.487013,2.0,0,1
2025-08-27,ES,2025-08-27-23,1,-1,685,55,19.25,2.0,9.125,0.474026,2.75,0,4
2025-08-27,ES,2025-08-27-33,1,-1,735,105,19.25,3.5,8.875,0.461039,4.5,1,4
2025-08-27,ES,2025-08-27-41,1,-1,775,145,19.25,1.75,9.125,0.474026,2.5,0,3
2025-08-27,ES,2025-08-27-c13,0,-1,635,5,19.25,0.0,8.125,0.422078,2.5,0,7
2025-08-27,ES,2025-08-27-c38,0,-1,760,130,19.25,0.0,3.625,0.188312,2.5,0,1
2025-08-27,ES,2025-08-27-c21,0,-1,675,45,19.25,0.0,9.375,0.487013,2.5,0,6
2025-08-27,ES,2025-08-27-c14,0,-1,640,10,19.25,0.0,6.875,0.357143,2.5,0,3
2025-08-27,ES,2025-08-27-c45,0,-1,795,165,19.25,0.0,9.625,0.5,2.5,0,3
2025-08-27,ES,2025-08-27-c35,0,-1,745,115,19.25,0.0,5.875,0.305195,2.5,1,2
2025-08-27,ES,2025-08-27-c41,0,-1,775,145,19.25,0.0,9.125,0.474026,2.5,0,3
2025-08-27,ES,2025-08-27-c35,0,-1,745,115,19.25,0.0,5.875,0.305195,2.5,1,2
2025-08-27,ES,2025-08-27-c24,0,-1,690,60,19.25,0.0,9.625,0.5,2.5,0,3
2025-08-27,ES,2025-08-27-c34,0,-1,740,110,19.25,0.0,4.375,0.227273,2.5,1,3
2025-08-27,ES,2025-08-27-c12,0,-1,630,0,19.25,0.0,9.625,0.5,2.5,0,12
2025-08-27,ES,2025-08-27-c21,0,-1,675,45,19.25,0.0,9.375,0.487013,2.5,0,6
2025-08-27,ES,2025-08-27-c41,0,-1,775,145,19.25,0.0,9.125,0.474026,2.5,0,3
2025-08-27,ES,2025-08-27-c17,0,-1,655,25,19.25,0.0,8.125,0.422078,2.5,0,3
2025-08-28,ES,2025-08-28-36,1,-1,750,120,27.75,4.5,10.875,0.391892,7.75,0,12
2025-08-28,ES,2025-08-28-41,1,-1,775,145,27.75,3.0,9.625,0.346847,7.5,0,9
2025-08-28,ES,2025-08-28-c16,0,-1,650,20,27.75,0.0,2.625,0.094595,7.625,1,3
2025-08-28,ES,2025-08-28-c41,0,-1,775,145,27.75,0.0,9.625,0.346847,7.625,0,10
2025-08-28,ES,2025-08-28-c20,0,-1,670,40,27.75,0.0,4.875,0.175676,7.625,1,2
2025-08-28,ES,2025-08-28-c46,0,-1,800,170,27.75,0.0,13.125,0.472973,7.625,0,12
2025-09-03,ES,2025-09-03-13,1,-1,635,5,16.75,0.75,8.125,0.485075,1.25,0,1
2025-09-03,ES,2025-09-03-23,1,-1,685,55,16.75,9.75,0.125,0.007463,18.25,1,1
2025-09-03,ES,2025-09-03-39,1,1,765,135,16.75,0.5,7.625,0.455224,1.5,0,1
2025-09-03,ES,2025-09-03-40,1,1,770,140,16.75,1.75,7.625,0.455224,2.75,1,4
2025-09-03,ES,2025-09-03-c33,0,-1,735,105,16.75,0.0,2.625,0.156716,2.125,0,1
2025-09-03,ES,2025-09-03-c31,0,-1,725,95,16.75,0.0,0.625,0.037313,2.125,1,1
2025-09-03,ES,2025-09-03-c29,0,1,715,85,16.75,0.0,0.375,0.022388,2.125,0,1
2025-09-03,ES,2025-09-03-c49,0,1,815,185,16.75,0.0,6.375,0.380597,2.125,0,1
2025-09-03,ES,2025-09-03-c36,0,1,750,120,16.75,0.0,0.625,0.037313,2.125,0,1
2025-09-03,ES,2025-09-03-c40,0,1,770,140,16.75,0.0,7.625,0.455224,2.125,1,4
2025-09-03,ES,2025-09-03-c25,0,-1,695,65,16.75,0.0,3.875,0.231343,2.125,1,2
2025-09-03,ES,2025-09-03-c45,0,-1,795,165,16.75,0.0,1.375,0.08209,2.125,1,1
2025-09-04,ES,2025-09-04-12,1,-1,630,0,18.5,0.75,7.75,0.418919,2.5,0,1
2025-09-04,ES,2025-09-04-c12,0,-1,630,0,18.5,0.0,7.75,0.418919,2.5,0,1
2025-09-04,ES,2025-09-04-c12,0,-1,630,0,18.5,0.0,7.75,0.418919,2.5,0,1
2025-09-08,ES,2025-09-08-12,1,-1,630,0,13.75,0.75,3.875,0.281818,4.0,0,1
2025-09-08,ES,2025-09-08-27,1,-1,705,75,13.75,7.5,4.625,0.336364,10.0,1,7
2025-09-08,ES,2025-09-08-31,1,-1,725,95,13.75,3.75,3.375,0.245455,7.5,1,3
2025-09-08,ES,2025-09-08-c51,0,1,825,195,13.75,0.0,5.625,0.409091,7.5,1,7
2025-09-08,ES,2025-09-08-c48,0,-1,810,180,13.75,0.0,0.625,0.045455,7.5,1,1
2025-09-08,ES,2025-09-08-c35,0,-1,745,115,13.75,0.0,2.375,0.172727,7.5,1,1
2025-09-08,ES,2025-09-08-c27,0,-1,705,75,13.75,0.0,4.625,0.336364,7.5,1,7
2025-09-08,ES,2025-09-08-c35,0,-1,745,115,13.75,0.0,2.375,0.172727,7.5,1,1
2025-09-08,ES,2025-09-08-c39,0,1,765,135,13.75,0.0,2.625,0.190909,7.5,1,1
2025-09-09,ES,2025-09-09-21,1,1,675,45,13.5,12.25,6.25,0.462963,13.0,0,12
2025-09-09,ES,2025-09-09-22,1,1,680,50,13.5,0.5,6.25,0.462963,1.25,0,4
2025-09-09,ES,2025-09-09-28,1,1,710,80,13.5,4.25,3.5,0.259259,7.75,1,10
2025-09-09,ES,2025-09-09-30,1,1,720,90,13.5,2.75,6.5,0.481481,3.25,1,8
2025-09-09,ES,2025-09-09-31,1,1,725,95,13.5,1.5,4.5,0.333333,4.0,1,7
2025-09-09,ES,2025-09-09-34,1,1,740,110,13.5,1.5,4.25,0.314815,4.25,1,4
2025-09-09,ES,2025-09-09-47,1,-1,805,175,13.5,0.5,4.75,0.351852,2.75,0,4
2025-09-09,ES,2025-09-09-51,1,-1,825,195,13.5,1.25,6.5,0.481481,1.75,0,2
2025-09-09,ES,2025-09-09-c25,0,1,695,65,13.5,0.0,6.25,0.462963,3.625,0,1
2025-09-09,ES,2025-09-09-c16,0,1,650,20,13.5,0.0,6.75,0.5,3.625,0,3
2025-09-09,ES,2025-09-09-c23,0,1,685,55,13.5,0.0,3.25,0.240741,3.625,0,3
2025-09-09,ES,2025-09-09-c34,0,1,740,110,13.5,0.0,4.25,0.314815,3.625,1,4
2025-09-09,ES,2025-09-09-c28,0,1,710,80,13.5,0.0,3.5,0.259259,3.625,0,1
2025-09-09,ES,2025-09-09-c33,0,1,735,105,13.5,0.0,4.0,0.296296,3.625,0,1
2025-09-09,ES,2025-09-09-c46,0,-1,800,170,13.5,0.0,5.25,0.388889,3.625,0,7
2025-09-09,ES,2025-09-09-c24,0,1,690,60,13.5,0.0,4.75,0.351852,3.625,0,2
2025-09-09,ES,2025-09-09-c35,0,1,745,115,13.5,0.0,2.5,0.185185,3.625,1,3
2025-09-09,ES,2025-09-09-c32,0,1,730,100,13.5,0.0,2.75,0.203704,3.625,0,2
2025-09-09,ES,2025-09-09-c22,0,1,680,50,13.5,0.0,6.25,0.462963,3.625,0,4
2025-09-09,ES,2025-09-09-c38,0,1,760,130,13.5,0.0,1.5,0.111111,3.625,1,1
2025-09-09,ES,2025-09-09-c34,0,1,740,110,13.5,0.0,4.25,0.314815,3.625,1,4
2025-09-09,ES,2025-09-09-c35,0,1,745,115,13.5,0.0,2.5,0.185185,3.625,1,3
2025-09-09,ES,2025-09-09-c39,0,1,765,135,13.5,0.0,0.75,0.055556,3.625,1,1
2025-09-09,ES,2025-09-09-c23,0,1,685,55,13.5,0.0,3.25,0.240741,3.625,0,3
2025-09-10,ES,2025-09-10-23,1,1,685,55,18.5,2.75,8.25,0.445946,4.0,0,1
2025-09-10,ES,2025-09-10-25,1,1,695,65,18.5,3.75,5.75,0.310811,7.5,1,3
2025-09-10,ES,2025-09-10-34,1,1,740,110,18.5,1.0,8.0,0.432432,2.5,0,2
2025-09-10,ES,2025-09-10-41,1,1,775,145,18.5,5.75,7.0,0.378378,8.25,0,6
2025-09-10,ES,2025-09-10-c16,0,1,650,20,18.5,0.0,1.75,0.094595,5.75,1,1
2025-09-10,ES,2025-09-10-c16,0,1,650,20,18.5,0.0,1.75,0.094595,5.75,1,1
2025-09-10,ES,2025-09-10-c15,0,-1,645,15,18.5,0.0,0.25,0.013514,5.75,1,1
2025-09-10,ES,2025-09-10-c12,0,-1,630,0,18.5,0.0,0.25,0.013514,5.75,1,1
2025-09-10,ES,2025-09-10-c34,0,1,740,110,18.5,0.0,8.0,0.432432,5.75,0,4
2025-09-10,ES,2025-09-10-c15,0,-1,645,15,18.5,0.0,0.25,0.013514,5.75,1,1
2025-09-10,ES,2025-09-10-c32,0,1,730,100,18.5,0.0,4.25,0.22973,5.75,0,2
2025-09-10,ES,2025-09-10-c29,0,1,715,85,18.5,0.0,3.5,0.189189,5.75,0,5
2025-09-12,ES,2025-09-12-18,1,-1,660,30,10.75,2.75,3.375,0.313953,5.0,1,5
2025-09-12,ES,2025-09-12-21,1,-1,675,45,10.75,0.75,2.875,0.267442,3.5,1,2
2025-09-12,ES,2025-09-12-41,1,-1,775,145,10.75,0.25,4.375,0.406977,1.5,0,5
2025-09-12,ES,2025-09-12-47,1,-1,805,175,10.75,1.25,4.875,0.453488,2.0,0,4
2025-09-12,ES,2025-09-12-48,1,-1,810,180,10.75,0.5,4.125,0.383721,2.0,0,3
2025-09-12,ES,2025-09-12-50,1,-1,820,190,10.75,0.25,4.875,0.453488,1.0,0,1
2025-09-12,ES,2025-09-12-c21,0,-1,675,45,10.75,0.0,2.875,0.267442,2.0,1,2
2025-09-12,ES,2025-09-12-c50,0,-1,820,190,10.75,0.0,4.875,0.453488,2.0,0,1
2025-09-12,ES,2025-09-12-c27,0,1,705,75,10.75,0.0,2.375,0.22093,2.0,1,2
2025-09-12,ES,2025-09-12-c29,0,1,715,85,10.75,0.0,0.375,0.034884,2.0,0,1
2025-09-12,ES,2025-09-12-c28,0,1,710,80,10.75,0.0,1.875,0.174419,2.0,1,1
2025-09-12,ES,2025-09-12-c35,0,-1,745,115,10.75,0.0,4.375,0.406977,2.0,0,11
2025-09-12,ES,2025-09-12-c33,0,-1,735,105,10.75,0.0,2.625,0.244186,2.0,0,3
2025-09-12,ES,2025-09-12-c23,0,-1,685,55,10.75,0.0,0.125,0.011628,2.0,1,1
2025-09-12,ES,2025-09-12-c39,0,-1,765,135,10.75,0.0,3.625,0.337209,2.0,0,2
2025-09-12,ES,2025-09-12-c31,0,-1,725,95,10.75,0.0,0.125,0.011628,2.0,0,1
2025-09-12,ES,2025-09-12-c19,0,-1,665,35,10.75,0.0,3.875,0.360465,2.0,0,2
2025-09-12,ES,2025-09-12-c25,0,1,695,65,10.75,0.0,1.625,0.151163,2.0,0,2
2025-09-15,ES,2025-09-15-12,1,-1,630,0,13.25,1.0,4.625,0.349057,3.25,0,2
2025-09-15,ES,2025-09-15-19,1,-1,665,35,13.25,3.0,5.625,0.424528,4.25,0,12
2025-09-15,ES,2025-09-15-21,1,-1,675,45,13.25,1.75,5.375,0.40566,3.25,0,12
2025-09-15,ES,2025-09-15-26,1,-1,700,70,13.25,0.5,2.625,0.198113,4.75,0,6
2025-09-15,ES,2025-09-15-33,1,-1,735,105,13.25,1.0,5.875,0.443396,2.0,1,8
2025-09-15,ES,2025-09-15-34,1,-1,740,110,13.25,0.5,6.375,0.481132,1.0,0,2
2025-09-15,ES,2025-09-15-35,1,-1,745,115,13.25,0.25,4.625,0.349057,2.5,0,1
2025-09-15,ES,2025-09-15-37,1,-1,755,125,13.25,1.0,6.125,0.462264,1.75,1,4
2025-09-15,ES,2025-09-15-c34,0,-1,740,110,13.25,0.0,6.375,0.481132,2.875,1,7
2025-09-15,ES,2025-09-15-c41,0,1,775,145,13.25,0.0,0.375,0.028302,2.875,1,1
2025-09-15,ES,2025-09-15-c22,0,-1,680,50,13.25,0.0,2.625,0.198113,2.875,0,1
2025-09-15,ES,2025-09-15-c28,0,-1,710,80,13.25,0.0,5.125,0.386792,2.875,0,12
2025-09-15,ES,2025-09-15-c47,0,1,805,175,13.25,0.0,4.375,0.330189,2.875,1,2
2025-09-15,ES,2025-09-15-c40,0,-1,770,140,13.25,0.0,3.125,0.235849,2.875,1,1
2025-09-15,ES,2025-09-15-c48,0,1,810,180,13.25,0.0,1.375,0.103774,2.875,1,1
2025-09-15,ES,2025-09-15-c29,0,-1,715,85,13.25,0.0,4.875,0.367925,2.875,1,12
2025-09-15,ES,2025-09-15-c23,0,-1,685,55,13.25,0.0,2.125,0.160377,2.875,0,2
2025-09-15,ES,2025-09-15-c46,0,1,800,170,13.25,0.0,2.875,0.216981,2.875,1,3
2025-09-15,ES,2025-09-15-c21,0,-1,675,45,13.25,0.0,5.375,0.40566,2.875,0,12
2025-09-15,ES,2025-09-15-c47,0,1,805,175,13.25,0.0,4.375,0.330189,2.875,1,2
2025-09-15,ES,2025-09-15-c37,0,-1,755,125,13.25,0.0,6.125,0.462264,2.875,1,4
2025-09-15,ES,2025-09-15-c26,0,-1,700,70,13.25,0.0,2.625,0.198113,2.875,0,3
2025-09-15,ES,2025-09-15-c44,0,1,790,160,13.25,0.0,1.375,0.103774,2.875,0,1
2025-09-15,ES,2025-09-15-c38,0,-1,760,130,13.25,0.0,4.625,0.349057,2.875,1,3
2025-09-16,ES,2025-09-16-19,1,1,665,35,22.25,2.75,7.875,0.353933,6.25,0,7
2025-09-16,ES,2025-09-16-21,1,1,675,45,22.25,1.0,9.875,0.44382,2.5,0,3
2025-09-16,ES,2025-09-16-28,1,1,710,80,22.25,4.75,9.625,0.432584,6.5,0,12
2025-09-16,ES,2025-09-16-29,1,1,715,85,22.25,1.25,10.875,0.488764,1.75,0,8
2025-09-16,ES,2025-09-16-31,1,1,725,95,22.25,1.25,9.375,0.421348,3.25,0,6
2025-09-16,ES,2025-09-16-32,1,1,730,100,22.25,0.25,10.375,0.466292,1.25,0,5
2025-09-16,ES,2025-09-16-37,1,1,755,125,22.25,2.0,8.875,0.398876,4.5,0,12
2025-09-16,ES,2025-09-16-38,1,1,760,130,22.25,0.75,10.125,0.455056,2.0,0,12
2025-09-16,ES,2025-09-16-c13,0,1,635,5,22.25,0.0,8.375,0.376404,2.875,0,5
2025-09-16,ES,2025-09-16-c35,0,1,745,115,22.25,0.0,8.625,0.38764,2.875,0,2
2025-09-16,ES,2025-09-16-c31,0,1,725,95,22.25,0.0,9.375,0.421348,2.875,0,6
2025-09-16,ES,2025-09-16-c51,0,1,825,195,22.25,0.0,6.125,0.275281,2.875,0,12
2025-09-16,ES,2025-09-16-c15,0,1,645,15,22.25,0.0,9.375,0.421348,2.875,0,3
2025-09-16,ES,2025-09-16-c15,0,1,645,15,22.25,0.0,9.375,0.421348,2.875,0,3
2025-09-16,ES,2025-09-16-c45,0,1,795,165,22.25,0.0,4.875,0.219101,2.875,0,7
2025-09-16,ES,2025-09-16-c19,0,1,665,35,22.25,0.0,7.875,0.353933,2.875,0,2
2025-09-16,ES,2025-09-16-c17,0,1,655,25,22.25,0.0,9.125,0.410112,2.875,0,1
2025-09-16,ES,2025-09-16-c44,0,1,790,160,22.25,0.0,5.125,0.230337,2.875,0,8
2025-09-16,ES,2025-09-16-c29,0,1,715,85,22.25,0.0,10.875,0.488764,2.875,0,12
2025-09-16,ES,2025-09-16-c39,0,1,765,135,22.25,0.0,9.875,0.44382,2.875,0,12
2025-09-16,ES,2025-09-16-c47,0,1,805,175,22.25,0.0,5.125,0.230337,2.875,0,5
2025-09-16,ES,2025-09-16-c19,0,1,665,35,22.25,0.0,7.875,0.353933,2.875,0,2
2025-09-16,ES,2025-09-16-c50,0,1,820,190,22.25,0.0,6.875,0.308989,2.875,0,12
2025-09-16,ES,2025-09-16-c44,0,1,790,160,22.25,0.0,5.125,0.230337,2.875,0,8
2025-09-17,ES,2025-09-17-12,1,1,630,0,16.0,0.5,6.5,0.40625,2.25,0,4
2025-09-17,ES,2025-09-17-15,1,1,645,15,16.0,0.5,6.5,0.40625,2.25,0,1
2025-09-17,ES,2025-09-17-16,1,1,650,20,16.0,0.75,4.5,0.28125,4.5,0,3
2025-09-17,ES,2025-09-17-19,1,1,665,35,16.0,1.25,5.75,0.359375,3.75,0,4
2025-09-17,ES,2025-09-17-24,1,1,690,60,16.0,2.75,7.75,0.484375,3.25,0,9
2025-09-17,ES,2025-09-17-26,1,1,700,70,16.0,2.5,7.0,0.4375,3.75,0,6
2025-09-17,ES,2025-09-17-29,1,1,715,85,16.0,2.25,6.5,0.40625,4.0,0,3
2025-09-17,ES,2025-09-17-52,1,1,830,200,16.0,9.75,7.75,0.484375,10.25,1,2
2025-09-17,ES,2025-09-17-53,1,1,835,205,16.0,0.75,2.25,0.140625,6.75,1,1
2025-09-17,ES,2025-09-17-c17,0,1,655,25,16.0,0.0,6.0,0.375,3.75,0,6
2025-09-17,ES,2025-09-17-c18,0,1,660,30,16.0,0.0,7.5,0.46875,3.75,0,12
2025-09-17,ES,2025-09-17-c53,0,1,835,205,16.0,0.0,2.25,0.140625,3.75,1,1
2025-09-17,ES,2025-09-17-c12,0,1,630,0,16.0,0.0,6.5,0.40625,3.75,0,11
2025-09-17,ES,2025-09-17-c19,0,1,665,35,16.0,0.0,5.75,0.359375,3.75,0,4
2025-09-17,ES,2025-09-17-c20,0,1,670,40,16.0,0.0,4.0,0.25,3.75,0,3
2025-09-17,ES,2025-09-17-c20,0,1,670,40,16.0,0.0,4.0,0.25,3.75,0,3
2025-09-17,ES,2025-09-17-c15,0,1,645,15,16.0,0.0,6.5,0.40625,3.75,0,8
2025-09-17,ES,2025-09-17-c18,0,1,660,30,16.0,0.0,7.5,0.46875,3.75,0,12
2025-09-17,ES,2025-09-17-c14,0,1,640,10,16.0,0.0,7.25,0.453125,3.75,0,12
2025-09-17,ES,2025-09-17-c12,0,1,630,0,16.0,0.0,6.5,0.40625,3.75,0,11
2025-09-17,ES,2025-09-17-c52,0,1,830,200,16.0,0.0,7.75,0.484375,3.75,1,2
2025-09-17,ES,2025-09-17-c53,0,1,835,205,16.0,0.0,2.25,0.140625,3.75,1,1
2025-09-17,ES,2025-09-17-c21,0,1,675,45,16.0,0.0,3.75,0.234375,3.75,0,2
2025-09-17,ES,2025-09-17-c26,0,1,700,70,16.0,0.0,7.0,0.4375,3.75,0,6
2025-09-17,ES,2025-09-17-c21,0,1,675,45,16.0,0.0,3.75,0.234375,3.75,0,2
2025-09-17,ES,2025-09-17-c15,0,1,645,15,16.0,0.0,6.5,0.40625,3.75,0,8
2025-09-17,ES,2025-09-17-c14,0,1,640,10,16.0,0.0,7.25,0.453125,3.75,0,12
2025-09-19,ES,2025-09-19-16,1,1,650,20,14.5,3.5,4.5,0.310345,6.5,0,4
2025-09-19,ES,2025-09-19-17,1,1,655,25,14.5,0.75,4.5,0.310345,3.75,0,1
2025-09-19,ES,2025-09-19-28,1,1,710,80,14.5,9.5,4.5,0.310345,12.5,1,2
2025-09-19,ES,2025-09-19-39,1,-1,765,135,14.5,1.0,6.5,0.448276,2.0,0,9
2025-09-19,ES,2025-09-19-42,1,-1,780,150,14.5,0.25,6.0,0.413793,1.75,0,6
2025-09-19,ES,2025-09-19-c35,0,-1,745,115,14.5,0.0,5.5,0.37931,3.75,0,12
2025-09-19,ES,2025-09-19-c32,0,-1,730,100,14.5,0.0,3.0,0.206897,3.75,0,2
2025-09-19,ES,2025-09-19-c35,0,-1,745,115,14.5,0.0,5.5,0.37931,3.75,0,12
2025-09-19,ES,2025-09-19-c17,0,1,655,25,14.5,0.0,4.5,0.310345,3.75,0,1
2025-09-19,ES,2025-09-19-c13,0,1,635,5,14.5,0.0,1.5,0.103448,3.75,0,1
2025-09-19,ES,2025-09-19-c13,0,1,635,5,14.5,0.0,1.5,0.103448,3.75,0,1
2025-09-19,ES,2025-09-19-c33,0,-1,735,105,14.5,0.0,4.5,0.310345,3.75,0,6
2025-09-19,ES,2025-09-19-c29,0,1,715,85,14.5,0.0,4.0,0.275862,3.75,1,1
2025-09-19,ES,2025-09-19-c31,0,-1,725,95,14.5,0.0,0.25,0.017241,3.75,0,1
2025-09-19,ES,2025-09-19-c36,0,-1,750,120,14.5,0.0,3.0,0.206897,3.75,0,3
2025-09-22,ES,2025-09-22-12,1,-1,630,0,19.5,0.25,9.5,0.487179,0.75,0,1
2025-09-22,ES,2025-09-22-c12,0,-1,630,0,19.5,0.0,9.5,0.487179,0.75,0,1
2025-09-22,ES,2025-09-22-c12,0,-1,630,0,19.5,0.0,9.5,0.487179,0.75,0,1
2025-09-23,ES,2025-09-23-15,1,1,645,15,10.25,2.0,4.875,0.47561,2.5,0,3
2025-09-23,ES,2025-09-23-16,1,1,650,20,10.25,0.5,2.375,0.231707,3.5,0,2
2025-09-23,ES,2025-09-23-20,1,1,670,40,10.25,3.5,4.875,0.47561,4.0,0,4
2025-09-23,ES,2025-09-23-21,1,1,675,45,10.25,2.0,4.875,0.47561,2.5,0,2
2025-09-23,ES,2025-09-23-22,1,1,680,50,10.25,1.75,4.375,0.426829,2.75,0,1
2025-09-23,ES,2025-09-23-c15,0,1,645,15,10.25,0.0,4.875,0.47561,2.75,0,3
2025-09-23,ES,2025-09-23-c16,0,1,650,20,10.25,0.0,2.375,0.231707,2.75,0,1
2025-09-23,ES,2025-09-23-c14,0,1,640,10,10.25,0.0,5.125,0.5,2.75,0,4
2025-09-23,ES,2025-09-23-c16,0,1,650,20,10.25,0.0,2.375,0.231707,2.75,0,1
2025-09-23,ES,2025-09-23-c15,0,1,645,15,10.25,0.0,4.875,0.47561,2.75,0,3
2025-09-23,ES,2025-09-23-c21,0,1,675,45,10.25,0.0,4.875,0.47561,2.75,0,2
2025-09-23,ES,2025-09-23-c20,0,1,670,40,10.25,0.0,4.875,0.47561,2.75,0,3
2025-09-23,ES,2025-09-23-c14,0,1,640,10,10.25,0.0,5.125,0.5,2.75,0,4
2025-09-23,ES,2025-09-23-c20,0,1,670,40,10.25,0.0,4.875,0.47561,2.75,0,3
2025-09-23,ES,2025-09-23-c14,0,1,640,10,10.25,0.0,5.125,0.5,2.75,0,4
2025-09-29,ES,2025-09-29-20,1,1,670,40,15.5,0.25,7.25,0.467742,1.0,0,1
2025-09-29,ES,2025-09-29-c20,0,1,670,40,15.5,0.0,7.25,0.467742,1.0,0,1
2025-09-29,ES,2025-09-29-c16,0,-1,650,20,15.5,0.0,1.5,0.096774,1.0,1,1
2025-09-30,ES,2025-09-30-14,1,1,640,10,16.25,2.75,4.125,0.253846,7.0,1,1
2025-09-30,ES,2025-09-30-18,1,-1,660,30,16.25,0.75,7.625,0.469231,1.5,1,3
2025-09-30,ES,2025-09-30-19,1,-1,665,35,16.25,0.75,6.875,0.423077,2.25,1,2
2025-09-30,ES,2025-09-30-23,1,1,685,55,16.25,3.75,5.375,0.330769,6.75,1,5
2025-09-30,ES,2025-09-30-26,1,1,700,70,16.25,1.0,7.375,0.453846,2.0,1,2
2025-09-30,ES,2025-09-30-34,1,-1,740,110,16.25,5.0,6.875,0.423077,6.5,1,7
2025-09-30,ES,2025-09-30-36,1,-1,750,120,16.25,0.75,6.375,0.392308,2.75,0,2
2025-09-30,ES,2025-09-30-39,1,-1,765,135,16.25,1.0,4.125,0.253846,5.25,1,2
2025-09-30,ES,2025-09-30-47,1,1,805,175,16.25,2.5,6.875,0.423077,4.0,1,5
2025-09-30,ES,2025-09-30-48,1,1,810,180,16.25,2.25,6.875,0.423077,3.75,1,4
2025-09-30,ES,2025-09-30-49,1,1,815,185,16.25,1.75,7.625,0.469231,2.5,1,3
2025-09-30,ES,2025-09-30-c15,0,-1,645,15,16.25,0.0,3.875,0.238462,3.75,1,1
2025-09-30,ES,2025-09-30-c42,0,1,780,150,16.25,0.0,1.625,0.1,3.75,0,2
2025-09-30,ES,2025-09-30-c37,0,-1,755,125,16.25,0.0,7.125,0.438462,3.75,1,4
2025-09-30,ES,2025-09-30-c42,0,1,780,150,16.25,0.0,1.625,0.1,3.75,0,2
2025-09-30,ES,2025-09-30-c49,0,1,815,185,16.25,0.0,7.625,0.469231,3.75,1,3
2025-09-30,ES,2025-09-30-c19,0,-1,665,35,16.25,0.0,6.875,0.423077,3.75,1,2
2025-09-30,ES,2025-09-30-c36,0,-1,750,120,16.25,0.0,6.375,0.392308,3.75,1,5
2025-09-30,ES,2025-09-30-c16,0,-1,650,20,16.25,0.0,0.875,0.053846,3.75,0,1
2025-09-30,ES,2025-09-30-c25,0,1,695,65,16.25,0.0,7.625,0.469231,3.75,1,3
2025-09-30,ES,2025-09-30-c26,0,1,700,70,16.25,0.0,7.375,0.453846,3.75,1,2
2025-09-30,ES,2025-09-30-c22,0,1,680,50,16.25,0.0,3.875,0.238462,3.75,0,1
2025-09-30,ES,2025-09-30-c52,0,-1,830,200,16.25,0.0,1.875,0.115385,3.75,1,1
2025-09-30,ES,2025-09-30-c50,0,1,820,190,16.25,0.0,6.375,0.392308,3.75,1,2
2025-09-30,ES,2025-09-30-c40,0,-1,770,140,16.25,0.0,2.625,0.161538,3.75,1,1
2025-09-30,ES,2025-09-30-c39,0,-1,765,135,16.25,0.0,4.125,0.253846,3.75,1,2
2025-09-30,ES,2025-09-30-c18,0,-1,660,30,16.25,0.0,7.625,0.469231,3.75,1,3
2025-09-30,ES,2025-09-30-c33,0,-1,735,105,16.25,0.0,4.875,0.3,3.75,0,1
2025-09-30,ES,2025-09-30-c29,0,-1,715,85,16.25,0.0,2.125,0.130769,3.75,1,2
2025-09-30,ES,2025-09-30-c12,0,1,630,0,16.25,0.0,1.375,0.084615,3.75,0,1
2025-09-30,ES,2025-09-30-c47,0,1,805,175,16.25,0.0,6.875,0.423077,3.75,1,5
2025-09-30,ES,2025-09-30-c45,0,1,795,165,16.25,0.0,3.625,0.223077,3.75,0,1
2025-09-30,ES,2025-09-30-c15,0,-1,645,15,16.25,0.0,3.875,0.238462,3.75,1,1
2025-10-01,ES,2025-10-01-13,1,-1,635,5,27.0,3.5,13.25,0.490741,4.0,0,5
2025-10-01,ES,2025-10-01-16,1,-1,650,20,27.0,0.75,13.0,0.481481,1.5,0,1
2025-10-01,ES,2025-10-01-c16,0,-1,650,20,27.0,0.0,13.0,0.481481,2.75,0,2
2025-10-01,ES,2025-10-01-c15,0,-1,645,15,27.0,0.0,10.25,0.37963,2.75,0,1
2025-10-01,ES,2025-10-01-c14,0,-1,640,10,27.0,0.0,11.0,0.407407,2.75,0,2
2025-10-01,ES,2025-10-01-c14,0,-1,640,10,27.0,0.0,11.0,0.407407,2.75,0,2
2025-10-02,ES,2025-10-02-12,1,1,630,0,23.25,0.25,10.375,0.446237,1.75,0,2
2025-10-02,ES,2025-10-02-14,1,1,640,10,23.25,0.75,11.125,0.478495,1.5,0,1
2025-10-02,ES,2025-10-02-29,1,1,715,85,23.25,15.5,11.125,0.478495,16.25,0,12
2025-10-02,ES,2025-10-02-40,1,1,770,140,23.25,7.75,9.125,0.392473,10.5,0,12
2025-10-02,ES,2025-10-02-41,1,1,775,145,23.25,0.25,10.375,0.446237,1.75,0,1
2025-10-02,ES,2025-10-02-44,1,1,790,160,23.25,3.5,9.875,0.424731,5.5,1,12
2025-10-02,ES,2025-10-02-45,1,1,795,165,23.25,0.25,11.375,0.489247,0.75,0,1
2025-10-02,ES,2025-10-02-46,1,1,800,170,23.25,0.5,8.875,0.38172,3.5,1,10
2025-10-02,ES,2025-10-02-c14,0,1,640,10,23.25,0.0,11.125,0.478495,2.625,0,1
2025-10-02,ES,2025-10-02-c46,0,1,800,170,23.25,0.0,8.875,0.38172,2.625,1,10
2025-10-02,ES,2025-10-02-c49,0,1,815,185,23.25,0.0,7.875,0.33871,2.625,1,7
2025-10-02,ES,2025-10-02-c45,0,1,795,165,23.25,0.0,11.375,0.489247,2.625,1,11
2025-10-02,ES,2025-10-02-c29,0,1,715,85,23.25,0.0,11.125,0.478495,2.625,0,1
2025-10-02,ES,2025-10-02-c40,0,1,770,140,23.25,0.0,9.125,0.392473,2.625,0,1
2025-10-02,ES,2025-10-02-c53,0,1,835,205,23.25,0.0,5.875,0.252688,2.625,1,3
2025-10-02,ES,2025-10-02-c29,0,1,715,85,23.25,0.0,11.125,0.478495,2.625,0,1
2025-10-02,ES,2025-10-02-c41,0,1,775,145,23.25,0.0,10.375,0.446237,2.625,0,1
2025-10-02,ES,2025-10-02-c52,0,1,830,200,23.25,0.0,5.875,0.252688,2.625,1,4
2025-10-02,ES,2025-10-02-c52,0,1,830,200,23.25,0.0,5.875,0.252688,2.625,1,4
2025-10-02,ES,2025-10-02-c48,0,1,810,180,23.25,0.0,8.875,0.38172,2.625,1,8
2025-10-02,ES,2025-10-02-c29,0,1,715,85,23.25,0.0,11.125,0.478495,2.625,0,1
2025-10-02,ES,2025-10-02-c48,0,1,810,180,23.25,0.0,8.875,0.38172,2.625,1,8
2025-10-02,ES,2025-10-02-c47,0,1,805,175,23.25,0.0,9.375,0.403226,2.625,1,9
2025-10-02,ES,2025-10-02-c13,0,1,635,5,23.25,0.0,5.625,0.241935,2.625,0,1
2025-10-03,ES,2025-10-03-42,1,-1,780,150,16.75,11.75,2.125,0.126866,18.25,1,1
2025-10-03,ES,2025-10-03-44,1,-1,790,160,16.75,2.25,7.625,0.455224,3.25,1,2
2025-10-03,ES,2025-10-03-c49,0,1,815,185,16.75,0.0,0.625,0.037313,10.75,1,1
2025-10-03,ES,2025-10-03-c48,0,1,810,180,16.75,0.0,1.625,0.097015,10.75,1,1
2025-10-03,ES,2025-10-03-c47,0,1,805,175,16.75,0.0,3.625,0.216418,10.75,1,1
2025-10-03,ES,2025-10-03-c43,0,-1,785,155,16.75,0.0,4.125,0.246269,10.75,1,3
2025-10-06,ES,2025-10-06-31,1,-1,725,95,22.25,3.0,10.625,0.477528,3.75,0,12
2025-10-06,ES,2025-10-06-36,1,-1,750,120,22.25,2.5,10.375,0.466292,3.5,0,10
2025-10-06,ES,2025-10-06-39,1,-1,765,135,22.25,1.5,10.375,0.466292,2.5,0,7
2025-10-06,ES,2025-10-06-43,1,-1,785,155,22.25,1.25,9.375,0.421348,3.25,0,3
2025-10-06,ES,2025-10-06-c39,0,-1,765,135,22.25,0.0,10.375,0.466292,3.375,0,7
2025-10-06,ES,2025-10-06-c45,0,-1,795,165,22.25,0.0,11.125,0.5,3.375,0,1
2025-10-06,ES,2025-10-06-c32,0,-1,730,100,22.25,0.0,8.625,0.38764,3.375,0,3
2025-10-06,ES,2025-10-06-c20,0,-1,670,40,22.25,0.0,3.375,0.151685,3.375,0,2
2025-10-06,ES,2025-10-06-c44,0,-1,790,160,22.25,0.0,10.625,0.477528,3.375,0,2
2025-10-06,ES,2025-10-06-c12,0,1,630,0,22.25,0.0,0.375,0.016854,3.375,1,1
2025-10-06,ES,2025-10-06-c32,0,-1,730,100,22.25,0.0,8.625,0.38764,3.375,0,3
2025-10-06,ES,2025-10-06-c21,0,-1,675,45,22.25,0.0,5.625,0.252809,3.375,0,5
2025-10-08,ES,2025-10-08-14,1,-1,640,10,26.25,2.25,10.625,0.404762,5.0,0,6
2025-10-08,ES,2025-10-08-18,1,-1,660,30,26.25,0.5,12.625,0.480952,1.25,0,2
2025-10-08,ES,2025-10-08-c18,0,-1,660,30,26.25,0.0,12.625,0.480952,3.125,0,2
2025-10-08,ES,2025-10-08-c18,0,-1,660,30,26.25,0.0,12.625,0.480952,3.125,0,2
2025-10-08,ES,2025-10-08-c18,0,-1,660,30,26.25,0.0,12.625,0.480952,3.125,0,2
2025-10-08,ES,2025-10-08-c15,0,-1,645,15,26.25,0.0,10.625,0.404762,3.125,0,5
2025-10-09,ES,2025-10-09-17,1,1,655,25,29.0,12.0,12.25,0.422414,14.5,0,12
2025-10-09,ES,2025-10-09-28,1,1,710,80,29.0,11.5,12.25,0.422414,14.0,0,12
2025-10-09,ES,2025-10-09-31,1,1,725,95,29.0,0.75,13.25,0.456897,2.25,0,2
2025-10-09,ES,2025-10-09-32,1,1,730,100,29.0,0.5,14.25,0.491379,1.0,0,1
2025-10-09,ES,2025-10-09-c20,0,1,670,40,29.0,0.0,10.5,0.362069,8.125,0,3
2025-10-09,ES,2025-10-09-c18,0,1,660,30,29.0,0.0,11.0,0.37931,8.125,0,6
2025-10-09,ES,2025-10-09-c29,0,1,715,85,29.0,0.0,12.75,0.439655,8.125,0,9
2025-10-09,ES,2025-10-09-c31,0,1,725,95,29.0,0.0,13.25,0.456897,8.125,0,7
2025-10-09,ES,2025-10-09-c32,0,1,730,100,29.0,0.0,14.25,0.491379,8.125,0,6
2025-10-09,ES,2025-10-09-c22,0,1,680,50,29.0,0.0,14.5,0.5,8.125,0,2
2025-10-09,ES,2025-10-09-c27,0,1,705,75,29.0,0.0,14.5,0.5,8.125,0,11
2025-10-09,ES,2025-10-09-c31,0,1,725,95,29.0,0.0,13.25,0.456897,8.125,0,7
2025-10-16,ES,2025-10-16-15,1,-1,645,15,27.0,6.25,10.25,0.37963,9.75,1,4
2025-10-16,ES,2025-10-16-24,1,1,690,60,27.0,5.25,3.5,0.12963,15.5,0,2
2025-10-16,ES,2025-10-16-c16,0,-1,650,20,27.0,0.0,9.25,0.342593,12.625,1,3
2025-10-16,ES,2025-10-16-c21,0,-1,675,45,27.0,0.0,11.0,0.407407,12.625,1,2
2025-10-16,ES,2025-10-16-c15,0,-1,645,15,27.0,0.0,10.25,0.37963,12.625,1,4
2025-10-16,ES,2025-10-16-c18,0,-1,660,30,27.0,0.0,4.25,0.157407,12.625,1,1
2025-10-20,ES,2025-10-20-20,1,-1,670,40,31.5,11.0,15.0,0.47619,12.0,0,12
2025-10-20,ES,2025-10-20-32,1,-1,730,100,31.5,9.5,15.5,0.492063,10.0,0,10
2025-10-20,ES,2025-10-20-c32,0,-1,730,100,31.5,0.0,15.5,0.492063,11.0,0,10
2025-10-20,ES,2025-10-20-c20,0,-1,670,40,31.5,0.0,15.0,0.47619,11.0,0,12
2025-10-20,ES,2025-10-20-c20,0,-1,670,40,31.5,0.0,15.0,0.47619,11.0,0,12
2025-10-20,ES,2025-10-20-c12,0,-1,630,0,31.5,0.0,11.0,0.349206,11.0,0,3
2025-10-21,ES,2025-10-21-22,1,-1,680,50,19.25,8.75,9.375,0.487013,9.25,0,12
2025-10-21,ES,2025-10-21-25,1,-1,695,65,19.25,3.5,8.625,0.448052,4.75,0,2
2025-10-21,ES,2025-10-21-40,1,-1,770,140,19.25,11.25,8.125,0.422078,13.0,1,2
2025-10-21,ES,2025-10-21-41,1,-1,775,145,19.25,1.0,5.875,0.305195,5.0,1,1
2025-10-21,ES,2025-10-21-45,1,-1,795,165,19.25,3.0,5.375,0.279221,7.5,0,8
2025-10-21,ES,2025-10-21-50,1,-1,820,190,19.25,1.5,7.625,0.396104,3.75,0,1
2025-10-21,ES,2025-10-21-c15,0,-1,645,15,19.25,0.0,6.875,0.357143,6.25,0,2
2025-10-21,ES,2025-10-21-c13,0,-1,635,5,19.25,0.0,4.125,0.214286,6.25,0,3
2025-10-21,ES,2025-10-21-c46,0,-1,800,170,19.25,0.0,7.375,0.383117,6.25,0,7
2025-10-21,ES,2025-10-21-c42,0,-1,780,150,19.25,0.0,3.125,0.162338,6.25,0,1
2025-10-21,ES,2025-10-21-c12,0,1,630,0,19.25,0.0,0.625,0.032468,6.25,1,1
2025-10-21,ES,2025-10-21-c41,0,-1,775,145,19.25,0.0,5.875,0.305195,6.25,1,1
2025-10-21,ES,2025-10-21-c46,0,-1,800,170,19.25,0.0,7.375,0.383117,6.25,0,7
2025-10-21,ES,2025-10-21-c43,0,-1,785,155,19.25,0.0,7.625,0.396104,6.25,0,10
2025-10-21,ES,2025-10-21-c45,0,-1,795,165,19.25,0.0,5.375,0.279221,6.25,0,7
2025-10-21,ES,2025-10-21-c43,0,-1,785,155,19.25,0.0,7.625,0.396104,6.25,0,10
2025-10-21,ES,2025-10-21-c47,0,-1,805,175,19.25,0.0,6.875,0.357143,6.25,0,6
2025-10-21,ES,2025-10-21-c45,0,-1,795,165,19.25,0.0,5.375,0.279221,6.25,0,7
2025-10-22,ES,2025-10-22-12,1,1,630,0,27.25,5.25,13.375,0.490826,5.75,0,2
2025-10-22,ES,2025-10-22-17,1,1,655,25,27.25,12.5,5.875,0.215596,20.5,0,5
2025-10-22,ES,2025-10-22-20,1,1,670,40,27.25,1.0,11.125,0.408257,3.75,0,2
2025-10-22,ES,2025-10-22-21,1,1,675,45,27.25,0.75,12.875,0.472477,1.75,0,1
2025-10-22,ES,2025-10-22-28,1,1,710,80,27.25,19.75,11.875,0.43578,21.75,0,6
2025-10-22,ES,2025-10-22-c28,0,1,710,80,27.25,0.0,11.875,0.43578,5.75,0,1
2025-10-22,ES,2025-10-22-c28,0,1,710,80,27.25,0.0,11.875,0.43578,5.75,0,1
2025-10-22,ES,2025-10-22-c17,0,1,655,25,27.25,0.0,5.875,0.215596,5.75,0,3
2025-10-22,ES,2025-10-22-c28,0,1,710,80,27.25,0.0,11.875,0.43578,5.75,0,1
2025-10-22,ES,2025-10-22-c17,0,1,655,25,27.25,0.0,5.875,0.215596,5.75,0,3
2025-10-22,ES,2025-10-22-c21,0,1,675,45,27.25,0.0,12.875,0.472477,5.75,0,1
2025-10-22,ES,2025-10-22-c21,0,1,675,45,27.25,0.0,12.875,0.472477,5.75,0,1
2025-10-22,ES,2025-10-22-c28,0,1,710,80,27.25,0.0,11.875,0.43578,5.75,0,1
2025-10-22,ES,2025-10-22-c12,0,1,630,0,27.25,0.0,13.375,0.490826,5.75,0,2
2025-10-22,ES,2025-10-22-c21,0,1,675,45,27.25,0.0,12.875,0.472477,5.75,0,1
2025-10-23,ES,2025-10-23-31,1,-1,725,95,30.0,2.0,14.75,0.491667,2.5,0,1
2025-10-23,ES,2025-10-23-34,1,-1,740,110,30.0,3.5,13.0,0.433333,5.75,0,4
2025-10-23,ES,2025-10-23-36,1,-1,750,120,30.0,2.0,14.75,0.491667,2.5,0,1
2025-10-23,ES,2025-10-23-c28,0,-1,710,80,30.0,0.0,10.5,0.35,2.5,0,1
2025-10-23,ES,2025-10-23-c20,0,-1,670,40,30.0,0.0,4.0,0.133333,2.5,1,1
2025-10-23,ES,2025-10-23-c17,0,-1,655,25,30.0,0.0,9.5,0.316667,2.5,1,4
2025-10-23,ES,2025-10-23-c19,0,-1,665,35,30.0,0.0,6.75,0.225,2.5,1,2
2025-10-23,ES,2025-10-23-c16,0,-1,650,20,30.0,0.0,4.0,0.133333,2.5,0,1
2025-10-23,ES,2025-10-23-c22,0,-1,680,50,30.0,0.0,4.0,0.133333,2.5,0,1
2025-10-24,ES,2025-10-24-21,1,-1,675,45,23.0,0.25,9.5,0.413043,2.5,0,1
2025-10-24,ES,2025-10-24-26,1,-1,700,70,23.0,5.75,10.5,0.456522,7.0,0,12
2025-10-24,ES,2025-10-24-36,1,-1,750,120,23.0,5.75,9.25,0.402174,8.25,0,12
2025-10-24,ES,2025-10-24-43,1,-1,785,155,23.0,3.5,11.25,0.48913,4.0,0,6
2025-10-24,ES,2025-10-24-44,1,-1,790,160,23.0,2.0,9.75,0.423913,4.0,0,2
2025-10-24,ES,2025-10-24-c18,0,1,660,30,23.0,0.0,0.25,0.01087,4.0,1,1
2025-10-24,ES,2025-10-24-c13,0,-1,635,5,23.0,0.0,3.0,0.130435,4.0,0,1
2025-10-24,ES,2025-10-24-c37,0,-1,755,125,23.0,0.0,8.0,0.347826,4.0,0,2
2025-10-24,ES,2025-10-24-c20,0,-1,670,40,23.0,0.0,6.75,0.293478,4.0,0,1
2025-10-24,ES,2025-10-24-c13,0,-1,635,5,23.0,0.0,3.0,0.130435,4.0,0,1
2025-10-24,ES,2025-10-24-c38,0,-1,760,130,23.0,0.0,5.5,0.23913,4.0,0,1
2025-10-24,ES,2025-10-24-c12,0,-1,630,0,23.0,0.0,0.5,0.021739,4.0,1,1
2025-10-24,ES,2025-10-24-c13,0,-1,635,5,23.0,0.0,3.0,0.130435,4.0,0,1
2025-10-24,ES,2025-10-24-c16,0,1,650,20,23.0,0.0,1.25,0.054348,4.0,0,1
2025-10-24,ES,2025-10-24-c15,0,-1,645,15,23.0,0.0,6.25,0.271739,4.0,1,1
2025-10-27,ES,2025-10-27-32,1,-1,730,100,15.5,1.25,7.5,0.483871,1.75,0,8
2025-10-27,ES,2025-10-27-37,1,-1,755,125,15.5,1.25,7.0,0.451613,2.25,0,3
2025-10-27,ES,2025-10-27-43,1,-1,785,155,15.5,2.5,7.25,0.467742,3.25,0,7
2025-10-27,ES,2025-10-27-45,1,-1,795,165,15.5,0.25,5.75,0.370968,2.5,0,4
2025-10-27,ES,2025-10-27-c45,0,-1,795,165,15.5,0.0,5.75,0.370968,2.375,0,4
2025-10-27,ES,2025-10-27-c28,0,-1,710,80,15.5,0.0,3.75,0.241935,2.375,0,2
2025-10-27,ES,2025-10-27-c15,0,-1,645,15,15.5,0.0,2.25,0.145161,2.375,1,1
2025-10-27,ES,2025-10-27-c28,0,-1,710,80,15.5,0.0,3.75,0.241935,2.375,0,2
2025-10-27,ES,2025-10-27-c45,0,-1,795,165,15.5,0.0,5.75,0.370968,2.375,0,4
2025-10-27,ES,2025-10-27-c18,0,1,660,30,15.5,0.0,1.0,0.064516,2.375,0,1
2025-10-27,ES,2025-10-27-c26,0,-1,700,70,15.5,0.0,6.75,0.435484,2.375,0,12
2025-10-27,ES,2025-10-27-c29,0,-1,715,85,15.5,0.0,5.5,0.354839,2.375,0,1
2025-10-28,ES,2025-10-28-25,1,1,695,65,20.5,3.75,7.25,0.353659,7.0,1,10
2025-10-28,ES,2025-10-28-27,1,1,705,75,20.5,1.5,9.25,0.45122,2.75,1,8
2025-10-28,ES,2025-10-28-36,1,-1,750,120,20.5,2.75,4.25,0.207317,9.0,1,1
2025-10-28,ES,2025-10-28-43,1,-1,785,155,20.5,2.0,9.25,0.45122,3.25,0,8
2025-10-28,ES,2025-10-28-45,1,-1,795,165,20.5,1.5,9.5,0.463415,2.5,0,6
2025-10-28,ES,2025-10-28-47,1,-1,805,175,20.5,1.25,8.75,0.426829,3.0,0,3
2025-10-28,ES,2025-10-28-49,1,-1,815,185,20.5,1.0,9.75,0.47561,1.75,0,1
2025-10-28,ES,2025-10-28-c38,0,-1,760,130,20.5,0.0,5.75,0.280488,3.0,0,1
2025-10-28,ES,2025-10-28-c47,0,-1,805,175,20.5,0.0,8.75,0.426829,3.0,0,3
2025-10-28,ES,2025-10-28-c40,0,-1,770,140,20.5,0.0,8.25,0.402439,3.0,0,2
2025-10-28,ES,2025-10-28-c15,0,1,645,15,20.5,0.0,0.75,0.036585,3.0,1,1
2025-10-28,ES,2025-10-28-c15,0,1,645,15,20.5,0.0,0.75,0.036585,3.0,1,1
2025-10-28,ES,2025-10-28-c23,0,1,685,55,20.5,0.0,6.75,0.329268,3.0,0,1
2025-10-28,ES,2025-10-28-c49,0,-1,815,185,20.5,0.0,9.75,0.47561,3.0,0,2
2025-10-28,ES,2025-10-28-c38,0,-1,760,130,20.5,0.0,5.75,0.280488,3.0,0,1
2025-10-28,ES,2025-10-28-c24,0,1,690,60,20.5,0.0,10.25,0.5,3.0,0,1
2025-10-28,ES,2025-10-28-c31,0,1,725,95,20.5,0.0,1.75,0.085366,3.0,0,2
2025-10-28,ES,2025-10-28-c22,0,1,680,50,20.5,0.0,6.0,0.292683,3.0,0,2
2025-10-28,ES,2025-10-28-c48,0,-1,810,180,20.5,0.0,9.25,0.45122,3.0,0,3
2025-10-28,ES,2025-10-28-c38,0,-1,760,130,20.5,0.0,5.75,0.280488,3.0,0,1
2025-10-28,ES,2025-10-28-c44,0,-1,790,160,20.5,0.0,10.25,0.5,3.0,0,7
2025-10-29,ES,2025-10-29-16,1,1,650,20,15.75,3.75,4.875,0.309524,7.0,0,12
2025-10-29,ES,2025-10-29-19,1,1,665,35,15.75,1.25,5.625,0.357143,3.75,0,6
2025-10-29,ES,2025-10-29-20,1,1,670,40,15.75,0.75,5.875,0.373016,3.0,0,4
2025-10-29,ES,2025-10-29-21,1,1,675,45,15.75,0.5,4.125,0.261905,4.5,0,3
2025-10-29,ES,2025-10-29-25,1,1,695,65,15.75,2.75,7.375,0.468254,3.5,0,2
2025-10-29,ES,2025-10-29-26,1,1,700,70,15.75,0.75,7.375,0.468254,1.5,0,1
2025-10-29,ES,2025-10-29-27,1,1,705,75,15.75,3.5,6.625,0.420635,5.0,0,3
2025-10-29,ES,2025-10-29-28,1,1,710,80,15.75,1.25,6.375,0.404762,3.0,0,1
2025-10-29,ES,2025-10-29-33,1,1,735,105,15.75,6.5,7.625,0.484127,7.0,0,12
2025-10-29,ES,2025-10-29-51,1,1,825,195,15.75,5.75,6.875,0.436508,7.0,0,3
2025-10-29,ES,2025-10-29-c43,0,1,785,155,15.75,0.0,5.375,0.34127,4.125,0,4
2025-10-29,ES,2025-10-29-c34,0,1,740,110,15.75,0.0,5.125,0.325397,4.125,0,12
2025-10-29,ES,2025-10-29-c38,0,1,760,130,15.75,0.0,4.375,0.277778,4.125,0,9
2025-10-29,ES,2025-10-29-c39,0,1,765,135,15.75,0.0,5.125,0.325397,4.125,0,8
2025-10-29,ES,2025-10-29-c14,0,1,640,10,15.75,0.0,6.875,0.436508,4.125,0,2
2025-10-29,ES,2025-10-29-c39,0,1,765,135,15.75,0.0,5.125,0.325397,4.125,0,8
2025-10-29,ES,2025-10-29-c38,0,1,760,130,15.75,0.0,4.375,0.277778,4.125,0,9
2025-10-29,ES,2025-10-29-c17,0,1,655,25,15.75,0.0,6.125,0.388889,4.125,0,8
2025-10-29,ES,2025-10-29-c14,0,1,640,10,15.75,0.0,6.875,0.436508,4.125,0,2
2025-10-29,ES,2025-10-29-c27,0,1,705,75,15.75,0.0,6.625,0.420635,4.125,0,3
2025-10-29,ES,2025-10-29-c39,0,1,765,135,15.75,0.0,5.125,0.325397,4.125,0,8
2025-10-29,ES,2025-10-29-c26,0,1,700,70,15.75,0.0,7.375,0.468254,4.125,0,4
2025-10-29,ES,2025-10-29-c22,0,1,680,50,15.75,0.0,2.625,0.166667,4.125,0,2
2025-10-29,ES,2025-10-29-c35,0,1,745,115,15.75,0.0,5.125,0.325397,4.125,0,12
2025-10-29,ES,2025-10-29-c19,0,1,665,35,15.75,0.0,5.625,0.357143,4.125,0,6
2025-10-29,ES,2025-10-29-c26,0,1,700,70,15.75,0.0,7.375,0.468254,4.125,0,4
2025-10-29,ES,2025-10-29-c28,0,1,710,80,15.75,0.0,6.375,0.404762,4.125,0,1
2025-10-29,ES,2025-10-29-c45,0,1,795,165,15.75,0.0,4.875,0.309524,4.125,0,2
2025-10-29,ES,2025-10-29-c22,0,1,680,50,15.75,0.0,2.625,0.166667,4.125,0,2
2025-10-29,ES,2025-10-29-c25,0,1,695,65,15.75,0.0,7.375,0.468254,4.125,0,5
2025-11-10,ES,2025-11-10-30,1,1,720,90,22.25,20.75,6.875,0.308989,25.25,1,7
2025-11-10,ES,2025-11-10-34,1,1,740,110,22.25,5.25,9.875,0.44382,6.75,1,3
2025-11-10,ES,2025-11-10-c36,0,1,750,120,22.25,0.0,1.625,0.073034,16.0,1,1
2025-11-10,ES,2025-11-10-c30,0,1,720,90,22.25,0.0,6.875,0.308989,16.0,1,7
2025-11-10,ES,2025-11-10-c35,0,1,745,115,22.25,0.0,7.125,0.320225,16.0,1,2
2025-11-10,ES,2025-11-10-c12,0,-1,630,0,22.25,0.0,5.875,0.264045,16.0,1,1
2025-11-11,ES,2025-11-11-12,1,1,630,0,20.5,0.25,8.25,0.402439,2.5,0,4
2025-11-11,ES,2025-11-11-13,1,1,635,5,20.5,0.25,5.5,0.268293,5.25,0,3
2025-11-11,ES,2025-11-11-16,1,1,650,20,20.5,0.5,8.0,0.390244,3.0,0,1
2025-11-11,ES,2025-11-11-17,1,1,655,25,20.5,1.0,7.0,0.341463,4.5,1,3
2025-11-11,ES,2025-11-11-24,1,1,690,60,20.5,0.75,1.75,0.085366,9.5,1,1
2025-11-11,ES,2025-11-11-c24,0,1,690,60,20.5,0.0,1.75,0.085366,4.5,1,1
2025-11-11,ES,2025-11-11-c23,0,1,685,55,20.5,0.0,5.25,0.256098,4.5,0,1
2025-11-11,ES,2025-11-11-c30,0,-1,720,90,20.5,0.0,3.75,0.182927,4.5,0,1
2025-11-11,ES,2025-11-11-c30,0,-1,720,90,20.5,0.0,3.75,0.182927,4.5,0,1
2025-11-11,ES,2025-11-11-c31,0,-1,725,95,20.5,0.0,8.0,0.390244,4.5,0,2
2025-11-11,ES,2025-11-11-c17,0,1,655,25,20.5,0.0,7.0,0.341463,4.5,1,3
2025-11-11,ES,2025-11-11-c21,0,-1,675,45,20.5,0.0,4.0,0.195122,4.5,0,1
2025-11-11,ES,2025-11-11-c13,0,1,635,5,20.5,0.0,5.5,0.268293,4.5,0,3
2025-11-11,ES,2025-11-11-c20,0,1,670,40,20.5,0.0,3.25,0.158537,4.5,1,1
2025-11-11,ES,2025-11-11-c19,0,1,665,35,20.5,0.0,5.5,0.268293,4.5,1,1
2025-11-12,ES,2025-11-12-14,1,1,640,10,21.75,10.25,10.625,0.488506,10.75,0,6
2025-11-12,ES,2025-11-12-37,1,1,755,125,21.75,19.0,4.625,0.212644,25.5,1,12
2025-11-12,ES,2025-11-12-40,1,1,770,140,21.75,2.75,8.875,0.408046,5.0,1,9
2025-11-12,ES,2025-11-12-c39,0,1,765,135,21.75,0.0,9.125,0.41954,10.75,1,10
2025-11-12,ES,2025-11-12-c48,0,1,810,180,21.75,0.0,2.625,0.12069,10.75,1,1
2025-11-12,ES,2025-11-12-c40,0,1,770,140,21.75,0.0,8.875,0.408046,10.75,1,9
2025-11-12,ES,2025-11-12-c45,0,1,795,165,21.75,0.0,1.375,0.063218,10.75,1,4
2025-11-12,ES,2025-11-12-c49,0,-1,815,185,21.75,0.0,0.375,0.017241,10.75,1,1
2025-11-12,ES,2025-11-12-c46,0,1,800,170,21.75,0.0,3.875,0.178161,10.75,1,3
2025-11-13,ES,2025-11-13-13,1,1,635,5,33.5,3.75,15.0,0.447761,5.75,0,1
2025-11-13,ES,2025-11-13-c13,0,1,635,5,33.5,0.0,15.0,0.447761,5.75,0,1
2025-11-13,ES,2025-11-13-c13,0,1,635,5,33.5,0.0,15.0,0.447761,5.75,0,1
2025-11-20,ES,2025-11-20-13,1,-1,635,5,29.75,1.25,13.375,0.44958,3.0,1,3
2025-11-20,ES,2025-11-20-c12,0,-1,630,0,29.75,0.0,6.875,0.231092,3.0,0,1
2025-11-20,ES,2025-11-20-c14,0,-1,640,10,29.75,0.0,12.625,0.42437,3.0,1,2
2025-12-01,ES,2025-12-01-32,1,-1,730,100,31.5,6.5,15.5,0.492063,7.0,0,6
2025-12-01,ES,2025-12-01-33,1,-1,735,105,31.5,0.5,13.75,0.436508,2.75,0,1
2025-12-01,ES,2025-12-01-34,1,-1,740,110,31.5,1.0,15.0,0.47619,2.0,0,1
2025-12-01,ES,2025-12-01-c37,0,-1,755,125,31.5,0.0,15.75,0.5,2.75,0,1
2025-12-01,ES,2025-12-01-c24,0,-1,690,60,31.5,0.0,11.0,0.349206,2.75,0,1
2025-12-01,ES,2025-12-01-c16,0,-1,650,20,31.5,0.0,13.5,0.428571,2.75,1,5
2025-12-01,ES,2025-12-01-c23,0,-1,685,55,31.5,0.0,7.75,0.246032,2.75,0,1
2025-12-01,ES,2025-12-01-c20,0,-1,670,40,31.5,0.0,2.75,0.087302,2.75,0,1
2025-12-01,ES,2025-12-01-c22,0,-1,680,50,31.5,0.0,6.25,0.198413,2.75,0,1
2025-12-02,ES,2025-12-02-14,1,1,640,10,19.0,5.5,3.75,0.197368,19.0,1,1
2025-12-02,ES,2025-12-02-19,1,-1,665,35,19.0,5.75,3.5,0.184211,12.0,1,1
2025-12-02,ES,2025-12-02-20,1,1,670,40,19.0,2.0,8.0,0.421053,3.75,0,1
2025-12-02,ES,2025-12-02-21,1,1,675,45,19.0,3.75,9.0,0.473684,4.5,0,1
2025-12-02,ES,2025-12-02-33,1,1,735,105,19.0,20.75,2.0,0.105263,28.5,1,1
2025-12-02,ES,2025-12-02-c13,0,1,635,5,19.0,0.0,9.5,0.5,12.0,1,1
2025-12-02,ES,2025-12-02-c13,0,1,635,5,19.0,0.0,9.5,0.5,12.0,1,1
2025-12-02,ES,2025-12-02-c14,0,-1,640,10,19.0,0.0,3.75,0.197368,12.0,1,6
2025-12-02,ES,2025-12-02-c38,0,1,760,130,19.0,0.0,0.5,0.026316,12.0,1,1
2025-12-02,ES,2025-12-02-c36,0,-1,750,120,19.0,0.0,2.25,0.118421,12.0,1,1
2025-12-02,ES,2025-12-02-c13,0,1,635,5,19.0,0.0,9.5,0.5,12.0,1,1
2025-12-02,ES,2025-12-02-c33,0,1,735,105,19.0,0.0,2.0,0.105263,12.0,1,1
2025-12-02,ES,2025-12-02-c19,0,-1,665,35,19.0,0.0,3.5,0.184211,12.0,1,1
2025-12-02,ES,2025-12-02-c20,0,1,670,40,19.0,0.0,8.0,0.421053,12.0,0,2
2025-12-02,ES,2025-12-02-c34,0,1,740,110,19.0,0.0,3.0,0.157895,12.0,1,1
2025-12-03,ES,2025-12-03-16,1,-1,650,20,27.0,6.25,12.5,0.462963,7.5,0,2
2025-12-03,ES,2025-12-03-17,1,-1,655,25,27.0,2.5,13.25,0.490741,3.0,0,1
2025-12-03,ES,2025-12-03-19,1,-1,665,35,27.0,6.5,12.5,0.462963,7.75,0,5
2025-12-03,ES,2025-12-03-22,1,-1,680,50,27.0,4.75,13.25,0.490741,5.25,0,2
2025-12-03,ES,2025-12-03-29,1,-1,715,85,27.0,12.25,12.0,0.444444,14.0,0,5
2025-12-03,ES,2025-12-03-c19,0,-1,665,35,27.0,0.0,12.5,0.462963,7.5,0,5
2025-12-03,ES,2025-12-03-c17,0,-1,655,25,27.0,0.0,13.25,0.490741,7.5,0,7
2025-12-03,ES,2025-12-03-c16,0,-1,650,20,27.0,0.0,12.5,0.462963,7.5,0,2
2025-12-03,ES,2025-12-03-c17,0,-1,655,25,27.0,0.0,13.25,0.490741,7.5,0,7
2025-12-03,ES,2025-12-03-c29,0,-1,715,85,27.0,0.0,12.0,0.444444,7.5,0,3
2025-12-03,ES,2025-12-03-c20,0,-1,670,40,27.0,0.0,10.5,0.388889,7.5,0,1
2025-12-03,ES,2025-12-03-c16,0,-1,650,20,27.0,0.0,12.5,0.462963,7.5,0,2
2025-12-03,ES,2025-12-03-c22,0,-1,680,50,27.0,0.0,13.25,0.490741,7.5,0,2
2025-12-03,ES,2025-12-03-c17,0,-1,655,25,27.0,0.0,13.25,0.490741,7.5,0,7
2025-12-03,ES,2025-12-03-c17,0,-1,655,25,27.0,0.0,13.25,0.490741,7.5,0,7
2025-12-05,ES,2025-12-05-13,1,-1,635,5,30.0,1.0,11.25,0.375,5.0,1,4
2025-12-05,ES,2025-12-05-24,1,1,690,60,30.0,2.25,13.25,0.441667,4.25,0,2
2025-12-05,ES,2025-12-05-25,1,1,695,65,30.0,1.5,14.5,0.483333,2.25,0,1
2025-12-05,ES,2025-12-05-26,1,1,700,70,30.0,3.5,14.5,0.483333,4.25,0,11
2025-12-05,ES,2025-12-05-27,1,1,705,75,30.0,0.5,11.0,0.366667,4.75,0,5
2025-12-05,ES,2025-12-05-33,1,1,735,105,30.0,0.75,13.75,0.458333,2.25,0,3
2025-12-05,ES,2025-12-05-34,1,1,740,110,30.0,0.25,12.25,0.408333,3.25,0,2
2025-12-05,ES,2025-12-05-39,1,1,765,135,30.0,7.5,14.25,0.475,8.5,1,9
2025-12-05,ES,2025-12-05-c46,0,1,800,170,30.0,0.0,9.0,0.3,4.25,1,2
2025-12-05,ES,2025-12-05-c33,0,1,735,105,30.0,0.0,13.75,0.458333,4.25,0,3
2025-12-05,ES,2025-12-05-c39,0,1,765,135,30.0,0.0,14.25,0.475,4.25,1,9
2025-12-05,ES,2025-12-05-c22,0,1,680,50,30.0,0.0,5.5,0.183333,4.25,0,1
2025-12-05,ES,2025-12-05-c41,0,1,775,145,30.0,0.0,5.5,0.183333,4.25,0,5
2025-12-05,ES,2025-12-05-c17,0,1,655,25,30.0,0.0,1.5,0.05,4.25,1,1
2025-12-05,ES,2025-12-05-c26,0,1,700,70,30.0,0.0,14.5,0.483333,4.25,0,11
2025-12-05,ES,2025-12-05-c20,0,1,670,40,30.0,0.0,7.0,0.233333,4.25,0,1
2025-12-05,ES,2025-12-05-c43,0,1,785,155,30.0,0.0,1.5,0.05,4.25,0,1
2025-12-05,ES,2025-12-05-c50,0,1,820,190,30.0,0.0,4.25,0.141667,4.25,0,4
2025-12-05,ES,2025-12-05-c50,0,1,820,190,30.0,0.0,4.25,0.141667,4.25,0,4
2025-12-05,ES,2025-12-05-c31,0,1,725,95,30.0,0.0,11.0,0.366667,4.25,0,1
2025-12-05,ES,2025-12-05-c32,0,1,730,100,30.0,0.0,15.0,0.5,4.25,0,5
2025-12-05,ES,2025-12-05-c40,0,1,770,140,30.0,0.0,4.5,0.15,4.25,0,6
2025-12-05,ES,2025-12-05-c23,0,1,685,55,30.0,0.0,8.5,0.283333,4.25,0,1
2025-12-05,ES,2025-12-05-c44,0,1,790,160,30.0,0.0,5.5,0.183333,4.25,0,2
2025-12-08,ES,2025-12-08-22,1,1,680,50,28.25,9.5,13.875,0.49115,10.0,0,8
2025-12-08,ES,2025-12-08-23,1,1,685,55,28.25,3.0,11.625,0.411504,5.75,0,2
2025-12-08,ES,2025-12-08-41,1,1,775,145,28.25,16.75,11.375,0.402655,19.75,0,12
2025-12-08,ES,2025-12-08-43,1,1,785,155,28.25,2.5,12.375,0.438053,4.5,0,4
2025-12-08,ES,2025-12-08-45,1,1,795,165,28.25,1.5,13.875,0.49115,2.0,0,2
2025-12-08,ES,2025-12-08-46,1,1,800,170,28.25,1.25,13.875,0.49115,1.75,0,1
2025-12-08,ES,2025-12-08-c41,0,1,775,145,28.25,0.0,11.375,0.402655,5.125,0,1
2025-12-08,ES,2025-12-08-c43,0,1,785,155,28.25,0.0,12.375,0.438053,5.125,0,4
2025-12-08,ES,2025-12-08-c43,0,1,785,155,28.25,0.0,12.375,0.438053,5.125,0,4
2025-12-08,ES,2025-12-08-c14,0,1,640,10,28.25,0.0,12.125,0.429204,5.125,0,4
2025-12-08,ES,2025-12-08-c45,0,1,795,165,28.25,0.0,13.875,0.49115,5.125,0,2
2025-12-08,ES,2025-12-08-c13,0,1,635,5,28.25,0.0,5.875,0.207965,5.125,0,1
2025-12-08,ES,2025-12-08-c41,0,1,775,145,28.25,0.0,11.375,0.402655,5.125,0,1
2025-12-08,ES,2025-12-08-c45,0,1,795,165,28.25,0.0,13.875,0.49115,5.125,0,2
2025-12-08,ES,2025-12-08-c43,0,1,785,155,28.25,0.0,12.375,0.438053,5.125,0,4
2025-12-08,ES,2025-12-08-c45,0,1,795,165,28.25,0.0,13.875,0.49115,5.125,0,2
2025-12-08,ES,2025-12-08-c41,0,1,775,145,28.25,0.0,11.375,0.402655,5.125,0,1
2025-12-08,ES,2025-12-08-c14,0,1,640,10,28.25,0.0,12.125,0.429204,5.125,0,4
2025-12-09,ES,2025-12-09-23,1,-1,685,55,21.25,3.75,8.875,0.417647,5.75,0,2
2025-12-09,ES,2025-12-09-26,1,-1,700,70,21.25,4.25,7.125,0.335294,8.0,1,12
2025-12-09,ES,2025-12-09-27,1,-1,705,75,21.25,1.25,10.375,0.488235,1.75,0,1
2025-12-09,ES,2025-12-09-33,1,-1,735,105,21.25,4.0,7.625,0.358824,7.25,1,5
2025-12-09,ES,2025-12-09-c35,0,-1,745,115,21.25,0.0,7.625,0.358824,6.5,1,3
2025-12-09,ES,2025-12-09-c43,0,-1,785,155,21.25,0.0,1.125,0.052941,6.5,1,1
2025-12-09,ES,2025-12-09-c43,0,-1,785,155,21.25,0.0,1.125,0.052941,6.5,1,1
2025-12-09,ES,2025-12-09-c47,0,-1,805,175,21.25,0.0,3.375,0.158824,6.5,1,2
2025-12-09,ES,2025-12-09-c38,0,-1,760,130,21.25,0.0,1.875,0.088235,6.5,1,1
2025-12-09,ES,2025-12-09-c50,0,1,820,190,21.25,0.0,2.375,0.111765,6.5,1,1
2025-12-09,ES,2025-12-09-c35,0,-1,745,115,21.25,0.0,7.625,0.358824,6.5,1,3
2025-12-09,ES,2025-12-09-c13,0,-1,635,5,21.25,0.0,1.375,0.064706,6.5,1,1
2025-12-10,ES,2025-12-10-26,1,-1,700,70,21.75,4.0,8.875,0.408046,6.25,0,12
2025-12-10,ES,2025-12-10-30,1,-1,720,90,21.75,2.5,10.375,0.477011,3.25,0,10
2025-12-10,ES,2025-12-10-31,1,-1,725,95,21.75,0.5,9.125,0.41954,2.5,0,6
2025-12-10,ES,2025-12-10-37,1,-1,755,125,21.75,0.75,7.375,0.33908,4.5,0,3
2025-12-10,ES,2025-12-10-46,1,-1,800,170,21.75,7.5,8.375,0.385057,10.25,0,8
2025-12-10,ES,2025-12-10-c50,0,-1,820,190,21.75,0.0,2.875,0.132184,4.5,0,4
2025-12-10,ES,2025-12-10-c46,0,-1,800,170,21.75,0.0,8.375,0.385057,4.5,0,8
2025-12-10,ES,2025-12-10-c32,0,-1,730,100,21.75,0.0,8.875,0.408046,4.5,0,8
2025-12-10,ES,2025-12-10-c31,0,-1,725,95,21.75,0.0,9.125,0.41954,4.5,0,9
2025-12-10,ES,2025-12-10-c39,0,-1,765,135,21.75,0.0,10.375,0.477011,4.5,0,1
2025-12-10,ES,2025-12-10-c15,0,-1,645,15,21.75,0.0,7.375,0.33908,4.5,1,1
2025-12-10,ES,2025-12-10-c15,0,-1,645,15,21.75,0.0,7.375,0.33908,4.5,1,1
2025-12-10,ES,2025-12-10-c16,0,1,650,20,21.75,0.0,0.875,0.04023,4.5,1,1
2025-12-10,ES,2025-12-10-c47,0,-1,805,175,21.75,0.0,5.125,0.235632,4.5,0,2
2025-12-10,ES,2025-12-10-c49,0,-1,815,185,21.75,0.0,7.875,0.362069,4.5,0,5
2025-12-18,ES,2025-12-18-30,1,-1,720,90,34.75,16.75,14.875,0.428058,19.5,1,1
2025-12-18,ES,2025-12-18-33,1,1,735,105,34.75,5.5,15.375,0.442446,7.75,0,1
2025-12-18,ES,2025-12-18-35,1,1,745,115,34.75,8.75,17.125,0.492806,9.25,1,3
2025-12-18,ES,2025-12-18-36,1,1,750,120,34.75,3.0,7.875,0.226619,12.75,1,2
2025-12-18,ES,2025-12-18-50,1,-1,820,190,34.75,5.5,14.375,0.413669,8.75,1,4
2025-12-18,ES,2025-12-18-c38,0,-1,760,130,34.75,0.0,8.125,0.233813,9.25,1,2
2025-12-18,ES,2025-12-18-c39,0,-1,765,135,34.75,0.0,4.125,0.118705,9.25,1,1
2025-12-18,ES,2025-12-18-c35,0,1,745,115,34.75,0.0,17.125,0.492806,9.25,1,3
2025-12-18,ES,2025-12-18-c41,0,-1,775,145,34.75,0.0,9.375,0.269784,9.25,0,7
2025-12-18,ES,2025-12-18-c37,0,1,755,125,34.75,0.0,2.125,0.061151,9.25,1,1
2025-12-18,ES,2025-12-18-c53,0,-1,835,205,34.75,0.0,7.875,0.226619,9.25,1,1
2025-12-18,ES,2025-12-18-c53,0,-1,835,205,34.75,0.0,7.875,0.226619,9.25,1,1
2025-12-18,ES,2025-12-18-c44,0,-1,790,160,34.75,0.0,8.875,0.255396,9.25,0,4
2025-12-18,ES,2025-12-18-c47,0,-1,805,175,34.75,0.0,13.875,0.399281,9.25,1,7
2025-12-18,ES,2025-12-18-c47,0,-1,805,175,34.75,0.0,13.875,0.399281,9.25,1,7
2025-12-22,ES,2025-12-22-14,1,1,640,10,16.75,2.5,0.125,0.007463,11.0,1,1
2025-12-22,ES,2025-12-22-24,1,-1,690,60,16.75,4.5,8.125,0.485075,5.0,0,6
2025-12-22,ES,2025-12-22-25,1,-1,695,65,16.75,2.25,8.125,0.485075,2.75,0,4
2025-12-22,ES,2025-12-22-26,1,-1,700,70,16.75,2.0,6.875,0.410448,3.75,0,2
2025-12-22,ES,2025-12-22-27,1,-1,705,75,16.75,1.25,7.875,0.470149,2.0,0,1
2025-12-22,ES,2025-12-22-46,1,-1,800,170,16.75,8.5,8.125,0.485075,9.0,0,12
2025-12-22,ES,2025-12-22-52,1,-1,830,200,16.75,3.5,6.875,0.410448,5.25,0,8
2025-12-22,ES,2025-12-22-53,1,-1,835,205,16.75,1.25,7.875,0.470149,2.0,0,6
2025-12-22,ES,2025-12-22-c52,0,-1,830,200,16.75,0.0,6.875,0.410448,4.375,0,8
2025-12-22,ES,2025-12-22-c14,0,1,640,10,16.75,0.0,0.125,0.007463,4.375,1,1
2025-12-22,ES,2025-12-22-c26,0,-1,700,70,16.75,0.0,6.875,0.410448,4.375,0,3
2025-12-22,ES,2025-12-22-c27,0,-1,705,75,16.75,0.0,7.875,0.470149,4.375,0,2
2025-12-22,ES,2025-12-22-c52,0,-1,830,200,16.75,0.0,6.875,0.410448,4.375,0,8
2025-12-22,ES,2025-12-22-c13,0,1,635,5,16.75,0.0,8.375,0.5,4.375,1,1
2025-12-22,ES,2025-12-22-c19,0,-1,665,35,16.75,0.0,4.875,0.291045,4.375,0,1
2025-12-22,ES,2025-12-22-c16,0,-1,650,20,16.75,0.0,0.875,0.052239,4.375,1,1
2025-12-22,ES,2025-12-22-c46,0,-1,800,170,16.75,0.0,8.125,0.485075,4.375,0,12
2025-12-22,ES,2025-12-22-c18,0,-1,660,30,16.75,0.0,1.375,0.08209,4.375,0,2
2025-12-22,ES,2025-12-22-c19,0,-1,665,35,16.75,0.0,4.875,0.291045,4.375,0,1
2025-12-22,ES,2025-12-22-c26,0,-1,700,70,16.75,0.0,6.875,0.410448,4.375,0,3
2025-12-22,ES,2025-12-22-c13,0,1,635,5,16.75,0.0,8.375,0.5,4.375,1,1
2025-12-22,ES,2025-12-22-c27,0,-1,705,75,16.75,0.0,7.875,0.470149,4.375,0,2
2025-12-22,ES,2025-12-22-c25,0,-1,695,65,16.75,0.0,8.125,0.485075,4.375,0,4
2025-12-22,ES,2025-12-22-c14,0,1,640,10,16.75,0.0,0.125,0.007463,4.375,1,1
2025-12-23,ES,2025-12-23-16,1,-1,650,20,24.75,0.5,11.625,0.469697,1.5,0,1
2025-12-23,ES,2025-12-23-c12,0,-1,630,0,24.75,0.0,5.875,0.237374,1.5,0,1
2025-12-23,ES,2025-12-23-c16,0,-1,650,20,24.75,0.0,11.625,0.469697,1.5,0,1
2025-12-26,ES,2025-12-26-35,1,1,745,115,21.0,2.25,5.5,0.261905,7.5,0,11
2025-12-26,ES,2025-12-26-39,1,1,765,135,21.0,1.5,8.5,0.404762,3.75,0,7
2025-12-26,ES,2025-12-26-40,1,1,770,140,21.0,1.0,9.25,0.440476,2.5,0,6
2025-12-26,ES,2025-12-26-47,1,1,805,175,21.0,4.0,10.0,0.47619,4.75,0,12
2025-12-26,ES,2025-12-26-c39,0,1,765,135,21.0,0.0,8.5,0.404762,4.25,0,7
2025-12-26,ES,2025-12-26-c52,0,1,830,200,21.0,0.0,4.25,0.202381,4.25,0,12
2025-12-26,ES,2025-12-26-c22,0,1,680,50,21.0,0.0,4.25,0.202381,4.25,0,6
2025-12-26,ES,2025-12-26-c42,0,1,780,150,21.0,0.0,7.25,0.345238,4.25,0,4
2025-12-26,ES,2025-12-26-c14,0,1,640,10,21.0,0.0,2.0,0.095238,4.25,1,1
2025-12-26,ES,2025-12-26-c52,0,1,830,200,21.0,0.0,4.25,0.202381,4.25,0,12
2025-12-26,ES,2025-12-26-c42,0,1,780,150,21.0,0.0,7.25,0.345238,4.25,0,4
2025-12-26,ES,2025-12-26-c25,0,1,695,65,21.0,0.0,4.75,0.22619,4.25,0,3
2025-12-29,ES,2025-12-29-26,1,1,700,70,24.25,1.25,11.625,0.479381,2.0,0,6
2025-12-29,ES,2025-12-29-31,1,1,725,95,24.25,0.25,11.875,0.489691,0.75,0,1
2025-12-29,ES,2025-12-29-32,1,1,730,100,24.25,2.0,11.625,0.479381,2.75,0,2
2025-12-29,ES,2025-12-29-40,1,1,770,140,24.25,7.5,10.625,0.438144,9.25,0,12
2025-12-29,ES,2025-12-29-c50,0,1,820,190,24.25,0.0,5.125,0.21134,2.375,0,2
2025-12-29,ES,2025-12-29-c44,0,1,790,160,24.25,0.0,10.875,0.448454,2.375,0,12
2025-12-29,ES,2025-12-29-c31,0,1,725,95,24.25,0.0,11.875,0.489691,2.375,0,3
2025-12-29,ES,2025-12-29-c19,0,1,665,35,24.25,0.0,8.875,0.365979,2.375,0,6
2025-12-29,ES,2025-12-29-c18,0,1,660,30,24.25,0.0,8.625,0.35567,2.375,0,7
2025-12-29,ES,2025-12-29-c43,0,1,785,155,24.25,0.0,9.875,0.407216,2.375,0,12
2025-12-29,ES,2025-12-29-c30,0,1,720,90,24.25,0.0,9.875,0.407216,2.375,0,1
2025-12-29,ES,2025-12-29-c44,0,1,790,160,24.25,0.0,10.875,0.448454,2.375,0,12
2025-12-30,ES,2025-12-30-13,1,1,635,5,18.5,0.75,7.5,0.405405,2.75,0,1
2025-12-30,ES,2025-12-30-14,1,1,640,10,18.5,1.5,8.5,0.459459,2.5,1,3
2025-12-30,ES,2025-12-30-15,1,1,645,15,18.5,0.5,6.0,0.324324,4.0,1,2
2025-12-30,ES,2025-12-30-22,1,-1,680,50,18.5,0.75,7.5,0.405405,2.75,1,3
2025-12-30,ES,2025-12-30-c41,0,1,775,145,18.5,0.0,0.25,0.013514,2.75,0,1
2025-12-30,ES,2025-12-30-c39,0,1,765,135,18.5,0.0,2.25,0.121622,2.75,1,1
2025-12-30,ES,2025-12-30-c53,0,-1,835,205,18.5,0.0,1.25,0.067568,2.75,1,1
2025-12-30,ES,2025-12-30-c46,0,1,800,170,18.5,0.0,0.25,0.013514,2.75,1,1
2025-12-30,ES,2025-12-30-c44,0,-1,790,160,18.5,0.0,0.5,0.027027,2.75,1,1
2025-12-30,ES,2025-12-30-c32,0,1,730,100,18.5,0.0,5.75,0.310811,2.75,1,4
2025-12-30,ES,2025-12-30-c35,0,1,745,115,18.5,0.0,2.75,0.148649,2.75,1,1
2025-12-30,ES,2025-12-30-c12,0,1,630,0,18.5,0.0,8.5,0.459459,2.75,1,5
2025-12-31,ES,2025-12-31-23,1,1,685,55,26.0,7.75,11.25,0.432692,9.75,0,12
2025-12-31,ES,2025-12-31-25,1,1,695,65,26.0,2.0,11.5,0.442308,3.75,0,6
2025-12-31,ES,2025-12-31-27,1,1,705,75,26.0,1.5,12.75,0.490385,2.0,0,4
2025-12-31,ES,2025-12-31-32,1,1,730,100,26.0,3.0,12.5,0.480769,3.75,0,12
2025-12-31,ES,2025-12-31-35,1,1,745,115,26.0,0.5,12.0,0.461538,1.75,0,5
2025-12-31,ES,2025-12-31-42,1,1,780,150,26.0,2.5,12.75,0.490385,3.0,1,12
2025-12-31,ES,2025-12-31-43,1,1,785,155,26.0,2.0,11.0,0.423077,4.25,1,11
2025-12-31,ES,2025-12-31-c37,0,1,755,125,26.0,0.0,11.5,0.442308,3.75,0,4
2025-12-31,ES,2025-12-31-c38,0,1,760,130,26.0,0.0,11.0,0.423077,3.75,0,3
2025-12-31,ES,2025-12-31-c34,0,1,740,110,26.0,0.0,13.0,0.5,3.75,0,12
2025-12-31,ES,2025-12-31-c23,0,1,685,55,26.0,0.0,11.25,0.432692,3.75,0,1
2025-12-31,ES,2025-12-31-c53,0,1,835,205,26.0,0.0,3.25,0.125,3.75,1,1
2025-12-31,ES,2025-12-31-c52,0,1,830,200,26.0,0.0,2.0,0.076923,3.75,1,2
2025-12-31,ES,2025-12-31-c26,0,1,700,70,26.0,0.0,13.0,0.5,3.75,0,12
2025-12-31,ES,2025-12-31-c13,0,1,635,5,26.0,0.0,10.75,0.413462,3.75,0,2
2025-12-31,ES,2025-12-31-c32,0,1,730,100,26.0,0.0,12.5,0.480769,3.75,0,12
2025-12-31,ES,2025-12-31-c35,0,1,745,115,26.0,0.0,12.0,0.461538,3.75,0,12
2025-12-31,ES,2025-12-31-c37,0,1,755,125,26.0,0.0,11.5,0.442308,3.75,0,4
2025-12-31,ES,2025-12-31-c39,0,1,765,135,26.0,0.0,13.0,0.5,3.75,0,12
2025-12-31,ES,2025-12-31-c52,0,1,830,200,26.0,0.0,2.0,0.076923,3.75,1,2
2025-12-31,ES,2025-12-31-c39,0,1,765,135,26.0,0.0,13.0,0.5,3.75,0,12
2026-01-05,ES,2026-01-05-13,1,-1,635,5,22.5,2.25,5.75,0.255556,8.0,0,10
2026-01-05,ES,2026-01-05-20,1,-1,670,40,22.5,1.0,8.75,0.388889,3.75,0,2
2026-01-05,ES,2026-01-05-24,1,-1,690,60,22.5,2.5,9.5,0.422222,4.5,0,1
2026-01-05,ES,2026-01-05-34,1,-1,740,110,22.5,8.25,10.0,0.444444,9.75,0,12
2026-01-05,ES,2026-01-05-40,1,-1,770,140,22.5,1.5,9.25,0.411111,3.75,0,12
2026-01-05,ES,2026-01-05-43,1,-1,785,155,22.5,1.25,8.5,0.377778,4.25,0,8
2026-01-05,ES,2026-01-05-50,1,-1,820,190,22.5,0.5,10.75,0.477778,1.25,0,1
2026-01-05,ES,2026-01-05-51,1,-1,825,195,22.5,1.5,11.0,0.488889,2.0,1,11
2026-01-05,ES,2026-01-05-53,1,-1,835,205,22.5,0.5,10.5,0.466667,1.5,0,1
2026-01-05,ES,2026-01-05-c13,0,-1,635,5,22.5,0.0,5.75,0.255556,3.75,0,2
2026-01-05,ES,2026-01-05-c34,0,-1,740,110,22.5,0.0,10.0,0.444444,3.75,0,12
2026-01-05,ES,2026-01-05-c44,0,-1,790,160,22.5,0.0,9.0,0.4,3.75,0,7
2026-01-05,ES,2026-01-05-c52,0,-1,830,200,22.5,0.0,11.25,0.5,3.75,1,10
2026-01-05,ES,2026-01-05-c19,0,-1,665,35,22.5,0.0,10.25,0.455556,3.75,0,6
2026-01-05,ES,2026-01-05-c12,0,-1,630,0,22.5,0.0,11.25,0.5,3.75,0,12
2026-01-05,ES,2026-01-05-c34,0,-1,740,110,22.5,0.0,10.0,0.444444,3.75,0,12
2026-01-05,ES,2026-01-05-c40,0,-1,770,140,22.5,0.0,9.25,0.411111,3.75,0,12
2026-01-05,ES,2026-01-05-c12,0,-1,630,0,22.5,0.0,11.25,0.5,3.75,0,12
2026-01-05,ES,2026-01-05-c49,0,-1,815,185,22.5,0.0,10.0,0.444444,3.75,0,12
2026-01-05,ES,2026-01-05-c47,0,-1,805,175,22.5,0.0,8.5,0.377778,3.75,0,4
2026-01-05,ES,2026-01-05-c53,0,-1,835,205,22.5,0.0,10.5,0.466667,3.75,1,9
2026-01-05,ES,2026-01-05-c13,0,-1,635,5,22.5,0.0,5.75,0.255556,3.75,0,2
2026-01-05,ES,2026-01-05-c13,0,-1,635,5,22.5,0.0,5.75,0.255556,3.75,0,2
2026-01-05,ES,2026-01-05-c18,0,-1,660,30,22.5,0.0,6.75,0.3,3.75,0,1
2026-01-05,ES,2026-01-05-c50,0,-1,820,190,22.5,0.0,10.75,0.477778,3.75,1,12
2026-01-05,ES,2026-01-05-c21,0,-1,675,45,22.5,0.0,7.5,0.333333,3.75,0,1
2026-01-05,ES,2026-01-05-c50,0,-1,820,190,22.5,0.0,10.75,0.477778,3.75,1,12
2026-01-06,ES,2026-01-06-37,1,-1,755,125,31.75,1.75,14.875,0.468504,3.0,0,8
2026-01-06,ES,2026-01-06-39,1,-1,765,135,31.75,0.25,14.625,0.46063,1.75,0,1
2026-01-06,ES,2026-01-06-42,1,-1,780,150,31.75,1.25,14.375,0.452756,3.0,0,3
2026-01-06,ES,2026-01-06-47,1,-1,805,175,31.75,3.0,15.625,0.492126,3.5,0,3
2026-01-06,ES,2026-01-06-48,1,-1,810,180,31.75,1.25,14.375,0.452756,3.0,0,2
2026-01-06,ES,2026-01-06-c13,0,-1,635,5,31.75,0.0,5.625,0.177165,3.0,1,3
2026-01-06,ES,2026-01-06-c18,0,1,660,30,31.75,0.0,7.375,0.232283,3.0,0,1
2026-01-06,ES,2026-01-06-c36,0,-1,750,120,31.75,0.0,13.875,0.437008,3.0,0,1
2026-01-06,ES,2026-01-06-c38,0,-1,760,130,31.75,0.0,14.625,0.46063,3.0,0,7
2026-01-06,ES,2026-01-06-c34,0,-1,740,110,31.75,0.0,10.125,0.318898,3.0,0,2
2026-01-06,ES,2026-01-06-c42,0,-1,780,150,31.75,0.0,14.375,0.452756,3.0,0,3
2026-01-06,ES,2026-01-06-c40,0,-1,770,140,31.75,0.0,15.875,0.5,3.0,0,5
2026-01-06,ES,2026-01-06-c23,0,1,685,55,31.75,0.0,3.125,0.098425,3.0,1,1
2026-01-06,ES,2026-01-06-c39,0,-1,765,135,31.75,0.0,14.625,0.46063,3.0,0,6
2026-01-06,ES,2026-01-06-c22,0,-1,680,50,31.75,0.0,0.375,0.011811,3.0,1,1
2026-01-07,ES,2026-01-07-13,1,1,635,5,20.25,1.75,3.375,0.166667,8.75,1,1
2026-01-07,ES,2026-01-07-40,1,-1,770,140,20.25,8.5,9.625,0.475309,9.25,1,7
2026-01-07,ES,2026-01-07-41,1,-1,775,145,20.25,1.0,8.875,0.438272,2.5,1,6
2026-01-07,ES,2026-01-07-52,1,-1,830,200,20.25,0.25,8.875,0.438272,1.75,1,4
2026-01-07,ES,2026-01-07-c20,0,-1,670,40,20.25,0.0,4.875,0.240741,5.625,1,3
2026-01-07,ES,2026-01-07-c24,0,-1,690,60,20.25,0.0,2.125,0.104938,5.625,0,2
2026-01-07,ES,2026-01-07-c50,0,-1,820,190,20.25,0.0,5.875,0.290123,5.625,1,6
2026-01-07,ES,2026-01-07-c52,0,-1,830,200,20.25,0.0,8.875,0.438272,5.625,1,4
2026-01-07,ES,2026-01-07-c41,0,-1,775,145,20.25,0.0,8.875,0.438272,5.625,1,6
2026-01-07,ES,2026-01-07-c42,0,-1,780,150,20.25,0.0,7.375,0.364198,5.625,1,5
2026-01-07,ES,2026-01-07-c20,0,-1,670,40,20.25,0.0,4.875,0.240741,5.625,1,3
2026-01-07,ES,2026-01-07-c40,0,-1,770,140,20.25,0.0,9.625,0.475309,5.625,1,7
2026-01-08,ES,2026-01-08-27,1,-1,705,75,26.0,1.25,11.5,0.442308,3.0,0,11
2026-01-08,ES,2026-01-08-34,1,-1,740,110,26.0,0.5,8.75,0.336538,5.0,0,3
2026-01-08,ES,2026-01-08-36,1,-1,750,120,26.0,0.25,12.25,0.471154,1.25,0,1
2026-01-08,ES,2026-01-08-37,1,-1,755,125,26.0,0.75,12.5,0.480769,1.5,0,1
2026-01-08,ES,2026-01-08-42,1,-1,780,150,26.0,6.5,12.0,0.461538,7.75,0,12
2026-01-08,ES,2026-01-08-c18,0,-1,660,30,26.0,0.0,12.25,0.471154,3.0,1,3
2026-01-08,ES,2026-01-08-c32,0,-1,730,100,26.0,0.0,8.25,0.317308,3.0,0,1
2026-01-08,ES,2026-01-08-c51,0,-1,825,195,26.0,0.0,9.75,0.375,3.0,1,5
2026-01-08,ES,2026-01-08-c31,0,-1,725,95,26.0,0.0,8.25,0.317308,3.0,0,2
2026-01-08,ES,2026-01-08-c25,0,-1,695,65,26.0,0.0,5.5,0.211538,3.0,0,1
2026-01-08,ES,2026-01-08-c52,0,-1,830,200,26.0,0.0,3.5,0.134615,3.0,0,2
2026-01-08,ES,2026-01-08-c35,0,-1,745,115,26.0,0.0,6.5,0.25,3.0,0,1
2026-01-08,ES,2026-01-08-c19,0,-1,665,35,26.0,0.0,4.25,0.163462,3.0,0,1
2026-01-08,ES,2026-01-08-c36,0,-1,750,120,26.0,0.0,12.25,0.471154,3.0,0,2
2026-01-08,ES,2026-01-08-c13,0,-1,635,5,26.0,0.0,7.25,0.278846,3.0,0,1
2026-01-12,ES,2026-01-12-18,1,-1,660,30,34.0,1.75,16.75,0.492647,2.25,0,1
2026-01-12,ES,2026-01-12-c13,0,-1,635,5,34.0,0.0,12.0,0.352941,2.25,0,3
2026-01-12,ES,2026-01-12-c12,0,-1,630,0,34.0,0.0,9.25,0.272059,2.25,0,1
2026-01-15,ES,2026-01-15-13,1,-1,635,5,15.5,2.0,6.75,0.435484,3.25,1,1
2026-01-15,ES,2026-01-15-14,1,-1,640,10,15.5,1.0,0.5,0.032258,9.5,1,1
2026-01-15,ES,2026-01-15-16,1,1,650,20,15.5,2.0,6.0,0.387097,4.0,1,1
2026-01-15,ES,2026-01-15-17,1,1,655,25,15.5,1.5,5.0,0.322581,14.5,1,1
2026-01-15,ES,2026-01-15-19,1,-1,665,35,15.5,1.5,7.25,0.467742,2.25,0,2
2026-01-15,ES,2026-01-15-24,1,-1,690,60,15.5,4.5,6.5,0.419355,6.0,0,3
2026-01-15,ES,2026-01-15-35,1,-1,745,115,15.5,7.25,5.0,0.322581,10.25,1,6
2026-01-15,ES,2026-01-15-39,1,-1,765,135,15.5,2.75,6.5,0.419355,4.25,1,2
2026-01-15,ES,2026-01-15-40,1,-1,770,140,15.5,0.75,4.5,0.290323,4.25,1,1
2026-01-15,ES,2026-01-15-43,1,-1,785,155,15.5,0.5,7.25,0.467742,1.25,0,1
2026-01-15,ES,2026-01-15-44,1,-1,790,160,15.5,0.75,6.0,0.387097,2.75,0,3
2026-01-15,ES,2026-01-15-46,1,-1,800,170,15.5,0.75,7.5,0.483871,1.25,0,1
2026-01-15,ES,2026-01-15-53,1,-1,835,205,15.5,5.25,7.5,0.483871,5.75,1,2
2026-01-15,ES,2026-01-15-c17,0,-1,655,25,15.5,0.0,5.0,0.322581,4.25,0,1
2026-01-15,ES,2026-01-15-c14,0,1,640,10,15.5,0.0,0.5,0.032258,4.25,0,1
2026-01-15,ES,2026-01-15-c41,0,-1,775,145,15.5,0.0,0.0,0.0,4.25,0,1
2026-01-15,ES,2026-01-15-c37,0,-1,755,125,15.5,0.0,5.0,0.322581,4.25,0,2
2026-01-15,ES,2026-01-15-c13,0,-1,635,5,15.5,0.0,6.75,0.435484,4.25,1,1
2026-01-15,ES,2026-01-15-c39,0,-1,765,135,15.5,0.0,6.5,0.419355,4.25,1,2
2026-01-15,ES,2026-01-15-c45,0,-1,795,165,15.5,0.0,6.0,0.387097,4.25,0,3
2026-01-15,ES,2026-01-15-c12,0,-1,630,0,15.5,0.0,6.25,0.403226,4.25,1,2
2026-01-15,ES,2026-01-15-c14,0,1,640,10,15.5,0.0,0.5,0.032258,4.25,0,1
2026-01-15,ES,2026-01-15-c39,0,-1,765,135,15.5,0.0,6.5,0.419355,4.25,1,2
2026-01-15,ES,2026-01-15-c35,0,-1,745,115,15.5,0.0,5.0,0.322581,4.25,0,4
2026-01-15,ES,2026-01-15-c36,0,-1,750,120,15.5,0.0,4.0,0.258065,4.25,0,3
2026-01-15,ES,2026-01-15-c17,0,-1,655,25,15.5,0.0,5.0,0.322581,4.25,0,1
2026-01-15,ES,2026-01-15-c37,0,-1,755,125,15.5,0.0,5.0,0.322581,4.25,0,2
2026-01-15,ES,2026-01-15-c43,0,-1,785,155,15.5,0.0,7.25,0.467742,4.25,0,5
2026-01-15,ES,2026-01-15-c19,0,-1,665,35,15.5,0.0,7.25,0.467742,4.25,0,3
2026-01-15,ES,2026-01-15-c13,0,-1,635,5,15.5,0.0,6.75,0.435484,4.25,1,1
2026-01-15,ES,2026-01-15-c16,0,1,650,20,15.5,0.0,6.0,0.387097,4.25,1,1
2026-01-15,ES,2026-01-15-c13,0,-1,635,5,15.5,0.0,6.75,0.435484,4.25,1,1
2026-01-15,ES,2026-01-15-c13,0,-1,635,5,15.5,0.0,6.75,0.435484,4.25,1,1
2026-01-15,ES,2026-01-15-c42,0,-1,780,150,15.5,0.0,5.75,0.370968,4.25,0,6
2026-01-15,ES,2026-01-15-c20,0,-1,670,40,15.5,0.0,5.5,0.354839,4.25,0,1
2026-01-15,ES,2026-01-15-c35,0,-1,745,115,15.5,0.0,5.0,0.322581,4.25,0,4
2026-01-15,ES,2026-01-15-c43,0,-1,785,155,15.5,0.0,7.25,0.467742,4.25,0,5
2026-01-15,ES,2026-01-15-c40,0,-1,770,140,15.5,0.0,4.5,0.290323,4.25,1,1
2026-01-15,ES,2026-01-15-c17,0,-1,655,25,15.5,0.0,5.0,0.322581,4.25,0,1
2026-01-16,ES,2026-01-16-17,1,1,655,25,27.75,14.0,10.125,0.364865,18.0,1,5
2026-01-16,ES,2026-01-16-c38,0,1,760,130,27.75,0.0,1.625,0.058559,18.0,1,7
2026-01-16,ES,2026-01-16-c36,0,1,750,120,27.75,0.0,1.625,0.058559,18.0,1,1
2026-01-20,ES,2026-01-20-15,1,-1,645,15,31.25,7.75,12.625,0.404,11.0,0,12
2026-01-20,ES,2026-01-20-18,1,-1,660,30,31.25,2.25,10.375,0.332,7.75,0,2
2026-01-20,ES,2026-01-20-20,1,-1,670,40,31.25,5.75,14.875,0.476,6.75,1,8
2026-01-20,ES,2026-01-20-21,1,-1,675,45,31.25,0.25,12.625,0.404,3.5,0,4
2026-01-20,ES,2026-01-20-26,1,-1,700,70,31.25,4.0,5.375,0.172,14.5,1,2
2026-01-20,ES,2026-01-20-40,1,1,770,140,31.25,4.5,15.125,0.484,5.25,0,6
2026-01-20,ES,2026-01-20-41,1,1,775,145,31.25,1.5,14.125,0.452,3.25,0,4
2026-01-20,ES,2026-01-20-44,1,1,790,160,31.25,0.5,13.625,0.436,2.75,0,1
2026-01-20,ES,2026-01-20-c36,0,1,750,120,31.25,0.0,8.625,0.276,6.0,0,3
2026-01-20,ES,2026-01-20-c20,0,-1,670,40,31.25,0.0,14.875,0.476,6.0,1,8
2026-01-20,ES,2026-01-20-c27,0,-1,705,75,31.25,0.0,8.625,0.276,6.0,1,1
2026-01-20,ES,2026-01-20-c37,0,1,755,125,31.25,0.0,7.625,0.244,6.0,0,2
2026-01-20,ES,2026-01-20-c16,0,-1,650,20,31.25,0.0,8.375,0.268,6.0,0,1
2026-01-20,ES,2026-01-20-c28,0,-1,710,80,31.25,0.0,0.375,0.012,6.0,0,1
2026-01-20,ES,2026-01-20-c20,0,-1,670,40,31.25,0.0,14.875,0.476,6.0,1,8
2026-01-20,ES,2026-01-20-c35,0,1,745,115,31.25,0.0,0.375,0.012,6.0,0,1
2026-01-20,ES,2026-01-20-c38,0,1,760,130,31.25,0.0,11.375,0.364,6.0,0,1
2026-01-20,ES,2026-01-20-c28,0,-1,710,80,31.25,0.0,0.375,0.012,6.0,0,1
2026-01-20,ES,2026-01-20-c32,0,-1,730,100,31.25,0.0,5.875,0.188,6.0,1,2
2026-01-20,ES,2026-01-20-c16,0,-1,650,20,31.25,0.0,8.375,0.268,6.0,0,1
2026-01-20,ES,2026-01-20-c26,0,-1,700,70,31.25,0.0,5.375,0.172,6.0,0,2
2026-01-20,ES,2026-01-20-c42,0,1,780,150,31.25,0.0,15.125,0.484,6.0,0,4
2026-01-20,ES,2026-01-20-c23,0,-1,685,55,31.25,0.0,14.125,0.452,6.0,1,5
2026-01-20,ES,2026-01-20-c36,0,1,750,120,31.25,0.0,8.625,0.276,6.0,0,3
2026-01-23,ES,2026-01-23-14,1,-1,640,10,27.5,0.25,11.75,0.427273,2.5,0,1
2026-01-23,ES,2026-01-23-24,1,-1,690,60,27.5,11.5,11.75,0.427273,13.75,0,12
2026-01-23,ES,2026-01-23-29,1,-1,715,85,27.5,8.0,13.0,0.472727,9.0,1,10
2026-01-23,ES,2026-01-23-34,1,-1,740,110,27.5,4.75,13.5,0.490909,5.25,0,1
2026-01-23,ES,2026-01-23-36,1,-1,750,120,27.5,5.5,13.0,0.472727,6.5,1,3
2026-01-23,ES,2026-01-23-38,1,-1,760,130,27.5,2.25,3.5,0.127273,12.75,1,1
2026-01-23,ES,2026-01-23-c42,0,1,780,150,27.5,0.0,1.75,0.063636,7.75,1,1
2026-01-23,ES,2026-01-23-c39,0,-1,765,135,27.5,0.0,3.75,0.136364,7.75,1,1
2026-01-23,ES,2026-01-23-c24,0,-1,690,60,27.5,0.0,11.75,0.427273,7.75,0,1
2026-01-23,ES,2026-01-23-c45,0,-1,795,165,27.5,0.0,2.75,0.1,7.75,1,1
2026-01-23,ES,2026-01-23-c50,0,-1,820,190,27.5,0.0,2.5,0.090909,7.75,1,1
2026-01-23,ES,2026-01-23-c41,0,1,775,145,27.5,0.0,5.25,0.190909,7.75,1,2
2026-01-23,ES,2026-01-23-c49,0,-1,815,185,27.5,0.0,6.25,0.227273,7.75,1,2
2026-01-23,ES,2026-01-23-c24,0,-1,690,60,27.5,0.0,11.75,0.427273,7.75,0,1
2026-01-23,ES,2026-01-23-c36,0,-1,750,120,27.5,0.0,13.0,0.472727,7.75,1,3
2026-01-23,ES,2026-01-23-c49,0,-1,815,185,27.5,0.0,6.25,0.227273,7.75,1,2
2026-01-23,ES,2026-01-23-c13,0,-1,635,5,27.5,0.0,12.75,0.463636,7.75,0,4
2026-01-23,ES,2026-01-23-c46,0,-1,800,170,27.5,0.0,3.0,0.109091,7.75,1,2
2026-01-27,ES,2026-01-27-41,1,-1,775,145,19.5,10.75,9.0,0.461538,11.75,0,12
2026-01-27,ES,2026-01-27-c12,0,-1,630,0,19.5,0.0,8.0,0.410256,11.75,0,9
2026-01-27,ES,2026-01-27-c43,0,-1,785,155,19.5,0.0,5.75,0.294872,11.75,0,12
2026-01-28,ES,2026-01-28-18,1,1,660,30,18.5,5.25,9.0,0.486486,5.75,0,4
2026-01-28,ES,2026-01-28-19,1,1,665,35,18.5,1.5,8.25,0.445946,2.75,0,1
2026-01-28,ES,2026-01-28-23,1,1,685,55,18.5,6.0,8.25,0.445946,7.25,0,1
2026-01-28,ES,2026-01-28-c23,0,1,685,55,18.5,0.0,8.25,0.445946,5.75,0,1
2026-01-28,ES,2026-01-28-c18,0,1,660,30,18.5,0.0,9.0,0.486486,5.75,0,4
2026-01-28,ES,2026-01-28-c18,0,1,660,30,18.5,0.0,9.0,0.486486,5.75,0,4
2026-01-28,ES,2026-01-28-c13,0,1,635,5,18.5,0.0,3.5,0.189189,5.75,0,1
2026-01-28,ES,2026-01-28-c18,0,1,660,30,18.5,0.0,9.0,0.486486,5.75,0,4
2026-01-28,ES,2026-01-28-c19,0,1,665,35,18.5,0.0,8.25,0.445946,5.75,0,3
2026-01-30,ES,2026-01-30-12,1,1,630,0,28.75,3.25,8.875,0.308696,9.0,1,1
2026-01-30,ES,2026-01-30-15,1,-1,645,15,28.75,2.25,9.125,0.317391,7.75,1,1
2026-01-30,ES,2026-01-30-25,1,1,695,65,28.75,9.75,13.875,0.482609,10.5,0,5
2026-01-30,ES,2026-01-30-27,1,1,705,75,28.75,0.25,12.375,0.430435,2.5,0,1
2026-01-30,ES,2026-01-30-28,1,1,710,80,28.75,5.0,13.125,0.456522,6.5,0,1
2026-01-30,ES,2026-01-30-53,1,1,835,205,28.75,41.5,12.875,0.447826,43.25,1,2
2026-01-30,ES,2026-01-30-c26,0,1,700,70,28.75,0.0,7.625,0.265217,8.375,0,2
2026-01-30,ES,2026-01-30-c20,0,1,670,40,28.75,0.0,6.625,0.230435,8.375,0,1
2026-01-30,ES,2026-01-30-c28,0,1,710,80,28.75,0.0,13.125,0.456522,8.375,0,1
2026-01-30,ES,2026-01-30-c25,0,1,695,65,28.75,0.0,13.875,0.482609,8.375,0,4
2026-01-30,ES,2026-01-30-c17,0,1,655,25,28.75,0.0,5.125,0.178261,8.375,1,2
2026-01-30,ES,2026-01-30-c27,0,1,705,75,28.75,0.0,12.375,0.430435,8.375,0,2
2026-01-30,ES,2026-01-30-c27,0,1,705,75,28.75,0.0,12.375,0.430435,8.375,0,2
2026-01-30,ES,2026-01-30-c53,0,1,835,205,28.75,0.0,12.875,0.447826,8.375,1,2
2026-01-30,ES,2026-01-30-c13,0,-1,635,5,28.75,0.0,4.125,0.143478,8.375,0,2
2026-01-30,ES,2026-01-30-c27,0,1,705,75,28.75,0.0,12.375,0.430435,8.375,0,2
2026-01-30,ES,2026-01-30-c18,0,1,660,30,28.75,0.0,6.625,0.230435,8.375,1,1
2026-01-30,ES,2026-01-30-c15,0,-1,645,15,28.75,0.0,9.125,0.317391,8.375,1,1
2026-02-10,ES,2026-02-10-12,1,-1,630,0,30.0,1.5,9.75,0.325,7.0,1,5
2026-02-10,ES,2026-02-10-49,1,1,815,185,30.0,4.5,12.5,0.416667,7.25,0,3
2026-02-10,ES,2026-02-10-53,1,1,835,205,30.0,6.0,13.0,0.433333,8.25,0,12
2026-02-10,ES,2026-02-10-c26,0,1,700,70,30.0,0.0,3.0,0.1,7.25,1,1
2026-02-10,ES,2026-02-10-c33,0,-1,735,105,30.0,0.0,6.75,0.225,7.25,1,4
2026-02-10,ES,2026-02-10-c35,0,-1,745,115,30.0,0.0,3.5,0.116667,7.25,1,2
2026-02-10,ES,2026-02-10-c17,0,-1,655,25,30.0,0.0,4.5,0.15,7.25,1,2
2026-02-10,ES,2026-02-10-c42,0,-1,780,150,30.0,0.0,3.0,0.1,7.25,1,1
2026-02-10,ES,2026-02-10-c32,0,-1,730,100,30.0,0.0,5.5,0.183333,7.25,1,5
2026-02-25,ES,2026-02-25-35,1,-1,745,115,19.25,4.0,9.125,0.474026,4.75,0,3
2026-02-25,ES,2026-02-25-c22,0,-1,680,50,19.25,0.0,0.375,0.019481,4.75,0,1
2026-02-25,ES,2026-02-25-c13,0,1,635,5,19.25,0.0,7.125,0.37013,4.75,1,5
2026-03-17,ES,2026-03-17-42,1,1,780,150,29.25,15.0,11.375,0.388889,18.5,0,12
2026-03-17,ES,2026-03-17-44,1,1,790,160,29.25,3.0,13.875,0.474359,4.0,0,2
2026-03-17,ES,2026-03-17-47,1,1,805,175,29.25,4.0,14.375,0.491453,4.5,0,4
2026-03-17,ES,2026-03-17-49,1,1,815,185,29.25,2.0,10.875,0.371795,6.0,0,1
2026-03-17,ES,2026-03-17-52,1,1,830,200,29.25,5.25,11.375,0.388889,8.75,0,6
2026-03-17,ES,2026-03-17-c42,0,1,780,150,29.25,0.0,11.375,0.388889,6.0,0,2
2026-03-17,ES,2026-03-17-c38,0,1,760,130,29.25,0.0,14.625,0.5,6.0,0,3
2026-03-17,ES,2026-03-17-c42,0,1,780,150,29.25,0.0,11.375,0.388889,6.0,0,2
2026-03-17,ES,2026-03-17-c14,0,-1,640,10,29.25,0.0,2.875,0.098291,6.0,1,2
2026-03-17,ES,2026-03-17-c47,0,1,805,175,29.25,0.0,14.375,0.491453,6.0,0,11
2026-03-17,ES,2026-03-17-c49,0,1,815,185,29.25,0.0,10.875,0.371795,6.0,0,1
2026-03-17,ES,2026-03-17-c16,0,-1,650,20,29.25,0.0,1.375,0.047009,6.0,1,1
2026-03-17,ES,2026-03-17-c43,0,1,785,155,29.25,0.0,11.625,0.397436,6.0,0,1
2026-03-17,ES,2026-03-17-c38,0,1,760,130,29.25,0.0,14.625,0.5,6.0,0,3
2026-03-17,ES,2026-03-17-c44,0,1,790,160,29.25,0.0,13.875,0.474359,6.0,0,7
2026-04-01,ES,2026-04-01-13,1,-1,635,5,30.5,2.75,10.0,0.327869,8.25,1,1
2026-04-01,ES,2026-04-01-14,1,-1,640,10,30.5,0.25,11.75,0.385246,4.0,0,1
2026-04-01,ES,2026-04-01-c14,0,-1,640,10,30.5,0.0,11.75,0.385246,6.125,0,1
2026-04-01,ES,2026-04-01-c13,0,-1,635,5,30.5,0.0,10.0,0.327869,6.125,1,1
2026-04-01,ES,2026-04-01-c13,0,-1,635,5,30.5,0.0,10.0,0.327869,6.125,1,1
2026-04-01,ES,2026-04-01-c13,0,-1,635,5,30.5,0.0,10.0,0.327869,6.125,1,1
2026-04-08,ES,2026-04-08-25,1,1,695,65,31.75,25.0,13.375,0.42126,27.75,1,5
2026-04-08,ES,2026-04-08-26,1,1,700,70,31.75,2.25,13.375,0.42126,5.0,1,4
2026-04-08,ES,2026-04-08-c41,0,-1,775,145,31.75,0.0,4.875,0.153543,16.375,1,4
2026-04-08,ES,2026-04-08-c39,0,-1,765,135,31.75,0.0,4.125,0.129921,16.375,1,6
2026-04-08,ES,2026-04-08-c31,0,1,725,95,31.75,0.0,3.875,0.122047,16.375,1,7
2026-04-08,ES,2026-04-08-c53,0,-1,835,205,31.75,0.0,1.875,0.059055,16.375,1,1
2026-04-09,ES,2026-04-09-12,1,1,630,0,18.75,1.25,7.375,0.393333,3.5,1,4
2026-04-09,ES,2026-04-09-13,1,1,635,5,18.75,0.5,4.125,0.22,6.0,1,3
2026-04-09,ES,2026-04-09-20,1,-1,670,40,18.75,0.25,8.375,0.446667,1.5,0,1
2026-04-09,ES,2026-04-09-c17,0,-1,655,25,18.75,0.0,4.375,0.233333,3.5,1,1
2026-04-09,ES,2026-04-09-c19,0,-1,665,35,18.75,0.0,1.625,0.086667,3.5,0,1
2026-04-09,ES,2026-04-09-c12,0,1,630,0,18.75,0.0,7.375,0.393333,3.5,1,4
2026-04-09,ES,2026-04-09-c16,0,-1,650,20,18.75,0.0,2.875,0.153333,3.5,0,1
2026-04-09,ES,2026-04-09-c16,0,-1,650,20,18.75,0.0,2.875,0.153333,3.5,0,1
2026-04-09,ES,2026-04-09-c17,0,-1,655,25,18.75,0.0,4.375,0.233333,3.5,1,1
2026-04-10,ES,2026-04-10-12,1,-1,630,0,19.0,0.5,5.5,0.289474,4.75,1,2
2026-04-10,ES,2026-04-10-23,1,-1,685,55,19.0,1.5,3.0,0.157895,8.25,1,1
2026-04-10,ES,2026-04-10-c16,0,1,650,20,19.0,0.0,1.75,0.092105,6.5,1,1
2026-04-10,ES,2026-04-10-c12,0,-1,630,0,19.0,0.0,5.5,0.289474,6.5,1,2
2026-04-10,ES,2026-04-10-c24,0,1,690,60,19.0,0.0,1.0,0.052632,6.5,1,1
2026-04-10,ES,2026-04-10-c13,0,-1,635,5,19.0,0.0,4.75,0.25,6.5,1,1
2026-04-13,ES,2026-04-13-14,1,-1,640,10,35.0,1.5,17.25,0.492857,2.0,0,2
2026-04-13,ES,2026-04-13-15,1,-1,645,15,35.0,0.75,13.25,0.378571,5.25,0,1
2026-04-13,ES,2026-04-13-18,1,-1,660,30,35.0,6.75,15.5,0.442857,9.0,0,12
2026-04-13,ES,2026-04-13-21,1,-1,675,45,35.0,3.25,14.25,0.407143,6.75,0,10
2026-04-13,ES,2026-04-13-22,1,-1,680,50,35.0,0.75,14.0,0.4,4.5,0,3
2026-04-13,ES,2026-04-13-25,1,-1,695,65,35.0,2.5,17.0,0.485714,3.25,0,6
2026-04-13,ES,2026-04-13-26,1,-1,700,70,35.0,0.75,12.75,0.364286,5.75,0,5
2026-04-13,ES,2026-04-13-31,1,-1,725,95,35.0,4.0,14.25,0.407143,7.5,0,3
2026-04-13,ES,2026-04-13-32,1,-1,730,100,35.0,0.75,16.0,0.457143,2.5,0,1
2026-04-13,ES,2026-04-13-c26,0,-1,700,70,35.0,0.0,12.75,0.364286,5.25,0,5
2026-04-13,ES,2026-04-13-c32,0,-1,730,100,35.0,0.0,16.0,0.457143,5.25,0,2
2026-04-13,ES,2026-04-13-c28,0,-1,710,80,35.0,0.0,10.75,0.307143,5.25,0,3
2026-04-13,ES,2026-04-13-c15,0,-1,645,15,35.0,0.0,13.25,0.378571,5.25,0,1
2026-04-13,ES,2026-04-13-c19,0,-1,665,35,35.0,0.0,17.5,0.5,5.25,0,12
2026-04-13,ES,2026-04-13-c32,0,-1,730,100,35.0,0.0,16.0,0.457143,5.25,0,2
2026-04-13,ES,2026-04-13-c15,0,-1,645,15,35.0,0.0,13.25,0.378571,5.25,0,1
2026-04-13,ES,2026-04-13-c32,0,-1,730,100,35.0,0.0,16.0,0.457143,5.25,0,2
2026-04-13,ES,2026-04-13-c23,0,-1,685,55,35.0,0.0,12.5,0.357143,5.25,0,2
2026-04-13,ES,2026-04-13-c31,0,-1,725,95,35.0,0.0,14.25,0.407143,5.25,0,2
2026-04-13,ES,2026-04-13-c25,0,-1,695,65,35.0,0.0,17.0,0.485714,5.25,0,9
2026-04-13,ES,2026-04-13-c21,0,-1,675,45,35.0,0.0,14.25,0.407143,5.25,0,4
2026-04-13,ES,2026-04-13-c31,0,-1,725,95,35.0,0.0,14.25,0.407143,5.25,0,2
2026-04-13,ES,2026-04-13-c25,0,-1,695,65,35.0,0.0,17.0,0.485714,5.25,0,9
2026-04-13,ES,2026-04-13-c31,0,-1,725,95,35.0,0.0,14.25,0.407143,5.25,0,2
2026-04-13,ES,2026-04-13-c29,0,-1,715,85,35.0,0.0,12.25,0.35,5.25,0,2
2026-04-13,ES,2026-04-13-c31,0,-1,725,95,35.0,0.0,14.25,0.407143,5.25,0,2
2026-04-13,ES,2026-04-13-c28,0,-1,710,80,35.0,0.0,10.75,0.307143,5.25,0,3
2026-04-14,ES,2026-04-14-13,1,-1,635,5,34.75,3.5,15.125,0.435252,6.0,0,2
2026-04-14,ES,2026-04-14-19,1,-1,665,35,34.75,6.75,17.125,0.492806,7.25,0,3
2026-04-14,ES,2026-04-14-20,1,-1,670,40,34.75,1.25,16.875,0.485612,2.0,0,1
2026-04-14,ES,2026-04-14-c19,0,-1,665,35,34.75,0.0,17.125,0.492806,6.0,0,2
2026-04-14,ES,2026-04-14-c14,0,-1,640,10,34.75,0.0,15.625,0.44964,6.0,0,1
2026-04-14,ES,2026-04-14-c19,0,-1,665,35,34.75,0.0,17.125,0.492806,6.0,0,2
2026-04-14,ES,2026-04-14-c19,0,-1,665,35,34.75,0.0,17.125,0.492806,6.0,0,2
2026-04-14,ES,2026-04-14-c12,0,-1,630,0,34.75,0.0,15.625,0.44964,6.0,0,3
2026-04-14,ES,2026-04-14-c19,0,-1,665,35,34.75,0.0,17.125,0.492806,6.0,0,2
2026-04-15,ES,2026-04-15-12,1,-1,630,0,27.0,1.25,9.25,0.342593,5.75,0,4
2026-04-15,ES,2026-04-15-16,1,-1,650,20,27.0,2.0,11.25,0.416667,4.5,0,4
2026-04-15,ES,2026-04-15-17,1,-1,655,25,27.0,0.75,11.5,0.425926,3.0,0,2
2026-04-15,ES,2026-04-15-19,1,-1,665,35,27.0,1.0,11.0,0.407407,3.75,0,1
2026-04-15,ES,2026-04-15-38,1,-1,760,130,27.0,9.25,8.5,0.314815,14.5,0,10
2026-04-15,ES,2026-04-15-c14,0,-1,640,10,27.0,0.0,11.5,0.425926,4.5,0,6
2026-04-15,ES,2026-04-15-c13,0,-1,635,5,27.0,0.0,4.5,0.166667,4.5,0,1
2026-04-15,ES,2026-04-15-c19,0,-1,665,35,27.0,0.0,11.0,0.407407,4.5,0,1
2026-04-15,ES,2026-04-15-c39,0,-1,765,135,27.0,0.0,11.5,0.425926,4.5,0,4
2026-04-15,ES,2026-04-15-c18,0,-1,660,30,27.0,0.0,13.5,0.5,4.5,0,3
2026-04-15,ES,2026-04-15-c39,0,-1,765,135,27.0,0.0,11.5,0.425926,4.5,0,4
2026-04-15,ES,2026-04-15-c24,0,-1,690,60,27.0,0.0,13.5,0.5,4.5,0,2
2026-04-15,ES,2026-04-15-c17,0,-1,655,25,27.0,0.0,11.5,0.425926,4.5,0,3
2026-04-15,ES,2026-04-15-c18,0,-1,660,30,27.0,0.0,13.5,0.5,4.5,0,3
2026-04-15,ES,2026-04-15-c38,0,-1,760,130,27.0,0.0,8.5,0.314815,4.5,0,4
2026-04-16,ES,2026-04-16-23,1,-1,685,55,27.5,7.75,9.0,0.327273,12.75,0,2
2026-04-16,ES,2026-04-16-27,1,-1,705,75,27.5,11.75,13.5,0.490909,12.25,0,3
2026-04-16,ES,2026-04-16-36,1,-1,750,120,27.5,15.0,11.75,0.427273,17.25,1,9
2026-04-16,ES,2026-04-16-40,1,-1,770,140,27.5,5.5,10.25,0.372727,9.25,1,5
2026-04-16,ES,2026-04-16-52,1,-1,830,200,27.5,2.5,12.25,0.445455,4.25,1,6
2026-04-16,ES,2026-04-16-c13,0,1,635,5,27.5,0.0,8.75,0.318182,12.25,1,2
2026-04-16,ES,2026-04-16-c13,0,1,635,5,27.5,0.0,8.75,0.318182,12.25,1,2
2026-04-16,ES,2026-04-16-c42,0,-1,780,150,27.5,0.0,7.0,0.254545,12.25,1,3
2026-04-16,ES,2026-04-16-c41,0,-1,775,145,27.5,0.0,9.25,0.336364,12.25,1,4
2026-04-16,ES,2026-04-16-c17,0,-1,655,25,27.5,0.0,0.25,0.009091,12.25,1,1
2026-04-16,ES,2026-04-16-c18,0,-1,660,30,27.5,0.0,6.25,0.227273,12.25,0,3
2026-04-16,ES,2026-04-16-c48,0,-1,810,180,27.5,0.0,9.25,0.336364,12.25,1,10
2026-04-16,ES,2026-04-16-c40,0,-1,770,140,27.5,0.0,10.25,0.372727,12.25,1,5
2026-04-16,ES,2026-04-16-c13,0,1,635,5,27.5,0.0,8.75,0.318182,12.25,1,2
2026-04-16,ES,2026-04-16-c12,0,1,630,0,27.5,0.0,6.0,0.218182,12.25,1,3
2026-04-20,ES,2026-04-20-15,1,1,645,15,17.25,2.75,3.875,0.224638,7.75,0,1
2026-04-20,ES,2026-04-20-23,1,1,685,55,17.25,20.75,7.875,0.456522,21.75,0,12
2026-04-20,ES,2026-04-20-45,1,1,795,165,17.25,12.0,7.625,0.442029,13.25,0,12
2026-04-20,ES,2026-04-20-46,1,1,800,170,17.25,1.75,8.125,0.471014,2.5,0,1
2026-04-20,ES,2026-04-20-c46,0,1,800,170,17.25,0.0,8.125,0.471014,10.5,0,12
2026-04-20,ES,2026-04-20-c12,0,1,630,0,17.25,0.0,4.125,0.23913,10.5,0,4
2026-04-20,ES,2026-04-20-c12,0,1,630,0,17.25,0.0,4.125,0.23913,10.5,0,4
2026-04-20,ES,2026-04-20-c13,0,1,635,5,17.25,0.0,5.625,0.326087,10.5,0,3
2026-04-20,ES,2026-04-20-c15,0,1,645,15,17.25,0.0,3.875,0.224638,10.5,0,1
2026-04-20,ES,2026-04-20-c46,0,1,800,170,17.25,0.0,8.125,0.471014,10.5,0,12
2026-04-20,ES,2026-04-20-c46,0,1,800,170,17.25,0.0,8.125,0.471014,10.5,0,12
2026-04-20,ES,2026-04-20-c23,0,1,685,55,17.25,0.0,7.875,0.456522,10.5,0,5
2026-04-21,ES,2026-04-21-16,1,1,650,20,25.5,1.25,9.75,0.382353,4.5,0,1
2026-04-21,ES,2026-04-21-c13,0,1,635,5,25.5,0.0,0.5,0.019608,4.5,1,1
2026-04-21,ES,2026-04-21-c13,0,1,635,5,25.5,0.0,0.5,0.019608,4.5,1,1
2026-04-23,ES,2026-04-23-27,1,-1,705,75,22.0,10.5,10.0,0.454545,11.75,0,12
2026-04-23,ES,2026-04-23-29,1,-1,715,85,22.0,1.25,8.75,0.397727,3.75,0,12
2026-04-23,ES,2026-04-23-42,1,1,780,150,22.0,2.0,10.0,0.454545,3.25,0,1
2026-04-23,ES,2026-04-23-c32,0,-1,730,100,22.0,0.0,6.5,0.295455,3.75,0,5
2026-04-23,ES,2026-04-23-c30,0,-1,720,90,22.0,0.0,1.5,0.068182,3.75,0,2
2026-04-23,ES,2026-04-23-c27,0,-1,705,75,22.0,0.0,10.0,0.454545,3.75,0,12
2026-04-23,ES,2026-04-23-c39,0,-1,765,135,22.0,0.0,6.0,0.272727,3.75,1,3
2026-04-23,ES,2026-04-23-c13,0,-1,635,5,22.0,0.0,4.5,0.204545,3.75,0,2
2026-04-23,ES,2026-04-23-c12,0,-1,630,0,22.0,0.0,5.0,0.227273,3.75,0,3
2026-04-24,ES,2026-04-24-16,1,-1,650,20,21.75,4.0,10.625,0.488506,4.5,0,1
2026-04-24,ES,2026-04-24-c13,0,-1,635,5,21.75,0.0,5.125,0.235632,4.5,0,1
2026-04-24,ES,2026-04-24-c14,0,-1,640,10,21.75,0.0,9.375,0.431034,4.5,0,1
2026-04-27,ES,2026-04-27-13,1,-1,635,5,18.25,0.5,4.625,0.253425,5.25,1,3
2026-04-27,ES,2026-04-27-23,1,1,685,55,18.25,3.25,4.875,0.267123,7.75,1,6
2026-04-27,ES,2026-04-27-45,1,-1,795,165,18.25,0.25,6.875,0.376712,2.75,0,1
2026-04-27,ES,2026-04-27-c35,0,-1,745,115,18.25,0.0,4.125,0.226027,5.25,0,10
2026-04-27,ES,2026-04-27-c44,0,-1,790,160,18.25,0.0,8.625,0.472603,5.25,0,4
2026-04-27,ES,2026-04-27-c31,0,-1,725,95,18.25,0.0,2.625,0.143836,5.25,0,6
2026-04-27,ES,2026-04-27-c35,0,-1,745,115,18.25,0.0,4.125,0.226027,5.25,0,10
2026-04-27,ES,2026-04-27-c28,0,1,710,80,18.25,0.0,2.875,0.157534,5.25,1,1
2026-04-27,ES,2026-04-27-c21,0,1,675,45,18.25,0.0,6.625,0.363014,5.25,0,1
2026-04-28,ES,2026-04-28-52,1,1,830,200,21.25,15.5,9.875,0.464706,16.5,0,12
2026-04-28,ES,2026-04-28-c12,0,1,630,0,21.25,0.0,9.625,0.452941,16.5,0,4
2026-04-28,ES,2026-04-28-c52,0,1,830,200,21.25,0.0,9.875,0.464706,16.5,0,12
2026-04-29,ES,2026-04-29-15,1,-1,645,15,20.25,5.5,8.625,0.425926,7.25,1,4
2026-04-29,ES,2026-04-29-17,1,-1,655,25,20.25,0.75,8.375,0.41358,2.75,1,2
2026-04-29,ES,2026-04-29-29,1,1,715,85,20.25,4.25,6.125,0.302469,8.5,1,2
2026-04-29,ES,2026-04-29-35,1,1,745,115,20.25,0.5,8.875,0.438272,2.0,0,1
2026-04-29,ES,2026-04-29-38,1,1,760,130,20.25,7.5,8.875,0.438272,9.0,0,12
2026-04-29,ES,2026-04-29-39,1,1,765,135,20.25,0.75,8.375,0.41358,2.75,0,2
2026-04-29,ES,2026-04-29-41,1,1,775,145,20.25,2.25,9.375,0.462963,3.25,0,1
2026-04-29,ES,2026-04-29-43,1,1,785,155,20.25,4.25,9.625,0.475309,5.0,1,8
2026-04-29,ES,2026-04-29-44,1,1,790,160,20.25,1.25,9.875,0.487654,1.75,0,1
2026-04-29,ES,2026-04-29-46,1,1,800,170,20.25,2.5,9.125,0.450617,3.75,1,5
2026-04-29,ES,2026-04-29-47,1,1,805,175,20.25,1.0,7.375,0.364198,4.0,1,4
2026-04-29,ES,2026-04-29-c32,0,1,730,100,20.25,0.0,3.875,0.191358,3.75,0,1
2026-04-29,ES,2026-04-29-c19,0,1,665,35,20.25,0.0,0.125,0.006173,3.75,0,1
2026-04-29,ES,2026-04-29-c29,0,1,715,85,20.25,0.0,6.125,0.302469,3.75,1,2
2026-04-29,ES,2026-04-29-c17,0,-1,655,25,20.25,0.0,8.375,0.41358,3.75,1,2
2026-04-29,ES,2026-04-29-c30,0,1,720,90,20.25,0.0,1.875,0.092593,3.75,1,1
2026-04-29,ES,2026-04-29-c22,0,-1,680,50,20.25,0.0,1.875,0.092593,3.75,1,1
2026-04-29,ES,2026-04-29-c23,0,-1,685,55,20.25,0.0,2.375,0.117284,3.75,1,1
2026-04-29,ES,2026-04-29-c39,0,1,765,135,20.25,0.0,8.375,0.41358,3.75,0,2
2026-04-29,ES,2026-04-29-c32,0,1,730,100,20.25,0.0,3.875,0.191358,3.75,0,1
2026-04-29,ES,2026-04-29-c30,0,1,720,90,20.25,0.0,1.875,0.092593,3.75,1,1
2026-04-29,ES,2026-04-29-c39,0,1,765,135,20.25,0.0,8.375,0.41358,3.75,0,2
2026-04-29,ES,2026-04-29-c15,0,-1,645,15,20.25,0.0,8.625,0.425926,3.75,1,4
2026-04-29,ES,2026-04-29-c30,0,1,720,90,20.25,0.0,1.875,0.092593,3.75,1,1
2026-04-29,ES,2026-04-29-c40,0,1,770,140,20.25,0.0,8.625,0.425926,3.75,0,1
2026-04-29,ES,2026-04-29-c31,0,1,725,95,20.25,0.0,1.625,0.080247,3.75,1,1
2026-04-29,ES,2026-04-29-c52,0,1,830,200,20.25,0.0,3.125,0.154321,3.75,0,2
2026-04-29,ES,2026-04-29-c52,0,1,830,200,20.25,0.0,3.125,0.154321,3.75,0,2
2026-04-29,ES,2026-04-29-c33,0,1,735,105,20.25,0.0,7.375,0.364198,3.75,0,3
2026-04-29,ES,2026-04-29-c17,0,-1,655,25,20.25,0.0,8.375,0.41358,3.75,1,2
2026-04-29,ES,2026-04-29-c47,0,1,805,175,20.25,0.0,7.375,0.364198,3.75,1,4
2026-04-29,ES,2026-04-29-c52,0,1,830,200,20.25,0.0,3.125,0.154321,3.75,0,2
2026-04-29,ES,2026-04-29-c24,0,-1,690,60,20.25,0.0,2.125,0.104938,3.75,1,1
2026-05-04,ES,2026-05-04-12,1,-1,630,0,24.75,1.75,11.375,0.459596,3.0,0,1
2026-05-04,ES,2026-05-04-17,1,-1,655,25,24.75,4.0,4.125,0.166667,12.5,1,1
2026-05-04,ES,2026-05-04-c19,0,-1,665,35,24.75,0.0,2.875,0.116162,7.75,1,1
2026-05-04,ES,2026-05-04-c17,0,-1,655,25,24.75,0.0,4.125,0.166667,7.75,1,1
2026-05-04,ES,2026-05-04-c18,0,-1,660,30,24.75,0.0,4.375,0.176768,7.75,1,1
2026-05-04,ES,2026-05-04-c17,0,-1,655,25,24.75,0.0,4.125,0.166667,7.75,1,1
2026-05-05,ES,2026-05-05-35,1,-1,745,115,22.0,1.75,10.0,0.454545,3.0,0,12
2026-05-05,ES,2026-05-05-39,1,-1,765,135,22.0,0.5,10.25,0.465909,1.5,0,8
2026-05-05,ES,2026-05-05-c35,0,-1,745,115,22.0,0.0,10.0,0.454545,2.25,0,12
2026-05-05,ES,2026-05-05-c29,0,-1,715,85,22.0,0.0,4.25,0.193182,2.25,0,1
2026-05-05,ES,2026-05-05-c45,0,-1,795,165,22.0,0.0,9.75,0.443182,2.25,0,2
2026-05-05,ES,2026-05-05-c18,0,-1,660,30,22.0,0.0,8.75,0.397727,2.25,0,12
2026-05-07,ES,2026-05-07-22,1,-1,680,50,16.5,9.75,7.25,0.439394,11.0,1,1
2026-05-07,ES,2026-05-07-23,1,-1,685,55,16.5,0.5,5.5,0.333333,3.5,0,1
2026-05-07,ES,2026-05-07-27,1,-1,705,75,16.5,4.5,4.75,0.287879,8.25,1,2
2026-05-07,ES,2026-05-07-36,1,1,750,120,16.5,18.0,7.5,0.454545,19.0,0,5
2026-05-07,ES,2026-05-07-c29,0,1,715,85,16.5,0.0,4.0,0.242424,9.625,0,2
2026-05-07,ES,2026-05-07-c27,0,-1,705,75,16.5,0.0,4.75,0.287879,9.625,1,2
2026-05-07,ES,2026-05-07-c29,0,1,715,85,16.5,0.0,4.0,0.242424,9.625,0,2
2026-05-07,ES,2026-05-07-c28,0,-1,710,80,16.5,0.0,5.0,0.30303,9.625,1,1
2026-05-07,ES,2026-05-07-c28,0,-1,710,80,16.5,0.0,5.0,0.30303,9.625,1,1
2026-05-07,ES,2026-05-07-c23,0,-1,685,55,16.5,0.0,5.5,0.333333,9.625,1,6
2026-05-07,ES,2026-05-07-c22,0,-1,680,50,16.5,0.0,7.25,0.439394,9.625,1,1
2026-05-07,ES,2026-05-07-c12,0,-1,630,0,16.5,0.0,4.0,0.242424,9.625,0,4
2026-05-08,ES,2026-05-08-35,1,-1,745,115,31.0,1.5,15.0,0.483871,2.25,0,12
2026-05-08,ES,2026-05-08-36,1,-1,750,120,31.0,0.5,14.25,0.459677,2.0,0,10
2026-05-08,ES,2026-05-08-43,1,-1,785,155,31.0,0.25,12.75,0.41129,3.25,0,3
2026-05-08,ES,2026-05-08-49,1,-1,815,185,31.0,3.25,14.0,0.451613,5.0,0,5
2026-05-08,ES,2026-05-08-51,1,-1,825,195,31.0,0.25,12.0,0.387097,4.0,0,3
2026-05-08,ES,2026-05-08-c32,0,-1,730,100,31.0,0.0,13.5,0.435484,3.25,0,3
2026-05-08,ES,2026-05-08-c53,0,-1,835,205,31.0,0.0,11.5,0.370968,3.25,0,1
2026-05-08,ES,2026-05-08-c22,0,-1,680,50,31.0,0.0,5.5,0.177419,3.25,0,1
2026-05-08,ES,2026-05-08-c15,0,-1,645,15,31.0,0.0,11.75,0.379032,3.25,1,6
2026-05-08,ES,2026-05-08-c27,0,-1,705,75,31.0,0.0,10.5,0.33871,3.25,0,4
2026-05-08,ES,2026-05-08-c32,0,-1,730,100,31.0,0.0,13.5,0.435484,3.25,0,3
2026-05-08,ES,2026-05-08-c43,0,-1,785,155,31.0,0.0,12.75,0.41129,3.25,0,3
2026-05-08,ES,2026-05-08-c25,0,-1,695,65,31.0,0.0,12.5,0.403226,3.25,0,10
2026-05-08,ES,2026-05-08-c50,0,-1,820,190,31.0,0.0,12.5,0.403226,3.25,0,1
2026-05-08,ES,2026-05-08-c16,0,-1,650,20,31.0,0.0,12.75,0.41129,3.25,1,5
2026-05-11,ES,2026-05-11-20,1,-1,670,40,32.0,3.75,11.5,0.359375,8.5,0,3
2026-05-11,ES,2026-05-11-39,1,-1,765,135,32.0,8.5,15.25,0.476562,9.5,0,11
2026-05-11,ES,2026-05-11-40,1,-1,770,140,32.0,0.5,13.25,0.414062,3.5,0,3
2026-05-11,ES,2026-05-11-43,1,-1,785,155,32.0,0.75,14.5,0.453125,2.5,0,4
2026-05-11,ES,2026-05-11-c41,0,-1,775,145,32.0,0.0,13.5,0.421875,6.0,0,7
2026-05-11,ES,2026-05-11-c43,0,-1,785,155,32.0,0.0,14.5,0.453125,6.0,0,5
2026-05-11,ES,2026-05-11-c45,0,-1,795,165,32.0,0.0,9.5,0.296875,6.0,0,1
2026-05-11,ES,2026-05-11-c41,0,-1,775,145,32.0,0.0,13.5,0.421875,6.0,0,7
2026-05-11,ES,2026-05-11-c39,0,-1,765,135,32.0,0.0,15.25,0.476562,6.0,0,9
2026-05-11,ES,2026-05-11-c39,0,-1,765,135,32.0,0.0,15.25,0.476562,6.0,0,9
2026-05-11,ES,2026-05-11-c41,0,-1,775,145,32.0,0.0,13.5,0.421875,6.0,0,7
2026-05-11,ES,2026-05-11-c39,0,-1,765,135,32.0,0.0,15.25,0.476562,6.0,0,9
2026-05-12,ES,2026-05-12-13,1,1,635,5,27.0,10.5,12.5,0.462963,11.75,0,5
2026-05-12,ES,2026-05-12-14,1,1,640,10,27.0,2.75,12.75,0.472222,3.75,0,1
2026-05-12,ES,2026-05-12-46,1,1,800,170,27.0,27.25,13.25,0.490741,27.75,0,12
2026-05-12,ES,2026-05-12-48,1,1,810,180,27.0,4.25,9.25,0.342593,8.75,1,11
2026-05-12,ES,2026-05-12-49,1,1,815,185,27.0,3.0,12.25,0.453704,4.5,1,10
2026-05-12,ES,2026-05-12-51,1,1,825,195,27.0,1.5,12.25,0.453704,3.0,1,8
2026-05-12,ES,2026-05-12-52,1,1,830,200,27.0,0.25,7.75,0.287037,6.25,1,7
2026-05-12,ES,2026-05-12-c48,0,1,810,180,27.0,0.0,9.25,0.342593,6.25,0,1
2026-05-12,ES,2026-05-12-c52,0,1,830,200,27.0,0.0,7.75,0.287037,6.25,1,7
2026-05-12,ES,2026-05-12-c52,0,1,830,200,27.0,0.0,7.75,0.287037,6.25,1,7
2026-05-12,ES,2026-05-12-c49,0,1,815,185,27.0,0.0,12.25,0.453704,6.25,1,10
2026-05-12,ES,2026-05-12-c46,0,1,800,170,27.0,0.0,13.25,0.490741,6.25,0,12
2026-05-12,ES,2026-05-12-c49,0,1,815,185,27.0,0.0,12.25,0.453704,6.25,1,10
2026-05-12,ES,2026-05-12-c48,0,1,810,180,27.0,0.0,9.25,0.342593,6.25,0,1
2026-05-12,ES,2026-05-12-c49,0,1,815,185,27.0,0.0,12.25,0.453704,6.25,1,10
2026-05-12,ES,2026-05-12-c48,0,1,810,180,27.0,0.0,9.25,0.342593,6.25,0,1
2026-05-12,ES,2026-05-12-c13,0,1,635,5,27.0,0.0,12.5,0.462963,6.25,0,2
2026-05-12,ES,2026-05-12-c53,0,1,835,205,27.0,0.0,8.0,0.296296,6.25,1,6
2026-05-12,ES,2026-05-12-c50,0,1,820,190,27.0,0.0,11.0,0.407407,6.25,1,9
2026-05-12,ES,2026-05-12-c49,0,1,815,185,27.0,0.0,12.25,0.453704,6.25,1,10
2026-05-12,ES,2026-05-12-c53,0,1,835,205,27.0,0.0,8.0,0.296296,6.25,1,6
2026-05-21,ES,2026-05-21-19,1,1,665,35,33.25,0.5,13.125,0.394737,4.25,0,1
2026-05-21,ES,2026-05-21-20,1,1,670,40,33.25,2.0,0.125,0.003759,18.75,1,1
2026-05-21,ES,2026-05-21-44,1,-1,790,160,33.25,5.5,15.125,0.454887,7.25,0,1
2026-05-21,ES,2026-05-21-c12,0,1,630,0,33.25,0.0,5.375,0.161654,7.25,1,1
2026-05-21,ES,2026-05-21-c18,0,1,660,30,33.25,0.0,4.625,0.139098,7.25,0,1
2026-05-21,ES,2026-05-21-c27,0,-1,705,75,33.25,0.0,7.125,0.214286,7.25,1,7
2026-05-21,ES,2026-05-21-c22,0,1,680,50,33.25,0.0,1.125,0.033835,7.25,1,1
2026-05-21,ES,2026-05-21-c43,0,-1,785,155,33.25,0.0,0.625,0.018797,7.25,0,1
2026-05-21,ES,2026-05-21-c32,0,-1,730,100,33.25,0.0,4.625,0.139098,7.25,1,2
2026-05-26,ES,2026-05-26-13,1,-1,635,5,27.75,2.5,12.375,0.445946,4.25,1,6
2026-05-26,ES,2026-05-26-15,1,-1,645,15,27.75,2.5,12.125,0.436937,4.5,1,4
2026-05-26,ES,2026-05-26-16,1,-1,650,20,27.75,1.5,10.375,0.373874,5.25,1,3
2026-05-26,ES,2026-05-26-30,1,1,720,90,27.75,8.0,13.125,0.472973,9.0,0,12
2026-05-26,ES,2026-05-26-33,1,1,735,105,27.75,5.25,12.375,0.445946,7.0,0,12
2026-05-26,ES,2026-05-26-40,1,1,770,140,27.75,3.0,13.125,0.472973,4.0,0,5
2026-05-26,ES,2026-05-26-44,1,1,790,160,27.75,2.5,12.625,0.454955,4.0,0,1
2026-05-26,ES,2026-05-26-51,1,1,825,195,27.75,6.75,13.125,0.472973,7.75,0,12
2026-05-26,ES,2026-05-26-c25,0,1,695,65,27.75,0.0,6.875,0.247748,4.875,0,1
2026-05-26,ES,2026-05-26-c18,0,-1,660,30,27.75,0.0,2.625,0.094595,4.875,1,1
2026-05-26,ES,2026-05-26-c26,0,1,700,70,27.75,0.0,11.625,0.418919,4.875,0,2
2026-05-26,ES,2026-05-26-c35,0,1,745,115,27.75,0.0,8.125,0.292793,4.875,0,3
2026-05-26,ES,2026-05-26-c21,0,1,675,45,27.75,0.0,1.375,0.04955,4.875,0,2
2026-05-26,ES,2026-05-26-c44,0,1,790,160,27.75,0.0,12.625,0.454955,4.875,0,1
2026-05-26,ES,2026-05-26-c44,0,1,790,160,27.75,0.0,12.625,0.454955,4.875,0,1
2026-05-26,ES,2026-05-26-c12,0,-1,630,0,27.75,0.0,9.125,0.328829,4.875,0,1
2026-05-26,ES,2026-05-26-c15,0,-1,645,15,27.75,0.0,12.125,0.436937,4.875,1,4
2026-05-26,ES,2026-05-26-c21,0,1,675,45,27.75,0.0,1.375,0.04955,4.875,0,2
2026-05-26,ES,2026-05-26-c35,0,1,745,115,27.75,0.0,8.125,0.292793,4.875,0,3
2026-05-26,ES,2026-05-26-c20,0,-1,670,40,27.75,0.0,0.625,0.022523,4.875,1,1
2026-05-26,ES,2026-05-26-c20,0,-1,670,40,27.75,0.0,0.625,0.022523,4.875,1,1
2026-05-26,ES,2026-05-26-c25,0,1,695,65,27.75,0.0,6.875,0.247748,4.875,0,1
2026-05-26,ES,2026-05-26-c23,0,1,685,55,27.75,0.0,6.875,0.247748,4.875,0,2
2026-05-26,ES,2026-05-26-c37,0,1,755,125,27.75,0.0,8.375,0.301802,4.875,0,1
2026-05-27,ES,2026-05-27-22,1,1,680,50,21.5,3.5,8.75,0.406977,5.75,0,4
2026-05-27,ES,2026-05-27-23,1,1,685,55,21.5,0.5,7.75,0.360465,3.75,0,2
2026-05-27,ES,2026-05-27-31,1,1,725,95,21.5,9.0,8.25,0.383721,11.75,1,7
2026-05-27,ES,2026-05-27-45,1,1,795,165,21.5,10.5,10.25,0.476744,11.25,1,12
2026-05-27,ES,2026-05-27-46,1,1,800,170,21.5,0.25,8.75,0.406977,2.5,0,1
2026-05-27,ES,2026-05-27-48,1,1,810,180,21.5,1.25,7.25,0.337209,5.0,1,9
2026-05-27,ES,2026-05-27-51,1,1,825,195,21.5,0.5,8.5,0.395349,3.0,1,6
2026-05-27,ES,2026-05-27-c19,0,1,665,35,21.5,0.0,3.0,0.139535,5.0,0,2
2026-05-27,ES,2026-05-27-c14,0,-1,640,10,21.5,0.0,1.25,0.05814,5.0,1,1
2026-05-27,ES,2026-05-27-c51,0,1,825,195,21.5,0.0,8.5,0.395349,5.0,1,6
2026-05-27,ES,2026-05-27-c51,0,1,825,195,21.5,0.0,8.5,0.395349,5.0,1,6
2026-05-27,ES,2026-05-27-c13,0,-1,635,5,21.5,0.0,6.5,0.302326,5.0,1,1
2026-05-27,ES,2026-05-27-c35,0,1,745,115,21.5,0.0,6.75,0.313953,5.0,1,3
2026-05-27,ES,2026-05-27-c13,0,-1,635,5,21.5,0.0,6.5,0.302326,5.0,1,1
2026-05-27,ES,2026-05-27-c37,0,1,755,125,21.5,0.0,2.5,0.116279,5.0,1,1
2026-05-27,ES,2026-05-27-c14,0,-1,640,10,21.5,0.0,1.25,0.05814,5.0,1,1
2026-05-27,ES,2026-05-27-c17,0,1,655,25,21.5,0.0,6.25,0.290698,5.0,0,4
2026-05-27,ES,2026-05-27-c16,0,-1,650,20,21.5,0.0,0.0,0.0,5.0,1,1
2026-05-27,ES,2026-05-27-c45,0,1,795,165,21.5,0.0,10.25,0.476744,5.0,1,12
2026-05-27,ES,2026-05-27-c32,0,1,730,100,21.5,0.0,7.25,0.337209,5.0,1,6
2026-05-27,ES,2026-05-27-c41,0,1,775,145,21.5,0.0,5.25,0.244186,5.0,0,2
2026-05-29,ES,2026-05-29-16,1,1,650,20,24.75,9.25,10.375,0.419192,11.5,1,4
2026-05-29,ES,2026-05-29-c31,0,-1,725,95,24.75,0.0,3.875,0.156566,11.5,1,2
2026-05-29,ES,2026-05-29-c37,0,-1,755,125,24.75,0.0,8.125,0.328283,11.5,1,3
2026-06-01,ES,2026-06-01-29,1,-1,715,85,20.5,6.25,9.0,0.439024,7.75,0,11
2026-06-01,ES,2026-06-01-31,1,-1,725,95,20.5,4.0,9.75,0.47561,4.75,0,5
2026-06-01,ES,2026-06-01-c23,0,-1,685,55,20.5,0.0,3.25,0.158537,6.25,0,1
2026-06-01,ES,2026-06-01-c31,0,-1,725,95,20.5,0.0,9.75,0.47561,6.25,0,9
2026-06-01,ES,2026-06-01-c15,0,1,645,15,20.5,0.0,1.5,0.073171,6.25,1,1
2026-06-01,ES,2026-06-01-c18,0,1,660,30,20.5,0.0,0.25,0.012195,6.25,1,1
2026-06-16,ES,2026-06-16-13,1,1,635,5,24.5,8.25,6.75,0.27551,14.0,0,12
2026-06-16,ES,2026-06-16-15,1,1,645,15,24.5,0.75,11.75,0.479592,1.5,0,2
2026-06-16,ES,2026-06-16-18,1,1,660,30,24.5,5.75,9.5,0.387755,8.75,0,5
2026-06-16,ES,2026-06-16-19,1,1,665,35,24.5,0.5,8.5,0.346939,4.5,0,2
2026-06-16,ES,2026-06-16-24,1,1,690,60,24.5,7.75,11.0,0.44898,9.25,0,3
2026-06-16,ES,2026-06-16-28,1,1,710,80,24.5,13.25,10.5,0.428571,15.25,0,12
2026-06-16,ES,2026-06-16-30,1,1,720,90,24.5,2.75,8.75,0.357143,6.5,0,6
2026-06-16,ES,2026-06-16-38,1,1,760,130,24.5,5.5,11.25,0.459184,6.75,0,3
2026-06-16,ES,2026-06-16-c38,0,1,760,130,24.5,0.0,11.25,0.459184,7.75,0,4
2026-06-16,ES,2026-06-16-c38,0,1,760,130,24.5,0.0,11.25,0.459184,7.75,0,4
2026-06-16,ES,2026-06-16-c13,0,1,635,5,24.5,0.0,6.75,0.27551,7.75,0,4
2026-06-16,ES,2026-06-16-c38,0,1,760,130,24.5,0.0,11.25,0.459184,7.75,0,4
2026-06-16,ES,2026-06-16-c28,0,1,710,80,24.5,0.0,10.5,0.428571,7.75,0,12
2026-06-16,ES,2026-06-16-c16,0,1,650,20,24.5,0.0,10.5,0.428571,7.75,0,7
2026-06-16,ES,2026-06-16-c35,0,1,745,115,24.5,0.0,8.25,0.336735,7.75,0,1
2026-06-16,ES,2026-06-16-c28,0,1,710,80,24.5,0.0,10.5,0.428571,7.75,0,12
2026-06-16,ES,2026-06-16-c13,0,1,635,5,24.5,0.0,6.75,0.27551,7.75,0,4
2026-06-16,ES,2026-06-16-c13,0,1,635,5,24.5,0.0,6.75,0.27551,7.75,0,4
2026-06-16,ES,2026-06-16-c18,0,1,660,30,24.5,0.0,9.5,0.387755,7.75,0,5
2026-06-16,ES,2026-06-16-c14,0,1,640,10,24.5,0.0,10.25,0.418367,7.75,0,3
2026-06-16,ES,2026-06-16-c35,0,1,745,115,24.5,0.0,8.25,0.336735,7.75,0,1
2026-06-16,ES,2026-06-16-c30,0,1,720,90,24.5,0.0,8.75,0.357143,7.75,0,6
2026-06-16,ES,2026-06-16-c16,0,1,650,20,24.5,0.0,10.5,0.428571,7.75,0,7
2026-06-16,ES,2026-06-16-c33,0,1,735,105,24.5,0.0,5.75,0.234694,7.75,0,3
2026-06-17,ES,2026-06-17-14,1,1,640,10,25.75,4.5,7.375,0.286408,10.25,0,1
2026-06-17,ES,2026-06-17-16,1,1,650,20,25.75,18.0,8.875,0.34466,22.25,0,12
2026-06-17,ES,2026-06-17-21,1,1,675,45,25.75,10.5,11.125,0.432039,12.5,1,9
2026-06-17,ES,2026-06-17-22,1,1,680,50,25.75,0.25,10.125,0.393204,3.25,1,8
2026-06-17,ES,2026-06-17-23,1,1,685,55,25.75,0.25,9.125,0.354369,4.25,1,7
2026-06-17,ES,2026-06-17-52,1,1,830,200,25.75,10.0,6.375,0.247573,16.75,0,2
2026-06-17,ES,2026-06-17-c28,0,1,710,80,25.75,0.0,4.375,0.169903,11.375,1,2
2026-06-17,ES,2026-06-17-c26,0,1,700,70,25.75,0.0,5.125,0.199029,11.375,1,4
2026-06-17,ES,2026-06-17-c14,0,1,640,10,25.75,0.0,7.375,0.286408,11.375,0,1
2026-06-17,ES,2026-06-17-c30,0,1,720,90,25.75,0.0,1.375,0.053398,11.375,1,3
2026-06-17,ES,2026-06-17-c35,0,1,745,115,25.75,0.0,1.125,0.043689,11.375,0,7
2026-06-17,ES,2026-06-17-c28,0,1,710,80,25.75,0.0,4.375,0.169903,11.375,1,2
2026-06-17,ES,2026-06-17-c41,0,1,775,145,25.75,0.0,8.625,0.334951,11.375,0,2
2026-06-17,ES,2026-06-17-c25,0,1,695,65,25.75,0.0,1.875,0.072816,11.375,1,5
2026-06-17,ES,2026-06-17-c13,0,1,635,5,25.75,0.0,8.625,0.334951,11.375,0,2
2026-06-17,ES,2026-06-17-c30,0,1,720,90,25.75,0.0,1.375,0.053398,11.375,1,3
2026-06-17,ES,2026-06-17-c34,0,-1,740,110,25.75,0.0,0.875,0.033981,11.375,1,1
2026-06-17,ES,2026-06-17-c23,0,1,685,55,25.75,0.0,9.125,0.354369,11.375,1,7
2026-07-06,ES,2026-07-06-12,1,-1,630,0,26.5,2.0,10.25,0.386792,5.25,0,5
2026-07-06,ES,2026-07-06-16,1,-1,650,20,26.5,1.0,12.5,0.471698,2.0,0,1
2026-07-06,ES,2026-07-06-c14,0,-1,640,10,26.5,0.0,10.25,0.386792,3.625,0,2
2026-07-06,ES,2026-07-06-c12,0,-1,630,0,26.5,0.0,10.25,0.386792,3.625,0,4
2026-07-06,ES,2026-07-06-c15,0,-1,645,15,26.5,0.0,10.75,0.40566,3.625,0,2
2026-07-06,ES,2026-07-06-c12,0,-1,630,0,26.5,0.0,10.25,0.386792,3.625,0,4
2026-07-08,ES,2026-07-08-34,1,1,740,110,23.0,32.25,11.0,0.478261,33.0,1,2
2026-07-08,ES,2026-07-08-37,1,1,755,125,23.0,2.25,6.0,0.26087,8.0,1,1
2026-07-08,ES,2026-07-08-45,1,-1,795,165,23.0,0.5,11.25,0.48913,1.0,0,1
2026-07-08,ES,2026-07-08-51,1,-1,825,195,23.0,11.75,5.75,0.25,17.75,0,12
2026-07-08,ES,2026-07-08-c35,0,1,745,115,23.0,0.0,7.25,0.315217,12.875,1,1
2026-07-08,ES,2026-07-08-c12,0,1,630,0,23.0,0.0,5.25,0.228261,12.875,0,2
2026-07-08,ES,2026-07-08-c41,0,-1,775,145,23.0,0.0,8.75,0.380435,12.875,0,7
2026-07-08,ES,2026-07-08-c53,0,-1,835,205,23.0,0.0,6.25,0.271739,12.875,0,12
2026-07-08,ES,2026-07-08-c43,0,-1,785,155,23.0,0.0,4.75,0.206522,12.875,0,4
2026-07-08,ES,2026-07-08-c38,0,-1,760,130,23.0,0.0,1.25,0.054348,12.875,1,1
2026-07-08,ES,2026-07-08-c53,0,-1,835,205,23.0,0.0,6.25,0.271739,12.875,0,12
2026-07-08,ES,2026-07-08-c52,0,-1,830,200,23.0,0.0,6.5,0.282609,12.875,0,12
2026-07-10,ES,2026-07-10-14,1,1,640,10,15.75,37.25,4.625,0.293651,40.75,1,2
2026-07-10,ES,2026-07-10-15,1,1,645,15,15.75,2.0,1.875,0.119048,8.25,1,1
2026-07-10,ES,2026-07-10-20,1,1,670,40,15.75,11.5,6.125,0.388889,13.5,1,1
2026-07-10,ES,2026-07-10-23,1,-1,685,55,15.75,1.0,7.375,0.468254,1.75,1,2
2026-07-10,ES,2026-07-10-24,1,-1,690,60,15.75,0.75,4.875,0.309524,4.0,1,1
2026-07-10,ES,2026-07-10-26,1,1,700,70,15.75,4.0,5.375,0.34127,6.75,1,1
2026-07-10,ES,2026-07-10-27,1,1,705,75,15.75,2.0,1.375,0.087302,8.75,1,1
2026-07-10,ES,2026-07-10-30,1,-1,720,90,15.75,0.5,5.875,0.373016,2.75,0,3
2026-07-10,ES,2026-07-10-35,1,-1,745,115,15.75,3.5,6.375,0.404762,5.25,0,4
2026-07-10,ES,2026-07-10-37,1,-1,755,125,15.75,2.5,7.125,0.452381,3.5,0,1
2026-07-10,ES,2026-07-10-c27,0,1,705,75,15.75,0.0,1.375,0.087302,6.0,1,1
2026-07-10,ES,2026-07-10-c23,0,-1,685,55,15.75,0.0,7.375,0.468254,6.0,1,2
2026-07-10,ES,2026-07-10-c32,0,-1,730,100,15.75,0.0,6.125,0.388889,6.0,0,7
2026-07-10,ES,2026-07-10-c19,0,1,665,35,15.75,0.0,7.875,0.5,6.0,1,2
2026-07-10,ES,2026-07-10-c19,0,1,665,35,15.75,0.0,7.875,0.5,6.0,1,2
2026-07-10,ES,2026-07-10-c16,0,1,650,20,15.75,0.0,6.125,0.388889,6.0,0,1
2026-07-10,ES,2026-07-10-c15,0,1,645,15,15.75,0.0,1.875,0.119048,6.0,1,1
2026-07-10,ES,2026-07-10-c26,0,1,700,70,15.75,0.0,5.375,0.34127,6.0,1,1
2026-07-10,ES,2026-07-10-c30,0,-1,720,90,15.75,0.0,5.875,0.373016,6.0,0,9
2026-07-10,ES,2026-07-10-c29,0,-1,715,85,15.75,0.0,2.375,0.150794,6.0,0,1
2026-07-10,ES,2026-07-10-c32,0,-1,730,100,15.75,0.0,6.125,0.388889,6.0,0,7
2026-07-10,ES,2026-07-10-c20,0,1,670,40,15.75,0.0,6.125,0.388889,6.0,1,1
2026-07-10,ES,2026-07-10-c15,0,1,645,15,15.75,0.0,1.875,0.119048,6.0,1,1
2026-07-10,ES,2026-07-10-c27,0,1,705,75,15.75,0.0,1.375,0.087302,6.0,1,1
2026-07-10,ES,2026-07-10-c14,0,1,640,10,15.75,0.0,4.625,0.293651,6.0,1,2
2026-07-10,ES,2026-07-10-c21,0,-1,675,45,15.75,0.0,1.625,0.103175,6.0,1,1
2026-07-10,ES,2026-07-10-c27,0,1,705,75,15.75,0.0,1.375,0.087302,6.0,1,1
2026-07-10,ES,2026-07-10-c31,0,-1,725,95,15.75,0.0,3.875,0.246032,6.0,0,2
2026-07-10,ES,2026-07-10-c35,0,-1,745,115,15.75,0.0,6.375,0.404762,6.0,0,4
2026-07-10,ES,2026-07-10-c20,0,1,670,40,15.75,0.0,6.125,0.388889,6.0,1,1
2026-07-14,ES,2026-07-14-14,1,-1,640,10,31.75,15.5,9.375,0.295276,22.25,0,12
2026-07-14,ES,2026-07-14-17,1,-1,655,25,31.75,2.25,15.125,0.476378,3.25,0,1
2026-07-14,ES,2026-07-14-26,1,-1,700,70,31.75,13.25,13.875,0.437008,15.5,1,4
2026-07-14,ES,2026-07-14-27,1,-1,705,75,31.75,1.75,13.875,0.437008,4.0,1,3
2026-07-14,ES,2026-07-14-42,1,-1,780,150,31.75,2.75,14.875,0.468504,4.0,0,1
2026-07-14,ES,2026-07-14-c28,0,-1,710,80,31.75,0.0,7.875,0.248031,4.0,1,2
2026-07-14,ES,2026-07-14-c28,0,-1,710,80,31.75,0.0,7.875,0.248031,4.0,1,2
2026-07-14,ES,2026-07-14-c17,0,-1,655,25,31.75,0.0,15.125,0.476378,4.0,0,1
2026-07-14,ES,2026-07-14-c16,0,-1,650,20,31.75,0.0,14.375,0.452756,4.0,0,2
2026-07-14,ES,2026-07-14-c40,0,-1,770,140,31.75,0.0,12.875,0.405512,4.0,0,1
2026-07-14,ES,2026-07-14-c26,0,-1,700,70,31.75,0.0,13.875,0.437008,4.0,1,4
2026-07-14,ES,2026-07-14-c26,0,-1,700,70,31.75,0.0,13.875,0.437008,4.0,1,4
2026-07-14,ES,2026-07-14-c36,0,-1,750,120,31.75,0.0,8.625,0.271654,4.0,0,2
2026-07-14,ES,2026-07-14-c33,0,-1,735,105,31.75,0.0,1.875,0.059055,4.0,1,1
2026-07-14,ES,2026-07-14-c37,0,-1,755,125,31.75,0.0,10.375,0.326772,4.0,0,1
2026-07-15,ES,2026-07-15-14,1,1,640,10,25.0,3.5,8.75,0.35,7.5,0,2
2026-07-15,ES,2026-07-15-15,1,1,645,15,25.0,2.25,6.0,0.24,9.0,0,1
2026-07-15,ES,2026-07-15-17,1,1,655,25,25.0,4.0,9.0,0.36,7.75,0,4
2026-07-15,ES,2026-07-15-18,1,1,660,30,25.0,1.25,11.75,0.47,2.25,0,1
2026-07-15,ES,2026-07-15-19,1,1,665,35,25.0,1.75,3.75,0.15,10.75,0,2
2026-07-15,ES,2026-07-15-21,1,1,675,45,25.0,9.25,11.25,0.45,10.75,0,9
2026-07-15,ES,2026-07-15-23,1,1,685,55,25.0,7.0,8.0,0.32,11.75,0,5
2026-07-15,ES,2026-07-15-25,1,1,695,65,25.0,0.25,7.25,0.29,5.75,0,1
2026-07-15,ES,2026-07-15-26,1,1,700,70,25.0,1.25,12.25,0.49,1.75,0,1
2026-07-15,ES,2026-07-15-49,1,1,815,185,25.0,29.5,9.75,0.39,32.5,1,3
2026-07-15,ES,2026-07-15-c52,0,-1,830,200,25.0,0.0,1.25,0.05,8.375,1,1
2026-07-15,ES,2026-07-15-c19,0,1,665,35,25.0,0.0,3.75,0.15,8.375,0,1
2026-07-15,ES,2026-07-15-c18,0,1,660,30,25.0,0.0,11.75,0.47,8.375,0,3
2026-07-15,ES,2026-07-15-c15,0,1,645,15,25.0,0.0,6.0,0.24,8.375,0,1
2026-07-15,ES,2026-07-15-c13,0,1,635,5,25.0,0.0,7.0,0.28,8.375,0,1
2026-07-15,ES,2026-07-15-c15,0,1,645,15,25.0,0.0,6.0,0.24,8.375,0,1
2026-07-15,ES,2026-07-15-c17,0,1,655,25,25.0,0.0,9.0,0.36,8.375,0,4
2026-07-15,ES,2026-07-15-c26,0,1,700,70,25.0,0.0,12.25,0.49,8.375,0,2
2026-07-15,ES,2026-07-15-c13,0,1,635,5,25.0,0.0,7.0,0.28,8.375,0,1
2026-07-15,ES,2026-07-15-c17,0,1,655,25,25.0,0.0,9.0,0.36,8.375,0,4
2026-07-15,ES,2026-07-15-c13,0,1,635,5,25.0,0.0,7.0,0.28,8.375,0,1
2026-07-15,ES,2026-07-15-c24,0,1,690,60,25.0,0.0,8.25,0.33,8.375,0,4
2026-07-15,ES,2026-07-15-c52,0,-1,830,200,25.0,0.0,1.25,0.05,8.375,1,1
2026-07-15,ES,2026-07-15-c21,0,1,675,45,25.0,0.0,11.25,0.45,8.375,0,7
2026-07-15,ES,2026-07-15-c18,0,1,660,30,25.0,0.0,11.75,0.47,8.375,0,3
2026-07-15,ES,2026-07-15-c50,0,1,820,190,25.0,0.0,10.5,0.42,8.375,1,2
2026-07-15,ES,2026-07-15-c14,0,1,640,10,25.0,0.0,8.75,0.35,8.375,0,7
2026-07-15,ES,2026-07-15-c25,0,1,695,65,25.0,0.0,7.25,0.29,8.375,0,2
2026-07-15,ES,2026-07-15-c23,0,1,685,55,25.0,0.0,8.0,0.32,8.375,0,5
2026-07-15,ES,2026-07-15-c24,0,1,690,60,25.0,0.0,8.25,0.33,8.375,0,4
2026-07-21,ES,2026-07-21-12,1,-1,630,0,28.75,2.75,12.375,0.430435,5.0,0,3
2026-07-21,ES,2026-07-21-13,1,-1,635,5,28.75,0.25,7.625,0.265217,7.25,0,2
2026-07-21,ES,2026-07-21-15,1,-1,645,15,28.75,3.25,13.875,0.482609,4.0,0,5
2026-07-21,ES,2026-07-21-19,1,-1,665,35,28.75,1.0,14.125,0.491304,1.5,0,1
2026-07-21,ES,2026-07-21-c13,0,-1,635,5,28.75,0.0,7.625,0.265217,4.5,0,2
2026-07-21,ES,2026-07-21-c12,0,-1,630,0,28.75,0.0,12.375,0.430435,4.5,0,3
2026-07-21,ES,2026-07-21-c15,0,-1,645,15,28.75,0.0,13.875,0.482609,4.5,0,5
2026-07-21,ES,2026-07-21-c17,0,-1,655,25,28.75,0.0,12.375,0.430435,4.5,0,3
2026-07-21,ES,2026-07-21-c13,0,-1,635,5,28.75,0.0,7.625,0.265217,4.5,0,2
2026-07-21,ES,2026-07-21-c13,0,-1,635,5,28.75,0.0,7.625,0.265217,4.5,0,2
2026-07-21,ES,2026-07-21-c17,0,-1,655,25,28.75,0.0,12.375,0.430435,4.5,0,3
2026-07-21,ES,2026-07-21-c19,0,-1,665,35,28.75,0.0,14.125,0.491304,4.5,0,1
2026-07-22,ES,2026-07-22-22,1,-1,680,50,31.0,0.5,15.25,0.491935,1.0,0,1
2026-07-22,ES,2026-07-22-24,1,-1,690,60,31.0,3.25,11.75,0.379032,7.25,0,5
2026-07-22,ES,2026-07-22-28,1,-1,710,80,31.0,2.25,14.5,0.467742,3.5,0,1
2026-07-22,ES,2026-07-22-44,1,-1,790,160,31.0,7.25,14.75,0.475806,8.25,0,12
2026-07-22,ES,2026-07-22-45,1,-1,795,165,31.0,0.75,14.25,0.459677,2.25,0,12
2026-07-22,ES,2026-07-22-c47,0,-1,805,175,31.0,0.0,12.25,0.395161,3.5,0,12
2026-07-22,ES,2026-07-22-c48,0,-1,810,180,31.0,0.0,10.25,0.330645,3.5,0,1
2026-07-22,ES,2026-07-22-c47,0,-1,805,175,31.0,0.0,12.25,0.395161,3.5,0,12
2026-07-22,ES,2026-07-22-c46,0,-1,800,170,31.0,0.0,13.25,0.427419,3.5,0,12
2026-07-22,ES,2026-07-22-c14,0,1,640,10,31.0,0.0,11.25,0.362903,3.5,1,3
2026-07-22,ES,2026-07-22-c18,0,-1,660,30,31.0,0.0,4.5,0.145161,3.5,0,1
2026-07-22,ES,2026-07-22-c20,0,-1,670,40,31.0,0.0,10.25,0.330645,3.5,0,2
2026-07-22,ES,2026-07-22-c19,0,-1,665,35,31.0,0.0,7.75,0.25,3.5,0,1
2026-07-22,ES,2026-07-22-c21,0,-1,675,45,31.0,0.0,10.25,0.330645,3.5,0,1
2026-07-22,ES,2026-07-22-c27,0,-1,705,75,31.0,0.0,15.25,0.491935,3.5,0,2
2026-07-24,ES,2026-07-24-19,1,-1,665,35,27.0,10.25,10.75,0.398148,13.25,0,1
2026-07-24,ES,2026-07-24-c13,0,1,635,5,27.0,0.0,5.75,0.212963,13.25,1,3
2026-07-24,ES,2026-07-24-c16,0,-1,650,20,27.0,0.0,4.0,0.148148,13.25,0,1
2026-08-05,ES,2026-08-05-12,1,1,630,0,25.25,1.0,9.375,0.371287,4.5,0,1
2026-08-05,ES,2026-08-05-15,1,1,645,15,25.25,7.0,9.625,0.381188,10.25,0,1
2026-08-05,ES,2026-08-05-c15,0,1,645,15,25.25,0.0,9.625,0.381188,7.375,0,1
2026-08-05,ES,2026-08-05-c12,0,1,630,0,25.25,0.0,9.375,0.371287,7.375,0,1
2026-08-05,ES,2026-08-05-c15,0,1,645,15,25.25,0.0,9.625,0.381188,7.375,0,1
2026-08-05,ES,2026-08-05-c12,0,1,630,0,25.25,0.0,9.375,0.371287,7.375,0,1
2026-08-06,ES,2026-08-06-23,1,1,685,55,28.25,4.25,12.125,0.429204,6.5,0,1
2026-08-06,ES,2026-08-06-27,1,1,705,75,28.25,7.75,12.625,0.446903,9.5,0,1
2026-08-06,ES,2026-08-06-c18,0,1,660,30,28.25,0.0,1.625,0.057522,8.0,1,1
2026-08-06,ES,2026-08-06-c16,0,-1,650,20,28.25,0.0,0.625,0.022124,8.0,1,1
2026-08-06,ES,2026-08-06-c20,0,1,670,40,28.25,0.0,4.875,0.172566,8.0,0,1
2026-08-06,ES,2026-08-06-c27,0,1,705,75,28.25,0.0,12.625,0.446903,8.0,0,1
2026-08-10,ES,2026-08-10-12,1,-1,630,0,20.0,2.25,8.75,0.4375,3.75,0,3
2026-08-10,ES,2026-08-10-13,1,-1,635,5,20.0,1.5,8.75,0.4375,3.0,0,1
2026-08-10,ES,2026-08-10-16,1,-1,650,20,20.0,6.75,4.0,0.2,13.0,1,1
2026-08-10,ES,2026-08-10-36,1,1,750,120,20.0,6.75,7.5,0.375,9.5,0,12
2026-08-10,ES,2026-08-10-37,1,1,755,125,20.0,0.25,9.25,0.4625,1.25,0,1
2026-08-10,ES,2026-08-10-39,1,1,765,135,20.0,5.5,8.5,0.425,7.25,0,12
2026-08-10,ES,2026-08-10-40,1,1,770,140,20.0,2.0,9.5,0.475,2.75,0,12
2026-08-10,ES,2026-08-10-c50,0,1,820,190,20.0,0.0,8.25,0.4125,3.75,0,10
2026-08-10,ES,2026-08-10-c27,0,-1,705,75,20.0,0.0,0.75,0.0375,3.75,0,1
2026-08-10,ES,2026-08-10-c24,0,1,690,60,20.0,0.0,0.5,0.025,3.75,1,1
2026-08-10,ES,2026-08-10-c39,0,1,765,135,20.0,0.0,8.5,0.425,3.75,0,12
2026-08-10,ES,2026-08-10-c27,0,-1,705,75,20.0,0.0,0.75,0.0375,3.75,0,1
2026-08-10,ES,2026-08-10-c13,0,-1,635,5,20.0,0.0,8.75,0.4375,3.75,0,2
2026-08-10,ES,2026-08-10-c36,0,1,750,120,20.0,0.0,7.5,0.375,3.75,0,2
2026-08-10,ES,2026-08-10-c36,0,1,750,120,20.0,0.0,7.5,0.375,3.75,0,2
2026-08-10,ES,2026-08-10-c21,0,-1,675,45,20.0,0.0,4.5,0.225,3.75,1,2
2026-08-10,ES,2026-08-10-c27,0,-1,705,75,20.0,0.0,0.75,0.0375,3.75,0,1
2026-08-10,ES,2026-08-10-c28,0,-1,710,80,20.0,0.0,7.25,0.3625,3.75,1,5
2026-08-10,ES,2026-08-10-c36,0,1,750,120,20.0,0.0,7.5,0.375,3.75,0,2
2026-08-10,ES,2026-08-10-c12,0,-1,630,0,20.0,0.0,8.75,0.4375,3.75,0,3
2026-08-10,ES,2026-08-10-c41,0,1,775,145,20.0,0.0,5.0,0.25,3.75,0,1
2026-08-11,ES,2026-08-11-20,1,1,670,40,20.75,0.75,9.875,0.475904,1.5,0,1
2026-08-11,ES,2026-08-11-c13,0,1,635,5,20.75,0.0,2.625,0.126506,1.5,1,1
2026-08-11,ES,2026-08-11-c17,0,1,655,25,20.75,0.0,0.125,0.006024,1.5,0,1
2026-08-12,ES,2026-08-12-12,1,1,630,0,30.5,7.0,13.5,0.442623,9.0,0,12
2026-08-12,ES,2026-08-12-17,1,1,655,25,30.5,0.75,12.0,0.393443,4.25,0,1
2026-08-12,ES,2026-08-12-19,1,1,665,35,30.5,1.75,13.0,0.42623,4.25,0,3
2026-08-12,ES,2026-08-12-20,1,1,670,40,30.5,1.25,12.5,0.409836,4.25,0,2
2026-08-12,ES,2026-08-12-22,1,1,680,50,30.5,2.0,15.0,0.491803,2.5,0,2
2026-08-12,ES,2026-08-12-23,1,1,685,55,30.5,0.5,10.5,0.344262,5.5,0,1
2026-08-12,ES,2026-08-12-27,1,1,705,75,30.5,3.25,12.25,0.401639,6.5,0,12
2026-08-12,ES,2026-08-12-28,1,1,710,80,30.5,0.5,14.5,0.47541,1.5,0,12
2026-08-12,ES,2026-08-12-29,1,1,715,85,30.5,0.25,14.0,0.459016,1.75,0,12
2026-08-12,ES,2026-08-12-c35,0,1,745,115,30.5,0.0,10.0,0.327869,4.25,0,12
2026-08-12,ES,2026-08-12-c35,0,1,745,115,30.5,0.0,10.0,0.327869,4.25,0,12
2026-08-12,ES,2026-08-12-c44,0,1,790,160,30.5,0.0,4.0,0.131148,4.25,0,1
2026-08-12,ES,2026-08-12-c42,0,1,780,150,30.5,0.0,4.0,0.131148,4.25,0,3
2026-08-12,ES,2026-08-12-c45,0,1,795,165,30.5,0.0,6.5,0.213115,4.25,0,12
2026-08-12,ES,2026-08-12-c20,0,1,670,40,30.5,0.0,12.5,0.409836,4.25,0,2
2026-08-12,ES,2026-08-12-c46,0,1,800,170,30.5,0.0,6.5,0.213115,4.25,0,12
2026-08-12,ES,2026-08-12-c37,0,1,755,125,30.5,0.0,7.0,0.229508,4.25,0,12
2026-08-12,ES,2026-08-12-c42,0,1,780,150,30.5,0.0,4.0,0.131148,4.25,0,3
2026-08-12,ES,2026-08-12-c20,0,1,670,40,30.5,0.0,12.5,0.409836,4.25,0,2
2026-08-12,ES,2026-08-12-c46,0,1,800,170,30.5,0.0,6.5,0.213115,4.25,0,12
2026-08-12,ES,2026-08-12-c53,0,1,835,205,30.5,0.0,6.25,0.204918,4.25,1,7
2026-08-12,ES,2026-08-12-c44,0,1,790,160,30.5,0.0,4.0,0.131148,4.25,0,1
2026-08-12,ES,2026-08-12-c46,0,1,800,170,30.5,0.0,6.5,0.213115,4.25,0,12
2026-08-12,ES,2026-08-12-c29,0,1,715,85,30.5,0.0,14.0,0.459016,4.25,0,12
2026-08-12,ES,2026-08-12-c48,0,1,810,180,30.5,0.0,5.25,0.172131,4.25,1,12
2026-08-12,ES,2026-08-12-c43,0,1,785,155,30.5,0.0,4.5,0.147541,4.25,0,12
2026-08-12,ES,2026-08-12-c49,0,1,815,185,30.5,0.0,5.75,0.188525,4.25,1,11
2026-08-14,ES,2026-08-14-13,1,1,635,5,17.0,3.25,5.75,0.338235,6.25,0,4
2026-08-14,ES,2026-08-14-15,1,1,645,15,17.0,1.25,7.25,0.426471,2.75,0,1
2026-08-14,ES,2026-08-14-c15,0,1,645,15,17.0,0.0,7.25,0.426471,4.5,0,2
2026-08-14,ES,2026-08-14-c14,0,1,640,10,17.0,0.0,8.5,0.5,4.5,0,5
2026-08-14,ES,2026-08-14-c14,0,1,640,10,17.0,0.0,8.5,0.5,4.5,0,5
2026-08-14,ES,2026-08-14-c14,0,1,640,10,17.0,0.0,8.5,0.5,4.5,0,5
2026-08-17,ES,2026-08-17-13,1,1,635,5,18.5,0.5,8.5,0.459459,1.5,0,3
2026-08-17,ES,2026-08-17-17,1,1,655,25,18.5,1.0,6.25,0.337838,4.25,0,9
2026-08-17,ES,2026-08-17-25,1,1,695,65,18.5,0.25,9.0,0.486486,0.75,0,1
2026-08-17,ES,2026-08-17-26,1,1,700,70,18.5,2.75,8.0,0.432432,4.25,0,12
2026-08-17,ES,2026-08-17-39,1,1,765,135,18.5,1.25,9.0,0.486486,1.75,0,1
2026-08-17,ES,2026-08-17-c37,0,1,755,125,18.5,0.0,6.0,0.324324,1.75,0,1
2026-08-17,ES,2026-08-17-c36,0,1,750,120,18.5,0.0,8.0,0.432432,1.75,0,2
2026-08-17,ES,2026-08-17-c27,0,1,705,75,18.5,0.0,8.25,0.445946,1.75,0,12
2026-08-17,ES,2026-08-17-c18,0,1,660,30,18.5,0.0,4.0,0.216216,1.75,0,1
2026-08-17,ES,2026-08-17-c30,0,1,720,90,18.5,0.0,7.0,0.378378,1.75,0,8
2026-08-17,ES,2026-08-17-c34,0,1,740,110,18.5,0.0,5.0,0.27027,1.75,0,1
2026-08-17,ES,2026-08-17-c33,0,1,735,105,18.5,0.0,4.0,0.216216,1.75,0,2
2026-08-17,ES,2026-08-17-c26,0,1,700,70,18.5,0.0,8.0,0.432432,1.75,0,12
2026-08-17,ES,2026-08-17-c39,0,1,765,135,18.5,0.0,9.0,0.486486,1.75,0,1
2026-08-17,ES,2026-08-17-c21,0,1,675,45,18.5,0.0,1.75,0.094595,1.75,0,2
2026-08-18,ES,2026-08-18-18,1,1,660,30,18.75,2.25,3.625,0.193333,8.25,0,4
2026-08-18,ES,2026-08-18-20,1,1,670,40,18.75,0.25,8.625,0.46,1.25,0,1
2026-08-18,ES,2026-08-18-23,1,1,685,55,18.75,3.25,7.375,0.393333,5.5,1,5
2026-08-18,ES,2026-08-18-25,1,1,695,65,18.75,0.5,7.625,0.406667,2.5,1,3
2026-08-18,ES,2026-08-18-c50,0,1,820,190,18.75,0.0,5.125,0.273333,4.0,0,3
2026-08-18,ES,2026-08-18-c50,0,1,820,190,18.75,0.0,5.125,0.273333,4.0,0,3
2026-08-18,ES,2026-08-18-c36,0,1,750,120,18.75,0.0,2.875,0.153333,4.0,1,3
2026-08-18,ES,2026-08-18-c23,0,1,685,55,18.75,0.0,7.375,0.393333,4.0,1,5
2026-08-18,ES,2026-08-18-c18,0,1,660,30,18.75,0.0,3.625,0.193333,4.0,0,1
2026-08-18,ES,2026-08-18-c29,0,1,715,85,18.75,0.0,2.625,0.14,4.0,1,1
2026-08-18,ES,2026-08-18-c45,0,1,795,165,18.75,0.0,2.875,0.153333,4.0,0,8
2026-08-18,ES,2026-08-18-c32,0,1,730,100,18.75,0.0,0.375,0.02,4.0,1,1
2026-08-19,ES,2026-08-19-25,1,-1,695,65,25.25,18.75,11.375,0.450495,20.25,0,12
2026-08-19,ES,2026-08-19-27,1,-1,705,75,25.25,2.25,9.875,0.391089,5.25,0,3
2026-08-19,ES,2026-08-19-37,1,-1,755,125,25.25,13.5,11.125,0.440594,15.25,1,9
2026-08-19,ES,2026-08-19-c25,0,-1,695,65,25.25,0.0,11.375,0.450495,15.25,0,12
2026-08-19,ES,2026-08-19-c48,0,1,810,180,25.25,0.0,1.875,0.074257,15.25,1,1
2026-08-19,ES,2026-08-19-c38,0,-1,760,130,25.25,0.0,9.875,0.391089,15.25,1,8
2026-08-19,ES,2026-08-19-c50,0,-1,820,190,25.25,0.0,1.625,0.064356,15.25,1,3
2026-08-19,ES,2026-08-19-c25,0,-1,695,65,25.25,0.0,11.375,0.450495,15.25,0,12
2026-08-19,ES,2026-08-19-c50,0,-1,820,190,25.25,0.0,1.625,0.064356,15.25,1,3
2026-08-20,ES,2026-08-20-19,1,-1,665,35,24.5,3.75,0.25,0.010204,16.5,1,1
2026-08-20,ES,2026-08-20-27,1,1,705,75,24.5,1.25,10.5,0.428571,3.25,1,11
2026-08-20,ES,2026-08-20-c15,0,-1,645,15,24.5,0.0,1.5,0.061224,9.875,1,2
2026-08-20,ES,2026-08-20-c28,0,1,710,80,24.5,0.0,7.25,0.295918,9.875,1,10
2026-08-20,ES,2026-08-20-c27,0,1,705,75,24.5,0.0,10.5,0.428571,9.875,1,11
2026-08-20,ES,2026-08-20-c12,0,1,630,0,24.5,0.0,4.25,0.173469,9.875,1,1
2026-08-21,ES,2026-08-21-19,1,-1,665,35,19.25,3.75,7.375,0.383117,6.25,0,5
2026-08-21,ES,2026-08-21-33,1,-1,735,105,19.25,18.0,9.125,0.474026,18.75,0,12
2026-08-21,ES,2026-08-21-36,1,-1,750,120,19.25,9.75,9.125,0.474026,10.5,0,12
2026-08-21,ES,2026-08-21-40,1,-1,770,140,19.25,5.0,8.875,0.461039,6.0,0,12
2026-08-21,ES,2026-08-21-46,1,-1,800,170,19.25,4.75,7.625,0.396104,7.0,0,12
2026-08-21,ES,2026-08-21-c15,0,1,645,15,19.25,0.0,0.625,0.032468,7.0,1,1
2026-08-21,ES,2026-08-21-c52,0,-1,830,200,19.25,0.0,4.875,0.253247,7.0,1,8
2026-08-21,ES,2026-08-21-c12,0,1,630,0,19.25,0.0,6.125,0.318182,7.0,1,4
2026-08-21,ES,2026-08-21-c48,0,-1,810,180,19.25,0.0,4.375,0.227273,7.0,1,12
2026-08-21,ES,2026-08-21-c40,0,-1,770,140,19.25,0.0,8.875,0.461039,7.0,0,12
2026-08-21,ES,2026-08-21-c40,0,-1,770,140,19.25,0.0,8.875,0.461039,7.0,0,12
2026-08-21,ES,2026-08-21-c12,0,1,630,0,19.25,0.0,6.125,0.318182,7.0,1,4
2026-08-21,ES,2026-08-21-c22,0,-1,680,50,19.25,0.0,4.125,0.214286,7.0,0,2
2026-08-21,ES,2026-08-21-c13,0,1,635,5,19.25,0.0,7.625,0.396104,7.0,1,3
2026-08-21,ES,2026-08-21-c50,0,-1,820,190,19.25,0.0,5.625,0.292208,7.0,1,10
2026-08-24,ES,2026-08-24-31,1,-1,725,95,27.75,3.25,10.125,0.364865,7.25,0,3
2026-08-24,ES,2026-08-24-36,1,-1,750,120,27.75,3.75,11.125,0.400901,6.75,1,11
2026-08-24,ES,2026-08-24-c39,0,-1,765,135,27.75,0.0,8.875,0.31982,7.0,1,8
2026-08-24,ES,2026-08-24-c51,0,1,825,195,27.75,0.0,2.625,0.094595,7.0,1,1
2026-08-24,ES,2026-08-24-c15,0,-1,645,15,27.75,0.0,4.125,0.148649,7.0,1,1
2026-08-24,ES,2026-08-24-c14,0,-1,640,10,27.75,0.0,2.375,0.085586,7.0,1,1
2026-08-25,ES,2026-08-25-13,1,1,635,5,21.25,16.75,7.375,0.347059,20.25,1,11
2026-08-25,ES,2026-08-25-17,1,1,655,25,21.25,6.75,10.375,0.488235,7.25,1,7
2026-08-25,ES,2026-08-25-21,1,1,675,45,21.25,3.75,8.625,0.405882,6.0,1,3
2026-08-25,ES,2026-08-25-22,1,1,680,50,21.25,0.25,9.875,0.464706,1.25,0,1
2026-08-25,ES,2026-08-25-23,1,1,685,55,21.25,0.5,4.625,0.217647,6.75,1,1
2026-08-25,ES,2026-08-25-28,1,1,710,80,21.25,1.0,5.375,0.252941,6.5,1,2
2026-08-25,ES,2026-08-25-47,1,1,805,175,21.25,0.75,9.375,0.441176,2.25,0,12
2026-08-25,ES,2026-08-25-c51,0,1,825,195,21.25,0.0,8.375,0.394118,6.5,1,12
2026-08-25,ES,2026-08-25-c34,0,1,740,110,21.25,0.0,1.375,0.064706,6.5,1,1
2026-08-25,ES,2026-08-25-c26,0,1,700,70,21.25,0.0,5.625,0.264706,6.5,1,4
2026-08-25,ES,2026-08-25-c47,0,1,805,175,21.25,0.0,9.375,0.441176,6.5,0,12
2026-08-25,ES,2026-08-25-c51,0,1,825,195,21.25,0.0,8.375,0.394118,6.5,1,12
2026-08-25,ES,2026-08-25-c27,0,1,705,75,21.25,0.0,10.625,0.5,6.5,1,3
2026-08-25,ES,2026-08-25-c44,0,1,790,160,21.25,0.0,4.625,0.217647,6.5,0,3
2026-08-25,ES,2026-08-25-c36,0,1,750,120,21.25,0.0,0.125,0.005882,6.5,1,1
2026-08-25,ES,2026-08-25-c52,0,1,830,200,21.25,0.0,6.375,0.3,6.5,1,11
2026-08-25,ES,2026-08-25-c51,0,1,825,195,21.25,0.0,8.375,0.394118,6.5,1,12
2026-08-25,ES,2026-08-25-c46,0,1,800,170,21.25,0.0,7.125,0.335294,6.5,0,12
2026-08-25,ES,2026-08-25-c48,0,1,810,180,21.25,0.0,9.375,0.441176,6.5,0,12
2026-08-25,ES,2026-08-25-c42,0,1,780,150,21.25,0.0,4.125,0.194118,6.5,0,5
2026-08-25,ES,2026-08-25-c25,0,1,695,65,21.25,0.0,6.375,0.3,6.5,1,5
2026-08-26,ES,2026-08-26-41,1,1,775,145,23.75,7.75,11.375,0.478947,8.5,1,8
2026-08-26,ES,2026-08-26-42,1,1,780,150,23.75,1.0,9.875,0.415789,3.25,1,7
2026-08-26,ES,2026-08-26-c46,0,1,800,170,23.75,0.0,1.625,0.068421,5.875,1,3
2026-08-26,ES,2026-08-26-c35,0,1,745,115,23.75,0.0,10.875,0.457895,5.875,0,2
2026-08-26,ES,2026-08-26-c47,0,1,805,175,23.75,0.0,2.125,0.089474,5.875,1,2
2026-08-26,ES,2026-08-26-c36,0,1,750,120,23.75,0.0,10.125,0.426316,5.875,0,1
2026-08-27,ES,2026-08-27-13,1,-1,635,5,27.5,2.0,8.5,0.309091,7.5,0,2
2026-08-27,ES,2026-08-27-26,1,-1,700,70,27.5,12.5,11.25,0.409091,15.25,0,10
2026-08-27,ES,2026-08-27-c13,0,-1,635,5,27.5,0.0,8.5,0.309091,11.375,0,5
2026-08-27,ES,2026-08-27-c27,0,-1,705,75,27.5,0.0,11.75,0.427273,11.375,0,1
2026-08-27,ES,2026-08-27-c13,0,-1,635,5,27.5,0.0,8.5,0.309091,11.375,0,5
2026-08-27,ES,2026-08-27-c26,0,-1,700,70,27.5,0.0,11.25,0.409091,11.375,0,2
2026-08-28,ES,2026-08-28-26,1,-1,700,70,34.0,22.0,14.0,0.411765,25.25,1,2
2026-08-28,ES,2026-08-28-33,1,1,735,105,34.0,0.25,12.75,0.375,4.75,0,1
2026-08-28,ES,2026-08-28-37,1,1,755,125,34.0,6.5,11.0,0.323529,12.75,0,5
2026-08-28,ES,2026-08-28-39,1,1,765,135,34.0,2.25,10.5,0.308824,9.0,0,3
2026-08-28,ES,2026-08-28-c32,0,1,730,100,34.0,0.0,4.75,0.139706,10.875,0,1
2026-08-28,ES,2026-08-28-c33,0,1,735,105,34.0,0.0,12.75,0.375,10.875,0,9
2026-08-28,ES,2026-08-28-c30,0,1,720,90,34.0,0.0,6.25,0.183824,10.875,1,1
2026-08-28,ES,2026-08-28-c37,0,1,755,125,34.0,0.0,11.0,0.323529,10.875,0,5
2026-08-28,ES,2026-08-28-c27,0,-1,705,75,34.0,0.0,8.5,0.25,10.875,1,1
2026-08-28,ES,2026-08-28-c31,0,-1,725,95,34.0,0.0,1.0,0.029412,10.875,1,1
2026-08-28,ES,2026-08-28-c27,0,-1,705,75,34.0,0.0,8.5,0.25,10.875,1,1
2026-08-28,ES,2026-08-28-c26,0,-1,700,70,34.0,0.0,14.0,0.411765,10.875,1,2
2026-09-01,ES,2026-09-01-15,1,-1,645,15,29.0,5.25,13.25,0.456897,6.75,0,12
2026-09-01,ES,2026-09-01-31,1,-1,725,95,29.0,6.0,12.75,0.439655,8.0,1,3
2026-09-01,ES,2026-09-01-32,1,-1,730,100,29.0,0.25,8.75,0.301724,6.25,1,2
2026-09-01,ES,2026-09-01-47,1,1,805,175,29.0,3.75,9.75,0.336207,8.75,0,12
2026-09-01,ES,2026-09-01-c33,0,-1,735,105,29.0,0.0,3.75,0.12931,7.375,1,1
2026-09-01,ES,2026-09-01-c15,0,-1,645,15,29.0,0.0,13.25,0.456897,7.375,0,12
2026-09-01,ES,2026-09-01-c41,0,1,775,145,29.0,0.0,3.75,0.12931,7.375,0,2
2026-09-01,ES,2026-09-01-c20,0,-1,670,40,29.0,0.0,3.0,0.103448,7.375,0,4
2026-09-01,ES,2026-09-01-c46,0,1,800,170,29.0,0.0,10.5,0.362069,7.375,0,1
2026-09-01,ES,2026-09-01-c48,0,1,810,180,29.0,0.0,6.75,0.232759,7.375,0,11
2026-09-01,ES,2026-09-01-c51,0,1,825,195,29.0,0.0,10.75,0.37069,7.375,0,9
2026-09-01,ES,2026-09-01-c36,0,1,750,120,29.0,0.0,9.5,0.327586,7.375,0,11
2026-09-03,ES,2026-09-03-17,1,1,655,25,26.0,0.5,4.75,0.182692,18.5,1,1
2026-09-03,ES,2026-09-03-c12,0,1,630,0,26.0,0.0,9.5,0.365385,18.5,1,4
2026-09-03,ES,2026-09-03-c16,0,1,650,20,26.0,0.0,1.75,0.067308,18.5,1,1
2026-09-04,ES,2026-09-04-33,1,1,735,105,21.5,17.75,9.75,0.453488,19.0,0,12
2026-09-04,ES,2026-09-04-36,1,1,750,120,21.5,2.25,9.25,0.430233,4.0,0,6
2026-09-04,ES,2026-09-04-38,1,1,760,130,21.5,0.75,9.0,0.418605,2.75,0,4
2026-09-04,ES,2026-09-04-c13,0,1,635,5,21.5,0.0,7.0,0.325581,4.0,0,1
2026-09-04,ES,2026-09-04-c13,0,1,635,5,21.5,0.0,7.0,0.325581,4.0,0,1
2026-09-04,ES,2026-09-04-c41,0,1,775,145,21.5,0.0,9.5,0.44186,4.0,0,1
2026-09-04,ES,2026-09-04-c12,0,1,630,0,21.5,0.0,10.25,0.476744,4.0,0,2
2026-09-04,ES,2026-09-04-c40,0,1,770,140,21.5,0.0,7.5,0.348837,4.0,0,2
2026-09-04,ES,2026-09-04-c38,0,1,760,130,21.5,0.0,9.0,0.418605,4.0,0,4
2026-09-09,ES,2026-09-09-18,1,-1,660,30,19.25,1.25,5.375,0.279221,16.5,1,1
2026-09-09,ES,2026-09-09-25,1,1,695,65,19.25,15.75,5.625,0.292208,20.0,0,12
2026-09-09,ES,2026-09-09-28,1,1,710,80,19.25,4.5,8.875,0.461039,5.5,0,1
2026-09-09,ES,2026-09-09-39,1,1,765,135,19.25,11.75,9.375,0.487013,12.25,0,12
2026-09-09,ES,2026-09-09-43,1,1,785,155,19.25,1.0,8.625,0.448052,2.25,0,12
2026-09-09,ES,2026-09-09-50,1,1,820,190,19.25,1.0,5.375,0.279221,5.5,0,7
2026-09-09,ES,2026-09-09-c53,0,1,835,205,19.25,0.0,3.875,0.201299,8.875,0,12
2026-09-09,ES,2026-09-09-c50,0,1,820,190,19.25,0.0,5.375,0.279221,8.875,0,12
2026-09-09,ES,2026-09-09-c44,0,1,790,160,19.25,0.0,2.875,0.149351,8.875,0,12
2026-09-09,ES,2026-09-09-c15,0,-1,645,15,19.25,0.0,3.125,0.162338,8.875,1,3
2026-09-09,ES,2026-09-09-c39,0,1,765,135,19.25,0.0,9.375,0.487013,8.875,0,12
2026-09-09,ES,2026-09-09-c17,0,-1,655,25,19.25,0.0,3.625,0.188312,8.875,1,1
2026-09-09,ES,2026-09-09-c40,0,1,770,140,19.25,0.0,7.875,0.409091,8.875,0,12
2026-09-09,ES,2026-09-09-c50,0,1,820,190,19.25,0.0,5.375,0.279221,8.875,0,12
2026-09-09,ES,2026-09-09-c15,0,-1,645,15,19.25,0.0,3.125,0.162338,8.875,1,3
2026-09-09,ES,2026-09-09-c47,0,1,805,175,19.25,0.0,5.125,0.266234,8.875,0,12
2026-09-09,ES,2026-09-09-c43,0,1,785,155,19.25,0.0,8.625,0.448052,8.875,0,12
2026-09-09,ES,2026-09-09-c17,0,-1,655,25,19.25,0.0,3.625,0.188312,8.875,1,1
